# This file uses centimeters as units for non-parametric coordinates.

v -6.951825 117.373625 -0.105618
v -5.766194 119.453914 -0.105619
v -8.085311 123.397792 0.844499
v -11.726333 132.029620 -0.105621
v -12.854267 137.098568 -0.105621
v -12.421071 141.470152 -0.105622
v -11.332268 143.791320 -0.105622
v -10.511923 145.589972 -0.105623
v -9.002612 148.855604 -0.105623
v -7.164747 151.890038 -0.105624
v -5.415067 152.971847 -0.105624
v -5.872692 115.793068 -2.801650
v -7.029107 117.373624 -3.905217
v -5.563509 119.477611 -3.740484
v -8.647611 123.794477 -3.105519
v -11.013824 132.029619 -6.789584
v -12.242071 137.098567 -7.056408
v -11.829414 141.367893 -6.982139
v -10.779857 143.695844 -6.905340
v -10.007396 145.589971 -6.551307
v -8.488922 148.855603 -5.534293
v -6.790487 151.890037 -2.468612
v -5.157271 152.971847 -1.733279
v -5.882559 117.373624 -6.155443
v -4.975296 119.546388 -7.209694
v -7.811439 123.765334 -7.928228
v -8.946041 132.029618 -10.847838
v -10.465415 137.098566 -10.543295
v -10.112350 141.071129 -10.402027
v -9.176698 143.418765 -10.098365
v -8.543200 145.589971 -9.424953
v -6.651730 148.682401 -8.460132
v -5.704341 151.890037 -4.600295
v -4.409121 152.971847 -3.201607
v -4.096771 117.373624 -7.941231
v -4.059131 119.653511 -8.132100
v -7.202332 124.339798 -10.362354
v -5.223566 129.984462 -12.900713
v -7.689519 136.079778 -13.310505
v -7.581575 141.359071 -14.264155
v -6.160113 144.061060 -14.600519
v -5.475356 146.304114 -14.671455
v -3.810168 146.683151 -14.788856
v -4.012628 151.399305 -6.292009
v -3.243848 152.971847 -4.366880
v -1.518394 116.294553 -9.311604
v -1.846545 117.373624 -9.087778
v -1.959982 119.788493 -8.724321
v -3.816665 124.338356 -13.290153
v -1.580584 127.633950 -14.553286
v -0.871429 147.042639 -15.600097
v -0.754873 149.948164 -7.378155
v -0.899302 151.326439 -5.965959
v 2.016903 117.373623 -9.482850
v 1.334104 119.346668 -8.928386
v 1.140702 123.911025 -15.114242
v 1.666283 127.631461 -14.702860
v 1.278163 147.020461 -15.752483
v 1.382084 149.673441 -7.752416
v 1.382085 151.326439 -6.223755
v 6.947495 121.474528 -9.825467
v 6.211477 122.107695 -10.828054
v 5.718231 123.904746 -15.085430
v 4.607616 130.380401 -14.474351
v 6.843132 134.764266 -14.962345
v 7.441051 138.469034 -15.157415
v 7.610471 141.092384 -15.042849
v 5.967135 144.920370 -13.472360
v 4.008979 146.970549 -14.744171
v 3.745072 149.673441 -7.378156
v 3.009739 151.326440 -5.701100
v 10.269830 122.593402 -8.503115
v 9.854044 123.026914 -9.383764
v 10.691774 124.776389 -13.363608
v 8.949307 129.621814 -12.282752
v 9.838728 131.621796 -13.670990
v 11.048671 135.239761 -14.362160
v 10.655067 139.360231 -13.011058
v 8.149663 144.381210 -12.252942
v 6.339992 146.399440 -10.097328
v 5.330046 149.126727 -6.292010
v 4.478068 151.326440 -4.366879
v 12.589045 123.448758 -6.112816
v 12.538727 123.855564 -7.254151
v 13.666034 125.583977 -10.175040
v 11.649057 130.073128 -10.006333
v 14.177745 131.621797 -11.203665
v 15.304315 135.239761 -12.361650
v 13.673295 139.261918 -11.347352
v 10.209133 143.766989 -9.690994
v 8.355807 146.399440 -8.257310
v 6.758108 149.126727 -4.600297
v 5.643340 151.326440 -3.201607
v 12.286705 115.942813 -3.355867
v 14.040696 123.448758 -3.263790
v 14.266389 124.590848 -3.075539
v 16.163869 125.982570 -3.145619
v 14.320610 130.381105 -4.117019
v 16.963567 131.621798 -3.727505
v 18.036605 135.239762 -4.015805
v 17.296801 139.360224 -4.118306
v 12.275839 143.766990 -3.412879
v 9.901558 146.399441 -3.090941
v 7.844255 149.126728 -2.468613
v 6.391491 151.326440 -1.733278
v 12.801494 115.942813 -0.105618
v 14.540903 123.448759 -0.105619
v 14.804942 123.756163 -0.105619
v 15.953862 125.829095 -0.536530
v 15.046459 130.217739 -0.105620
v 16.519707 131.688589 -0.105621
v 17.298570 135.166739 -0.105621
v 16.444898 139.360233 -0.105622
v 11.644092 143.766991 -0.105622
v 10.253107 146.399441 -0.105623
v 8.218517 149.126728 -0.105623
v 6.649286 151.326440 -0.105624
v -9.575881 128.325811 -0.105620
v -9.111731 128.338426 -5.127614
v -7.764711 128.375038 -9.380878
v -5.094482 127.701604 -10.900666
v -2.258689 126.593642 -12.115380
v 1.355450 126.724402 -13.735768
v 5.003996 127.140429 -13.250141
v 9.399127 128.528720 -11.595646
v 12.479178 128.785899 -8.954421
v 14.711168 129.110105 -3.756019
v 15.443839 128.658416 -0.105620
v -5.223566 129.884698 -13.607873
v -7.689519 135.980013 -14.017664
v -7.581575 141.259307 -14.971314
v -6.160113 143.961294 -15.307678
v -5.475355 145.872292 -15.495256
v -3.810168 146.211399 -15.701312
v -1.580584 127.534186 -15.260445
v -0.871429 146.362808 -16.575622
v 1.666283 127.531697 -15.410020
v 1.278163 146.304237 -16.718039
v 4.607616 130.280636 -15.181512
v 6.843132 134.664502 -15.669505
v 7.441051 138.369269 -15.864574
v 7.610471 140.992620 -15.750009
v 5.075237 144.970855 -14.902695
v 4.008978 146.501034 -15.727860
v -4.908107 130.583391 -15.433591
v -7.225385 136.311212 -15.818675
v -7.123949 141.272209 -16.714830
v -5.788189 143.811290 -17.030913
v -5.144717 145.165304 -17.129497
v -3.579925 145.483963 -17.323131
v -1.484766 128.374595 -16.986528
v -0.818367 145.626245 -18.144728
v 1.566343 128.372257 -17.127085
v 1.201623 145.571204 -18.278559
v 4.330339 130.955459 -16.912353
v 6.431072 135.075014 -17.370925
v 6.992943 138.556416 -17.554232
v 7.152148 141.021600 -17.446575
v 4.769767 144.318214 -16.572664
v 3.767794 145.756137 -17.348080
v -5.587195 128.782954 -17.838993
v -7.687863 134.539358 -18.626783
v -7.012817 139.314751 -20.589097
v -6.351952 141.689586 -21.728625
v -5.475236 142.507698 -22.909469
v -3.755020 142.032869 -24.940322
v -1.217536 127.546746 -18.438757
v -0.847858 142.160957 -25.811912
v 1.301995 127.556897 -19.051239
v 1.260106 142.046556 -25.556975
v 4.250076 128.895553 -19.705098
v 6.741613 133.452297 -20.960349
v 7.346774 136.662017 -21.850458
v 7.294708 138.919293 -23.270567
v 5.368793 141.150626 -24.862614
v 3.860459 142.270257 -25.465193
v -4.977338 125.692006 -19.486581
v -6.725985 131.333485 -21.861960
v -6.786759 133.039178 -22.819150
v -5.874127 135.399983 -24.857761
v -4.938426 136.091570 -24.882598
v -3.549341 136.801718 -25.361489
v -1.493895 125.006368 -19.482429
v -0.868308 136.551559 -25.894651
v 1.679205 125.000899 -19.899080
v 0.925645 136.905882 -26.241588
v 4.503529 125.398303 -20.039651
v 6.452058 130.668564 -21.670926
v 6.550008 133.661162 -23.166571
v 6.370535 135.503352 -24.656053
v 5.218397 137.008336 -25.557709
v 3.272548 137.026412 -26.297585
v -5.090447 124.416579 -20.515052
v -6.991009 130.259269 -22.838932
v -7.076662 132.062558 -23.797702
v -6.205410 134.680642 -25.757555
v -5.174817 135.342106 -25.862666
v -3.724070 136.120234 -26.340983
v -1.506150 123.657219 -20.540069
v -0.899743 135.896607 -26.873408
v 1.775061 123.648729 -20.973994
v 1.001490 136.244433 -27.263950
v 4.667912 124.119765 -21.102433
v 6.769698 129.553070 -22.659629
v 6.901688 132.720152 -24.150765
v 6.708423 134.681529 -25.668351
v 5.509605 136.278274 -26.601334
v 3.470666 136.321652 -27.362877
v -5.392117 123.241116 -21.253469
v -7.506173 129.441375 -23.701518
v -7.617977 131.392044 -24.718160
v -6.842605 134.371340 -26.709925
v -5.618990 135.007996 -26.886778
v -4.050403 135.877760 -27.396601
v -1.569569 122.427149 -21.356274
v -0.968175 135.653011 -27.967932
v 1.910599 122.420501 -21.826376
v 1.112518 136.004364 -28.410638
v 4.993581 122.919944 -21.885075
v 7.305203 128.673890 -23.532491
v 7.480265 132.098675 -25.106047
v 7.282498 134.245652 -26.706611
v 5.994195 135.982179 -27.719049
v 3.790385 136.043867 -28.539772
v -5.878947 122.413668 -21.946025
v -8.454663 128.673211 -24.771778
v -8.579427 130.761553 -25.857144
v -7.378809 133.750004 -27.965401
v -6.085965 134.717381 -28.134549
v -4.388846 135.667592 -28.685560
v -1.670574 121.156276 -22.232480
v -1.039124 135.928464 -29.307446
v 2.060749 121.154919 -22.740585
v 1.214529 136.111449 -29.787646
v 5.282681 122.097297 -22.743484
v 8.379988 127.854132 -24.626484
v 8.577826 131.503500 -26.296248
v 7.884877 133.873279 -27.948403
v 6.485522 135.490535 -29.054054
v 4.109988 135.818316 -29.933420
v -5.583155 121.856090 -23.022434
v -7.671677 128.246151 -25.673984
v -7.791386 130.241382 -26.710324
v -6.952173 133.269009 -28.747280
v -5.762539 133.969403 -28.895257
v -4.155661 134.864649 -29.415779
v -1.595785 121.138966 -23.275596
v -1.010271 134.702087 -29.982191
v 1.951280 121.145628 -23.752348
v 1.143050 135.023187 -30.448060
v 5.131364 121.573349 -23.719547
v 7.454996 127.458679 -25.519526
v 7.648924 130.957708 -27.118503
v 7.450941 133.174091 -28.720182
v 6.094013 134.903671 -29.772806
v 3.867567 134.995388 -30.594610
v -5.061654 121.348060 -24.178082
v -6.936383 127.048824 -26.553435
v -7.058549 128.828595 -27.476331
v -6.315426 131.562460 -29.325448
v -5.259099 132.206298 -29.429461
v -3.809388 133.017799 -29.893763
v -1.463879 120.793795 -24.434517
v -0.967849 132.852431 -30.360902
v 1.697534 120.840445 -24.867971
v 0.969269 133.146009 -30.798208
v 4.537470 121.172151 -24.834032
v 6.628344 126.355013 -26.415363
v 6.818497 129.468671 -27.838589
v 6.682249 131.487008 -29.282816
v 5.404011 133.032298 -30.199105
v 3.427572 133.124229 -30.963931
v -4.719644 120.999363 -25.075891
v -6.435530 126.249371 -27.309385
v -6.513402 127.864185 -28.213930
v -5.862621 130.349493 -29.918364
v -4.863770 130.915081 -30.038567
v -3.537463 131.661296 -30.443565
v -1.400368 120.452992 -25.252027
v -0.929547 131.515536 -30.846328
v 1.534777 120.503183 -25.651255
v 0.836881 131.783191 -31.258801
v 4.176292 120.792158 -25.633527
v 6.060477 125.620661 -27.158848
v 6.178857 128.458724 -28.519564
v 6.060828 130.272586 -29.870884
v 4.914264 131.664829 -30.789583
v 3.100787 131.793176 -31.410458
v -3.771620 121.137539 -26.287211
v -5.103713 125.339632 -28.038662
v -5.161201 126.610226 -28.776475
v -4.665561 128.573232 -30.139099
v -3.865451 129.008176 -30.250640
v -2.819008 129.586261 -30.596159
v -1.159293 120.657440 -26.333303
v -0.761599 129.469965 -30.887165
v 1.181174 120.663640 -26.656998
v 0.627870 129.686430 -31.217380
v 3.289297 120.927738 -26.688776
v 4.734268 124.844636 -27.900588
v 4.828879 127.074063 -29.038877
v 4.744295 128.507149 -30.118249
v 3.863704 129.619257 -30.843423
v 2.415855 129.721739 -31.285274
v -2.660909 119.619939 -29.349725
v -3.600562 122.541947 -30.568032
v -3.654863 123.448293 -31.045297
v -3.323134 124.853663 -31.968625
v -2.761296 125.166049 -32.041977
v -2.023709 125.579160 -32.281001
v -0.842108 119.281579 -29.438494
v -0.567824 125.470115 -32.533331
v 0.778834 119.283041 -29.653313
v 0.411636 125.634915 -32.743047
v 2.247258 119.469383 -29.634586
v 3.270067 122.187538 -30.498045
v 3.356210 123.770713 -31.236303
v 3.310634 124.798838 -31.962343
v 2.702497 125.608735 -32.447972
v 1.669838 125.651321 -32.791805
v -2.668818 119.220052 -29.831269
v -3.611075 122.153129 -31.044390
v -3.665482 123.062537 -31.521534
v -3.332733 124.472223 -32.447006
v -2.769184 124.785862 -32.518981
v -2.029398 125.200325 -32.758061
v -0.844417 118.879984 -29.922828
v -0.569216 125.090471 -33.013592
v 0.781587 118.880963 -30.140193
v 0.413167 125.255561 -33.224941
v 2.254587 119.068150 -30.120403
v 3.280248 121.797294 -30.975760
v 3.366529 123.386017 -31.712676
v 3.320814 124.417157 -32.441114
v 2.710837 125.229617 -32.927408
v 1.675277 125.270053 -33.283771
v -2.957313 118.460449 -29.999215
v -4.007283 121.731696 -31.340044
v -4.067891 122.745672 -31.869401
v -3.697061 124.317044 -32.898806
v -3.069035 124.666934 -32.977305
v -2.244625 125.129006 -33.242811
v -0.924148 118.080722 -30.104385
v -0.617429 125.006008 -33.530227
v 0.887944 118.081340 -30.348620
v 0.477330 125.189793 -33.766621
v 2.529515 118.290227 -30.325389
v 3.672436 121.334561 -31.266136
v 3.768541 123.106151 -32.082433
v 3.717588 124.255436 -32.893339
v 3.037822 125.161182 -33.433674
v 1.883858 125.204008 -33.841079
v -2.260110 118.970237 -31.050290
v -3.056372 121.439699 -32.074358
v -3.101723 122.207294 -32.473177
v -2.820300 123.396618 -33.247489
v -2.345753 123.660753 -33.309843
v -1.722439 124.010050 -33.512480
v -0.723825 118.676302 -31.141022
v -0.491954 123.915764 -33.742662
v 0.647640 118.674921 -31.329004
v 0.336870 124.055131 -33.918851
v 1.888578 118.838245 -31.302661
v 2.754637 121.138336 -32.020950
v 2.826249 122.479932 -32.634545
v 2.785933 123.350308 -33.240918
v 2.274355 124.036989 -33.648541
v 1.400711 124.065648 -33.971297
v -0.987363 119.623405 -27.930920
v 0.953701 119.626986 -28.174310
v -4.280696 123.514781 -29.334402
v -3.162363 120.024107 -27.857409
v 2.711015 119.846810 -28.174577
v 0.511633 127.204677 -31.931094
v -0.656969 127.012321 -31.658057
v -4.342019 124.593637 -29.916066
v 3.927755 123.093437 -29.241606
v -3.943182 126.265975 -31.029476
v 4.026021 124.977867 -30.145692
v -3.272487 126.637600 -31.118193
v 3.969139 126.200236 -31.023666
v -2.392543 127.129468 -31.403571
v 3.242124 127.162271 -31.610552
v 2.015023 127.231626 -31.976482
v 1.124774 118.273885 -28.524213
v -3.659106 118.738714 -28.127450
v 3.167129 118.531083 -28.510494
v -0.747634 126.867936 -32.556738
v 4.585941 122.307885 -29.731930
v 4.703524 124.504075 -30.772675
v 4.639208 125.929589 -31.790223
v 3.793814 127.052224 -32.470574
v 2.360100 127.118052 -32.920719
v -1.130154 118.270922 -28.232333
v -4.962198 122.798993 -29.835725
v 0.612810 127.094205 -32.861372
v -5.036541 124.056535 -30.505994
v -4.574418 126.005905 -31.797850
v -3.793745 126.439252 -31.900367
v -2.769221 127.012469 -32.232948
v -1.177503 119.527429 -26.765602
v -5.176628 124.243602 -28.523310
v 0.641554 128.695866 -31.712664
v -5.239016 125.540589 -29.258694
v -4.752497 127.560017 -30.620837
v -3.938502 128.006290 -30.732414
v -2.872928 128.599365 -31.081262
v 1.183561 119.526165 -27.070875
v -3.819126 120.008078 -26.710553
v 3.320013 119.788165 -27.095659
v -0.773476 128.466845 -31.374409
v 4.793700 123.733189 -28.405568
v 4.905196 126.011057 -29.527688
v 4.830918 127.484229 -30.608627
v 3.944107 128.637312 -31.332268
v 2.463472 128.733661 -31.767832
v 6.638217 134.417741 -18.794985
v 7.216997 137.702968 -19.552551
v -5.310036 143.809475 -19.818096
v -6.070070 142.780744 -19.118989
v 7.297975 140.036279 -20.326370
v -3.695046 143.688032 -21.334274
v 5.102840 143.058068 -20.301966
v -0.844898 143.834878 -22.182226
v 4.103020 143.876721 -21.635276
v -5.250165 130.396987 -15.892545
v -1.717004 128.117333 -17.495302
v 1.239893 143.743432 -22.112510
v 1.431984 128.114920 -17.640366
v -7.457451 135.571968 -17.108577
v 4.285189 130.077441 -17.845623
v -7.068384 140.388635 -18.194589
v 6.534087 134.748991 -18.076183
v -5.227376 144.487389 -18.473797
v -3.637486 144.585998 -19.328702
v -0.831632 144.730563 -20.163477
v -5.079136 130.490189 -15.663067
v -7.341418 135.941590 -16.463627
v -7.096167 140.830422 -17.454709
v 7.104970 138.129692 -18.553392
v -5.929129 143.296016 -18.074950
v 7.225062 140.528940 -18.886473
v 4.936303 143.688140 -18.437316
v 3.935407 144.816428 -19.491678
v -1.600885 128.245964 -17.240914
v 1.220758 144.657318 -20.195534
v 1.499163 128.243588 -17.383725
v 4.307494 130.517716 -17.375706
v -0.844898 145.994526 -17.360174
v -3.695046 145.847683 -16.512221
v 4.922502 144.644535 -15.737680
v 3.888386 146.128585 -16.537970
v -5.065837 130.234045 -14.520732
v -1.532675 127.954390 -16.123485
v 1.239893 145.937721 -17.498300
v 1.616313 127.951977 -16.268553
v -7.457451 136.145612 -14.918170
v 4.468977 130.618047 -16.046931
v -7.352762 141.265758 -15.843071
v 6.637102 134.869758 -16.520216
v -5.974151 143.886291 -16.169296
v 7.216997 138.462843 -16.709403
v -5.310036 145.518798 -16.312378
v 7.381309 141.007110 -16.598292
v 1.382084 164.615377 -2.790821
v 1.382084 163.597467 -5.372826
v 0.552313 164.615377 -2.659398
v -0.245571 163.597467 -5.115031
v -4.381922 155.519937 -0.105624
v -0.196235 164.615377 -2.277995
v -4.124126 155.519937 -1.733279
v -1.713900 163.597467 -4.366880
v -3.375977 155.519936 -3.201607
v -0.790285 164.615377 -1.683944
v -2.210704 155.519936 -4.366879
v -2.879172 163.597468 -3.201608
v -0.245570 154.798254 -5.115030
v -1.171689 164.615377 -0.935397
v 1.382084 154.285161 -5.372825
v -3.627321 163.597468 -1.733280
v 3.009739 153.495685 -5.115031
v -1.303112 164.615377 -0.105626
v -3.885117 163.597468 -0.105626
v 4.478067 153.559692 -4.366880
v 5.643340 153.575168 -3.201608
v 6.391491 153.615618 -1.733279
v 6.649286 153.646046 -0.105624
v -3.885117 158.689058 -0.105625
v -1.713899 158.689057 -4.366879
v 1.382084 158.689057 -5.372825
v 4.478067 158.689057 -4.366881
v 5.643339 158.689057 -3.201609
v 3.009738 163.597467 -5.115033
v 2.211855 164.615377 -2.659398
v 1.382084 164.959085 -0.105626
v 4.478066 163.597467 -4.366881
v 2.960402 164.615377 -2.277995
v 5.643339 163.597468 -3.201610
v 3.554453 164.615377 -1.683944
v 6.391491 163.597468 -1.733281
v 3.935856 164.615377 -0.935397
v 6.649286 163.597468 -0.105626
v 4.067279 164.615377 -0.105626
v 7.354843 152.150478 -0.105624
v -3.394534 154.866528 -4.702868
v 3.715296 152.511685 -5.713116
v -0.245570 153.062348 -6.433592
v 1.382084 152.734343 -6.435175
v -5.565752 154.866529 -0.105624
v 5.183624 152.444298 -4.366880
v -5.307956 154.866529 -1.733279
v -4.559806 154.866529 -3.201607
v 6.348896 152.141079 -3.201608
v 7.097047 152.143556 -1.733279
v -7.838181 150.036963 -0.105624
v -7.394205 150.036962 -4.001453
v -5.932537 149.950360 -6.530213
v -3.665899 148.705367 -10.540432
v -0.813151 148.495402 -11.489127
v 1.330124 148.346951 -11.752450
v 3.877027 148.321995 -11.061164
v 5.835019 147.763084 -8.194669
v 7.556958 147.763084 -6.428803
v 8.872906 147.763085 -2.974327
v 9.399423 147.763085 -0.105623
v -8.420397 149.446284 -0.105623
v -7.941564 149.446283 -4.767873
v -6.292134 149.316380 -7.495172
v -3.738034 147.694260 -12.664644
v -0.842290 147.769020 -13.544612
v 1.304143 147.683707 -13.752468
v 3.943003 147.646272 -12.902668
v 6.087505 147.081261 -9.145999
v 7.956382 147.081262 -7.343056
v 9.387232 147.081262 -2.968284
v 9.737164 147.081263 -0.105623
v -7.255965 150.627641 -0.105624
v -6.846846 150.627640 -3.235033
v -5.572940 150.584339 -5.565255
v -3.593764 149.716475 -8.416221
v -0.784012 149.221783 -9.433640
v 1.356104 149.010195 -9.752435
v 3.811050 148.997717 -9.219661
v 5.582532 148.444906 -7.243340
v 7.157533 148.444906 -5.514550
v 8.358581 148.444906 -2.720025
v 8.808970 148.444907 -0.105623
v -6.181193 115.793068 -0.105618
v -5.672082 116.294553 -6.293776
v -3.834226 116.294553 -8.131631
v 1.760658 116.294553 -9.718196
v 5.533715 115.942812 -10.108853
v 8.465808 115.942812 -8.614880
v 10.792729 115.942812 -6.287959
v 12.286705 115.942814 3.144631
v 13.770815 111.636504 -0.105617
v 13.209944 111.636505 4.106238
v -7.663573 114.273068 -0.105618
v -7.297441 114.273068 -3.289688
v -7.059356 114.774555 -7.365060
v -4.878181 114.774554 -9.521082
v -2.129739 114.774554 -10.905331
v 1.761856 114.774554 -11.382311
v 6.239739 114.422813 -11.840598
v 9.719559 114.422813 -10.087991
v 12.481162 114.422814 -7.358237
v 14.320036 114.494375 -3.490299
v 14.865175 114.422815 -0.105618
v -10.145696 111.907715 -0.105617
v -10.219139 111.907714 -4.122101
v -9.431014 112.409199 -9.028112
v -6.851065 112.409199 -11.678052
v -3.600141 112.409199 -13.379415
v 1.002933 112.409199 -13.965666
v 6.299484 112.057458 -14.528941
v 10.415501 112.057458 -12.374833
v 13.681993 112.057458 -9.019724
v 15.955960 111.987518 -4.175937
v 16.501861 112.057460 -0.105617
v -13.198534 109.181664 -0.105617
v -12.412714 109.181663 -4.486659
v -11.258296 109.683148 -10.236962
v -8.429799 109.683148 -13.245927
v -4.865684 109.683147 -15.177797
v 0.206181 110.282947 -16.497186
v 5.987662 109.669183 -17.074175
v 10.500212 109.331408 -14.037110
v 14.081396 109.331408 -10.227440
v 16.595247 109.262832 -4.689506
v 17.573031 109.331413 -0.105617
v -1.454653 106.440487 -20.250897
v 10.001120 106.088746 -15.546596
v 16.854681 106.088748 -4.951903
v 18.485491 106.189704 -0.105616
v -3.627321 158.689058 -1.733279
v -2.879172 158.689057 -3.201607
v -0.245571 158.689057 -5.115030
v 3.009739 158.689057 -5.115032
v 6.391491 158.689058 -1.733280
v 6.649286 158.689058 -0.105625
v -4.738356 156.870189 -1.733279
v 5.643339 155.398175 -3.201608
v -3.990206 156.870189 -3.201607
v -2.824934 156.870188 -4.366879
v 6.391491 155.230756 -1.733279
v 6.649286 155.308224 -0.105624
v 3.009739 155.302833 -5.377506
v 4.478067 155.611775 -4.366880
v -0.245571 155.975116 -5.648172
v 1.382084 155.460881 -5.843544
v -4.996152 156.870189 -0.105625
v 15.570657 131.621797 -9.017607
v 13.015202 130.340795 -7.575696
v 16.670460 135.239761 -9.680438
v 15.950677 139.360231 -8.230668
v 11.367296 143.766990 -7.417972
v 13.314871 123.448758 -4.688303
v 9.128683 146.399440 -6.324264
v 13.363282 124.476909 -5.494286
v 7.301181 149.126728 -3.534455
v 14.743310 125.821838 -7.977444
v 6.017415 151.326440 -2.467443
v 13.636419 128.919732 -6.808494
v 6.017415 153.595393 -2.467443
v 6.722972 152.142319 -2.467443
v 8.214932 147.763085 -4.929360
v 8.671807 147.081262 -5.626812
v 7.758057 148.444906 -4.231907
v 11.539716 115.942813 -4.821913
v 13.367691 114.422814 -5.638391
v 14.730601 112.057459 -6.905882
v 15.231024 109.331409 -7.827207
v 6.017415 155.314467 -2.467444
v -15.568465 105.939002 -0.105616
v -14.496263 105.939002 -4.319749
v -13.023556 106.440488 -11.334701
v -11.013536 106.440487 -14.669688
v -7.056927 106.440487 -16.810877
v 4.991632 106.257634 -20.030901
v 13.976677 106.088747 -11.324146
v 15.252909 106.088747 -8.663846
v -15.974675 102.067657 -0.105616
v -14.396049 102.067656 -5.126394
v -14.053307 102.569142 -12.958717
v -10.913324 102.569141 -16.776030
v -6.956714 102.569141 -19.226890
v 14.076889 102.217401 -12.946635
v 17.560972 101.728012 -4.997280
v -1.354440 102.569140 -23.164428
v 5.091845 102.386288 -22.912612
v 10.101332 102.217400 -17.779762
v 18.665380 101.856031 -0.105616
v 15.353120 102.217401 -9.901587
v -13.828756 94.816888 -0.105615
v -13.332786 95.570712 -6.485000
v -13.010270 97.035291 -12.200154
v -10.055602 98.522953 -15.792178
v -6.332504 98.822487 -18.098393
v -1.060864 98.762583 -22.531570
v 5.004975 99.025333 -22.132346
v 9.718813 98.832643 -16.736672
v 13.459742 97.943364 -12.188785
v 16.419706 96.115949 -4.315293
v 17.622058 94.867682 -0.105615
v 14.660654 97.523908 -9.323449
v -15.331984 91.651903 -0.105614
v -14.893534 92.809750 -5.207984
v -14.431032 94.673444 -13.424020
v -11.178669 96.151439 -17.373949
v -7.080451 96.546760 -19.912447
v -1.277670 97.004516 -24.435199
v 5.399328 97.325130 -23.728880
v 10.666461 96.423365 -18.238948
v 14.705949 95.869320 -13.408110
v 18.195776 92.912848 -3.739709
v 18.260763 91.812438 -0.105614
v 16.027858 94.635952 -10.258896
v -13.336776 88.217455 -0.105613
v -13.251076 88.232943 -0.977398
v -12.928561 91.479396 -12.223036
v -9.973892 92.490378 -15.809298
v -6.250794 92.925993 -18.114568
v -0.979154 92.655178 -21.823009
v 5.086685 92.661716 -21.584692
v 9.800523 92.161477 -16.759120
v 13.541452 91.263904 -12.220106
v 16.246311 87.513264 -1.012514
v 16.501858 87.956331 -0.105613
v 14.742363 89.763381 -8.655335
v 5.214262 88.073860 -1.159502
v 5.221165 88.243668 -0.105613
v -0.669117 88.154938 -1.180123
v -0.662615 88.270654 -0.105613
v 9.817077 88.082700 -0.105613
v 9.817247 87.721886 -0.947814
v 13.538096 88.206495 -0.105613
v 13.027283 87.779499 -0.852100
v -5.719487 87.817819 -0.105613
v -5.693621 87.738183 -0.839711
v -9.392631 87.763709 -0.105613
v -9.366283 87.680590 -0.840888
v -13.710385 88.295281 -13.040140
v -14.049618 87.726508 -2.221055
v -10.602563 88.346062 -16.830541
v -6.686483 88.384502 -19.265524
v -1.141593 88.380027 -23.797232
v 5.238662 88.210107 -22.915069
v 10.196837 88.046203 -17.835578
v 14.131673 88.022926 -13.046368
v 15.394833 88.001433 -10.027353
v 15.514285 86.285708 -2.299599
v -9.972172 87.193543 -2.088410
v 10.214429 86.724266 -2.130481
v 5.365085 87.389466 -2.556104
v -0.822915 87.532175 -2.570144
v 12.686193 86.442204 -1.813067
v -6.109142 87.263784 -2.089491
v -16.090947 82.251451 -15.993181
v -15.604594 82.048298 -6.923805
v -12.831432 82.493437 -21.699502
v -8.193465 82.518414 -25.569554
v -1.902623 82.522855 -28.162658
v 6.016013 82.339301 -26.462181
v 12.169684 82.143230 -20.159710
v 17.053272 82.095001 -14.211107
v 18.620998 82.052947 -10.460466
v 17.776670 81.674004 -2.428536
v -11.294474 82.319525 -3.128987
v 10.033635 82.057712 -1.078596
v 4.534109 81.972335 -0.651929
v -1.504298 81.944816 -1.158106
v 15.275668 81.977891 -1.125661
v -7.780446 82.031699 -2.811347
v -9.978277 143.557305 -8.501853
v -10.970881 141.219510 -8.692083
v -5.772386 116.043810 -4.831347
v -9.275298 145.589971 -7.988130
v -6.455833 117.373624 -5.030330
v -7.570326 148.769001 -6.997213
v -5.269403 119.512000 -5.373732
v -6.247414 151.890037 -3.534454
v -8.468449 123.669862 -5.793140
v -4.783196 152.971847 -2.467443
v -9.979933 132.029619 -8.818711
v -11.353743 137.098566 -8.799851
v 13.698276 130.474629 -6.360377
v 14.215039 128.986649 -5.735531
v -8.438221 128.356732 -8.056946
v -3.750051 155.519937 -2.467443
v -4.933881 154.866529 -2.467443
v 8.543919 147.763085 -4.179638
v -6.663371 149.993661 -5.265833
v 9.029520 147.081262 -4.768690
v -7.116849 149.381333 -6.131523
v -6.209893 150.605990 -4.400143
v 8.058319 148.444906 -3.590586
v -7.178398 114.523811 -5.649457
v -9.571821 112.158456 -6.919484
v -11.925930 109.432405 -7.842652
v -4.364282 156.870189 -2.467443
v 16.267112 131.621797 -6.798787
v 17.353532 135.239762 -7.670443
v 16.594118 139.360232 -6.967844
v 11.913211 115.942813 -4.088891
v 11.946377 143.766990 -6.281461
v 13.677784 123.448758 -3.976046
v 9.515121 146.399441 -5.357741
v 13.790022 124.476909 -4.656760
v 7.572718 149.126728 -3.001534
v 15.279816 125.597308 -5.644813
v 6.204453 151.326440 -2.100360
v 6.204453 153.605506 -2.100361
v 6.910010 152.142936 -2.100361
v 13.810954 114.422814 -4.778468
v 15.254905 112.057459 -5.848962
v 15.805839 109.331409 -6.627091
v 6.204453 155.272613 -2.100362
v -14.176341 106.189746 -8.680965
v 15.891025 106.088748 -7.333696
v -14.224678 102.318398 -9.921182
v 15.991235 102.217402 -8.379063
v -13.171529 96.301889 -9.342310
v 15.261108 97.083205 -7.890781
v -14.826531 93.942680 -10.413615
v 16.959078 93.527421 -7.585501
v -13.089818 89.874456 -6.604605
v 15.899168 89.074012 -4.775578
v -13.880001 88.035503 -7.636502
v 16.238848 87.953134 -6.082897
v -16.074758 82.296205 -10.576669
v 19.404860 81.985645 -6.609242
v -16.132723 75.596703 -11.000817
v -15.662854 75.347679 -7.349939
v -12.891432 75.804409 -22.119211
v -16.148901 75.550827 -16.413652
v -8.256376 75.842354 -25.989955
v -1.969481 75.776925 -30.388975
v 5.944186 75.623865 -28.696861
v 12.093995 75.519308 -20.595960
v 16.974519 75.448200 -14.645589
v 18.541261 75.386839 -10.892663
v 19.324631 75.289636 -7.036669
v -11.355439 75.643470 -3.563438
v -1.218397 57.909227 -11.236892
v 6.984925 57.838154 -11.124516
v 9.959286 75.429560 -1.525790
v 4.485471 75.400239 -0.715718
v -5.292659 65.033267 -9.098551
v 11.322977 64.853092 -10.982324
v 10.898721 64.875786 -13.063456
v 10.050209 64.885148 -15.090227
v -1.549146 75.376244 -1.222414
v 7.407027 64.897931 -18.306639
v 4.076429 64.987677 -22.701854
v -0.209435 65.094376 -23.623976
v 15.198031 75.295009 -1.559680
v -3.614276 65.120501 -21.239333
v 17.697665 74.976720 -2.858234
v -7.888692 64.990592 -16.059740
v -6.124520 65.115288 -19.146707
v -7.843615 75.405749 -3.257978
v -7.625459 64.886926 -11.152560
v -7.879930 65.020621 -13.129515
v -12.341810 67.789105 -12.171716
v -11.971994 67.592793 -9.298171
v -9.790710 67.947725 -20.921419
v -12.354543 67.746011 -16.430278
v -6.142631 67.978639 -23.968188
v -1.194451 67.915530 -27.427706
v 5.034100 67.803397 -26.097905
v 9.874384 67.742717 -19.727177
v 13.715664 67.685458 -15.043554
v 14.948785 67.634877 -12.089218
v 15.565348 67.548122 -9.051849
v -8.581787 67.843938 -6.322358
v 8.194235 67.698842 -4.724185
v 3.886000 67.669644 -4.085138
v -0.863622 67.650735 -4.483937
v 12.317455 67.568671 -4.745034
v 14.284823 67.301070 -5.762976
v -5.817763 67.677976 -6.087016
v 6.250917 64.877508 -7.985428
v 3.286422 64.856284 -7.545429
v 6.182096 57.934062 -10.705932
v 0.018208 64.839075 -7.818834
v -3.880685 58.037708 -13.739849
v 6.752667 57.938907 -14.898206
v 7.255870 57.938907 -13.697576
v 9.088103 64.850353 -8.014755
v 7.507473 57.938907 -12.466603
v 10.441848 64.684402 -8.719564
v -3.729773 57.958087 -12.567347
v -2.346321 58.038733 -11.347757
v -3.390734 64.865492 -8.923755
v -3.885881 58.019183 -15.477427
v -5.872692 115.793069 2.590414
v -7.029107 117.373626 3.693981
v -5.563509 119.477613 3.529247
v -7.277288 123.812596 3.846242
v -11.013824 132.029621 6.578343
v -12.242071 137.098569 6.845165
v -11.829414 141.367896 6.770895
v -10.779857 143.695846 6.694096
v -10.007396 145.589973 6.340061
v -8.488922 148.855605 5.323047
v -6.790487 151.890038 2.257365
v -5.157271 152.971848 1.522031
v -5.672082 116.294555 6.082540
v -5.882559 117.373626 5.944206
v -4.975296 119.546390 6.998457
v -6.519518 124.451975 7.808662
v -8.946041 132.029622 10.636597
v -10.465415 137.098569 10.332052
v -10.112350 141.071132 10.190783
v -9.176698 143.418769 9.887120
v -8.543200 145.589974 9.213707
v -6.651730 148.682403 8.248885
v -5.704341 151.890039 4.389047
v -4.409121 152.971848 2.990359
v -3.834226 116.294556 7.920395
v -4.096771 117.373626 7.729994
v -4.059131 119.653514 7.920863
v -5.492282 124.131362 8.908125
v -5.223566 129.984466 12.689472
v -7.689519 136.079782 13.099262
v -7.581575 141.359076 14.052911
v -6.160113 144.061065 14.389274
v -5.475356 146.304119 14.460209
v -3.810168 146.683155 14.577610
v -4.012628 151.399307 6.080761
v -3.243848 152.971848 4.155632
v -1.518394 116.294556 9.100368
v -1.846545 117.373626 8.876542
v -1.959982 119.788496 8.513084
v -2.540944 124.049056 9.461602
v -1.580584 127.633955 14.342046
v -0.871429 147.042644 15.388851
v -0.754873 149.948166 7.166908
v -0.899302 151.326441 5.754712
v 1.760658 116.294556 9.506960
v 2.016903 117.373627 9.271614
v 1.334104 119.346671 8.717149
v 1.139265 123.987643 11.318469
v 1.666283 127.631466 14.491621
v 1.278163 147.020466 15.541237
v 1.382084 149.673443 7.541169
v 1.382085 151.326441 6.012507
v 5.533715 115.942815 9.897617
v 6.947495 121.474531 9.614229
v 6.317349 123.742746 10.291516
v 6.360832 125.704834 11.481922
v 4.607616 130.380405 14.263111
v 6.843132 134.764271 14.751103
v 7.441051 138.469039 14.946171
v 7.610471 141.092389 14.831605
v 5.967135 144.920375 13.261114
v 4.008979 146.970553 14.532925
v 3.745072 149.673443 7.166909
v 3.009739 151.326441 5.489852
v 8.465808 115.942815 8.403644
v 10.328044 123.448760 8.162576
v 9.851146 124.476911 8.829491
v 10.182611 127.067721 10.367077
v 8.949307 129.621818 12.071511
v 9.838728 131.621801 13.459749
v 11.048671 135.239765 14.150918
v 10.655067 139.360235 12.799815
v 8.149663 144.381214 12.041697
v 6.339992 146.399443 9.886082
v 5.330046 149.126729 6.080763
v 4.478068 151.326441 4.155632
v 10.792729 115.942814 6.076724
v 12.589045 123.448760 5.901578
v 12.509802 124.476911 6.958097
v 12.674516 126.899042 8.438332
v 11.649057 130.073131 9.795092
v 14.177745 131.621800 10.992424
v 15.304315 135.239765 12.150408
v 13.673295 139.261921 11.136109
v 10.209133 143.766992 9.479749
v 8.355807 146.399443 8.046064
v 6.758108 149.126729 4.389050
v 5.643340 151.326441 2.990359
v 14.040696 123.448759 3.052551
v 14.266389 123.734423 2.864301
v 15.010546 126.143514 3.530431
v 14.320610 130.381106 3.905779
v 16.963567 131.621799 3.516264
v 18.036605 135.239764 3.804563
v 17.296801 139.360225 3.907063
v 12.275839 143.766991 3.201634
v 9.901558 146.399442 2.879696
v 7.844255 149.126729 2.257366
v 6.391491 151.326441 1.522031
v -9.111731 128.338428 4.916374
v -7.764711 128.375041 9.169638
v -5.094482 127.701607 10.689426
v -2.258689 126.593646 11.904141
v 1.355450 126.724406 13.524528
v 4.934016 128.386736 12.676798
v 9.399127 128.528724 11.384406
v 12.479178 128.785902 8.743180
v 14.711168 129.110106 3.544778
v -5.223566 129.884702 13.396633
v -7.689519 135.980018 13.806421
v -7.581575 141.259312 14.760070
v -6.160113 143.961299 15.096433
v -5.475355 145.872297 15.284010
v -3.810168 146.211404 15.490066
v -1.580584 127.534191 15.049205
v -0.871429 146.362813 16.364376
v 1.666283 127.531702 15.198780
v 1.278163 146.304242 16.506794
v 4.607616 130.280641 14.970271
v 6.843132 134.664507 15.458263
v 7.441051 138.369275 15.653331
v 7.610471 140.992625 15.538765
v 5.075237 144.970860 14.691450
v 4.008978 146.501039 15.516614
v -4.908107 130.583396 15.222350
v -7.225385 136.311217 15.607432
v -7.123949 141.272215 16.503586
v -5.788189 143.811296 16.819668
v -5.144717 145.165310 16.918252
v -3.579925 145.483969 17.111885
v -1.484766 128.374601 16.775288
v -0.818367 145.626251 17.933482
v 1.566343 128.372263 16.915845
v 1.201623 145.571210 18.067313
v 4.330339 130.955464 16.701112
v 6.431072 135.075020 17.159683
v 6.992943 138.556422 17.342989
v 7.152148 141.021606 17.235331
v 4.769767 144.318220 16.361419
v 3.767794 145.756143 17.136834
v -5.587195 128.782960 17.627753
v -7.687863 134.539364 18.415541
v -7.012817 139.314758 20.377854
v -6.351952 141.689593 21.517381
v -5.475236 142.507705 22.698225
v -3.755020 142.032877 24.729078
v -1.217536 127.546752 18.227517
v -0.847858 142.160966 25.600667
v 1.301995 127.556904 18.839999
v 1.260106 142.046564 25.345730
v 4.250076 128.895560 19.493857
v 6.741613 133.452304 20.749108
v 7.346774 136.662024 21.639215
v 7.294708 138.919300 23.059323
v 5.368793 141.150634 24.651370
v 3.860459 142.270265 25.253948
v -4.977338 125.692012 19.275342
v -6.725985 131.333492 21.650719
v -6.786759 133.039185 22.607909
v -5.874127 135.399992 24.646518
v -4.938426 136.091578 24.671356
v -3.549341 136.801726 25.150246
v -1.493895 125.006374 19.271190
v -0.868308 136.551567 25.683408
v 1.679205 125.000906 19.687841
v 0.925645 136.905890 26.030345
v 4.503529 125.398309 19.828412
v 6.452058 130.668571 21.459685
v 6.550008 133.661170 22.955330
v 6.370535 135.503360 24.444810
v 5.218397 137.008345 25.346466
v 3.272548 137.026420 26.086343
v -5.090447 124.416586 20.303814
v -6.991009 130.259276 22.627691
v -7.076662 132.062566 23.586461
v -6.205410 134.680651 25.546313
v -5.174817 135.342115 25.651424
v -3.724070 136.120243 26.129741
v -1.506150 123.657225 20.328831
v -0.899743 135.896616 26.662165
v 1.775061 123.648736 20.762756
v 1.001490 136.244442 27.052708
v 4.667912 124.119772 20.891195
v 6.769698 129.553077 22.448388
v 6.901688 132.720160 23.939523
v 6.708423 134.681537 25.457109
v 5.509605 136.278282 26.390091
v 3.470666 136.321661 27.151635
v -5.392117 123.241123 21.042231
v -7.506173 129.441383 23.490277
v -7.617977 131.392052 24.506919
v -6.842605 134.371349 26.498683
v -5.618990 135.008005 26.675536
v -4.050403 135.877769 27.185358
v -1.569569 122.427155 21.145036
v -0.968175 135.653020 27.756689
v 1.910599 122.420508 21.615138
v 1.112518 136.004373 28.199396
v 4.993581 122.919951 21.673837
v 7.305203 128.673898 23.321251
v 7.480265 132.098683 24.894805
v 7.282498 134.245660 26.495369
v 5.994195 135.982188 27.507806
v 3.790385 136.043876 28.328530
v -5.878947 122.413675 21.734787
v -8.454663 128.673219 24.560537
v -8.579427 130.761562 25.645904
v -7.378809 133.750013 27.754160
v -6.085965 134.717391 27.923307
v -4.388846 135.667601 28.474317
v -1.670574 121.156283 22.021243
v -1.039124 135.928473 29.096204
v 2.060749 121.154926 22.529347
v 1.214529 136.111459 29.576403
v 5.282681 122.097305 22.532246
v 8.379988 127.854140 24.415245
v 8.577826 131.503509 26.085007
v 7.884877 133.873288 27.737161
v 6.485522 135.490545 28.842811
v 4.109988 135.818326 29.722178
v -5.583155 121.856097 22.811196
v -7.671677 128.246160 25.462744
v -7.791386 130.241391 26.499083
v -6.952173 133.269018 28.536039
v -5.762539 133.969413 28.684015
v -4.155661 134.864659 29.204537
v -1.595785 121.138974 23.064358
v -1.010271 134.702097 29.770949
v 1.951280 121.145636 23.541111
v 1.143050 135.023196 30.236818
v 5.131364 121.573356 23.508309
v 7.454996 127.458687 25.308286
v 7.648924 130.957717 26.907262
v 7.450941 133.174101 28.508940
v 6.094013 134.903681 29.561564
v 3.867567 134.995398 30.383368
v -5.061654 121.348068 23.966844
v -6.936383 127.048833 26.342195
v -7.058549 128.828603 27.265090
v -6.315426 131.562469 29.114207
v -5.259099 132.206308 29.218220
v -3.809388 133.017809 29.682521
v -1.463879 120.793803 24.223279
v -0.967849 132.852441 30.149661
v 1.697534 120.840453 24.656733
v 0.969269 133.146019 30.586966
v 4.537470 121.172159 24.622795
v 6.628344 126.355021 26.204124
v 6.818497 129.468681 27.627349
v 6.682249 131.487017 29.071575
v 5.404011 133.032308 29.987863
v 3.427572 133.124239 30.752689
v -4.719644 120.999371 24.864654
v -6.435530 126.249380 27.098146
v -6.513402 127.864194 28.002690
v -5.862621 130.349503 29.707124
v -4.863770 130.915091 29.827326
v -3.537463 131.661305 30.232324
v -1.400368 120.453001 25.040789
v -0.929547 131.515546 30.635087
v 1.534777 120.503191 25.440018
v 0.836881 131.783201 31.047560
v 4.176292 120.792167 25.422290
v 6.060477 125.620670 26.947609
v 6.178857 128.458733 28.308324
v 6.060828 130.272596 29.659644
v 4.914264 131.664839 30.578342
v 3.100787 131.793186 31.199217
v -3.771620 121.137547 26.075974
v -5.103713 125.339641 27.827423
v -5.161201 126.610236 28.565236
v -4.665561 128.573242 29.927859
v -3.865451 129.008186 30.039400
v -2.819008 129.586271 30.384918
v -1.159293 120.657449 26.122066
v -0.761599 129.469975 30.675924
v 1.181174 120.663649 26.445761
v 0.627870 129.686440 31.006139
v 3.289297 120.927747 26.477538
v 4.734268 124.844645 27.689349
v 4.828879 127.074072 28.827637
v 4.744295 128.507159 29.907009
v 3.863704 129.619267 30.632183
v 2.415855 129.721749 31.074034
v -2.660909 119.619949 29.138488
v -3.600562 122.541957 30.356794
v -3.654863 123.448303 30.834058
v -3.323134 124.853673 31.757386
v -2.761296 125.166060 31.830738
v -2.023709 125.579170 32.069762
v -0.842108 119.281588 29.227257
v -0.567824 125.470125 32.322092
v 0.778834 119.283050 29.442076
v 0.411636 125.634925 32.531808
v 2.247258 119.469392 29.423349
v 3.270067 122.187548 30.286807
v 3.356210 123.770724 31.025065
v 3.310634 124.798849 31.751105
v 2.702497 125.608746 32.236733
v 1.669838 125.651332 32.580566
v -2.668818 119.220061 29.620032
v -3.611075 122.153139 30.833152
v -3.665482 123.062547 31.310296
v -3.332733 124.472234 32.235767
v -2.769184 124.785873 32.307742
v -2.029398 125.200336 32.546822
v -0.844417 118.879993 29.711592
v -0.569216 125.090482 32.802353
v 0.781587 118.880973 29.928956
v 0.413167 125.255572 33.013703
v 2.254587 119.068160 29.909166
v 3.280248 121.797304 30.764522
v 3.366529 123.386028 31.501438
v 3.320814 124.417168 32.229875
v 2.710837 125.229628 32.716169
v 1.675277 125.270064 33.072532
v -2.957313 118.460458 29.787978
v -4.007283 121.731706 31.128806
v -4.067891 122.745682 31.658163
v -3.697061 124.317055 32.687567
v -3.069035 124.666945 32.766067
v -2.244625 125.129016 33.031572
v -0.924148 118.080732 29.893149
v -0.617429 125.006019 33.318988
v 0.887944 118.081350 30.137384
v 0.477330 125.189804 33.555382
v 2.529515 118.290237 30.114152
v 3.672436 121.334571 31.054898
v 3.768541 123.106161 31.871194
v 3.717588 124.255447 32.682100
v 3.037822 125.161193 33.222435
v 1.883858 125.204019 33.629840
v -2.260110 118.970247 30.839053
v -3.056372 121.439709 31.863120
v -3.101723 122.207304 32.261939
v -2.820300 123.396629 33.036251
v -2.345753 123.660764 33.098604
v -1.722439 124.010060 33.301242
v -0.723825 118.676312 30.929785
v -0.491954 123.915775 33.531423
v 0.647640 118.674931 31.117767
v 0.336870 124.055142 33.707612
v 1.888578 118.838255 31.091424
v 2.754637 121.138347 31.809712
v 2.826249 122.479943 32.423307
v 2.785933 123.350319 33.029680
v 2.274355 124.037000 33.437303
v 1.400711 124.065659 33.760058
v -0.987363 119.623414 27.719683
v 0.953701 119.626995 27.963073
v -4.280696 123.514790 29.123164
v -3.162363 120.024116 27.646172
v 2.711015 119.846819 27.963340
v 0.511633 127.204687 31.719855
v -0.656969 127.012332 31.446818
v -4.342019 124.593647 29.704828
v 3.927755 123.093447 29.030368
v -3.943182 126.265986 30.818237
v 4.026021 124.977877 29.934453
v -3.272487 126.637610 30.906954
v 3.969139 126.200246 30.812427
v -2.392543 127.129478 31.192331
v 3.242124 127.162281 31.399312
v 2.015023 127.231637 31.765243
v 0.869116 119.425008 28.785585
v -2.920530 119.793232 28.471280
v 2.487008 119.628752 28.774717
v -0.614149 126.232957 31.980026
v 3.610948 122.620621 29.742300
v 3.704093 124.360378 30.566747
v 3.653145 125.489627 31.372818
v 2.983449 126.378945 31.911770
v 1.847704 126.431092 32.268361
v -0.917170 119.422661 28.554366
v -3.952800 123.009663 29.824523
v 0.463554 126.412201 32.221350
v -4.011693 124.005849 30.355490
v -3.645613 125.550082 31.378859
v -3.027187 125.893367 31.460070
v -2.215590 126.347452 31.723530
v -1.050859 120.206815 26.881348
v -4.578108 124.366504 28.431653
v 0.553559 128.293426 31.244679
v -4.633135 125.510455 29.080267
v -4.204022 127.291601 30.281682
v -3.486074 127.685216 30.380094
v -2.546232 128.208311 30.687779
v 1.031612 120.205700 27.150600
v -3.380785 120.630749 26.832793
v 2.915975 120.436785 27.172459
v -0.694505 128.091428 30.946337
v 4.215774 123.916317 28.327805
v 4.314114 125.925409 29.317519
v 4.248601 127.224756 30.270914
v 3.466429 128.241781 30.909169
v 2.160501 128.326761 31.293338
v 6.638217 134.417747 18.583743
v 7.216997 137.702974 19.341308
v -5.310036 143.809482 19.606851
v -6.070070 142.780750 18.907744
v 7.297975 140.036285 20.115126
v -3.695046 143.688039 21.123029
v 5.102840 143.058074 20.090721
v -0.844898 143.834885 21.970981
v 4.103020 143.876728 21.424031
v -5.250165 130.396992 15.681304
v -1.717004 128.117339 17.284062
v 1.239893 143.743439 21.901265
v 1.431984 128.114925 17.429126
v -7.457451 135.571973 16.897335
v 4.285189 130.077447 17.634383
v -7.068384 140.388641 17.983345
v 6.534087 134.748997 17.864941
v -5.227376 144.487395 18.262551
v -3.637486 144.586005 19.117457
v -0.831632 144.730569 19.952232
v -5.079136 130.490194 15.451827
v -7.341418 135.941595 16.252384
v -7.096167 140.830428 17.243465
v 7.104970 138.129698 18.342149
v -5.929129 143.296022 17.863706
v 7.225062 140.528946 18.675229
v 4.936303 143.688146 18.226071
v 3.935407 144.816435 19.280433
v -1.600885 128.245970 17.029674
v 1.220758 144.657325 19.984288
v 1.499163 128.243594 17.172485
v 4.307494 130.517722 17.164465
v -0.844898 145.994532 17.148929
v -3.695046 145.847688 16.300976
v 4.922502 144.644540 15.526435
v 3.888386 146.128590 16.326725
v -5.065837 130.234049 14.309491
v -1.532675 127.954395 15.912245
v 1.239893 145.937726 17.287054
v 1.616313 127.951982 16.057313
v -7.457451 136.145617 14.706928
v 4.468977 130.618053 15.835690
v -7.352762 141.265763 15.631827
v 6.637102 134.869764 16.308974
v -5.974151 143.886297 15.958051
v 7.216997 138.462849 16.498160
v -5.310036 145.518803 16.101132
v 7.381309 141.007115 16.387048
v 1.382084 164.615378 2.579570
v 1.382084 163.597469 5.161575
v 0.552313 164.615378 2.448147
v -0.245571 163.597469 4.903780
v -0.196235 164.615378 2.066743
v -4.124126 155.519937 1.522030
v -1.713900 163.597469 4.155629
v -3.375977 155.519937 2.990358
v -0.790285 164.615378 1.472692
v -2.210704 155.519938 4.155630
v -2.879172 163.597469 2.990357
v -0.245570 154.798256 4.903781
v -1.171689 164.615378 0.724145
v 1.382084 154.285163 5.161576
v -3.627321 163.597468 1.522028
v 3.009739 153.495686 4.903783
v 4.478067 153.559694 4.155632
v 5.643340 153.575169 2.990360
v 6.391491 153.615619 1.522031
v 1.382084 158.689059 5.161575
v 4.478067 158.689059 4.155631
v 5.643339 158.689059 2.990359
v 3.009738 163.597469 4.903781
v 2.211855 164.615378 2.448147
v 4.478066 163.597469 4.155630
v 2.960402 164.615378 2.066743
v 5.643339 163.597469 2.990358
v 3.554453 164.615378 1.472692
v 6.391491 163.597468 1.522029
v 3.935856 164.615378 0.724145
v -3.394534 154.866530 4.491619
v 3.715296 152.511687 5.501869
v -0.245570 153.062350 6.222344
v 1.382084 152.734345 6.223927
v 5.183624 152.444299 4.155632
v -5.307956 154.866529 1.522030
v -4.559806 154.866530 2.990359
v 6.348896 152.141080 2.990360
v 7.097047 152.143556 1.522031
v -7.394205 150.036963 3.790206
v -5.932537 149.950362 6.318966
v -3.665899 148.705370 10.329186
v -0.813151 148.495405 11.277880
v 1.330124 148.346955 11.541204
v 3.877027 148.321998 10.849918
v 5.835019 147.763087 7.983423
v 7.556958 147.763086 6.217557
v 8.872906 147.763086 2.763081
v -7.941564 149.446284 4.556626
v -6.292134 149.316382 7.283926
v -3.738034 147.694264 12.453398
v -0.842290 147.769025 13.333366
v 1.304143 147.683711 13.541221
v 3.943003 147.646276 12.691422
v 6.087505 147.081264 8.934753
v 7.956382 147.081264 7.131810
v 9.387232 147.081263 2.757038
v -6.846846 150.627641 3.023786
v -5.572940 150.584341 5.354007
v -3.593764 149.716478 8.204974
v -0.784012 149.221786 9.222394
v 1.356104 149.010198 9.541189
v 3.811050 148.997719 9.008414
v 5.582532 148.444908 7.032093
v 7.157533 148.444908 5.303304
v 8.358581 148.444907 2.508778
v 13.209944 111.636503 -4.317473
v -7.297441 114.273069 3.078452
v -7.059356 114.774557 7.153825
v -4.878181 114.774557 9.309846
v -2.129739 114.774558 10.694095
v 1.761856 114.774558 11.171075
v 6.239739 114.422817 11.629363
v 9.719559 114.422816 9.876755
v 12.481162 114.422816 7.147001
v 14.320036 114.494376 3.279063
v -10.219139 111.907716 3.910866
v -9.431014 112.409202 8.816877
v -6.851065 112.409203 11.466817
v -3.600141 112.409203 13.168180
v 1.002933 113.022607 15.068869
v 6.299484 112.057462 14.317706
v 10.415501 112.057462 12.163599
v 13.681993 112.057461 8.808490
v 15.955960 111.987520 3.964703
v -12.412714 109.181664 4.275426
v -11.258296 109.683151 10.025728
v -8.429799 109.683152 13.034693
v -4.865684 109.683152 14.966563
v 0.206181 110.808728 18.126165
v 5.987662 109.669188 16.862941
v 10.500212 109.331412 13.825876
v 14.081396 109.331412 10.016206
v 16.595247 109.262833 4.478272
v -13.023556 106.440492 11.123469
v -11.013536 106.440492 14.458455
v -3.627321 158.689058 1.522029
v -2.879172 158.689059 2.990358
v -1.713899 158.689059 4.155630
v -0.245571 158.689059 4.903781
v 3.009739 158.689059 4.903782
v 6.391491 158.689058 1.522030
v -4.738356 156.870189 1.522030
v 5.643339 155.398176 2.990359
v -3.990206 156.870190 2.990358
v -2.824934 156.870190 4.155630
v 6.391491 155.230757 1.522031
v 3.009739 155.302834 5.166257
v 4.478067 155.611776 4.155631
v -0.245571 155.975118 5.436923
v 1.382084 155.460883 5.632296
v 15.570657 131.621800 8.806366
v 13.015202 130.340797 7.364455
v 16.670460 135.239764 9.469196
v 15.950677 139.360234 8.019424
v 11.539716 115.942814 4.610677
v 11.367296 143.766992 7.206727
v 13.314871 123.448759 4.477065
v 9.128683 146.399442 6.113018
v 13.363282 124.476911 5.283047
v 7.301181 149.126729 3.323208
v 14.548084 126.480839 6.508723
v 6.017415 151.326441 2.256195
v 13.636419 128.919735 6.597254
v 6.017415 153.595394 2.256195
v 6.722972 152.142320 2.256196
v 8.214932 147.763086 4.718113
v 8.671807 147.081264 5.415566
v 7.758057 148.444907 4.020661
v 13.367691 114.422816 5.427155
v 14.730601 112.057461 6.694647
v 15.231024 109.331411 7.615973
v 15.252909 106.088750 8.452613
v 6.017415 155.314468 2.256195
v -14.496263 105.939003 4.108517
v -5.670493 105.646250 18.883190
v -1.454653 105.827088 23.106689
v 4.991632 106.257640 19.819669
v 10.001120 106.088751 15.335363
v 13.976677 106.088751 11.112913
v 16.854681 106.088750 4.740670
v -14.396049 102.067658 4.915163
v -14.053307 102.569146 12.747486
v -6.948985 103.454061 19.942538
v -10.913324 102.569147 16.564798
v -1.354440 103.620699 23.566599
v 5.504415 103.591221 21.024064
v 10.135335 103.338831 17.367491
v 14.076889 102.217405 12.735404
v 17.560972 101.728014 4.786049
v 15.353120 102.217405 9.690355
v -13.332786 95.570714 6.273771
v -13.010270 97.035295 11.988924
v -10.055602 98.522959 15.580948
v -6.332504 98.822493 17.887162
v -1.060864 98.762591 22.320340
v 5.004975 99.025341 21.921116
v 9.718813 98.832649 16.525441
v 13.459742 97.943368 11.977555
v 16.419706 96.115950 4.104063
v 14.660654 97.523911 9.112219
v -14.893534 92.809751 4.996755
v -14.431032 94.673448 13.212791
v -11.178669 96.151445 17.162719
v -7.080451 96.546767 19.701217
v -1.277670 97.004524 24.223969
v 5.399328 97.325138 23.517650
v 10.666461 96.423371 18.027718
v 14.705949 95.869324 13.196881
v 18.195776 92.912849 3.528480
v 16.027858 94.635955 10.047667
v -13.251076 88.232943 0.766172
v -12.928561 91.479400 12.011808
v -9.973892 92.490383 15.598069
v -6.250794 92.925999 17.903340
v -0.979154 92.655186 21.611781
v 5.086685 92.661723 21.373463
v 9.800523 92.161482 16.547892
v 13.541452 91.263907 12.008879
v 16.246311 87.513264 0.801287
v 14.742363 89.763383 8.444108
v 5.214262 88.073860 0.948276
v -0.669117 88.154938 0.968896
v 9.817247 87.721886 0.736587
v 13.027283 87.779499 0.640873
v -5.693621 87.738183 0.628484
v -9.366283 87.680590 0.629661
v -13.710385 88.295286 12.828913
v -14.049618 87.726509 2.009828
v -10.602563 88.346067 16.619314
v -6.686483 88.384508 19.054297
v -1.141593 88.380035 23.586005
v 5.238662 88.210115 22.703842
v 10.196837 88.046209 17.624351
v 14.131673 88.022930 12.835141
v 15.394833 88.001437 9.816126
v 15.514285 86.285708 2.088373
v -9.972172 87.193544 1.877183
v 10.214429 86.724266 1.919255
v 5.365085 87.389467 2.344878
v -0.822915 87.532176 2.358917
v 12.686193 86.442205 1.601841
v -6.109142 87.263784 1.878265
v -16.090947 82.251456 15.781956
v -15.604594 82.048300 6.712581
v -12.831432 82.493444 21.488277
v -8.193465 82.518423 25.358329
v -1.902623 82.522864 27.951433
v 6.016013 82.339309 26.250956
v 12.169684 82.143237 19.948486
v 17.053272 82.095005 13.999882
v 18.620998 82.052951 10.249242
v 17.776670 81.674005 2.217312
v -11.294474 82.319526 2.917762
v 10.033635 82.057712 0.867371
v 4.534109 81.972335 0.440705
v -1.504298 81.944816 0.946881
v 15.275668 81.977892 0.914437
v -7.780446 82.031700 2.600122
v -9.978277 143.557307 8.290608
v -10.970881 141.219513 8.480839
v -5.772386 116.043811 4.620111
v -9.275298 145.589974 7.776885
v -6.455833 117.373626 4.819094
v -7.570326 148.769004 6.785966
v -5.269403 119.512001 5.162495
v -6.247414 151.890038 3.323206
v -6.894799 124.083054 6.262405
v -4.783196 152.971848 2.256195
v -9.979933 132.029622 8.607470
v -11.353743 137.098569 8.588608
v 13.698276 130.474631 6.149137
v 14.215039 128.986651 5.524291
v -8.438221 128.356735 7.845706
v -3.750051 155.519937 2.256194
v -4.933881 154.866530 2.256194
v 8.543919 147.763086 3.968391
v -6.663371 149.993663 5.054586
v 9.029520 147.081264 4.557444
v -7.116849 149.381334 5.920276
v -6.209893 150.605991 4.188896
v 8.058319 148.444907 3.379340
v -7.178398 114.523813 5.438222
v -9.571821 112.158458 6.708250
v -11.925930 109.432407 7.631418
v -14.176341 106.189749 8.469732
v -4.364282 156.870190 2.256194
v 16.267112 131.621800 6.587546
v 17.353532 135.239764 7.459201
v 16.594118 139.360234 6.756601
v 11.913211 115.942814 3.877655
v 11.946377 143.766992 6.070216
v 13.677784 123.448759 3.764808
v 9.515121 146.399442 5.146495
v 13.790022 124.262384 4.445522
v 7.572718 149.126729 2.790287
v 15.116718 126.347118 4.953654
v 6.204453 151.326441 1.889113
v 6.204453 153.605506 1.889113
v 6.910010 152.142937 1.889113
v 13.810954 114.422816 4.567233
v 15.254905 112.057461 5.637727
v 15.805839 109.331411 6.415857
v 6.204453 155.272614 1.889113
v 15.891025 106.088750 7.122464
v -14.224678 102.318401 9.709951
v 15.991235 102.217404 8.167832
v -13.171529 96.301892 9.131080
v 15.261108 97.083207 7.679552
v -14.826531 93.942683 10.202386
v 16.959078 93.527423 7.374273
v -13.089818 89.874459 6.393378
v 15.899168 89.074013 4.564351
v -13.880001 88.035505 7.425275
v 16.238848 87.953136 5.871670
v -16.074758 82.296208 10.365444
v 19.404860 81.985647 6.398018
v -16.132723 75.596706 10.789594
v -15.662854 75.347682 7.138716
v -12.891432 75.804416 21.907988
v -16.148901 75.550833 16.202429
v -8.256376 75.842363 25.778732
v -1.969481 75.776935 30.177752
v 5.944186 75.623874 28.485638
v 12.093995 75.519315 20.384737
v 16.974519 75.448205 14.434367
v 18.541261 75.386842 10.681441
v 19.324631 75.289638 6.825446
v -11.355439 75.643471 3.352215
v -2.839651 58.089738 -17.307318
v -1.350967 58.088191 -18.547222
v 5.185145 57.938906 -16.803858
v 4.499521 57.926523 -10.682866
v 9.959286 75.429560 1.314568
v 4.485471 75.400239 0.504496
v -5.292659 65.033270 8.887332
v 11.322977 64.853096 10.771104
v 10.898721 64.875790 12.852237
v 10.050209 64.885153 14.879008
v -1.549146 75.376244 1.011192
v 7.407027 64.897937 18.095420
v 4.076429 64.987684 22.490634
v -0.209435 65.094383 23.412756
v 15.198031 75.295010 1.348458
v -3.614276 65.120508 21.028113
v 17.697665 74.976721 2.647011
v -7.888692 64.990597 15.848521
v -6.124520 65.115294 18.935488
v -7.843615 75.405750 3.046756
v -7.625459 64.886929 10.941341
v -7.879930 65.020625 12.918296
v -12.341810 67.789109 11.960496
v -11.971994 67.592796 9.086951
v -9.790710 67.947732 20.710199
v -12.354543 67.746016 16.219058
v -6.142631 67.978647 23.756968
v -1.194451 67.915539 27.216486
v 5.034100 67.803405 25.886684
v 9.874384 67.742723 19.515957
v 13.715664 67.685463 14.832334
v 14.948785 67.634881 11.877998
v 15.565348 67.548125 8.840629
v -8.581787 67.843940 6.111137
v 8.194235 67.698844 4.512965
v 3.886000 67.669645 3.873917
v -0.863622 67.650736 4.272717
v 12.317455 67.568672 4.533814
v 14.284823 67.301072 5.551756
v -5.817763 67.677978 5.875796
v 6.250917 64.877510 7.774209
v 3.286422 64.856286 7.334210
v 3.209955 58.005502 -19.413621
v 0.018208 64.839078 7.607615
v 0.803254 57.905335 -10.584453
v 2.741446 57.917243 -10.422719
v 9.088103 64.850355 7.803536
v 10.441848 64.684404 8.508345
v -3.390734 64.865495 8.712536
v 0.668251 58.077600 -19.962598
v -0.660470 62.569179 -26.511601
v 3.708223 62.238683 -6.410695
v -0.375988 62.214402 -6.751697
v 4.695477 62.420811 -25.355638
v 7.412885 62.256046 -6.958353
v 8.857649 62.285657 -19.857513
v -4.915422 62.593359 -23.529525
v -8.052416 62.594824 -20.916339
v -10.257059 62.445094 -17.060091
v -7.012858 62.488122 -8.358381
v -9.928103 62.316291 -10.927878
v 13.751324 62.275098 -10.715399
v 13.221142 62.278401 -13.310133
v 12.160775 62.281427 -15.840856
v -10.246111 62.483681 -13.398508
v 10.958452 62.266115 -7.005561
v 12.650197 62.063436 -7.887477
v -4.636067 62.230791 -8.128501
v -0.660470 62.569188 26.300383
v 3.708223 62.238685 6.199476
v -0.375988 62.214404 6.540479
v 4.695477 62.420819 25.144420
v 7.412885 62.256048 6.747134
v 8.857649 62.285663 19.646294
v -4.915422 62.593367 23.318306
v -8.052416 62.594831 20.705121
v -10.257059 62.445099 16.848872
v -7.012858 62.488125 8.147162
v -9.928103 62.316294 10.716659
v 13.751324 62.275101 10.504181
v 13.221142 62.278405 13.098914
v 12.160775 62.281432 15.629638
v -10.246111 62.483685 13.187289
v 10.958452 62.266117 6.794343
v 12.650197 62.063439 7.676258
v -4.636067 62.230793 7.917283
v 0.668251 58.077606 19.751381
v 2.741446 57.917246 10.211502
v 0.803254 57.905338 10.373236
v 3.209955 58.005509 19.202404
v 4.499521 57.926527 10.471649
v 5.185145 57.938912 16.592641
v -1.350967 58.088197 18.336005
v -2.839651 58.089744 17.096101
v -3.885881 58.019188 15.266210
v -2.346321 58.038737 11.136540
v -3.729773 57.958091 12.356130
v 7.507473 57.938911 12.255386
v 7.255870 57.938911 13.486359
v 6.752667 57.938911 14.686989
v -3.880685 58.037713 13.528632
v 6.182096 57.934066 10.494715
v 6.984925 57.838158 10.913299
v -1.218397 57.909231 11.025675
v -2.582860 56.051539 -10.313955
v 8.065156 56.087278 -9.549997
v 5.644225 56.076425 -9.516809
v 0.325943 56.045941 -9.375210
v 3.114663 56.063073 -9.142502
v 9.220287 55.949275 -10.152266
v 9.972142 56.094243 -12.083294
v -6.420904 56.209745 -16.415344
v -6.413427 56.236399 -13.915272
v -4.915561 56.311256 -19.048235
v -4.205745 56.237874 -10.473471
v -2.773605 56.309038 -20.832242
v 8.886107 56.094242 -15.581946
v 9.610130 56.094243 -13.854449
v 6.630718 56.094242 -18.323848
v -6.196291 56.121838 -12.228245
v 0.131698 56.293801 -22.868720
v 3.788765 56.190062 -22.078841
v 0.131698 56.293808 22.657504
v 3.114663 56.063076 8.931286
v 0.325943 56.045944 9.163994
v 3.788765 56.190069 21.867625
v 5.644225 56.076428 9.305593
v 6.630718 56.094248 18.112631
v -2.773605 56.309044 20.621026
v -4.915561 56.311262 18.837018
v -6.420904 56.209751 16.204127
v -4.205745 56.237878 10.262254
v -6.196291 56.121842 12.017029
v 9.972142 56.094247 11.872078
v 9.610130 56.094247 13.643232
v 8.886107 56.094247 15.370730
v -6.413427 56.236403 13.704056
v 8.065156 56.087281 9.338781
v 9.220287 55.949279 9.941050
v -2.582860 56.051542 10.102739
v -1.162547 119.835753 -33.037955
v -1.495568 120.868558 -33.466252
v -1.514536 121.189590 -33.633051
v -1.396836 121.687003 -33.956892
v -1.198366 121.797472 -33.982968
v -0.937676 121.943559 -34.067719
v -0.520025 119.712820 -33.075901
v -0.423049 121.904126 -34.163987
v 0.053564 119.712242 -33.154521
v -0.076410 121.962413 -34.237675
v 0.572563 119.780550 -33.143504
v 0.934775 120.742520 -33.443914
v 0.964726 121.303616 -33.700538
v 0.947864 121.667634 -33.954144
v 0.733906 121.954826 -34.124623
v 0.368522 121.966811 -34.259611
v -1.323608 117.794645 33.820120
v -1.853279 119.437324 34.501328
v -1.883447 119.947926 34.766621
v -1.696244 120.739062 35.281691
v -1.380577 120.914764 35.323168
v -0.965950 121.147116 35.457962
v -0.301675 117.599119 33.880474
v -0.147435 121.084397 35.611078
v 0.610620 117.598200 34.005518
v 0.403896 121.177103 35.728279
v 1.436089 117.706845 33.987997
v 2.012189 119.236859 34.465802
v 2.059825 120.129285 34.873963
v 2.033007 120.708257 35.277320
v 1.692706 121.165036 35.548469
v 1.111561 121.184099 35.763165
v -1.501155 117.102513 34.437311
v -2.030826 118.745193 35.118518
v -2.060993 119.255794 35.383811
v -1.873791 120.046930 35.898881
v -1.558125 120.222632 35.940359
v -1.143497 120.454984 36.075152
v -0.479222 116.906987 34.497664
v -0.324982 120.392266 36.228269
v 0.433073 116.906068 34.622709
v 0.226349 120.484971 36.345470
v 1.258541 117.014713 34.605188
v 1.834641 118.544727 35.082992
v 1.882278 119.437154 35.491153
v 1.855460 120.016125 35.894510
v 1.515159 120.472904 36.165659
v 0.934014 120.491967 36.380356
v -1.452487 115.870580 35.658260
v -1.982158 117.513259 36.339468
v -2.012325 118.023861 36.604760
v -1.825123 118.814997 37.119830
v -1.509457 118.990699 37.161308
v -1.094830 119.223051 37.296101
v -0.430555 115.675054 35.718613
v -0.276315 119.160332 37.449218
v 0.481741 115.674134 35.843658
v 0.275017 119.253038 37.566419
v 1.307209 115.782780 35.826137
v 1.883309 117.312794 36.303941
v 1.930946 118.205220 36.712102
v 1.904127 118.784192 37.115459
v 1.563827 119.240971 37.386608
v 0.982682 119.260034 37.601305
vt 0.028806 0.338286
vt 0.233572 0.338286
vt 0.035347 0.338388
vt 0.226994 0.338393
vt 0.044855 0.339374
vt 0.217434 0.339390
vt 0.056069 0.340225
vt 0.206161 0.340251
vt 0.074830 0.340885
vt 0.187311 0.340918
vt 0.028434 0.342046
vt 0.233949 0.342067
vt 0.089510 0.342719
vt 0.172575 0.342757
vt 0.034767 0.343518
vt 0.227580 0.343552
vt 0.027763 0.345453
vt 0.234626 0.345493
vt 0.043983 0.345634
vt 0.218314 0.345683
vt 0.107425 0.346658
vt 0.154610 0.346695
vt 0.033880 0.348045
vt 0.228475 0.348104
vt 0.054974 0.348421
vt 0.207263 0.348489
vt 0.027405 0.348706
vt 0.234988 0.348765
vt 0.123759 0.349481
vt 0.138258 0.349501
vt 0.128727 0.349992
vt 0.133289 0.349999
vt 0.131008 0.350000
vt 0.026716 0.350312
vt 0.235682 0.350380
vt 0.042720 0.351229
vt 0.219585 0.351309
vt 0.033299 0.352191
vt 0.229061 0.352273
vt 0.025037 0.352540
vt 0.237372 0.352619
vt 0.073005 0.353244
vt 0.189140 0.353331
vt 0.023016 0.353843
vt 0.239406 0.353929
vt 0.032357 0.354189
vt 0.230010 0.354282
vt 0.020811 0.355039
vt 0.241625 0.355129
vt 0.053242 0.355811
vt 0.209005 0.355919
vt 0.041590 0.356649
vt 0.220724 0.356760
vt 0.016411 0.356861
vt 0.030311 0.356927
vt 0.246053 0.356957
vt 0.232070 0.357036
vt 0.086991 0.357074
vt 0.175092 0.357164
vt 0.027766 0.358611
vt 0.234631 0.358728
vt 0.040185 0.359322
vt 0.222137 0.359449
vt 0.010708 0.359590
vt 0.251795 0.359696
vt 0.024928 0.360180
vt 0.005668 0.360293
vt 0.237487 0.360305
vt 0.256867 0.360398
vt 0.105196 0.361226
vt 0.156820 0.361295
vt 0.019126 0.362611
vt 0.243328 0.362745
vt 0.052084 0.362878
vt 0.210167 0.363025
vt 0.037292 0.363142
vt 0.225049 0.363291
vt 0.070367 0.364031
vt 0.191781 0.364172
vt 0.033955 0.365557
vt 0.228408 0.365721
vt 0.011540 0.366267
vt 0.050412 0.366334
vt 0.250966 0.366416
vt 0.211848 0.366503
vt 0.128562 0.367283
vt 0.133405 0.367291
vt 0.130983 0.367314
vt 0.004844 0.367476
vt 0.123058 0.367549
vt 0.138910 0.367577
vt 0.257705 0.367623
vt 0.030361 0.367711
vt 0.232025 0.367887
vt 0.083510 0.369653
vt 0.178564 0.369800
vt 0.023157 0.371031
vt 0.046622 0.371182
vt 0.239279 0.371223
vt 0.215660 0.371383
vt 0.068494 0.373588
vt 0.193651 0.373783
vt 0.042198 0.374053
vt 0.220112 0.374274
vt 0.102099 0.375316
vt 0.159885 0.375433
vt 0.013564 0.375541
vt 0.248941 0.375752
vt 0.037444 0.376715
vt 0.224899 0.376954
vt 0.005320 0.377135
vt 0.257241 0.377343
vt 0.066106 0.377995
vt 0.196046 0.378220
vt 0.079506 0.380814
vt 0.028023 0.380895
vt 0.182559 0.381027
vt 0.234389 0.381158
vt 0.128153 0.382805
vt 0.133747 0.382819
vt 0.130950 0.382871
vt 0.121712 0.383734
vt 0.140188 0.383782
vt 0.061207 0.383947
vt 0.200967 0.384220
vt 0.075903 0.385675
vt 0.186169 0.385927
vt 0.015754 0.387047
vt 0.246753 0.387340
vt 0.055428 0.387573
vt 0.206782 0.387881
vt 0.097412 0.388984
vt 0.004858 0.389059
vt 0.164534 0.389171
vt 0.257729 0.389345
vt 0.048972 0.391093
vt 0.213284 0.391433
vt 0.070118 0.392532
vt 0.191973 0.392846
vt 0.092214 0.395447
vt 0.169725 0.395692
vt 0.035867 0.396851
vt 0.063751 0.397176
vt 0.226495 0.397239
vt 0.198377 0.397543
vt 0.127299 0.398530
vt 0.134502 0.398556
vt 0.130899 0.398636
vt 0.119126 0.399295
vt 0.142680 0.399382
vt 0.056595 0.401582
vt 0.205585 0.402001
vt 0.083689 0.404021
vt 0.178258 0.404367
vt 0.018929 0.405685
vt 0.243589 0.406126
vt 0.041923 0.408997
vt 0.114342 0.409000
vt 0.147401 0.409151
vt 0.220388 0.409498
vt 0.075787 0.409951
vt 0.003383 0.410160
vt 0.186194 0.410386
vt 0.259272 0.410595
vt 0.125608 0.413339
vt 0.136072 0.413393
vt 0.130838 0.413403
vt 0.067579 0.415228
vt 0.194458 0.415750
vt 0.022432 0.418088
vt 0.240084 0.418645
vt 0.100209 0.419304
vt 0.161503 0.419639
vt 0.051790 0.423959
vt 0.210410 0.424620
vt 0.006337 0.425199
vt 0.256350 0.425767
vt 0.087196 0.426529
vt 0.174558 0.427050
vt 0.106799 0.428007
vt 0.154767 0.428327
vt 0.077829 0.431478
vt 0.130713 0.432070
vt 0.183996 0.432138
vt 0.033562 0.432493
vt 0.228875 0.433235
vt 0.093297 0.436024
vt 0.168288 0.436590
vt 0.116391 0.438728
vt 0.144957 0.438972
vt 0.061176 0.439432
vt 0.200869 0.440309
vt 0.017450 0.442061
vt 0.245210 0.442836
vt 0.130619 0.443088
vt 0.102812 0.443881
vt 0.158548 0.444393
vt 0.082986 0.445409
vt 0.178629 0.446240
vt 0.043103 0.447536
vt 0.219263 0.448523
vt 0.113906 0.448933
vt 0.147268 0.449278
vt 0.094935 0.449638
vt 0.166421 0.450360
vt 0.067065 0.454145
vt 0.101359 0.454622
vt 0.159812 0.455285
vt 0.194815 0.455315
vt 0.086149 0.455822
vt 0.028450 0.456056
vt 0.175251 0.456811
vt 0.234180 0.457050
vt 0.096606 0.457057
vt 0.164575 0.457860
vt 0.087316 0.460578
vt 0.173966 0.461656
vt 0.070218 0.462107
vt 0.049963 0.462288
vt 0.191532 0.463495
vt 0.212397 0.463589
vt 0.130368 0.465022
vt 0.114330 0.465313
vt 0.146439 0.465760
vt 0.071315 0.467399
vt 0.102925 0.468031
vt 0.035539 0.468533
vt 0.097918 0.468741
vt 0.157889 0.468831
vt 0.190367 0.468977
vt 0.162946 0.469698
vt 0.227129 0.469743
vt 0.088403 0.470498
vt 0.053173 0.470716
vt 0.172588 0.471772
vt 0.209237 0.472259
vt 0.071770 0.474361
vt 0.053793 0.474393
vt 0.038272 0.475535
vt 0.208663 0.476043
vt 0.224464 0.476871
vt 0.188474 0.478877
vt 0.039323 0.478895
vt 0.055155 0.480007
vt 0.223415 0.480421
vt 0.203423 0.483824
vt 0.041178 0.486102
vt 0.129995 0.487113
vt 0.115127 0.487297
vt 0.107562 0.487837
vt 0.144904 0.487884
vt 0.103268 0.488199
vt 0.152515 0.488720
vt 0.094882 0.488971
vt 0.156851 0.489252
vt 0.165358 0.490365
vt 0.220881 0.490405
vt 0.079264 0.491366
vt 0.181341 0.493431
vt 0.062724 0.494710
vt 0.129797 0.496607
vt 0.116079 0.496734
vt 0.109962 0.497252
vt 0.143547 0.497338
vt 0.106088 0.497487
vt 0.198695 0.497528
vt 0.098501 0.497884
vt 0.149691 0.498135
vt 0.153598 0.498548
vt 0.161284 0.499299
vt 0.084250 0.499614
vt 0.175804 0.501747
vt 0.049129 0.502107
vt 0.216396 0.502152
vt 0.070492 0.502777
vt 0.117263 0.505115
vt 0.129595 0.505349
vt 0.111847 0.505600
vt 0.141959 0.505709
vt 0.190011 0.505766
vt 0.108301 0.505811
vt 0.101363 0.505984
vt 0.147388 0.506468
vt 0.150956 0.506860
vt 0.157974 0.507392
vt 0.088133 0.507455
vt 0.171391 0.509601
vt 0.075746 0.510029
vt 0.059076 0.511517
vt 0.183975 0.513034
vt 0.203075 0.514142
vt 0.129362 0.514388
vt 0.118033 0.514768
vt 0.113558 0.514801
vt 0.110393 0.515032
vt 0.104152 0.515128
vt 0.140676 0.515369
vt 0.145176 0.515648
vt 0.148352 0.516054
vt 0.154650 0.516498
vt 0.091882 0.516650
vt 0.064666 0.517611
vt 0.167005 0.518759
vt 0.080401 0.518813
vt 0.196107 0.520759
vt 0.178643 0.521781
vt 0.116332 0.523496
vt 0.113356 0.523597
vt 0.110426 0.523682
vt 0.129123 0.523733
vt 0.104487 0.523887
vt 0.141871 0.524247
vt 0.144874 0.524521
vt 0.069832 0.524595
vt 0.092550 0.524736
vt 0.147826 0.524772
vt 0.153816 0.525317
vt 0.081406 0.525966
vt 0.165791 0.526903
vt 0.188806 0.528630
vt 0.177016 0.528994
vt 0.071205 0.529676
vt 0.072377 0.532247
vt 0.187004 0.533633
vt 0.185598 0.536127
vt 0.070369 0.537398
vt 0.187183 0.541599
vt 0.086712 0.544133
vt 0.170334 0.546669
vt 0.083670 0.547044
vt 0.097978 0.547734
vt 0.095361 0.549538
vt 0.113460 0.549829
vt 0.116018 0.549881
vt 0.118504 0.549999
vt 0.108382 0.550025
vt 0.128290 0.550801
vt 0.140747 0.550997
vt 0.143363 0.551034
vt 0.138176 0.551096
vt 0.148470 0.551426
vt 0.128250 0.552037
vt 0.137392 0.552107
vt 0.158402 0.552124
vt 0.105472 0.552236
vt 0.111406 0.553153
vt 0.114170 0.553271
vt 0.119090 0.553442
vt 0.142532 0.553843
vt 0.172136 0.553991
vt 0.145314 0.554498
vt 0.150842 0.555277
vt 0.187203 0.555462
vt 0.160574 0.555469
vt 0.067810 0.557810
vt 0.138592 0.557829
vt 0.079615 0.558601
vt 0.126694 0.558836
vt 0.113016 0.559203
vt 0.119908 0.559826
vt 0.091162 0.560016
vt 0.106939 0.560340
vt 0.101082 0.560530
vt 0.172844 0.560671
vt 0.142132 0.560781
vt 0.146163 0.561473
vt 0.152902 0.563074
vt 0.161528 0.564357
vt 0.187463 0.564819
vt 0.128141 0.566785
vt 0.068338 0.566825
vt 0.143755 0.567783
vt 0.146941 0.567887
vt 0.138350 0.567912
vt 0.153335 0.568230
vt 0.078650 0.568241
vt 0.187548 0.568464
vt 0.118031 0.568509
vt 0.112689 0.568535
vt 0.177306 0.568643
vt 0.109524 0.568773
vt 0.164520 0.568944
vt 0.103056 0.569407
vt 0.068618 0.570557
vt 0.091898 0.570813
vt 0.128258 0.571299
vt 0.139467 0.571311
vt 0.149058 0.571768
vt 0.145496 0.571835
vt 0.117085 0.571905
vt 0.156415 0.572213
vt 0.166250 0.572272
vt 0.111120 0.572661
vt 0.107555 0.572752
vt 0.100182 0.573547
vt 0.090358 0.574162
vt 0.179265 0.575208
vt 0.128409 0.577105
vt 0.077275 0.577687
vt 0.137100 0.578001
vt 0.119780 0.578438
vt 0.143968 0.578479
vt 0.165668 0.578982
vt 0.148788 0.579170
vt 0.112951 0.579245
vt 0.154184 0.579496
vt 0.108165 0.580166
vt 0.102773 0.580758
vt 0.091252 0.580853
vt 0.128624 0.585633
vt 0.137175 0.585947
vt 0.144381 0.586348
vt 0.120101 0.586375
vt 0.148429 0.586697
vt 0.112926 0.587134
vt 0.153885 0.587152
vt 0.173916 0.587429
vt 0.108897 0.587685
vt 0.163358 0.587961
vt 0.103464 0.588417
vt 0.094022 0.589720
vt 0.083394 0.589762
vt 0.137211 0.594140
vt 0.142976 0.594429
vt 0.120480 0.594560
vt 0.145816 0.594752
vt 0.114736 0.595140
vt 0.128866 0.595213
vt 0.111914 0.595606
vt 0.153595 0.595702
vt 0.104187 0.596952
vt 0.171178 0.597264
vt 0.160997 0.597885
vt 0.086691 0.599453
vt 0.096902 0.599521
vt 0.169319 0.604041
vt 0.088916 0.606120
vt 0.144192 0.608462
vt 0.147212 0.608866
vt 0.137247 0.608968
vt 0.114233 0.609221
vt 0.153449 0.609286
vt 0.121192 0.609375
vt 0.111237 0.609775
vt 0.129253 0.610497
vt 0.105032 0.610515
vt 0.161371 0.611946
vt 0.097265 0.613581
vt 0.166900 0.615473
vt 0.091936 0.617386
vt 0.143568 0.617828
vt 0.146268 0.617985
vt 0.129443 0.618003
vt 0.137474 0.618021
vt 0.151705 0.618117
vt 0.121424 0.618426
vt 0.115331 0.618541
vt 0.112644 0.618832
vt 0.107224 0.619239
vt 0.142382 0.620274
vt 0.129501 0.620304
vt 0.137381 0.620335
vt 0.158500 0.620357
vt 0.144877 0.620480
vt 0.149848 0.620694
vt 0.121634 0.620732
vt 0.116638 0.620922
vt 0.114159 0.621252
vt 0.172141 0.621641
vt 0.109209 0.621718
vt 0.100562 0.621822
vt 0.129553 0.622394
vt 0.137652 0.622688
vt 0.141146 0.622799
vt 0.156461 0.622803
vt 0.143411 0.623031
vt 0.121481 0.623094
vt 0.147914 0.623325
vt 0.117999 0.623379
vt 0.115750 0.623725
vt 0.087033 0.623799
vt 0.102720 0.624157
vt 0.111272 0.624245
vt 0.167881 0.624467
vt 0.129616 0.624904
vt 0.137198 0.625190
vt 0.154375 0.625275
vt 0.139859 0.625401
vt 0.122060 0.625568
vt 0.141880 0.625655
vt 0.119415 0.625912
vt 0.145896 0.626020
vt 0.117410 0.626267
vt 0.091421 0.626398
vt 0.177962 0.626428
vt 0.104925 0.626516
vt 0.113421 0.626832
vt 0.163594 0.627341
vt 0.129681 0.627503
vt 0.136718 0.627774
vt 0.152231 0.627792
vt 0.138506 0.628094
vt 0.122668 0.628124
vt 0.140291 0.628364
vt 0.120900 0.628532
vt 0.143779 0.628801
vt 0.081476 0.628863
vt 0.119132 0.628891
vt 0.107190 0.628919
vt 0.095839 0.629044
vt 0.173287 0.629238
vt 0.115673 0.629501
vt 0.159259 0.630313
vt 0.150037 0.630349
vt 0.109507 0.631359
vt 0.086277 0.631425
vt 0.100310 0.631787
vt 0.168635 0.632067
vt 0.154794 0.633520
vt 0.091055 0.634009
vt 0.104923 0.634759
vt 0.164048 0.634973
vt 0.129889 0.635882
vt 0.135384 0.636307
vt 0.136679 0.636442
vt 0.124424 0.636577
vt 0.137955 0.636599
vt 0.095773 0.636672
vt 0.123138 0.636775
vt 0.121872 0.636994
vt 0.140570 0.637037
vt 0.119283 0.637561
vt 0.159590 0.638071
vt 0.145596 0.638184
vt 0.114326 0.638953
vt 0.129974 0.639313
vt 0.134393 0.639379
vt 0.135503 0.639444
vt 0.100371 0.639535
vt 0.136663 0.639545
vt 0.125565 0.639595
vt 0.124460 0.639715
vt 0.138926 0.639810
vt 0.123306 0.639872
vt 0.151254 0.639924
vt 0.121061 0.640248
vt 0.108770 0.640967
vt 0.143370 0.641321
vt 0.116700 0.641973
vt 0.155435 0.642068
vt 0.148592 0.642666
vt 0.104710 0.643311
vt 0.111559 0.643570
vt 0.130086 0.643895
vt 0.134828 0.643896
vt 0.135976 0.643965
vt 0.137120 0.644042
vt 0.125351 0.644127
vt 0.139470 0.644224
vt 0.124207 0.644251
vt 0.123069 0.644383
vt 0.120732 0.644678
vt 0.144138 0.645016
vt 0.154239 0.645284
vt 0.116115 0.645696
vt 0.148566 0.646195
vt 0.106059 0.646456
vt 0.111758 0.647087
vt 0.134550 0.648288
vt 0.130195 0.648431
vt 0.135607 0.648469
vt 0.125840 0.648499
vt 0.136659 0.648666
vt 0.124793 0.648730
vt 0.123752 0.648976
vt 0.138747 0.649164
vt 0.152090 0.649369
vt 0.121692 0.649573
vt 0.108401 0.650421
vt 0.142891 0.650507
vt 0.147516 0.650869
vt 0.117623 0.651112
vt 0.113030 0.651694
vt 0.151489 0.652466
vt 0.109149 0.653477
vt 0.022867 0.654220
vt 0.215018 0.654220
vt 0.208858 0.656285
vt 0.029034 0.656292
vt 0.130392 0.656659
vt 0.134016 0.656760
vt 0.126776 0.656933
vt 0.137644 0.657203
vt 0.123174 0.657546
vt 0.141351 0.657951
vt 0.216392 0.658082
vt 0.021489 0.658086
vt 0.119510 0.658465
vt 0.145125 0.659002
vt 0.200021 0.659577
vt 0.037880 0.659594
vt 0.115802 0.659685
vt 0.216681 0.660244
vt 0.021199 0.660251
vt 0.148939 0.660313
vt 0.112064 0.661170
vt 0.210789 0.661523
vt 0.027097 0.661535
vt 0.218603 0.663302
vt 0.019271 0.663311
vt 0.189581 0.663523
vt 0.048331 0.663550
vt 0.211293 0.664381
vt 0.026591 0.664397
vt 0.220271 0.664823
vt 0.017600 0.664833
vt 0.130605 0.665744
vt 0.133155 0.665866
vt 0.202547 0.665892
vt 0.035348 0.665916
vt 0.128061 0.665993
vt 0.135746 0.666377
vt 0.125489 0.666635
vt 0.222960 0.666820
vt 0.014906 0.666831
vt 0.138344 0.667405
vt 0.122928 0.667802
vt 0.213648 0.668159
vt 0.024230 0.668179
vt 0.226659 0.668456
vt 0.011200 0.668466
vt 0.141212 0.669048
vt 0.230268 0.669266
vt 0.007585 0.669274
vt 0.120183 0.669494
vt 0.203372 0.669515
vt 0.034519 0.669543
vt 0.172116 0.670044
vt 0.065815 0.670084
vt 0.234915 0.670131
vt 0.002931 0.670137
vt 0.215759 0.670165
vt 0.022114 0.670186
vt 0.130726 0.670543
vt 0.132347 0.670657
vt 0.129112 0.670739
vt 0.133935 0.671190
vt 0.127553 0.671353
vt 0.144441 0.671650
vt 0.192882 0.671861
vt 0.045023 0.671897
vt 0.135442 0.672125
vt 0.117057 0.672253
vt 0.126094 0.672363
vt 0.219219 0.672648
vt 0.018647 0.672670
vt 0.136805 0.673472
vt 0.124808 0.673816
vt 0.206839 0.674554
vt 0.031045 0.674587
vt 0.223967 0.674761
vt 0.013891 0.674783
vt 0.137843 0.675327
vt 0.158766 0.675620
vt 0.079177 0.675664
vt 0.123852 0.675725
vt 0.228750 0.675918
vt 0.009100 0.675937
vt 0.193720 0.676583
vt 0.044182 0.676626
vt 0.130895 0.676677
vt 0.209610 0.677217
vt 0.235075 0.677241
vt 0.028268 0.677253
vt 0.002765 0.677257
vt 0.214136 0.680539
vt 0.023732 0.680577
vt 0.141972 0.681508
vt 0.095986 0.681542
vt 0.177246 0.682469
vt 0.060678 0.682524
vt 0.121268 0.682949
vt 0.116696 0.682953
vt 0.118982 0.682958
vt 0.198142 0.683131
vt 0.039751 0.683182
vt 0.126181 0.683264
vt 0.111784 0.683277
vt 0.220327 0.683502
vt 0.017530 0.683539
vt 0.226354 0.685131
vt 0.011492 0.685166
vt 0.201804 0.686401
vt 0.036081 0.686456
vt 0.234020 0.686831
vt 0.003813 0.686861
vt 0.178647 0.689136
vt 0.059276 0.689201
vt 0.165035 0.689773
vt 0.072908 0.689835
vt 0.207669 0.690686
vt 0.030203 0.690745
vt 0.215650 0.694360
vt 0.022205 0.694420
vt 0.223439 0.696355
vt 0.014401 0.696410
vt 0.146989 0.696903
vt 0.090985 0.696956
vt 0.184519 0.697477
vt 0.053393 0.697557
vt 0.167724 0.697662
vt 0.070220 0.697739
vt 0.121559 0.698533
vt 0.116434 0.698539
vt 0.233479 0.698553
vt 0.118997 0.698569
vt 0.004343 0.698601
vt 0.127232 0.699511
vt 0.110762 0.699528
vt 0.189546 0.701791
vt 0.048355 0.701880
vt 0.149658 0.706250
vt 0.088328 0.706319
vt 0.175914 0.706922
vt 0.062019 0.707021
vt 0.197453 0.707134
vt 0.040430 0.707230
vt 0.121995 0.711242
vt 0.116029 0.711251
vt 0.119012 0.711347
vt 0.207877 0.711917
vt 0.029978 0.712016
vt 0.181667 0.712036
vt 0.056253 0.712149
vt 0.128580 0.712715
vt 0.109446 0.712742
vt 0.218554 0.715055
vt 0.019274 0.715148
vt 0.190867 0.717664
vt 0.047027 0.717791
vt 0.161048 0.719077
vt 0.076935 0.719196
vt 0.233313 0.719231
vt 0.004483 0.719311
vt 0.202409 0.723423
vt 0.035447 0.723556
vt 0.169012 0.725121
vt 0.068954 0.725271
vt 0.133548 0.727118
vt 0.104520 0.727179
vt 0.214151 0.728038
vt 0.023669 0.728166
vt 0.123907 0.730485
vt 0.114186 0.730509
vt 0.119048 0.730854
vt 0.180796 0.730954
vt 0.057127 0.731131
vt 0.230409 0.733881
vt 0.007366 0.733992
vt 0.193838 0.737343
vt 0.044029 0.737532
vt 0.150921 0.737614
vt 0.087145 0.737773
vt 0.205668 0.742899
vt 0.032146 0.743083
vt 0.167024 0.745257
vt 0.070977 0.745505
vt 0.119095 0.745725
vt 0.145321 0.748440
vt 0.092821 0.748631
vt 0.218936 0.750089
vt 0.018825 0.750255
vt 0.180159 0.751553
vt 0.057755 0.751838
vt 0.137344 0.753426
vt 0.100874 0.753590
vt 0.119137 0.755576
vt 0.191283 0.757295
vt 0.046551 0.757579
vt 0.162153 0.759027
vt 0.075909 0.759382
vt 0.152183 0.760892
vt 0.085984 0.761220
vt 0.142029 0.761796
vt 0.096236 0.762046
vt 0.208396 0.764290
vt 0.029338 0.764522
vt 0.160085 0.765359
vt 0.078016 0.765779
vt 0.150520 0.766128
vt 0.087702 0.766501
vt 0.174563 0.766712
vt 0.063360 0.767141
vt 0.158566 0.770635
vt 0.079575 0.771127
vt 0.185542 0.772117
vt 0.052246 0.772510
vt 0.172267 0.773266
vt 0.065655 0.773792
vt 0.201451 0.777430
vt 0.036226 0.777739
vt 0.183335 0.777926
vt 0.170682 0.778347
vt 0.054414 0.778369
vt 0.134836 0.778535
vt 0.119304 0.778537
vt 0.103705 0.778838
vt 0.067231 0.778976
vt 0.148724 0.781316
vt 0.089692 0.781896
vt 0.181721 0.782459
vt 0.055981 0.782942
vt 0.156543 0.783525
vt 0.081738 0.784271
vt 0.199195 0.784936
vt 0.038432 0.785293
vt 0.168468 0.786676
vt 0.069458 0.787605
vt 0.198350 0.788472
vt 0.039253 0.788853
vt 0.179719 0.789943
vt 0.057293 0.793562
vt 0.196349 0.795373
vt 0.119550 0.797185
vt 0.131660 0.797978
vt 0.107407 0.798365
vt 0.143453 0.798713
vt 0.041240 0.798950
vt 0.095483 0.799503
vt 0.150799 0.800184
vt 0.088015 0.801258
vt 0.160432 0.801742
vt 0.078076 0.803239
vt 0.170928 0.805773
vt 0.060370 0.806914
vt 0.119741 0.808321
vt 0.132620 0.809140
vt 0.142331 0.809596
vt 0.106845 0.809647
vt 0.149205 0.810197
vt 0.097042 0.810512
vt 0.186642 0.810900
vt 0.045452 0.811028
vt 0.090072 0.811433
vt 0.159987 0.812854
vt 0.079140 0.814704
vt 0.169965 0.816684
vt 0.069166 0.819319
vt 0.132505 0.819734
vt 0.147627 0.819885
vt 0.107430 0.820292
vt 0.141320 0.820403
vt 0.120003 0.820768
vt 0.092178 0.821211
vt 0.098586 0.821397
vt 0.157971 0.822332
vt 0.181375 0.823788
vt 0.081791 0.824323
vt 0.167586 0.825749
vt 0.055142 0.826458
vt 0.072123 0.828493
vt 0.178160 0.831580
vt 0.145321 0.831772
vt 0.120272 0.831988
vt 0.139427 0.832132
vt 0.131244 0.832166
vt 0.109315 0.832680
vt 0.095193 0.833048
vt 0.101125 0.833067
vt 0.155808 0.833765
vt 0.060227 0.834631
vt 0.084780 0.835775
vt 0.165297 0.836233
vt 0.075362 0.839060
vt 0.130105 0.839319
vt 0.120451 0.839571
vt 0.110805 0.839758
vt 0.137525 0.839977
vt 0.175551 0.840057
vt 0.103460 0.840774
vt 0.143626 0.840875
vt 0.097457 0.842004
vt 0.154329 0.842213
vt 0.163673 0.843368
vt 0.086912 0.844099
vt 0.065407 0.844110
vt 0.173535 0.845426
vt 0.142647 0.845503
vt 0.137665 0.845681
vt 0.133409 0.845790
vt 0.120602 0.846071
vt 0.077700 0.846123
vt 0.152759 0.846156
vt 0.107830 0.846339
vt 0.103614 0.846431
vt 0.098711 0.846507
vt 0.161936 0.846746
vt 0.088789 0.847872
vt 0.173623 0.848528
vt 0.068042 0.849267
vt 0.079768 0.849327
vt 0.068308 0.852371
vt 0.171088 0.853635
vt 0.120780 0.854570
vt 0.134150 0.854648
vt 0.140387 0.854665
vt 0.147947 0.854967
vt 0.161141 0.854988
vt 0.153066 0.855075
vt 0.107481 0.855145
vt 0.101348 0.855313
vt 0.094211 0.855886
vt 0.089271 0.856626
vt 0.071416 0.857183
vt 0.081408 0.857465
vt 0.230256 0.859848
vt 0.377679 0.860971
vt 0.236776 0.861025
vt 0.219635 0.861317
vt 0.371159 0.862148
vt 0.388299 0.862440
vt 0.244151 0.863603
vt 0.210967 0.864213
vt 0.363784 0.864727
vt 0.396967 0.865336
vt 0.251107 0.866107
vt 0.204460 0.866856
vt 0.356827 0.867230
vt 0.403475 0.867979
vt 0.255960 0.868749
vt 0.257416 0.869516
vt 0.351975 0.869872
vt 0.258867 0.870270
vt 0.117917 0.870496
vt 0.350518 0.870639
vt 0.070383 0.870963
vt 0.260312 0.870998
vt 0.196308 0.871117
vt 0.194379 0.871279
vt 0.193396 0.871356
vt 0.107970 0.871365
vt 0.081655 0.871367
vt 0.349068 0.871393
vt 0.192488 0.871418
vt 0.261726 0.871654
vt 0.189798 0.872021
vt 0.263074 0.872029
vt 0.347622 0.872121
vt 0.411626 0.872240
vt 0.264426 0.872364
vt 0.413556 0.872402
vt 0.414538 0.872479
vt 0.186894 0.872523
vt 0.415446 0.872541
vt 0.130338 0.872562
vt 0.100144 0.872773
vt 0.346208 0.872777
vt 0.138562 0.872825
vt 0.228676 0.872840
vt 0.234024 0.872854
vt 0.266700 0.872902
vt 0.266700 0.872902
vt 0.184647 0.873031
vt 0.418137 0.873144
vt 0.344860 0.873152
vt 0.220854 0.873304
vt 0.090511 0.873332
vt 0.240847 0.873345
vt 0.176937 0.873350
vt 0.145173 0.873449
vt 0.343509 0.873487
vt 0.421040 0.873646
vt 0.379258 0.873963
vt 0.373911 0.873977
vt 0.341234 0.874025
vt 0.341234 0.874025
vt 0.341234 0.874025
vt 0.341234 0.874025
vt 0.423287 0.874154
vt 0.095231 0.874422
vt 0.387080 0.874427
vt 0.367087 0.874468
vt 0.247610 0.874483
vt 0.213576 0.874872
vt 0.163555 0.875175
vt 0.253032 0.875183
vt 0.254684 0.875539
vt 0.360325 0.875606
vt 0.152171 0.875829
vt 0.256389 0.875887
vt 0.394359 0.875995
vt 0.258141 0.876203
vt 0.354902 0.876306
vt 0.259832 0.876456
vt 0.353250 0.876662
vt 0.261321 0.876772
vt 0.207433 0.876859
vt 0.351546 0.877009
vt 0.262756 0.877050
vt 0.349793 0.877326
vt 0.265095 0.877482
vt 0.265095 0.877482
vt 0.348103 0.877579
vt 0.346613 0.877895
vt 0.400501 0.877982
vt 0.345178 0.878173
vt 0.342839 0.878605
vt 0.342839 0.878605
vt 0.342839 0.878605
vt 0.342839 0.878605
vt 0.066476 0.879031
vt 0.076993 0.880383
vt 0.176898 0.881304
vt 0.195088 0.881584
vt 0.196177 0.881625
vt 0.064131 0.881629
vt 0.197258 0.881654
vt 0.199383 0.881673
vt 0.191798 0.882022
vt 0.249661 0.882132
vt 0.166529 0.882250
vt 0.251454 0.882333
vt 0.188648 0.882384
vt 0.253361 0.882529
vt 0.263504 0.882670
vt 0.263504 0.882670
vt 0.260985 0.882675
vt 0.259387 0.882704
vt 0.412847 0.882707
vt 0.255424 0.882737
vt 0.411758 0.882748
vt 0.410677 0.882777
vt 0.408552 0.882796
vt 0.186451 0.882868
vt 0.257698 0.882924
vt 0.416137 0.883145
vt 0.227428 0.883173
vt 0.231409 0.883177
vt 0.358274 0.883255
vt 0.237496 0.883270
vt 0.243977 0.883338
vt 0.356480 0.883457
vt 0.221669 0.883494
vt 0.419286 0.883507
vt 0.354573 0.883652
vt 0.344430 0.883793
vt 0.344430 0.883793
vt 0.344430 0.883793
vt 0.344430 0.883793
vt 0.346949 0.883798
vt 0.348547 0.883827
vt 0.352511 0.883860
vt 0.421483 0.883991
vt 0.179133 0.883995
vt 0.350237 0.884047
vt 0.085427 0.884283
vt 0.380506 0.884296
vt 0.376526 0.884300
vt 0.370439 0.884393
vt 0.363957 0.884461
vt 0.386265 0.884617
vt 0.216034 0.885196
vt 0.157968 0.885238
vt 0.071574 0.885419
vt 0.121000 0.886279
vt 0.391901 0.886319
vt 0.135595 0.886565
vt 0.106516 0.886580
vt 0.144469 0.887187
vt 0.097960 0.887249
vt 0.148850 0.887340
vt 0.093767 0.887362
vt 0.171543 0.887474
vt 0.211114 0.888160
vt 0.396821 0.889283
vt 0.081962 0.891763
vt 0.160720 0.892949
vt 0.262229 0.893093
vt 0.262229 0.893093
vt 0.259767 0.893683
vt 0.258260 0.894097
vt 0.345706 0.894216
vt 0.345706 0.894216
vt 0.345706 0.894216
vt 0.345706 0.894216
vt 0.256916 0.894728
vt 0.348167 0.894806
vt 0.255063 0.895079
vt 0.349675 0.895220
vt 0.253163 0.895401
vt 0.251332 0.895718
vt 0.351018 0.895852
vt 0.249576 0.896028
vt 0.352871 0.896202
vt 0.262359 0.896222
vt 0.262359 0.896222
vt 0.354772 0.896524
vt 0.185547 0.896644
vt 0.356602 0.896841
vt 0.259988 0.896964
vt 0.183288 0.897000
vt 0.188872 0.897090
vt 0.358358 0.897151
vt 0.345575 0.897345
vt 0.345575 0.897345
vt 0.345575 0.897345
vt 0.345575 0.897345
vt 0.258555 0.897444
vt 0.192360 0.897557
vt 0.193420 0.897666
vt 0.422388 0.897767
vt 0.194510 0.897781
vt 0.120957 0.897909
vt 0.196674 0.898020
vt 0.347946 0.898087
vt 0.424646 0.898123
vt 0.257210 0.898141
vt 0.097984 0.898209
vt 0.419062 0.898213
vt 0.103772 0.898296
vt 0.092159 0.898315
vt 0.138268 0.898540
vt 0.349380 0.898567
vt 0.144157 0.898596
vt 0.255268 0.898680
vt 0.415574 0.898680
vt 0.414514 0.898789
vt 0.413424 0.898904
vt 0.150041 0.898909
vt 0.411260 0.899143
vt 0.253351 0.899194
vt 0.350724 0.899264
vt 0.243495 0.899467
vt 0.251509 0.899664
vt 0.352666 0.899803
vt 0.249737 0.900096
vt 0.354584 0.900317
vt 0.237284 0.900388
vt 0.364440 0.900590
vt 0.356425 0.900787
vt 0.358198 0.901219
vt 0.226144 0.901323
vt 0.263595 0.901357
vt 0.263595 0.901357
vt 0.230796 0.901428
vt 0.370650 0.901511
vt 0.261324 0.902385
vt 0.381790 0.902446
vt 0.219828 0.902460
vt 0.344339 0.902480
vt 0.344339 0.902480
vt 0.344339 0.902480
vt 0.344339 0.902480
vt 0.377138 0.902552
vt 0.259902 0.903060
vt 0.264026 0.903256
vt 0.264026 0.903256
vt 0.346610 0.903509
vt 0.388106 0.903583
vt 0.258501 0.903939
vt 0.243480 0.904067
vt 0.348032 0.904184
vt 0.343909 0.904379
vt 0.343909 0.904379
vt 0.343909 0.904379
vt 0.343909 0.904379
vt 0.261851 0.904417
vt 0.256345 0.904771
vt 0.214199 0.904852
vt 0.349434 0.905062
vt 0.260540 0.905176
vt 0.364454 0.905190
vt 0.237348 0.905369
vt 0.254385 0.905529
vt 0.346083 0.905540
vt 0.265134 0.905653
vt 0.265134 0.905653
vt 0.351590 0.905894
vt 0.393735 0.905975
vt 0.259322 0.906075
vt 0.252546 0.906258
vt 0.347395 0.906299
vt 0.370587 0.906492
vt 0.353550 0.906652
vt 0.342800 0.906776
vt 0.342800 0.906776
vt 0.342800 0.906776
vt 0.342800 0.906776
vt 0.257346 0.906845
vt 0.263065 0.906954
vt 0.250802 0.906969
vt 0.231034 0.907058
vt 0.348612 0.907198
vt 0.226492 0.907378
vt 0.355388 0.907380
vt 0.255465 0.907649
vt 0.261804 0.907778
vt 0.350588 0.907969
vt 0.344869 0.908078
vt 0.357133 0.908092
vt 0.376900 0.908181
vt 0.210361 0.908430
vt 0.253686 0.908432
vt 0.381442 0.908501
vt 0.084907 0.908640
vt 0.220547 0.908689
vt 0.260566 0.908690
vt 0.352469 0.908772
vt 0.268391 0.908812
vt 0.268391 0.908812
vt 0.346130 0.908901
vt 0.252000 0.909188
vt 0.397573 0.909553
vt 0.354248 0.909555
vt 0.258673 0.909616
vt 0.156900 0.909617
vt 0.387388 0.909812
vt 0.347368 0.909813
vt 0.339543 0.909935
vt 0.339543 0.909935
vt 0.339543 0.909935
vt 0.339543 0.909935
vt 0.266411 0.910217
vt 0.355934 0.910311
vt 0.256882 0.910518
vt 0.349261 0.910739
vt 0.120836 0.910820
vt 0.265227 0.911047
vt 0.104238 0.911049
vt 0.099552 0.911097
vt 0.215124 0.911144
vt 0.244230 0.911146
vt 0.094786 0.911210
vt 0.270363 0.911226
vt 0.270363 0.911226
vt 0.341523 0.911341
vt 0.255176 0.911392
vt 0.137455 0.911417
vt 0.142166 0.911590
vt 0.351052 0.911641
vt 0.146950 0.911845
vt 0.264068 0.911896
vt 0.342707 0.912170
vt 0.253542 0.912231
vt 0.392810 0.912267
vt 0.363705 0.912269
vt 0.337572 0.912349
vt 0.337572 0.912349
vt 0.337572 0.912349
vt 0.337572 0.912349
vt 0.352759 0.912515
vt 0.268390 0.912719
vt 0.262564 0.912965
vt 0.343867 0.913019
vt 0.354392 0.913354
vt 0.238646 0.913379
vt 0.245324 0.913604
vt 0.267184 0.913606
vt 0.339544 0.913842
vt 0.261055 0.914030
vt 0.345370 0.914088
vt 0.272922 0.914193
vt 0.272922 0.914193
vt 0.369288 0.914502
vt 0.265975 0.914509
vt 0.362610 0.914728
vt 0.340750 0.914729
vt 0.212116 0.914755
vt 0.259581 0.915068
vt 0.346879 0.915153
vt 0.335012 0.915316
vt 0.335012 0.915316
vt 0.335012 0.915316
vt 0.335012 0.915316
vt 0.232561 0.915542
vt 0.341959 0.915632
vt 0.271017 0.915853
vt 0.264556 0.915862
vt 0.395819 0.915878
vt 0.228976 0.916067
vt 0.258151 0.916074
vt 0.239771 0.916128
vt 0.348353 0.916191
vt 0.200562 0.916413
vt 0.375374 0.916665
vt 0.269834 0.916872
vt 0.246877 0.916955
vt 0.336918 0.916977
vt 0.343378 0.916986
vt 0.263140 0.917158
vt 0.274556 0.917189
vt 0.274556 0.917189
vt 0.378959 0.917190
vt 0.349783 0.917197
vt 0.368164 0.917251
vt 0.407373 0.917536
vt 0.195980 0.917821
vt 0.268593 0.917877
vt 0.338100 0.917995
vt 0.185552 0.918040
vt 0.361057 0.918078
vt 0.183288 0.918145
vt 0.344794 0.918281
vt 0.333379 0.918313
vt 0.333379 0.918313
vt 0.333379 0.918313
vt 0.333379 0.918313
vt 0.223738 0.918366
vt 0.261748 0.918389
vt 0.233681 0.918513
vt 0.193642 0.918613
vt 0.188522 0.918717
vt 0.411955 0.918944
vt 0.277535 0.918969
vt 0.277535 0.918969
vt 0.339341 0.919000
vt 0.272825 0.919066
vt 0.422382 0.919163
vt 0.424646 0.919268
vt 0.191394 0.919419
vt 0.229616 0.919430
vt 0.384196 0.919489
vt 0.346187 0.919512
vt 0.267226 0.919544
vt 0.260384 0.919563
vt 0.374254 0.919636
vt 0.414292 0.919736
vt 0.241448 0.919836
vt 0.419412 0.919840
vt 0.330400 0.920093
vt 0.330400 0.920093
vt 0.330400 0.920093
vt 0.330400 0.920093
vt 0.335109 0.920189
vt 0.271718 0.920248
vt 0.416541 0.920542
vt 0.378318 0.920553
vt 0.340709 0.920667
vt 0.347551 0.920686
vt 0.280976 0.920799
vt 0.280976 0.920799
vt 0.366486 0.920959
vt 0.095117 0.920999
vt 0.276053 0.921023
vt 0.099789 0.921080
vt 0.251708 0.921088
vt 0.265852 0.921106
vt 0.104390 0.921125
vt 0.270486 0.921341
vt 0.336217 0.921371
vt 0.120706 0.921430
vt 0.218954 0.921443
vt 0.137042 0.921526
vt 0.141655 0.921601
vt 0.146337 0.921648
vt 0.326958 0.921922
vt 0.326958 0.921922
vt 0.326958 0.921922
vt 0.326958 0.921922
vt 0.286243 0.922085
vt 0.286243 0.922085
vt 0.331881 0.922146
vt 0.356227 0.922211
vt 0.342082 0.922229
vt 0.224143 0.922249
vt 0.275123 0.922299
vt 0.295706 0.922463
vt 0.295706 0.922463
vt 0.337448 0.922464
vt 0.264518 0.922565
vt 0.388981 0.922566
vt 0.083492 0.922584
vt 0.235507 0.922718
vt 0.299865 0.922790
vt 0.299865 0.922790
vt 0.279682 0.922929
vt 0.321691 0.923208
vt 0.321691 0.923208
vt 0.321691 0.923208
vt 0.321691 0.923208
vt 0.268977 0.923228
vt 0.383791 0.923372
vt 0.332811 0.923422
vt 0.273991 0.923496
vt 0.157907 0.923557
vt 0.312228 0.923586
vt 0.312228 0.923586
vt 0.312228 0.923586
vt 0.312228 0.923586
vt 0.343416 0.923688
vt 0.372428 0.923841
vt 0.308069 0.923913
vt 0.308069 0.923913
vt 0.308069 0.923913
vt 0.308069 0.923913
vt 0.263234 0.923942
vt 0.328252 0.924052
vt 0.231539 0.924074
vt 0.278887 0.924206
vt 0.285107 0.924338
vt 0.338957 0.924351
vt 0.246643 0.924469
vt 0.333943 0.924619
vt 0.295079 0.924798
vt 0.254088 0.924812
vt 0.267574 0.924938
vt 0.299474 0.924976
vt 0.216157 0.925013
vt 0.344701 0.925065
vt 0.376396 0.925197
vt 0.272561 0.925323
vt 0.329048 0.925329
vt 0.277915 0.925349
vt 0.322828 0.925461
vt 0.219732 0.925578
vt 0.361292 0.925592
vt 0.284372 0.925699
vt 0.312855 0.925921
vt 0.353846 0.925936
vt 0.340361 0.926061
vt 0.308460 0.926099
vt 0.391778 0.926137
vt 0.294689 0.926265
vt 0.299283 0.926284
vt 0.335374 0.926446
vt 0.330019 0.926472
vt 0.266254 0.926534
vt 0.388202 0.926701
vt 0.323563 0.926823
vt 0.283475 0.926841
vt 0.276790 0.927031
vt 0.271250 0.927057
vt 0.103970 0.927224
vt 0.226461 0.927252
vt 0.099578 0.927305
vt 0.095120 0.927316
vt 0.313245 0.927388
vt 0.308651 0.927407
vt 0.299127 0.927608
vt 0.137304 0.927644
vt 0.341680 0.927657
vt 0.120628 0.927709
vt 0.294118 0.927817
vt 0.141699 0.927841
vt 0.324459 0.927964
vt 0.146161 0.927971
vt 0.265009 0.928039
vt 0.241468 0.928099
vt 0.331144 0.928154
vt 0.336685 0.928180
vt 0.381474 0.928375
vt 0.249306 0.928441
vt 0.282779 0.928657
vt 0.270034 0.928698
vt 0.275711 0.928722
vt 0.308807 0.928731
vt 0.217509 0.928859
vt 0.299041 0.928863
vt 0.313817 0.928940
vt 0.342925 0.929162
vt 0.256915 0.929216
vt 0.366466 0.929222
vt 0.358629 0.929564
vt 0.325155 0.929780
vt 0.337901 0.929821
vt 0.332224 0.929845
vt 0.293952 0.929906
vt 0.390425 0.929981
vt 0.308894 0.929986
vt 0.268887 0.930257
vt 0.081525 0.930333
vt 0.351019 0.930340
vt 0.274688 0.930372
vt 0.299141 0.930378
vt 0.282100 0.930423
vt 0.222255 0.930631
vt 0.313983 0.931029
vt 0.237116 0.931158
vt 0.159673 0.931348
vt 0.339047 0.931381
vt 0.201706 0.931432
vt 0.333247 0.931495
vt 0.308793 0.931501
vt 0.325835 0.931546
vt 0.385679 0.931754
vt 0.293844 0.931832
vt 0.299332 0.931924
vt 0.273710 0.931971
vt 0.281442 0.932139
vt 0.370819 0.932281
vt 0.104449 0.932302
vt 0.406228 0.932555
vt 0.120565 0.932575
vt 0.244619 0.932653
vt 0.136692 0.932715
vt 0.100450 0.932754
vt 0.314091 0.932955
vt 0.308602 0.933047
vt 0.334224 0.933094
vt 0.096390 0.933158
vt 0.252691 0.933257
vt 0.326493 0.933262
vt 0.140683 0.933273
vt 0.258696 0.933281
vt 0.196931 0.933326
vt 0.299561 0.933491
vt 0.219890 0.933518
vt 0.293765 0.933638
vt 0.363315 0.933776
vt 0.144735 0.933783
vt 0.280787 0.933866
vt 0.194523 0.934366
vt 0.355243 0.934380
vt 0.349238 0.934404
vt 0.232007 0.934438
vt 0.411004 0.934449
vt 0.308373 0.934614
vt 0.388044 0.934641
vt 0.186666 0.934710
vt 0.314170 0.934761
vt 0.184423 0.934864
vt 0.327147 0.934989
vt 0.189421 0.935076
vt 0.293714 0.935345
vt 0.262713 0.935422
vt 0.192140 0.935444
vt 0.413412 0.935489
vt 0.375928 0.935561
vt 0.241154 0.935728
vt 0.421269 0.935833
vt 0.423512 0.935987
vt 0.418513 0.936200
vt 0.081045 0.936370
vt 0.314221 0.936468
vt 0.345221 0.936545
vt 0.415795 0.936567
vt 0.366781 0.936851
vt 0.228168 0.937112
vt 0.267879 0.937152
vt 0.160000 0.937396
vt 0.254858 0.937816
vt 0.248452 0.937898
vt 0.379766 0.938235
vt 0.340056 0.938275
vt 0.204961 0.938355
vt 0.235982 0.938851
vt 0.353076 0.938939
vt 0.275900 0.938946
vt 0.299719 0.938988
vt 0.359483 0.939021
vt 0.225762 0.939076
vt 0.402973 0.939478
vt 0.371953 0.939974
vt 0.332035 0.940069
vt 0.308216 0.940111
vt 0.078814 0.940195
vt 0.382172 0.940199
vt 0.259254 0.940497
vt 0.291635 0.940743
vt 0.246116 0.940874
vt 0.199178 0.941079
vt 0.208260 0.941275
vt 0.162137 0.941279
vt 0.106209 0.941499
vt 0.231683 0.941510
vt 0.348681 0.941620
vt 0.120443 0.941809
vt 0.316299 0.941867
vt 0.134690 0.941874
vt 0.361819 0.941996
vt 0.408756 0.942202
vt 0.101909 0.942205
vt 0.399674 0.942398
vt 0.196131 0.942599
vt 0.376252 0.942634
vt 0.250650 0.942642
vt 0.138974 0.942694
vt 0.264817 0.942764
vt 0.097437 0.942777
vt 0.215032 0.942903
vt 0.228888 0.943343
vt 0.143435 0.943383
vt 0.083729 0.943592
vt 0.411804 0.943722
vt 0.357284 0.943765
vt 0.107817 0.943817
vt 0.343117 0.943887
vt 0.120414 0.943990
vt 0.392903 0.944026
vt 0.133020 0.944152
vt 0.187563 0.944223
vt 0.193027 0.944226
vt 0.190327 0.944232
vt 0.240987 0.944334
vt 0.379047 0.944465
vt 0.185321 0.944501
vt 0.157135 0.944551
vt 0.201207 0.944594
vt 0.103711 0.944659
vt 0.273387 0.944941
vt 0.137106 0.945103
vt 0.099492 0.945254
vt 0.420371 0.945346
vt 0.414908 0.945349
vt 0.417608 0.945355
vt 0.366947 0.945457
vt 0.255090 0.945473
vt 0.248807 0.945595
vt 0.073476 0.945621
vt 0.422613 0.945624
vt 0.406728 0.945717
vt 0.141314 0.945808
vt 0.334548 0.946064
vt 0.109548 0.946219
vt 0.120385 0.946221
vt 0.300110 0.946432
vt 0.131222 0.946508
vt 0.197443 0.946593
vt 0.352844 0.946596
vt 0.359127 0.946718
vt 0.167339 0.946839
vt 0.219086 0.946872
vt 0.206493 0.947077
vt 0.088724 0.947093
vt 0.105641 0.947100
vt 0.236532 0.947187
vt 0.135109 0.947495
vt 0.307825 0.947555
vt 0.410492 0.947716
vt 0.101662 0.947773
vt 0.290462 0.947812
vt 0.152047 0.947927
vt 0.388848 0.947995
vt 0.401441 0.948200
vt 0.139076 0.948273
vt 0.371403 0.948311
vt 0.260944 0.948325
vt 0.120355 0.948434
vt 0.077997 0.948631
vt 0.111419 0.948719
vt 0.233239 0.948797
vt 0.252949 0.948815
vt 0.193501 0.948823
vt 0.317472 0.948935
vt 0.129284 0.948960
vt 0.346991 0.949448
vt 0.107696 0.949535
vt 0.244767 0.949652
vt 0.190833 0.949698
vt 0.162743 0.949737
vt 0.201416 0.949873
vt 0.070265 0.949874
vt 0.132988 0.949877
vt 0.374695 0.949920
vt 0.354986 0.949938
vt 0.414433 0.949946
vt 0.221812 0.950193
vt 0.103977 0.950295
vt 0.188165 0.950578
vt 0.136691 0.950738
vt 0.093898 0.950766
vt 0.363167 0.950775
vt 0.417102 0.950821
vt 0.406519 0.950996
vt 0.170447 0.951172
vt 0.270716 0.951180
vt 0.386122 0.951316
vt 0.146771 0.951472
vt 0.419770 0.951701
vt 0.082509 0.951730
vt 0.185565 0.951965
vt 0.120306 0.951985
vt 0.113842 0.952152
vt 0.337219 0.952303
vt 0.126765 0.952329
vt 0.211611 0.952354
vt 0.258955 0.952608
vt 0.158151 0.952725
vt 0.110568 0.952766
vt 0.074598 0.952767
vt 0.130025 0.953034
vt 0.195933 0.953078
vt 0.422369 0.953088
vt 0.240205 0.953329
vt 0.107332 0.953339
vt 0.396324 0.953477
vt 0.250012 0.953605
vt 0.133249 0.953696
vt 0.348980 0.953731
vt 0.166041 0.953960
vt 0.193428 0.954125
vt 0.412002 0.954201
vt 0.224747 0.954340
vt 0.299800 0.954422
vt 0.367729 0.954452
vt 0.100654 0.954531
vt 0.288992 0.954552
vt 0.357922 0.954728
vt 0.236298 0.954904
vt 0.086969 0.954990
vt 0.139906 0.955068
vt 0.190866 0.955202
vt 0.414506 0.955248
vt 0.383187 0.955463
vt 0.207061 0.955504
vt 0.308134 0.955545
vt 0.318942 0.955675
vt 0.078874 0.955689
vt 0.269628 0.955841
vt 0.153605 0.955878
vt 0.371636 0.956027
vt 0.214603 0.956215
vt 0.417069 0.956325
vt 0.400873 0.956627
vt 0.161691 0.956777
vt 0.188073 0.956848
vt 0.338307 0.956964
vt 0.227818 0.956992
vt 0.393331 0.957338
vt 0.120225 0.957774
vt 0.246168 0.957905
vt 0.419861 0.957971
vt 0.380116 0.958115
vt 0.115002 0.958245
vt 0.256101 0.958348
vt 0.125434 0.958393
vt 0.091290 0.958509
vt 0.287982 0.958689
vt 0.083029 0.958694
vt 0.112516 0.958740
vt 0.127908 0.958959
vt 0.361767 0.959028
vt 0.202051 0.959038
vt 0.110018 0.959261
vt 0.149189 0.959295
vt 0.351833 0.959471
vt 0.130395 0.959551
vt 0.157460 0.959684
vt 0.210476 0.959701
vt 0.242044 0.959717
vt 0.319953 0.959812
vt 0.405883 0.960161
vt 0.199902 0.960435
vt 0.397459 0.960824
vt 0.365891 0.960840
vt 0.105099 0.960872
vt 0.135280 0.961303
vt 0.298716 0.961482
vt 0.408032 0.961558
vt 0.095507 0.961653
vt 0.086984 0.961864
vt 0.197686 0.961874
vt 0.266619 0.961983
vt 0.218640 0.962187
vt 0.233570 0.962267
vt 0.144883 0.962341
vt 0.309219 0.962605
vt 0.153422 0.962764
vt 0.410248 0.962997
vt 0.252284 0.963006
vt 0.341315 0.963106
vt 0.389294 0.963310
vt 0.120143 0.963375
vt 0.374364 0.963390
vt 0.205915 0.963433
vt 0.115907 0.963640
vt 0.124371 0.963766
vt 0.194642 0.964048
vt 0.113790 0.964060
vt 0.355650 0.964129
vt 0.126478 0.964249
vt 0.111587 0.964516
vt 0.402020 0.964556
vt 0.128671 0.964770
vt 0.285105 0.964905
vt 0.248130 0.965109
vt 0.204041 0.965139
vt 0.413292 0.965171
vt 0.091008 0.965463
vt 0.322830 0.966028
vt 0.106957 0.966082
vt 0.359804 0.966232
vt 0.403894 0.966262
vt 0.149303 0.966275
vt 0.214162 0.966377
vt 0.096647 0.966413
vt 0.133267 0.966475
vt 0.220294 0.966602
vt 0.239510 0.966875
vt 0.202087 0.966911
vt 0.262729 0.966927
vt 0.120087 0.967063
vt 0.143617 0.967090
vt 0.115323 0.967320
vt 0.124845 0.967467
vt 0.393773 0.967501
vt 0.387641 0.967725
vt 0.113016 0.967726
vt 0.127143 0.967943
vt 0.368424 0.967998
vt 0.405848 0.968034
vt 0.345206 0.968050
vt 0.093086 0.968209
vt 0.110698 0.968215
vt 0.129451 0.968505
vt 0.147151 0.968981
vt 0.199129 0.969302
vt 0.230090 0.969477
vt 0.106074 0.969657
vt 0.258114 0.969827
vt 0.280789 0.970062
vt 0.134050 0.970089
vt 0.408805 0.970425
vt 0.377845 0.970601
vt 0.216805 0.970813
vt 0.099998 0.970899
vt 0.349820 0.970950
vt 0.293241 0.970978
vt 0.120025 0.970982
vt 0.209086 0.970984
vt 0.116260 0.971091
vt 0.327145 0.971185
vt 0.123788 0.971212
vt 0.114362 0.971345
vt 0.140128 0.971511
vt 0.125681 0.971527
vt 0.112432 0.971704
vt 0.248965 0.971769
vt 0.095770 0.971930
vt 0.391129 0.971936
vt 0.127603 0.971949
vt 0.314694 0.972101
vt 0.398849 0.972107
vt 0.236458 0.972574
vt 0.144363 0.972659
vt 0.108635 0.972701
vt 0.358970 0.972893
vt 0.131382 0.973073
vt 0.207329 0.973120
vt 0.227907 0.973206
vt 0.276106 0.973568
vt 0.371476 0.973698
vt 0.101148 0.973839
vt 0.400605 0.974243
vt 0.380028 0.974329
vt 0.138886 0.974443
vt 0.097088 0.974637
vt 0.331828 0.974691
vt 0.213090 0.975157
vt 0.205567 0.975277
vt 0.142967 0.975358
vt 0.234785 0.975433
vt 0.119943 0.975995
vt 0.115965 0.976111
vt 0.123918 0.976248
vt 0.246616 0.976255
vt 0.394844 0.976281
vt 0.402368 0.976400
vt 0.373149 0.976556
vt 0.112028 0.976775
vt 0.286650 0.976900
vt 0.225479 0.977039
vt 0.127839 0.977050
vt 0.361318 0.977378
vt 0.211576 0.977459
vt 0.203133 0.977731
vt 0.108164 0.977967
vt 0.321284 0.978024
vt 0.382455 0.978162
vt 0.233013 0.978254
vt 0.131676 0.978384
vt 0.245378 0.978492
vt 0.396359 0.978582
vt 0.265679 0.978841
vt 0.404802 0.978853
vt 0.374921 0.979377
vt 0.362556 0.979616
vt 0.104464 0.979668
vt 0.224957 0.979672
vt 0.210016 0.979827
vt 0.342255 0.979964
vt 0.135337 0.980230
vt 0.281194 0.980443
vt 0.244122 0.980685
vt 0.382977 0.980795
vt 0.232712 0.980947
vt 0.397919 0.980950
vt 0.100900 0.981526
vt 0.326740 0.981566
vt 0.363812 0.981809
vt 0.262492 0.981854
vt 0.375222 0.982069
vt 0.138932 0.982256
vt 0.224434 0.982293
vt 0.345443 0.982977
vt 0.260916 0.983338
vt 0.383501 0.983416
vt 0.244038 0.983574
vt 0.232381 0.983691
vt 0.223555 0.984297
vt 0.347018 0.984461
vt 0.363896 0.984697
vt 0.375553 0.984814
vt 0.259306 0.984818
vt 0.209721 0.985066
vt 0.274202 0.985268
vt 0.384380 0.985420
vt 0.119765 0.985556
vt 0.117158 0.985797
vt 0.231620 0.985814
vt 0.122362 0.985900
vt 0.348628 0.985941
vt 0.398214 0.986190
vt 0.333732 0.986391
vt 0.272854 0.986406
vt 0.114585 0.986458
vt 0.243921 0.986468
vt 0.124911 0.986667
vt 0.376315 0.986938
vt 0.272165 0.987057
vt 0.335081 0.987529
vt 0.364014 0.987591
vt 0.112007 0.987666
vt 0.271487 0.987726
vt 0.259188 0.987980
vt 0.127442 0.987986
vt 0.335769 0.988180
vt 0.243203 0.988625
vt 0.336447 0.988849
vt 0.348746 0.989103
vt 0.109355 0.989352
vt 0.364732 0.989749
vt 0.130032 0.989805
vt 0.119671 0.990435
vt 0.118076 0.990577
vt 0.121259 0.990639
vt 0.271471 0.990722
vt 0.259068 0.991027
vt 0.116529 0.991142
vt 0.122782 0.991263
vt 0.336464 0.991845
vt 0.115084 0.992062
vt 0.106425 0.992078
vt 0.348866 0.992150
vt 0.124187 0.992239
vt 0.132713 0.992597
vt 0.258290 0.993173
vt 0.113832 0.993451
vt 0.125377 0.993672
vt 0.271469 0.993777
vt 0.349644 0.994296
vt 0.336466 0.994900
vt 0.112911 0.995265
vt 0.126222 0.995500
vt 0.270646 0.995908
vt 0.119561 0.996355
vt 0.337288 0.997031
f 526/1588 527/1590 21/1569 9/1567
f 3/934 15/955 14/905 2/904
f 11/1720 23/1726 22/1675 10/1672
f 118/1065 119/1067 15/955 3/934
f 5/1227 17/1238 16/1122 4/1113
f 6/1351 18/1353 17/1238 5/1227
f 7/1442 19/1440 18/1353 6/1351
f 8/1493 20/1495 19/1440 7/1442
f 1/891 13/890 12/875 548/876
f 9/1567 21/1569 20/1495 8/1493
f 2/904 14/905 13/890 1/891
f 734/1444 30/1446 29/1355 735/1354
f 737/1503 31/1510 30/1446 734/1444
f 738/889 24/888 549/881 736/878
f 739/1577 32/1582 31/1510 737/1503
f 740/906 25/907 24/888 738/889
f 754/1601 528/1612 32/1582 739/1577
f 742/958 26/970 25/907 740/906
f 743/1731 34/1737 33/1688 741/1681
f 748/1069 120/1071 26/970 742/958
f 745/1239 28/1241 27/1129 744/1124
f 735/1354 29/1355 28/1241 745/1239
f 26/970 37/989 36/909 25/907
f 34/1737 45/1747 44/1701 33/1688
f 120/1071 121/1063 37/989 26/970
f 28/1241 39/1216 38/1077 27/1129
f 29/1355 40/1385 39/1216 28/1241
f 30/1446 41/1479 40/1385 29/1355
f 31/1510 42/1540 41/1479 30/1446
f 24/888 35/893 550/883 549/881
f 32/1582 43/1563 42/1540 31/1510
f 25/907 36/909 35/893 24/888
f 528/1612 529/1597 43/1563 32/1582
f 35/893 47/897 46/884 550/883
f 36/909 48/908 47/897 35/893
f 529/1597 530/1650 51/1621 43/1563
f 37/989 49/985 48/908 36/909
f 45/1747 53/1756 52/1735 44/1701
f 121/1063 122/1021 49/985 37/989
f 53/1756 60/1784 59/1758 52/1735
f 122/1021 123/1013 56/969 49/985
f 47/897 54/899 551/887 46/884
f 48/908 55/903 54/899 47/897
f 530/1650 531/1690 58/1665 51/1621
f 49/985 56/969 55/903 48/908
f 54/323 61/328 552/318 551/322
f 55/326 62/330 61/328 54/323
f 531/516 532/494 69/481 58/507
f 56/355 63/357 62/330 55/326
f 60/552 71/547 70/521 59/539
f 123/371 124/376 63/357 56/355
f 514/541 486/558 487/554 504/536
f 508/567 479/579 481/568 506/553
f 512/1774 473/1805 475/1812 505/1787
f 65/422 76/409 75/396 64/399
f 66/434 77/421 76/409 65/422
f 67/437 78/435 77/421 66/434
f 68/450 79/448 78/435 67/437
f 61/328 72/331 553/315 552/318
f 69/481 80/471 79/448 68/450
f 62/330 73/332 72/331 61/328
f 532/494 533/482 80/471 69/481
f 63/357 74/361 73/332 62/330
f 71/547 82/535 81/515 70/521
f 124/376 125/385 74/361 63/357
f 72/331 83/336 554/311 553/315
f 80/471 91/459 90/446 79/448
f 73/332 84/345 83/336 72/331
f 533/482 534/470 91/459 80/471
f 74/361 85/363 84/345 73/332
f 82/535 93/532 92/512 81/515
f 125/385 126/383 85/363 74/361
f 505/1787 475/1812 477/1825 507/1793
f 76/409 87/408 86/395 75/396
f 77/421 88/420 87/408 76/409
f 78/435 89/431 88/420 77/421
f 79/448 90/446 89/431 78/435
f 761/405 99/401 98/390 746/393
f 762/415 100/413 99/401 761/405
f 763/427 101/425 100/413 762/415
f 765/441 102/443 101/425 763/427
f 766/334 95/335 94/307 764/308
f 767/457 103/456 102/443 765/441
f 768/347 96/348 95/335 766/334
f 753/467 535/466 103/456 767/457
f 770/359 97/360 96/348 768/347
f 771/529 105/526 104/503 769/505
f 747/379 127/378 97/360 770/359
f 103/456 115/453 114/445 102/443
f 96/348 108/342 107/337 95/335
f 535/466 536/461 115/453 103/456
f 97/360 109/358 108/342 96/348
f 105/526 117/523 116/499 104/503
f 127/378 128/370 109/358 97/360
f 506/553 481/568 484/565 510/549
f 99/401 111/398 110/386 98/390
f 100/413 112/410 111/398 99/401
f 101/425 113/428 112/410 100/413
f 102/443 114/445 113/428 101/425
f 95/335 107/337 106/310 94/307
f 507/1793 477/1825 479/1835 508/1806
f 509/1763 469/1792 471/1795 511/1767
f 510/549 484/565 485/562 513/546
f 750/1771 749/1799 473/1805 512/1774
f 773/542 772/560 486/558 514/541
f 98/390 110/386 128/370 127/378
f 746/393 98/390 127/378 747/379
f 75/396 86/395 126/383 125/385
f 64/399 75/396 125/385 124/376
f 57/384 64/399 124/376 123/371
f 50/1073 57/1054 123/1013 122/1021
f 38/1077 50/1073 122/1021 121/1063
f 27/1129 38/1077 121/1063 120/1071
f 744/1124 27/1129 120/1071 748/1069
f 4/1113 16/1122 119/1067 118/1065
f 40/1521 131/1519 130/1300 39/1302
f 58/1807 138/1790 136/1752 51/1768
f 41/1596 132/1591 131/1519 40/1521
f 50/1034 135/1023 137/953 57/963
f 64/1947 139/1938 140/1917 65/1928
f 42/1671 133/1659 132/1591 41/1596
f 38/1101 129/1098 135/1023 50/1034
f 65/1928 140/1917 141/1899 66/1910
f 57/1955 137/1950 139/1938 64/1947
f 43/1716 134/1702 133/1659 42/1671
f 66/1910 141/1899 142/1894 67/1900
f 51/1768 136/1752 134/1702 43/1716
f 67/1900 142/1894 143/1880 68/1905
f 69/1866 144/1850 138/1790 58/1807
f 68/1905 143/1880 144/1850 69/1866
f 39/1302 130/1300 129/1098 38/1101
f 449/1743 152/1733 150/1682 450/1691
f 451/1865 159/1849 160/1820 452/1839
f 453/1102 145/1109 151/1014 454/1019
f 452/1839 160/1820 154/1765 455/1777
f 454/1019 151/1014 153/944 456/946
f 457/1312 146/1320 145/1109 453/1102
f 456/1937 153/1924 155/1904 458/1925
f 455/1777 154/1765 152/1733 449/1743
f 459/1523 147/1526 146/1320 457/1312
f 458/1925 155/1904 156/1884 460/1898
f 461/1593 148/1592 147/1526 459/1523
f 460/1898 156/1884 157/1870 462/1886
f 463/1649 149/1643 148/1592 461/1593
f 462/1886 157/1870 158/1862 464/1879
f 450/1691 150/1682 149/1643 463/1649
f 464/1879 158/1862 159/1849 451/1865
f 417/1856 172/1828 173/1789 418/1834
f 419/1598 165/1562 164/1545 420/1561
f 418/1834 173/1789 174/1755 421/1808
f 422/1623 166/1580 165/1562 419/1598
f 421/1808 174/1755 175/1718 423/1788
f 424/1676 168/1622 166/1580 422/1623
f 423/1788 175/1718 176/1693 425/1754
f 426/1112 161/1114 167/1018 427/1017
f 425/1754 176/1693 170/1657 428/1712
f 427/1017 167/1018 169/938 429/939
f 430/1297 162/1284 161/1114 426/1112
f 429/1915 169/1906 171/1874 431/1891
f 428/1712 170/1657 168/1622 424/1676
f 432/1505 163/1481 162/1284 430/1297
f 431/1891 171/1874 172/1828 417/1856
f 420/1561 164/1545 163/1481 432/1505
f 169/1906 185/1883 187/1841 171/1874
f 170/1657 186/1581 184/1551 168/1622
f 163/1481 179/1268 178/1202 162/1284
f 171/1874 187/1841 188/1810 172/1828
f 164/1545 180/1408 179/1268 163/1481
f 172/1828 188/1810 189/1776 173/1789
f 165/1562 181/1457 180/1408 164/1545
f 173/1789 189/1776 190/1740 174/1755
f 166/1580 182/1507 181/1457 165/1562
f 174/1755 190/1740 191/1699 175/1718
f 168/1622 184/1551 182/1507 166/1580
f 175/1718 191/1699 192/1641 176/1693
f 161/1114 177/1074 183/997 167/1018
f 176/1693 192/1641 186/1581 170/1657
f 167/1018 183/997 185/927 169/938
f 162/1284 178/1202 177/1074 161/1114
f 187/1841 203/1811 204/1791 188/1810
f 180/1408 196/1352 195/1231 179/1268
f 188/1810 204/1791 205/1760 189/1776
f 181/1457 197/1415 196/1352 180/1408
f 189/1776 205/1760 206/1721 190/1740
f 182/1507 198/1476 197/1415 181/1457
f 190/1740 206/1721 207/1684 191/1699
f 184/1551 200/1538 198/1476 182/1507
f 191/1699 207/1684 208/1626 192/1641
f 177/1074 193/1062 199/984 183/997
f 192/1641 208/1626 202/1565 186/1581
f 183/997 199/984 201/923 185/927
f 178/1202 194/1169 193/1062 177/1074
f 185/1883 201/1861 203/1811 187/1841
f 186/1581 202/1565 200/1538 184/1551
f 179/1268 195/1231 194/1169 178/1202
f 208/1626 224/1594 218/1546 202/1565
f 199/984 215/966 217/919 201/923
f 194/1169 210/1149 209/1043 193/1062
f 201/1861 217/1818 219/1775 203/1811
f 202/1565 218/1546 216/1515 200/1538
f 195/1231 211/1206 210/1149 194/1169
f 203/1811 219/1775 220/1753 204/1791
f 196/1352 212/1308 211/1206 195/1231
f 204/1791 220/1753 221/1725 205/1760
f 197/1415 213/1365 212/1308 196/1352
f 205/1760 221/1725 222/1687 206/1721
f 198/1476 214/1434 213/1365 197/1415
f 206/1721 222/1687 223/1648 207/1684
f 200/1538 216/1515 214/1434 198/1476
f 207/1684 223/1648 224/1594 208/1626
f 193/1062 209/1043 215/966 199/984
f 210/1149 226/1142 225/1037 209/1043
f 217/1818 233/1748 235/1728 219/1775
f 218/1546 234/1529 232/1478 216/1515
f 211/1206 227/1194 226/1142 210/1149
f 219/1775 235/1728 236/1709 220/1753
f 212/1308 228/1280 227/1194 211/1206
f 220/1753 236/1709 237/1677 221/1725
f 213/1365 229/1321 228/1280 212/1308
f 221/1725 237/1677 238/1642 222/1687
f 214/1434 230/1398 229/1321 213/1365
f 222/1687 238/1642 239/1608 223/1648
f 216/1515 232/1478 230/1398 214/1434
f 223/1648 239/1608 240/1560 224/1594
f 209/1043 225/1037 231/959 215/966
f 224/1594 240/1560 234/1529 218/1546
f 215/966 231/959 233/916 217/919
f 238/1642 254/1607 255/1576 239/1608
f 232/1478 248/1448 246/1373 230/1398
f 239/1608 255/1576 256/1542 240/1560
f 225/1037 241/1038 247/960 231/959
f 240/1560 256/1542 250/1494 234/1529
f 231/959 247/960 249/918 233/916
f 226/1142 242/1145 241/1038 225/1037
f 233/1748 249/1694 251/1697 235/1728
f 234/1529 250/1494 248/1448 232/1478
f 227/1194 243/1192 242/1145 226/1142
f 235/1728 251/1697 252/1666 236/1709
f 228/1280 244/1275 243/1192 227/1194
f 236/1709 252/1666 253/1637 237/1677
f 229/1321 245/1310 244/1275 228/1280
f 237/1677 253/1637 254/1607 238/1642
f 230/1398 246/1373 245/1310 229/1321
f 244/1275 260/1256 259/1173 243/1192
f 252/1666 268/1600 269/1578 253/1637
f 245/1310 261/1282 260/1256 244/1275
f 253/1637 269/1578 270/1558 254/1607
f 246/1373 262/1328 261/1282 245/1310
f 254/1607 270/1558 271/1541 255/1576
f 248/1448 264/1402 262/1328 246/1373
f 255/1576 271/1541 272/1501 256/1542
f 241/1038 257/1040 263/968 247/960
f 256/1542 272/1501 266/1452 250/1494
f 247/960 263/968 265/922 249/918
f 242/1145 258/1138 257/1040 241/1038
f 249/1694 265/1616 267/1631 251/1697
f 250/1494 266/1452 264/1402 248/1448
f 243/1192 259/1173 258/1138 242/1145
f 251/1697 267/1631 268/1600 252/1666
f 272/1501 288/1461 282/1405 266/1452
f 263/968 279/983 281/926 265/922
f 258/1138 274/1133 273/1041 257/1040
f 265/1616 281/1549 283/1559 267/1631
f 266/1452 282/1405 280/1346 264/1402
f 259/1173 275/1161 274/1133 258/1138
f 267/1631 283/1559 284/1548 268/1600
f 260/1256 276/1232 275/1161 259/1173
f 268/1600 284/1548 285/1539 269/1578
f 261/1282 277/1257 276/1232 260/1256
f 269/1578 285/1539 286/1525 270/1558
f 262/1328 278/1287 277/1257 261/1282
f 270/1558 286/1525 287/1504 271/1541
f 264/1402 280/1346 278/1287 262/1328
f 271/1541 287/1504 288/1461 272/1501
f 257/1040 273/1041 279/983 263/968
f 278/1287 294/1244 293/1212 277/1257
f 286/1525 302/1470 303/1447 287/1504
f 280/1346 296/1281 294/1244 278/1287
f 287/1504 303/1447 304/1396 288/1461
f 273/1041 289/1020 295/986 279/983
f 288/1461 304/1396 298/1325 282/1405
f 279/983 295/986 297/930 281/926
f 274/1133 290/1093 289/1020 273/1041
f 281/1549 297/1506 299/1524 283/1559
f 282/1405 298/1325 296/1281 280/1346
f 275/1161 291/1136 290/1093 274/1133
f 283/1559 299/1524 300/1511 284/1548
f 276/1232 292/1191 291/1136 275/1161
f 284/1548 300/1511 301/1488 285/1539
f 277/1257 293/1212 292/1191 276/1232
f 285/1539 301/1488 302/1470 286/1525
f 394/992 311/994 313/945 385/937
f 395/1088 306/1086 305/1035 386/1030
f 385/1458 313/1439 315/1443 387/1467
f 396/1278 314/1265 312/1242 388/1253
f 397/1125 307/1117 306/1086 395/1088
f 387/1467 315/1443 316/1430 389/1453
f 398/1168 308/1160 307/1117 397/1125
f 389/1453 316/1430 317/1413 390/1431
f 399/1189 309/1180 308/1160 398/1168
f 390/1431 317/1413 318/1384 391/1411
f 400/1215 310/1207 309/1180 399/1189
f 391/1411 318/1384 319/1349 392/1381
f 388/1253 312/1242 310/1207 400/1215
f 392/1381 319/1349 320/1298 393/1324
f 386/1030 305/1035 311/994 394/992
f 393/1324 320/1298 314/1265 396/1278
f 309/1180 325/1171 324/1155 308/1160
f 317/1413 333/1399 334/1366 318/1384
f 310/1207 326/1197 325/1171 309/1180
f 318/1384 334/1366 335/1335 319/1349
f 312/1242 328/1228 326/1197 310/1207
f 319/1349 335/1335 336/1286 320/1298
f 305/1035 321/1028 327/996 311/994
f 320/1298 336/1286 330/1258 314/1265
f 311/994 327/996 329/947 313/945
f 306/1086 322/1081 321/1028 305/1035
f 313/1439 329/1424 331/1423 315/1443
f 314/1265 330/1258 328/1228 312/1242
f 307/1117 323/1108 322/1081 306/1086
f 315/1443 331/1423 332/1417 316/1430
f 308/1160 324/1155 323/1108 307/1117
f 316/1430 332/1417 333/1399 317/1413
f 330/1258 346/1252 344/1223 328/1228
f 323/1108 339/1100 338/1080 322/1081
f 331/1423 347/1404 348/1400 332/1417
f 324/1155 340/1147 339/1100 323/1108
f 332/1417 348/1400 349/1376 333/1399
f 325/1171 341/1167 340/1147 324/1155
f 333/1399 349/1376 350/1344 334/1366
f 326/1197 342/1190 341/1167 325/1171
f 334/1366 350/1344 351/1317 335/1335
f 328/1228 344/1223 342/1190 326/1197
f 335/1335 351/1317 352/1277 336/1286
f 321/1028 337/1027 343/999 327/996
f 336/1286 352/1277 346/1252 330/1258
f 327/996 343/999 345/950 329/947
f 322/1081 338/1080 337/1027 321/1028
f 329/1424 345/1407 347/1404 331/1423
f 351/1317 367/1291 368/1262 352/1277
f 337/1027 353/1025 359/1001 343/999
f 352/1277 368/1262 362/1234 346/1252
f 343/999 359/1001 361/961 345/950
f 338/1080 354/1078 353/1025 337/1027
f 345/1407 361/1374 363/1367 347/1404
f 346/1252 362/1234 360/1209 344/1223
f 339/1100 355/1095 354/1078 338/1080
f 347/1404 363/1367 364/1360 348/1400
f 340/1147 356/1143 355/1095 339/1100
f 348/1400 364/1360 365/1340 349/1376
f 341/1167 357/1156 356/1143 340/1147
f 349/1376 365/1340 366/1314 350/1344
f 342/1190 358/1176 357/1156 341/1167
f 350/1344 366/1314 367/1291 351/1317
f 344/1223 360/1209 358/1176 342/1190
f 416/1370 384/1347 374/1290 403/1309
f 409/1022 372/1024 369/990 401/987
f 415/1427 383/1406 384/1347 416/1370
f 411/1269 375/1260 382/1225 407/1237
f 414/1454 381/1432 383/1406 415/1427
f 407/1237 382/1225 380/1196 406/1203
f 413/1473 379/1455 381/1432 414/1454
f 406/1203 380/1196 378/1174 405/1181
f 412/1489 377/1475 379/1455 413/1473
f 405/1181 378/1174 376/1131 404/1134
f 410/1508 373/1486 377/1475 412/1489
f 404/1134 376/1131 371/1090 402/1091
f 403/1309 374/1290 375/1260 411/1269
f 408/1487 370/1474 373/1486 410/1508
f 402/1091 371/1090 372/1024 409/1022
f 401/987 369/990 370/933 408/931
f 384/1347 393/1324 396/1278 374/1290
f 372/1024 386/1030 394/992 369/990
f 383/1406 392/1381 393/1324 384/1347
f 375/1260 388/1253 400/1215 382/1225
f 381/1432 391/1411 392/1381 383/1406
f 382/1225 400/1215 399/1189 380/1196
f 379/1455 390/1431 391/1411 381/1432
f 380/1196 399/1189 398/1168 378/1174
f 377/1475 389/1453 390/1431 379/1455
f 378/1174 398/1168 397/1125 376/1131
f 373/1486 387/1467 389/1453 377/1475
f 376/1131 397/1125 395/1088 371/1090
f 374/1290 396/1278 388/1253 375/1260
f 370/1474 385/1458 387/1467 373/1486
f 371/1090 395/1088 386/1030 372/1024
f 369/990 394/992 385/937 370/933
f 295/986 401/987 408/931 297/930
f 290/1093 402/1091 409/1022 289/1020
f 297/1506 408/1487 410/1508 299/1524
f 298/1325 403/1309 411/1269 296/1281
f 291/1136 404/1134 402/1091 290/1093
f 299/1524 410/1508 412/1489 300/1511
f 292/1191 405/1181 404/1134 291/1136
f 300/1511 412/1489 413/1473 301/1488
f 293/1212 406/1203 405/1181 292/1191
f 301/1488 413/1473 414/1454 302/1470
f 294/1244 407/1237 406/1203 293/1212
f 302/1470 414/1454 415/1427 303/1447
f 296/1281 411/1269 407/1237 294/1244
f 303/1447 415/1427 416/1370 304/1396
f 289/1020 409/1022 401/987 295/986
f 304/1396 416/1370 403/1309 298/1325
f 441/1574 420/1561 432/1505 439/1512
f 448/1896 431/1891 417/1856 433/1872
f 439/1512 432/1505 430/1297 438/1311
f 446/1739 428/1712 424/1676 436/1705
f 447/1920 429/1915 431/1891 448/1896
f 438/1311 430/1297 426/1112 437/1110
f 445/1015 427/1017 429/939 447/940
f 444/1785 425/1754 428/1712 446/1739
f 437/1110 426/1112 427/1017 445/1015
f 443/1815 423/1788 425/1754 444/1785
f 436/1705 424/1676 422/1623 435/1651
f 442/1840 421/1808 423/1788 443/1815
f 435/1651 422/1623 419/1598 434/1618
f 440/1852 418/1834 421/1808 442/1840
f 434/1618 419/1598 420/1561 441/1574
f 433/1872 417/1856 418/1834 440/1852
f 156/1884 433/1872 440/1852 157/1870
f 149/1643 434/1618 441/1574 148/1592
f 157/1870 440/1852 442/1840 158/1862
f 150/1682 435/1651 434/1618 149/1643
f 158/1862 442/1840 443/1815 159/1849
f 152/1733 436/1705 435/1651 150/1682
f 159/1849 443/1815 444/1785 160/1820
f 145/1109 437/1110 445/1015 151/1014
f 160/1820 444/1785 446/1739 154/1765
f 151/1014 445/1015 447/940 153/944
f 146/1320 438/1311 437/1110 145/1109
f 153/1924 447/1920 448/1896 155/1904
f 154/1765 446/1739 436/1705 152/1733
f 147/1526 439/1512 438/1311 146/1320
f 155/1904 448/1896 433/1872 156/1884
f 148/1592 441/1574 439/1512 147/1526
f 142/1894 464/1879 451/1865 143/1880
f 134/1702 450/1691 463/1649 133/1659
f 141/1899 462/1886 464/1879 142/1894
f 133/1659 463/1649 461/1593 132/1591
f 140/1917 460/1898 462/1886 141/1899
f 132/1591 461/1593 459/1523 131/1519
f 139/1938 458/1925 460/1898 140/1917
f 131/1519 459/1523 457/1312 130/1300
f 138/1790 455/1777 449/1743 136/1752
f 137/1950 456/1937 458/1925 139/1938
f 130/1300 457/1312 453/1102 129/1098
f 135/1023 454/1019 456/946 137/953
f 144/1850 452/1839 455/1777 138/1790
f 129/1098 453/1102 454/1019 135/1023
f 143/1880 451/1865 452/1839 144/1850
f 136/1752 449/1743 450/1691 134/1702
f 495/1956 465/1954 467/1949
f 467/1949 465/1954 466/1946 468/1933
f 495/1956 467/1949 470/1945
f 470/1945 467/1949 468/1933 472/1926
f 495/1956 470/1945 474/1940
f 474/1940 470/1945 472/1926 476/1918
f 495/1956 474/1940 478/1936
f 478/1936 474/1940 476/1918 480/1911
f 495/1956 478/1936 482/1934
f 482/1934 478/1936 480/1911 483/1908
f 602/578 492/594 633/575
f 601/1823 595/1855 596/1863 603/1831 760/1826
f 604/1838 489/1871 597/1882 609/1846
f 610/585 490/606 598/602 607/583
f 611/1819 488/1853 595/1855 601/1823
f 608/582 491/598 492/594 602/578
f 603/1831 596/1863 489/1871 604/1838
f 605/572 599/592 600/590 606/570
f 607/583 598/602 491/598 608/582
f 609/1846 597/1882 490/1893 610/1851
f 598/602 493/635 496/627 491/598
f 597/1882 468/1933 466/1946 490/1893
f 492/594 498/623 500/621 599/592
f 595/1855 480/1911 476/1918 596/1863
f 489/1871 472/1926 468/1933 597/1882
f 490/606 466/653 493/635 598/602
f 488/1853 483/1908 480/1911 595/1855
f 491/598 496/627 498/623 492/594
f 596/1863 476/1918 472/1926 489/1871
f 599/592 500/621 502/617 600/590
f 465/666 494/658 493/635 466/653
f 495/671 494/658 465/666
f 494/658 497/654 496/627 493/635
f 495/671 497/654 494/658
f 497/654 499/648 498/623 496/627
f 495/671 499/648 497/654
f 495/671 501/646 499/648
f 499/648 501/646 500/621 498/623
f 501/646 503/644 502/617 500/621
f 495/671 503/644 501/646
f 771/529 773/542 514/541 105/526
f 743/1731 750/1771 512/1774 34/1737
f 82/535 510/549 513/546 93/532
f 11/1720 509/1763 511/1767 23/1726
f 53/1756 507/1793 508/1806 60/1784
f 71/547 506/553 510/549 82/535
f 45/1747 505/1787 507/1793 53/1756
f 34/1737 512/1774 505/1787 45/1747
f 60/552 508/567 506/553 71/547
f 105/526 514/541 504/536 117/523
f 546/489 547/485 525/472 524/477
f 756/491 546/489 524/477 751/479
f 544/509 545/497 523/483 522/496
f 543/517 544/509 522/496 521/510
f 542/528 543/517 521/510 520/520
f 541/1710 542/1738 520/1715 519/1678
f 540/1668 541/1710 519/1678 518/1632
f 539/1660 540/1668 518/1632 517/1635
f 755/1653 539/1660 517/1635 752/1627
f 537/1638 538/1645 516/1617 515/1615
f 524/477 525/472 536/461 535/466
f 751/479 524/477 535/466 753/467
f 522/496 523/483 534/470 533/482
f 521/510 522/496 533/482 532/494
f 520/520 521/510 532/494 531/516
f 519/1678 520/1715 531/1690 530/1650
f 518/1632 519/1678 530/1650 529/1597
f 517/1635 518/1632 529/1597 528/1612
f 752/1627 517/1635 528/1612 754/1601
f 515/1615 516/1617 527/1590 526/1588
f 10/1672 22/1675 538/1645 537/1638
f 741/1681 33/1688 539/1660 755/1653
f 33/1688 44/1701 540/1668 539/1660
f 44/1701 52/1735 541/1710 540/1668
f 52/1735 59/1758 542/1738 541/1710
f 59/539 70/521 543/517 542/528
f 70/521 81/515 544/509 543/517
f 81/515 92/512 545/497 544/509
f 769/505 104/503 546/489 756/491
f 104/503 116/499 547/485 546/489
f 629/309 630/295 566/296 554/311
f 736/878 757/865 559/866 12/875
f 106/310 568/292 567/293 94/307
f 550/883 561/870 560/863 549/881
f 46/884 562/873 561/870 550/883
f 551/887 563/879 562/873 46/884
f 552/318 564/304 563/314 551/322
f 553/315 565/301 564/304 552/318
f 554/311 566/296 565/301 553/315
f 12/875 559/866 558/864 548/876
f 564/304 575/288 574/302 563/314
f 565/301 576/286 575/288 564/304
f 566/296 577/282 576/286 565/301
f 559/866 570/849 569/853 558/864
f 630/295 631/281 577/282 566/296
f 757/865 758/852 570/849 559/866
f 568/292 579/277 578/276 567/293
f 561/870 572/856 571/850 560/863
f 562/873 573/859 572/856 561/870
f 563/879 574/862 573/859 562/873
f 576/286 587/271 586/275 575/288
f 577/282 588/267 587/271 576/286
f 570/849 581/837 580/836 569/853
f 631/281 632/265 588/267 577/282
f 758/852 759/838 581/837 570/849
f 579/277 590/261 589/262 578/276
f 572/856 583/845 582/840 571/850
f 573/859 584/847 583/845 572/856
f 574/862 585/857 584/847 573/859
f 575/288 586/275 585/289 574/302
f 584/847 638/834 637/832 583/845
f 585/857 591/842 638/834 584/847
f 586/275 639/260 591/273 585/289
f 587/271 592/258 639/260 586/275
f 588/267 640/254 592/258 587/271
f 581/837 635/825 634/824 580/836
f 632/265 641/252 640/254 588/267
f 759/838 778/827 635/825 581/837
f 590/261 594/248 593/249 589/262
f 583/845 637/832 636/830 582/840
f 477/1825 609/1846 610/1851 479/1835
f 481/568 607/583 608/582 484/565
f 486/558 605/572 606/570 487/554
f 473/1805 603/1831 604/1838 475/1812
f 484/565 608/582 602/578 485/562
f 469/1792 611/1819 601/1823 471/1795
f 479/579 610/585 607/583 481/568
f 475/1812 604/1838 609/1846 477/1825
f 749/1799 760/1826 603/1831 473/1805
f 772/560 777/574 605/572 486/558
f 485/562 602/578 633/575 624/561
f 776/263 779/250 641/252 632/265
f 775/278 776/263 632/265 631/281
f 774/294 775/278 631/281 630/295
f 764/308 774/294 630/295 629/309
f 92/512 620/508 628/493 545/497
f 523/483 626/480 627/468 534/470
f 545/497 628/493 626/480 523/483
f 93/532 513/546 625/544 622/530
f 86/395 613/394 623/381 126/383
f 513/546 485/562 624/561 625/544
f 126/383 623/381 621/362 85/363
f 93/532 622/530 620/508 92/512
f 85/363 621/362 619/346 84/345
f 534/470 627/468 618/458 91/459
f 84/345 619/346 617/333 83/336
f 91/459 618/458 616/444 90/446
f 83/336 617/333 629/309 554/311
f 90/446 616/444 615/429 89/431
f 89/431 615/429 614/418 88/420
f 88/420 614/418 612/407 87/408
f 87/408 612/407 613/394 86/395
f 641/252 653/228 647/233 640/254
f 778/827 780/809 643/805 635/825
f 594/248 652/222 648/223 593/249
f 637/832 645/817 644/813 636/830
f 638/834 646/821 645/817 637/832
f 591/842 649/823 646/821 638/834
f 639/260 650/244 649/247 591/273
f 779/250 781/226 653/228 641/252
f 592/258 651/237 650/244 639/260
f 640/254 647/233 651/237 592/258
f 635/825 643/805 642/806 634/824
f 653/228 665/214 662/216 647/233
f 780/809 782/790 655/784 643/805
f 652/222 664/195 663/202 648/223
f 645/817 657/803 656/794 644/813
f 646/821 658/811 657/803 645/817
f 649/823 659/819 658/811 646/821
f 650/244 660/238 659/243 649/247
f 781/226 783/207 665/214 653/228
f 651/237 661/225 660/238 650/244
f 647/233 662/216 661/225 651/237
f 643/805 655/784 654/777 642/806
f 662/216 674/210 673/218 661/225
f 655/784 667/775 666/768 654/777
f 665/214 677/204 674/210 662/216
f 782/790 784/782 667/775 655/784
f 664/195 676/183 675/189 663/202
f 657/803 669/798 668/788 656/794
f 658/811 670/802 669/798 657/803
f 659/819 671/815 670/802 658/811
f 660/238 672/234 671/239 659/243
f 783/207 785/196 677/204 665/214
f 661/225 673/218 672/234 660/238
f 667/775 679/753 678/755 666/768
f 677/204 689/187 686/198 674/210
f 784/782 786/769 679/753 667/775
f 676/183 688/167 687/165 675/189
f 669/798 681/792 680/780 668/788
f 670/802 682/796 681/792 669/798
f 671/815 683/800 682/796 670/802
f 672/234 684/219 683/227 671/239
f 785/196 787/180 689/187 677/204
f 673/218 685/206 684/219 672/234
f 674/210 686/198 685/206 673/218
f 688/167 696/148 697/146 687/165
f 691/88 693/33 692/31 690/86
f 690/86 714/90 713/122 695/119
f 699/713 717/718 715/687 692/682
f 681/792 704/773 702/766 680/780
f 701/728 712/735 717/718 699/713
f 697/146 716/149 711/158 687/165
f 695/119 713/122 716/149 697/146
f 786/769 788/762 703/749 679/753
f 693/684 698/716 699/713 692/682
f 694/121 691/88 690/86 695/119
f 689/187 710/178 709/182 686/198
f 692/31 715/29 714/90 690/86
f 696/148 694/121 695/119 697/146
f 686/198 709/182 708/191 685/206
f 787/180 789/172 710/178 689/187
f 685/206 708/191 707/200 684/219
f 684/219 707/200 706/211 683/227
f 683/800 706/786 705/778 682/796
f 698/716 700/730 701/728 699/713
f 679/753 703/749 712/735 701/728
f 682/796 705/778 704/773 681/792
f 700/730 678/755 679/753 701/728
f 713/122 729/105 732/132 716/149
f 710/178 726/161 725/168 709/182
f 709/182 725/168 724/174 708/191
f 708/191 724/174 723/185 707/200
f 716/149 732/132 727/140 711/158
f 715/29 731/21 730/70 714/90
f 703/749 719/741 728/722 712/735
f 707/200 723/185 722/193 706/211
f 706/786 722/771 721/764 705/778
f 789/172 791/153 726/161 710/178
f 717/718 733/707 731/678 715/687
f 714/90 730/70 729/105 713/122
f 705/778 721/764 720/760 704/773
f 704/773 720/760 718/756 702/766
f 788/762 790/747 719/741 703/749
f 712/735 728/722 733/707 717/718
f 726/161 801/143 800/151 725/168
f 730/70 807/58 806/95 729/105
f 725/168 800/151 799/157 724/174
f 732/132 816/115 818/126 727/140
f 724/174 799/157 798/170 723/185
f 728/722 803/711 821/699 733/707
f 723/185 798/170 797/176 722/193
f 727/140 818/126 802/138 791/153
f 719/741 793/724 803/711 728/722
f 722/771 797/758 796/751 721/764
f 718/756 795/739 792/733 790/747
f 721/764 796/751 794/745 720/760
f 729/105 806/95 816/115 732/132
f 733/707 821/699 812/664 731/678
f 791/153 802/138 801/143 726/161
f 720/760 794/745 795/739 718/756
f 731/21 812/13 807/58 730/70
f 790/747 792/733 793/724 719/741
f 702/766 718/756 790/747 788/762
f 711/158 727/140 791/153 789/172
f 687/165 711/158 789/172 787/180
f 680/780 702/766 788/762 786/769
f 675/189 687/165 787/180 785/196
f 668/788 680/780 786/769 784/782
f 663/202 675/189 785/196 783/207
f 656/794 668/788 784/782 782/790
f 648/223 663/202 783/207 781/226
f 644/813 656/794 782/790 780/809
f 593/249 648/223 781/226 779/250
f 636/830 644/813 780/809 778/827
f 94/307 567/293 774/294 764/308
f 567/293 578/276 775/278 774/294
f 578/276 589/262 776/263 775/278
f 589/262 593/249 779/250 776/263
f 624/561 633/575 777/574 772/560
f 471/1795 601/1823 760/1826 749/1799
f 582/840 636/830 778/827 759/838
f 571/850 582/840 759/838 758/852
f 560/863 571/850 758/852 757/865
f 549/881 560/863 757/865 736/878
f 620/508 769/505 756/491 628/493
f 22/1675 741/1681 755/1653 538/1645
f 516/1617 752/1627 754/1601 527/1590
f 626/480 751/479 753/467 627/468
f 538/1645 755/1653 752/1627 516/1617
f 628/493 756/491 751/479 626/480
f 23/1726 511/1767 750/1771 743/1731
f 622/530 625/544 773/542 771/529
f 16/1122 744/1124 748/1069 119/1067
f 613/394 746/393 747/379 623/381
f 625/544 624/561 772/560 773/542
f 511/1767 471/1795 749/1799 750/1771
f 623/381 747/379 770/359 621/362
f 622/530 771/529 769/505 620/508
f 621/362 770/359 768/347 619/346
f 627/468 753/467 767/457 618/458
f 619/346 768/347 766/334 617/333
f 618/458 767/457 765/441 616/444
f 617/333 766/334 764/308 629/309
f 616/444 765/441 763/427 615/429
f 615/429 763/427 762/415 614/418
f 614/418 762/415 761/405 612/407
f 612/407 761/405 746/393 613/394
f 18/1353 735/1354 745/1239 17/1238
f 17/1238 745/1239 744/1124 16/1122
f 119/1067 748/1069 742/958 15/955
f 23/1726 743/1731 741/1681 22/1675
f 15/955 742/958 740/906 14/905
f 527/1590 754/1601 739/1577 21/1569
f 14/905 740/906 738/889 13/890
f 21/1569 739/1577 737/1503 20/1495
f 13/890 738/889 736/878 12/875
f 20/1495 737/1503 734/1444 19/1440
f 19/1440 734/1444 735/1354 18/1353
f 816/115 839/101 840/113 818/126
f 798/170 830/155 829/162 797/176
f 795/739 827/726 824/720 792/733
f 797/758 829/743 828/737 796/751
f 821/699 841/680 838/638 812/664
f 796/751 828/737 826/731 794/745
f 793/724 825/709 835/697 803/711
f 794/745 826/731 827/726 795/739
f 802/138 834/124 833/130 801/143
f 803/711 835/697 841/680 821/699
f 807/58 837/42 836/78 806/95
f 792/733 824/720 825/709 793/724
f 812/13 838/9 837/42 807/58
f 801/143 833/130 832/136 800/151
f 806/95 836/78 839/101 816/115
f 800/151 832/136 831/142 799/157
f 799/157 831/142 830/155 798/170
f 818/126 840/113 834/124 802/138
f 834/124 809/98 810/103 833/130
f 836/78 842/50 849/74 839/101
f 837/42 843/25 842/50 836/78
f 824/720 823/693 822/685 825/709
f 833/130 810/103 811/109 832/136
f 832/136 811/109 813/116 831/142
f 840/113 851/83 809/98 834/124
f 839/101 849/74 851/83 840/113
f 831/142 813/116 814/128 830/155
f 827/726 819/701 823/693 824/720
f 830/155 814/128 815/133 829/162
f 841/680 854/650 845/611 838/638
f 829/743 815/715 817/705 828/737
f 828/737 817/705 820/703 826/731
f 825/709 822/685 808/669 835/697
f 835/697 808/669 854/650 841/680
f 826/731 820/703 819/701 827/726
f 838/9 845/7 843/25 837/42
f 1637/651 1674/620 1666/637 1595/670
f 1629/51 1661/37 1658/20 1630/26
f 1602/135 1657/112 1660/108 1601/129
f 811/109 1652/93 1644/97 813/116
f 1601/129 1660/108 1662/99 1600/118
f 810/103 1651/80 1652/93 811/109
f 854/650 1656/619 1641/600 845/611
f 526/1588 9/1567 865/1564 1348/1586
f 3/934 2/904 858/910 859/941
f 11/1720 10/1672 866/1673 867/1724
f 118/1065 3/934 859/941 955/1068
f 5/1227 4/1113 860/1120 861/1229
f 6/1351 5/1227 861/1229 862/1348
f 7/1442 6/1351 862/1348 863/1433
f 8/1493 7/1442 863/1433 864/1491
f 1/891 548/876 856/877 857/894
f 9/1567 8/1493 864/1491 865/1564
f 2/904 1/891 857/894 858/910
f 1519/1435 1520/1345 874/1343 875/1436
f 1522/1496 1519/1435 875/1436 876/1500
f 1523/895 1521/880 868/882 869/896
f 1524/1572 1522/1496 876/1500 877/1579
f 1525/911 1523/895 869/896 870/912
f 1539/1599 1524/1572 877/1579 1349/1602
f 1527/956 1525/911 870/912 871/980
f 1528/1730 1526/1679 878/1685 879/1734
f 1533/1070 1527/956 871/980 956/1072
f 1530/1230 1529/1118 872/1121 873/1233
f 1520/1345 1530/1230 873/1233 874/1343
f 871/980 870/912 882/913 883/967
f 879/1734 878/1685 890/1696 891/1746
f 956/1072 871/980 883/967 957/1056
f 873/1233 872/1121 884/1076 885/1205
f 874/1343 873/1233 885/1205 886/1372
f 875/1436 874/1343 886/1372 887/1471
f 876/1500 875/1436 887/1471 888/1533
f 869/896 868/882 880/885 881/898
f 877/1579 876/1500 888/1533 889/1556
f 870/912 869/896 881/898 882/913
f 1349/1602 877/1579 889/1556 1350/1583
f 881/898 880/885 892/892 893/901
f 882/913 881/898 893/901 894/915
f 1350/1583 889/1556 897/1609 1351/1639
f 883/967 882/913 894/915 895/942
f 891/1746 890/1696 898/1727 899/1750
f 957/1056 883/967 895/942 958/1012
f 899/1750 898/1727 906/1751 907/1779
f 958/1012 895/942 903/936 959/1011
f 893/901 892/892 900/900 901/902
f 894/915 893/901 901/902 902/914
f 1351/1639 897/1609 905/1652 1352/1680
f 895/942 894/915 902/914 903/936
f 901/325 900/324 908/321 909/329
f 902/327 901/325 909/329 910/350
f 1352/511 905/495 917/469 1353/484
f 903/353 902/327 910/350 911/364
f 907/550 906/533 918/519 919/545
f 959/369 903/353 911/364 960/380
f 1338/537 504/536 487/554 1318/555
f 1333/564 1331/551 1315/566 1313/577
f 1336/1772 1330/1781 1309/1809 1307/1804
f 913/417 912/397 924/392 925/403
f 914/432 913/417 925/403 926/419
f 915/436 914/432 926/419 927/433
f 916/449 915/436 927/433 928/447
f 909/329 908/321 920/319 921/344
f 917/469 916/449 928/447 929/463
f 910/350 909/329 921/344 922/354
f 1353/484 917/469 929/463 1354/475
f 911/364 910/350 922/354 923/368
f 919/545 918/519 930/514 931/534
f 960/380 911/364 923/368 961/382
f 921/344 920/319 932/317 933/341
f 929/463 928/447 940/442 941/455
f 922/354 921/344 933/341 934/352
f 1354/475 929/463 941/455 1355/465
f 923/368 922/354 934/352 935/367
f 931/534 930/514 942/506 943/531
f 961/382 923/368 935/367 962/375
f 1330/1781 1332/1786 1311/1816 1309/1809
f 925/403 924/392 936/391 937/406
f 926/419 925/403 937/406 938/416
f 927/433 926/419 938/416 939/430
f 928/447 927/433 939/430 940/442
f 1547/402 1531/389 947/387 948/400
f 1548/412 1547/402 948/400 949/411
f 1549/424 1548/412 949/411 950/423
f 1551/438 1549/424 950/423 951/440
f 1552/338 1550/313 555/312 944/340
f 1553/451 1551/438 951/440 952/454
f 1554/349 1552/338 944/340 945/343
f 1538/460 1553/451 952/454 1356/462
f 1556/365 1554/349 945/343 946/356
f 1557/525 1555/502 953/500 954/524
f 1532/372 1556/365 946/356 963/374
f 952/454 951/440 114/445 115/453
f 945/343 944/340 107/337 108/342
f 1356/462 952/454 115/453 536/461
f 946/356 945/343 108/342 109/358
f 954/524 953/500 116/499 117/523
f 963/374 946/356 109/358 128/370
f 1331/551 1334/548 1316/563 1315/566
f 948/400 947/387 110/386 111/398
f 949/411 948/400 111/398 112/410
f 950/423 949/411 112/410 113/428
f 951/440 950/423 113/428 114/445
f 944/340 555/312 106/310 107/337
f 1332/1786 1333/1803 1313/1829 1311/1816
f 509/1763 1335/1766 1305/1794 469/1792
f 1334/548 1337/543 1317/559 1316/563
f 1535/1769 1336/1772 1307/1804 1534/1798
f 1559/538 1338/537 1318/555 1558/556
f 947/387 963/374 128/370 110/386
f 1531/389 1532/372 963/374 947/387
f 924/392 961/382 962/375 936/391
f 912/397 960/380 961/382 924/392
f 904/377 959/369 960/380 912/397
f 896/1064 958/1012 959/1011 904/1016
f 884/1076 957/1056 958/1012 896/1064
f 872/1121 956/1072 957/1056 884/1076
f 1529/1118 1533/1070 956/1072 872/1121
f 4/1113 118/1065 955/1068 860/1120
f 886/1531 885/1319 965/1318 966/1530
f 905/1813 897/1778 971/1759 973/1801
f 887/1610 886/1531 966/1530 967/1603
f 896/1053 904/979 972/972 970/1044
f 912/1951 913/1932 975/1922 974/1944
f 888/1683 887/1610 967/1603 968/1669
f 884/1116 896/1053 970/1044 964/1111
f 913/1932 914/1919 976/1903 975/1922
f 904/1957 912/1951 974/1944 972/1952
f 889/1722 888/1683 968/1669 969/1713
f 914/1919 915/1907 977/1897 976/1903
f 897/1778 889/1722 969/1713 971/1759
f 915/1907 916/1913 978/1887 977/1897
f 917/1875 905/1813 973/1801 979/1858
f 916/1913 917/1875 979/1858 978/1887
f 885/1319 884/1116 964/1111 965/1318
f 1284/1749 1285/1703 985/1692 987/1742
f 1286/1873 1287/1844 995/1833 994/1857
f 1288/1119 1289/1036 986/1029 980/1126
f 1287/1844 1290/1783 989/1773 995/1833
f 1289/1036 1291/964 988/954 986/1029
f 1292/1329 1288/1119 980/1126 981/1336
f 1291/1941 1293/1930 990/1912 988/1929
f 1290/1783 1284/1749 987/1742 989/1773
f 1294/1532 1292/1329 981/1336 982/1536
f 1293/1930 1295/1902 991/1890 990/1912
f 1296/1605 1294/1532 982/1536 983/1604
f 1295/1902 1297/1892 992/1876 991/1890
f 1298/1663 1296/1605 983/1604 984/1656
f 1297/1892 1299/1885 993/1869 992/1876
f 1285/1703 1298/1663 984/1656 985/1692
f 1299/1885 1286/1873 994/1857 993/1869
f 1252/1864 1253/1842 1008/1800 1007/1837
f 1254/1611 1255/1571 999/1552 1000/1573
f 1253/1842 1256/1814 1009/1764 1008/1800
f 1257/1634 1254/1611 1000/1573 1001/1589
f 1256/1814 1258/1797 1010/1723 1009/1764
f 1259/1686 1257/1634 1001/1589 1003/1633
f 1258/1797 1260/1762 1011/1704 1010/1723
f 1261/1128 1262/1032 1002/1033 996/1130
f 1260/1762 1263/1719 1005/1667 1011/1704
f 1262/1032 1264/951 1004/949 1002/1033
f 1265/1313 1261/1128 996/1130 997/1296
f 1264/1921 1266/1895 1006/1881 1004/1914
f 1263/1719 1259/1686 1003/1633 1005/1667
f 1267/1516 1265/1313 997/1296 998/1492
f 1266/1895 1252/1864 1007/1837 1006/1881
f 1255/1571 1267/1516 998/1492 999/1552
f 1004/1914 1006/1881 1022/1848 1020/1889
f 1005/1667 1003/1633 1019/1557 1021/1595
f 998/1492 997/1296 1013/1213 1014/1279
f 1006/1881 1007/1837 1023/1817 1022/1848
f 999/1552 998/1492 1014/1279 1015/1422
f 1007/1837 1008/1800 1024/1782 1023/1817
f 1000/1573 999/1552 1015/1422 1016/1468
f 1008/1800 1009/1764 1025/1745 1024/1782
f 1001/1589 1000/1573 1016/1468 1017/1518
f 1009/1764 1010/1723 1026/1711 1025/1745
f 1003/1633 1001/1589 1017/1518 1019/1557
f 1010/1723 1011/1704 1027/1654 1026/1711
f 996/1130 1002/1033 1018/1005 1012/1075
f 1011/1704 1005/1667 1021/1595 1027/1654
f 1002/1033 1004/949 1020/929 1018/1005
f 997/1296 996/1130 1012/1075 1013/1213
f 1022/1848 1023/1817 1039/1802 1038/1822
f 1015/1422 1014/1279 1030/1245 1031/1371
f 1023/1817 1024/1782 1040/1770 1039/1802
f 1016/1468 1015/1422 1031/1371 1032/1428
f 1024/1782 1025/1745 1041/1732 1040/1770
f 1017/1518 1016/1468 1032/1428 1033/1485
f 1025/1745 1026/1711 1042/1695 1041/1732
f 1019/1557 1017/1518 1033/1485 1035/1543
f 1026/1711 1027/1654 1043/1636 1042/1695
f 1012/1075 1018/1005 1034/991 1028/1066
f 1027/1654 1021/1595 1037/1575 1043/1636
f 1018/1005 1020/929 1036/925 1034/991
f 1013/1213 1012/1075 1028/1066 1029/1179
f 1020/1889 1022/1848 1038/1822 1036/1868
f 1021/1595 1019/1557 1035/1543 1037/1575
f 1014/1279 1013/1213 1029/1179 1030/1245
f 1043/1636 1037/1575 1053/1553 1059/1606
f 1034/991 1036/925 1052/921 1050/981
f 1029/1179 1028/1066 1044/1061 1045/1159
f 1036/1868 1038/1822 1054/1780 1052/1832
f 1037/1575 1035/1543 1051/1528 1053/1553
f 1030/1245 1029/1179 1045/1159 1046/1217
f 1038/1822 1039/1802 1055/1761 1054/1780
f 1031/1371 1030/1245 1046/1217 1047/1322
f 1039/1802 1040/1770 1056/1736 1055/1761
f 1032/1428 1031/1371 1047/1322 1048/1382
f 1040/1770 1041/1732 1057/1698 1056/1736
f 1033/1485 1032/1428 1048/1382 1049/1451
f 1041/1732 1042/1695 1058/1662 1057/1698
f 1035/1543 1033/1485 1049/1451 1051/1528
f 1042/1695 1043/1636 1059/1606 1058/1662
f 1028/1066 1034/991 1050/981 1044/1061
f 1045/1159 1044/1061 1060/1057 1061/1148
f 1052/1832 1054/1780 1070/1741 1068/1757
f 1053/1553 1051/1528 1067/1490 1069/1537
f 1046/1217 1045/1159 1061/1148 1062/1204
f 1054/1780 1055/1761 1071/1717 1070/1741
f 1047/1322 1046/1217 1062/1204 1063/1293
f 1055/1761 1056/1736 1072/1689 1071/1717
f 1048/1382 1047/1322 1063/1293 1064/1337
f 1056/1736 1057/1698 1073/1655 1072/1689
f 1049/1451 1048/1382 1064/1337 1065/1410
f 1057/1698 1058/1662 1074/1620 1073/1655
f 1051/1528 1049/1451 1065/1410 1067/1490
f 1058/1662 1059/1606 1075/1570 1074/1620
f 1044/1061 1050/981 1066/973 1060/1057
f 1059/1606 1053/1553 1069/1537 1075/1570
f 1050/981 1052/921 1068/917 1066/973
f 1073/1655 1074/1620 1090/1585 1089/1619
f 1067/1490 1065/1410 1081/1391 1083/1462
f 1074/1620 1075/1570 1091/1550 1090/1585
f 1060/1057 1066/973 1082/974 1076/1058
f 1075/1570 1069/1537 1085/1509 1091/1550
f 1066/973 1068/917 1084/920 1082/974
f 1061/1148 1060/1057 1076/1058 1077/1154
f 1068/1757 1070/1741 1086/1707 1084/1706
f 1069/1537 1067/1490 1083/1462 1085/1509
f 1062/1204 1061/1148 1077/1154 1078/1201
f 1070/1741 1071/1717 1087/1674 1086/1707
f 1063/1293 1062/1204 1078/1201 1079/1285
f 1071/1717 1072/1689 1088/1646 1087/1674
f 1064/1337 1063/1293 1079/1285 1080/1326
f 1072/1689 1073/1655 1089/1619 1088/1646
f 1065/1410 1064/1337 1080/1326 1081/1391
f 1079/1285 1078/1201 1094/1183 1095/1264
f 1087/1674 1088/1646 1104/1587 1103/1613
f 1080/1326 1079/1285 1095/1264 1096/1295
f 1088/1646 1089/1619 1105/1566 1104/1587
f 1081/1391 1080/1326 1096/1295 1097/1342
f 1089/1619 1090/1585 1106/1547 1105/1566
f 1083/1462 1081/1391 1097/1342 1099/1416
f 1090/1585 1091/1550 1107/1513 1106/1547
f 1076/1058 1082/974 1098/982 1092/1059
f 1091/1550 1085/1509 1101/1463 1107/1513
f 1082/974 1084/920 1100/924 1098/982
f 1077/1154 1076/1058 1092/1059 1093/1146
f 1084/1706 1086/1707 1102/1644 1100/1628
f 1085/1509 1083/1462 1099/1416 1101/1463
f 1078/1201 1077/1154 1093/1146 1094/1183
f 1086/1707 1087/1674 1103/1613 1102/1644
f 1107/1513 1101/1463 1117/1419 1123/1472
f 1098/982 1100/924 1116/928 1114/988
f 1093/1146 1092/1059 1108/1060 1109/1139
f 1100/1628 1102/1644 1118/1568 1116/1555
f 1101/1463 1099/1416 1115/1363 1117/1419
f 1094/1183 1093/1146 1109/1139 1110/1172
f 1102/1644 1103/1613 1119/1554 1118/1568
f 1095/1264 1094/1183 1110/1172 1111/1246
f 1103/1613 1104/1587 1120/1544 1119/1554
f 1096/1295 1095/1264 1111/1246 1112/1266
f 1104/1587 1105/1566 1121/1535 1120/1544
f 1097/1342 1096/1295 1112/1266 1113/1301
f 1105/1566 1106/1547 1122/1514 1121/1535
f 1099/1416 1097/1342 1113/1301 1115/1363
f 1106/1547 1107/1513 1123/1472 1122/1514
f 1092/1059 1098/982 1114/988 1108/1060
f 1113/1301 1112/1266 1128/1224 1129/1255
f 1121/1535 1122/1514 1138/1460 1137/1480
f 1115/1363 1113/1301 1129/1255 1131/1294
f 1122/1514 1123/1472 1139/1409 1138/1460
f 1108/1060 1114/988 1130/993 1124/1039
f 1123/1472 1117/1419 1133/1339 1139/1409
f 1114/988 1116/928 1132/932 1130/993
f 1109/1139 1108/1060 1124/1039 1125/1103
f 1116/1555 1118/1568 1134/1534 1132/1517
f 1117/1419 1115/1363 1131/1294 1133/1339
f 1110/1172 1109/1139 1125/1103 1126/1141
f 1118/1568 1119/1554 1135/1522 1134/1534
f 1111/1246 1110/1172 1126/1141 1127/1200
f 1119/1554 1120/1544 1136/1499 1135/1522
f 1112/1266 1111/1246 1127/1200 1128/1224
f 1120/1544 1121/1535 1137/1480 1136/1499
f 1229/1000 1220/948 1148/957 1146/1003
f 1230/1094 1221/1052 1140/1055 1141/1092
f 1220/1469 1222/1477 1150/1459 1148/1456
f 1231/1289 1223/1261 1147/1254 1149/1276
f 1232/1135 1230/1094 1141/1092 1142/1132
f 1222/1477 1224/1464 1151/1445 1150/1459
f 1233/1178 1232/1135 1142/1132 1143/1170
f 1224/1464 1225/1449 1152/1426 1151/1445
f 1234/1198 1233/1178 1143/1170 1144/1193
f 1225/1449 1226/1425 1153/1403 1152/1426
f 1235/1226 1234/1198 1144/1193 1145/1218
f 1226/1425 1227/1401 1154/1369 1153/1403
f 1223/1261 1235/1226 1145/1218 1147/1254
f 1227/1401 1228/1338 1155/1316 1154/1369
f 1221/1052 1229/1000 1146/1003 1140/1055
f 1228/1338 1231/1289 1149/1276 1155/1316
f 1144/1193 1143/1170 1159/1162 1160/1182
f 1152/1426 1153/1403 1169/1383 1168/1412
f 1145/1218 1144/1193 1160/1182 1161/1211
f 1153/1403 1154/1369 1170/1350 1169/1383
f 1147/1254 1145/1218 1161/1211 1163/1243
f 1154/1369 1155/1316 1171/1299 1170/1350
f 1140/1055 1146/1003 1162/1004 1156/1051
f 1155/1316 1149/1276 1165/1267 1171/1299
f 1146/1003 1148/957 1164/965 1162/1004
f 1141/1092 1140/1055 1156/1051 1157/1089
f 1148/1456 1150/1459 1166/1437 1164/1438
f 1149/1276 1147/1254 1163/1243 1165/1267
f 1142/1132 1141/1092 1157/1089 1158/1123
f 1150/1459 1151/1445 1167/1429 1166/1437
f 1143/1170 1142/1132 1158/1123 1159/1162
f 1151/1445 1152/1426 1168/1412 1167/1429
f 1165/1267 1163/1243 1179/1236 1181/1259
f 1158/1123 1157/1089 1173/1087 1174/1115
f 1166/1437 1167/1429 1183/1414 1182/1418
f 1159/1162 1158/1123 1174/1115 1175/1158
f 1167/1429 1168/1412 1184/1397 1183/1414
f 1160/1182 1159/1162 1175/1158 1176/1175
f 1168/1412 1169/1383 1185/1362 1184/1397
f 1161/1211 1160/1182 1176/1175 1177/1199
f 1169/1383 1170/1350 1186/1334 1185/1362
f 1163/1243 1161/1211 1177/1199 1179/1236
f 1170/1350 1171/1299 1187/1288 1186/1334
f 1156/1051 1162/1004 1178/1006 1172/1050
f 1171/1299 1165/1267 1181/1259 1187/1288
f 1162/1004 1164/965 1180/971 1178/1006
f 1157/1089 1156/1051 1172/1050 1173/1087
f 1164/1438 1166/1437 1182/1418 1180/1421
f 1186/1334 1187/1288 1203/1271 1202/1304
f 1172/1050 1178/1006 1194/1007 1188/1046
f 1187/1288 1181/1259 1197/1247 1203/1271
f 1178/1006 1180/971 1196/975 1194/1007
f 1173/1087 1172/1050 1188/1046 1189/1082
f 1180/1421 1182/1418 1198/1386 1196/1392
f 1181/1259 1179/1236 1195/1219 1197/1247
f 1174/1115 1173/1087 1189/1082 1190/1104
f 1182/1418 1183/1414 1199/1377 1198/1386
f 1175/1158 1174/1115 1190/1104 1191/1150
f 1183/1414 1184/1397 1200/1356 1199/1377
f 1176/1175 1175/1158 1191/1150 1192/1163
f 1184/1397 1185/1362 1201/1330 1200/1356
f 1177/1199 1176/1175 1192/1163 1193/1185
f 1185/1362 1186/1334 1202/1304 1201/1330
f 1179/1236 1177/1199 1193/1185 1195/1219
f 1251/1390 1238/1323 1209/1303 1219/1364
f 1244/1042 1236/995 1204/998 1207/1045
f 1250/1441 1251/1390 1219/1364 1218/1420
f 1246/1283 1242/1251 1217/1240 1210/1270
f 1249/1465 1250/1441 1218/1420 1216/1450
f 1242/1251 1241/1214 1215/1208 1217/1240
f 1248/1482 1249/1465 1216/1450 1214/1466
f 1241/1214 1240/1195 1213/1184 1215/1208
f 1247/1502 1248/1482 1214/1466 1212/1484
f 1240/1195 1239/1140 1211/1137 1213/1184
f 1245/1520 1247/1502 1212/1484 1208/1497
f 1239/1140 1237/1099 1206/1097 1211/1137
f 1238/1323 1246/1283 1210/1270 1209/1303
f 1243/1498 1245/1520 1208/1497 1205/1483
f 1237/1099 1244/1042 1207/1045 1206/1097
f 1236/995 1243/935 1205/943 1204/998
f 1219/1364 1209/1303 1231/1289 1228/1338
f 1207/1045 1204/998 1229/1000 1221/1052
f 1218/1420 1219/1364 1228/1338 1227/1401
f 1210/1270 1217/1240 1235/1226 1223/1261
f 1216/1450 1218/1420 1227/1401 1226/1425
f 1217/1240 1215/1208 1234/1198 1235/1226
f 1214/1466 1216/1450 1226/1425 1225/1449
f 1215/1208 1213/1184 1233/1178 1234/1198
f 1212/1484 1214/1466 1225/1449 1224/1464
f 1213/1184 1211/1137 1232/1135 1233/1178
f 1208/1497 1212/1484 1224/1464 1222/1477
f 1211/1137 1206/1097 1230/1094 1232/1135
f 1209/1303 1210/1270 1223/1261 1231/1289
f 1205/1483 1208/1497 1222/1477 1220/1469
f 1206/1097 1207/1045 1221/1052 1230/1094
f 1204/998 1205/943 1220/948 1229/1000
f 1130/993 1132/932 1243/935 1236/995
f 1125/1103 1124/1039 1244/1042 1237/1099
f 1132/1517 1134/1534 1245/1520 1243/1498
f 1133/1339 1131/1294 1246/1283 1238/1323
f 1126/1141 1125/1103 1237/1099 1239/1140
f 1134/1534 1135/1522 1247/1502 1245/1520
f 1127/1200 1126/1141 1239/1140 1240/1195
f 1135/1522 1136/1499 1248/1482 1247/1502
f 1128/1224 1127/1200 1240/1195 1241/1214
f 1136/1499 1137/1480 1249/1465 1248/1482
f 1129/1255 1128/1224 1241/1214 1242/1251
f 1137/1480 1138/1460 1250/1441 1249/1465
f 1131/1294 1129/1255 1242/1251 1246/1283
f 1138/1460 1139/1409 1251/1390 1250/1441
f 1124/1039 1130/993 1236/995 1244/1042
f 1139/1409 1133/1339 1238/1323 1251/1390
f 1276/1584 1274/1527 1267/1516 1255/1571
f 1283/1901 1268/1877 1252/1864 1266/1895
f 1274/1527 1273/1327 1265/1313 1267/1516
f 1281/1744 1271/1714 1259/1686 1263/1719
f 1282/1927 1283/1901 1266/1895 1264/1921
f 1273/1327 1272/1127 1261/1128 1265/1313
f 1280/1031 1282/952 1264/951 1262/1032
f 1279/1796 1281/1744 1263/1719 1260/1762
f 1272/1127 1280/1031 1262/1032 1261/1128
f 1278/1830 1279/1796 1260/1762 1258/1797
f 1271/1714 1270/1664 1257/1634 1259/1686
f 1277/1845 1278/1830 1258/1797 1256/1814
f 1270/1664 1269/1629 1254/1611 1257/1634
f 1275/1859 1277/1845 1256/1814 1253/1842
f 1269/1629 1276/1584 1255/1571 1254/1611
f 1268/1877 1275/1859 1253/1842 1252/1864
f 991/1890 992/1876 1275/1859 1268/1877
f 984/1656 983/1604 1276/1584 1269/1629
f 992/1876 993/1869 1277/1845 1275/1859
f 985/1692 984/1656 1269/1629 1270/1664
f 993/1869 994/1857 1278/1830 1277/1845
f 987/1742 985/1692 1270/1664 1271/1714
f 994/1857 995/1833 1279/1796 1278/1830
f 980/1126 986/1029 1280/1031 1272/1127
f 995/1833 989/1773 1281/1744 1279/1796
f 986/1029 988/954 1282/952 1280/1031
f 981/1336 980/1126 1272/1127 1273/1327
f 988/1929 990/1912 1283/1901 1282/1927
f 989/1773 987/1742 1271/1714 1281/1744
f 982/1536 981/1336 1273/1327 1274/1527
f 990/1912 991/1890 1268/1877 1283/1901
f 983/1604 982/1536 1274/1527 1276/1584
f 977/1897 978/1887 1286/1873 1299/1885
f 969/1713 968/1669 1298/1663 1285/1703
f 976/1903 977/1897 1299/1885 1297/1892
f 968/1669 967/1603 1296/1605 1298/1663
f 975/1922 976/1903 1297/1892 1295/1902
f 967/1603 966/1530 1294/1532 1296/1605
f 974/1944 975/1922 1295/1902 1293/1930
f 966/1530 965/1318 1292/1329 1294/1532
f 973/1801 971/1759 1284/1749 1290/1783
f 972/1952 974/1944 1293/1930 1291/1941
f 965/1318 964/1111 1288/1119 1292/1329
f 970/1044 972/972 1291/964 1289/1036
f 979/1858 973/1801 1290/1783 1287/1844
f 964/1111 970/1044 1289/1036 1288/1119
f 978/1887 979/1858 1287/1844 1286/1873
f 971/1759 969/1713 1285/1703 1284/1749
f 495/1956 1302/1948 1300/1953
f 1302/1948 1303/1931 1301/1943 1300/1953
f 495/1956 1304/1942 1302/1948
f 1304/1942 1306/1923 1303/1931 1302/1948
f 495/1956 1308/1939 1304/1942
f 1308/1939 1310/1916 1306/1923 1304/1942
f 495/1956 1312/1935 1308/1939
f 1312/1935 1314/1909 1310/1916 1308/1939
f 495/1956 482/1934 1312/1935
f 482/1934 483/1908 1314/1909 1312/1935
f 1403/576 1433/573 1321/593
f 1402/1821 1546/1824 1404/1827 1397/1860 1396/1854
f 1405/1836 1409/1843 1399/1878 1398/1867
f 1410/584 1407/581 1400/599 1319/605
f 611/1819 1402/1821 1396/1854 488/1853
f 1408/580 1403/576 1321/593 1320/595
f 1404/1827 1405/1836 1398/1867 1397/1860
f 1406/569 606/570 600/590 1401/591
f 1407/581 1408/580 1320/595 1400/599
f 1409/1843 1410/1847 1319/1888 1399/1878
f 1400/599 1320/595 1324/626 1322/632
f 1399/1878 1319/1888 1301/1943 1303/1931
f 1321/593 1401/591 1328/618 1326/622
f 1396/1854 1397/1860 1310/1916 1314/1909
f 1398/1867 1399/1878 1303/1931 1306/1923
f 1319/605 1400/599 1322/632 1301/649
f 488/1853 1396/1854 1314/1909 483/1908
f 1320/595 1321/593 1326/622 1324/626
f 1397/1860 1398/1867 1306/1923 1310/1916
f 1401/591 600/590 502/617 1328/618
f 1300/663 1301/649 1322/632 1323/657
f 495/671 1300/663 1323/657
f 1323/657 1322/632 1324/626 1325/652
f 495/671 1323/657 1325/652
f 1325/652 1324/626 1326/622 1327/647
f 495/671 1325/652 1327/647
f 495/671 1327/647 1329/645
f 1327/647 1326/622 1328/618 1329/645
f 1329/645 1328/618 502/617 503/644
f 495/671 1329/645 503/644
f 1557/525 954/524 1338/537 1559/538
f 1528/1730 879/1734 1336/1772 1535/1769
f 931/534 943/531 1337/543 1334/548
f 11/1720 867/1724 1335/1766 509/1763
f 899/1750 907/1779 1333/1803 1332/1786
f 919/545 931/534 1334/548 1331/551
f 891/1746 899/1750 1332/1786 1330/1781
f 879/1734 891/1746 1330/1781 1336/1772
f 907/550 919/545 1331/551 1333/564
f 954/524 117/523 504/536 1338/537
f 1365/486 1347/473 525/472 547/485
f 1541/488 1536/474 1347/473 1365/486
f 1363/501 1345/487 1346/478 1364/492
f 1362/513 1344/498 1345/487 1363/501
f 1361/522 1343/518 1344/498 1362/513
f 1360/1700 1342/1670 1343/1708 1361/1729
f 1359/1661 1341/1624 1342/1670 1360/1700
f 1358/1658 1340/1630 1341/1624 1359/1661
f 1540/1647 1537/1625 1340/1630 1358/1658
f 537/1638 515/1615 1339/1614 1357/1640
f 1347/473 1356/462 536/461 525/472
f 1536/474 1538/460 1356/462 1347/473
f 1345/487 1354/475 1355/465 1346/478
f 1344/498 1353/484 1354/475 1345/487
f 1343/518 1352/511 1353/484 1344/498
f 1342/1670 1351/1639 1352/1680 1343/1708
f 1341/1624 1350/1583 1351/1639 1342/1670
f 1340/1630 1349/1602 1350/1583 1341/1624
f 1537/1625 1539/1599 1349/1602 1340/1630
f 515/1615 526/1588 1348/1586 1339/1614
f 10/1672 537/1638 1357/1640 866/1673
f 1526/1679 1540/1647 1358/1658 878/1685
f 878/1685 1358/1658 1359/1661 890/1696
f 890/1696 1359/1661 1360/1700 898/1727
f 898/1727 1360/1700 1361/1729 906/1751
f 906/533 1361/522 1362/513 918/519
f 918/519 1362/513 1363/501 930/514
f 930/514 1363/501 1364/492 942/506
f 1555/502 1541/488 1365/486 953/500
f 953/500 1365/486 547/485 116/499
f 1415/316 932/317 1374/300 1429/299
f 1521/880 856/877 1367/867 1542/869
f 106/310 555/312 1375/297 568/292
f 880/885 868/882 1368/868 1369/872
f 892/892 880/885 1369/872 1370/874
f 900/900 892/892 1370/874 1371/886
f 908/321 900/324 1371/320 1372/306
f 920/319 908/321 1372/306 1373/303
f 932/317 920/319 1373/303 1374/300
f 856/877 548/876 558/864 1367/867
f 1372/306 1371/320 1380/305 1381/290
f 1373/303 1372/306 1381/290 1382/287
f 1374/300 1373/303 1382/287 1383/285
f 1367/867 558/864 569/853 1376/851
f 1429/299 1374/300 1383/285 1430/284
f 1542/869 1367/867 1376/851 1543/855
f 568/292 1375/297 1384/279 579/277
f 1369/872 1368/868 1377/854 1378/858
f 1370/874 1369/872 1378/858 1379/861
f 1371/886 1370/874 1379/861 1380/871
f 1382/287 1381/290 1390/280 1391/272
f 1383/285 1382/287 1391/272 1392/270
f 1376/851 569/853 580/836 1385/839
f 1430/284 1383/285 1392/270 1431/269
f 1543/855 1376/851 1385/839 1544/841
f 579/277 1384/279 1393/264 590/261
f 1378/858 1377/854 1386/844 1387/846
f 1379/861 1378/858 1387/846 1388/848
f 1380/871 1379/861 1388/848 1389/860
f 1381/290 1380/305 1389/291 1390/280
f 1388/848 1387/846 1395/833 1435/835
f 1389/860 1388/848 1435/835 1436/843
f 1390/280 1389/291 1436/274 1437/266
f 1391/272 1390/280 1437/266 1438/259
f 1392/270 1391/272 1438/259 1439/256
f 1385/839 580/836 634/824 1434/826
f 1431/269 1392/270 1439/256 1432/255
f 1544/841 1385/839 1434/826 1545/829
f 590/261 1393/264 1440/251 594/248
f 1387/846 1386/844 1394/831 1395/833
f 1311/1816 1313/1829 1410/1847 1409/1843
f 1315/566 1316/563 1408/580 1407/581
f 1318/555 487/554 606/570 1406/569
f 1307/1804 1309/1809 1405/1836 1404/1827
f 1316/563 1317/559 1403/576 1408/580
f 469/1792 1305/1794 1402/1821 611/1819
f 1313/577 1315/566 1407/581 1410/584
f 1309/1809 1311/1816 1409/1843 1405/1836
f 1534/1798 1307/1804 1404/1827 1546/1824
f 1558/556 1318/555 1406/569 1563/571
f 1317/559 1424/557 1433/573 1403/576
f 1562/268 1431/269 1432/255 1564/253
f 1561/283 1430/284 1431/269 1562/268
f 1560/298 1429/299 1430/284 1561/283
f 1550/313 1415/316 1429/299 1560/298
f 942/506 1364/492 1428/490 1420/504
f 1346/478 1355/465 1427/464 1426/476
f 1364/492 1346/478 1426/476 1428/490
f 943/531 1422/527 1425/540 1337/543
f 936/391 962/375 1423/373 1412/388
f 1337/543 1425/540 1424/557 1317/559
f 962/375 935/367 1421/366 1423/373
f 943/531 942/506 1420/504 1422/527
f 935/367 934/352 1419/351 1421/366
f 1355/465 941/455 1418/452 1427/464
f 934/352 933/341 1417/339 1419/351
f 941/455 940/442 1416/439 1418/452
f 933/341 932/317 1415/316 1417/339
f 940/442 939/430 1414/426 1416/439
f 939/430 938/416 1413/414 1414/426
f 938/416 937/406 1411/404 1413/414
f 937/406 936/391 1412/388 1411/404
f 1432/255 1439/256 1448/235 1450/231
f 1545/829 1434/826 1441/807 1565/810
f 594/248 1440/251 1449/224 652/222
f 1395/833 1394/831 1442/814 1444/818
f 1435/835 1395/833 1444/818 1443/822
f 1436/843 1435/835 1443/822 1445/828
f 1437/266 1436/274 1445/257 1446/246
f 1564/253 1432/255 1450/231 1566/229
f 1438/259 1437/266 1446/246 1447/242
f 1439/256 1438/259 1447/242 1448/235
f 1434/826 634/824 642/806 1441/807
f 1450/231 1448/235 1458/217 1460/215
f 1565/810 1441/807 1451/785 1567/791
f 652/222 1449/224 1459/203 664/195
f 1444/818 1442/814 1452/795 1453/808
f 1443/822 1444/818 1453/808 1454/812
f 1445/828 1443/822 1454/812 1455/820
f 1446/246 1445/257 1455/245 1456/240
f 1566/229 1450/231 1460/215 1568/208
f 1447/242 1446/246 1456/240 1457/230
f 1448/235 1447/242 1457/230 1458/217
f 1441/807 642/806 654/777 1451/785
f 1458/217 1457/230 1467/220 1468/212
f 1451/785 654/777 666/768 1461/776
f 1460/215 1458/217 1468/212 1470/205
f 1567/791 1451/785 1461/776 1569/783
f 664/195 1459/203 1469/190 676/183
f 1453/808 1452/795 1462/789 1463/799
f 1454/812 1453/808 1463/799 1464/804
f 1455/820 1454/812 1464/804 1465/816
f 1456/240 1455/245 1465/241 1466/236
f 1568/208 1460/215 1470/205 1570/197
f 1457/230 1456/240 1466/236 1467/220
f 1461/776 666/768 678/755 1471/754
f 1470/205 1468/212 1478/199 1480/188
f 1569/783 1461/776 1471/754 1571/770
f 676/183 1469/190 1479/166 688/167
f 1463/799 1462/789 1472/781 1473/793
f 1464/804 1463/799 1473/793 1474/797
f 1465/816 1464/804 1474/797 1475/801
f 1466/236 1465/241 1475/232 1476/221
f 1570/197 1470/205 1480/188 1572/181
f 1467/220 1466/236 1476/221 1477/209
f 1468/212 1467/220 1477/209 1478/199
f 688/167 1479/166 1484/147 696/148
f 691/88 1481/87 1482/32 693/33
f 1481/87 1483/120 1498/123 1499/91
f 1485/714 1482/683 1500/688 1502/719
f 1473/793 1472/781 1487/767 1489/774
f 1486/729 1485/714 1502/719 1497/736
f 1484/147 1479/166 1496/159 1501/150
f 1483/120 1484/147 1501/150 1498/123
f 1571/770 1471/754 1488/750 1573/763
f 693/684 1482/683 1485/714 698/716
f 694/121 1483/120 1481/87 691/88
f 1480/188 1478/199 1494/184 1495/179
f 1482/32 1481/87 1499/91 1500/30
f 696/148 1484/147 1483/120 694/121
f 1478/199 1477/209 1493/192 1494/184
f 1572/181 1480/188 1495/179 1574/173
f 1477/209 1476/221 1492/201 1493/192
f 1476/221 1475/232 1491/213 1492/201
f 1475/801 1474/797 1490/779 1491/787
f 698/716 1485/714 1486/729 700/730
f 1471/754 1486/729 1497/736 1488/750
f 1474/797 1473/793 1489/774 1490/779
f 700/730 1486/729 1471/754 678/755
f 1498/123 1501/150 1517/134 1514/106
f 1495/179 1494/184 1510/169 1511/163
f 1494/184 1493/192 1509/175 1510/169
f 1493/192 1492/201 1508/186 1509/175
f 1501/150 1496/159 1512/141 1517/134
f 1500/30 1499/91 1515/71 1516/22
f 1488/750 1497/736 1513/723 1504/742
f 1492/201 1491/213 1507/194 1508/186
f 1491/787 1490/779 1506/765 1507/772
f 1574/173 1495/179 1511/163 1576/154
f 1502/719 1500/688 1516/679 1518/708
f 1499/91 1498/123 1514/106 1515/71
f 1490/779 1489/774 1505/761 1506/765
f 1489/774 1487/767 1503/757 1505/761
f 1573/763 1488/750 1504/742 1575/748
f 1497/736 1502/719 1518/708 1513/723
f 1511/163 1510/169 1585/152 1586/145
f 1515/71 1514/106 1593/96 1594/59
f 1510/169 1509/175 1584/160 1585/152
f 1517/134 1512/141 1605/127 1603/117
f 1509/175 1508/186 1583/171 1584/160
f 1513/723 1518/708 1608/700 1588/712
f 1508/186 1507/194 1582/177 1583/171
f 1512/141 1576/154 1587/139 1605/127
f 1504/742 1513/723 1588/712 1578/725
f 1507/772 1506/765 1581/752 1582/759
f 1503/757 1575/748 1577/734 1580/740
f 1506/765 1505/761 1579/746 1581/752
f 1514/106 1517/134 1603/117 1593/96
f 1518/708 1516/679 1599/665 1608/700
f 1576/154 1511/163 1586/145 1587/139
f 1505/761 1503/757 1580/740 1579/746
f 1516/22 1515/71 1594/59 1599/14
f 1575/748 1504/742 1578/725 1577/734
f 1487/767 1573/763 1575/748 1503/757
f 1496/159 1574/173 1576/154 1512/141
f 1479/166 1572/181 1574/173 1496/159
f 1472/781 1571/770 1573/763 1487/767
f 1469/190 1570/197 1572/181 1479/166
f 1462/789 1569/783 1571/770 1472/781
f 1459/203 1568/208 1570/197 1469/190
f 1452/795 1567/791 1569/783 1462/789
f 1449/224 1566/229 1568/208 1459/203
f 1442/814 1565/810 1567/791 1452/795
f 1440/251 1564/253 1566/229 1449/224
f 1394/831 1545/829 1565/810 1442/814
f 555/312 1550/313 1560/298 1375/297
f 1375/297 1560/298 1561/283 1384/279
f 1384/279 1561/283 1562/268 1393/264
f 1393/264 1562/268 1564/253 1440/251
f 1424/557 1558/556 1563/571 1433/573
f 1305/1794 1534/1798 1546/1824 1402/1821
f 1386/844 1544/841 1545/829 1394/831
f 1377/854 1543/855 1544/841 1386/844
f 1368/868 1542/869 1543/855 1377/854
f 868/882 1521/880 1542/869 1368/868
f 1420/504 1428/490 1541/488 1555/502
f 866/1673 1357/1640 1540/1647 1526/1679
f 1339/1614 1348/1586 1539/1599 1537/1625
f 1426/476 1427/464 1538/460 1536/474
f 1357/1640 1339/1614 1537/1625 1540/1647
f 1428/490 1426/476 1536/474 1541/488
f 867/1724 1528/1730 1535/1769 1335/1766
f 1422/527 1557/525 1559/538 1425/540
f 860/1120 955/1068 1533/1070 1529/1118
f 1412/388 1423/373 1532/372 1531/389
f 1425/540 1559/538 1558/556 1424/557
f 1335/1766 1535/1769 1534/1798 1305/1794
f 1423/373 1421/366 1556/365 1532/372
f 1422/527 1420/504 1555/502 1557/525
f 1421/366 1419/351 1554/349 1556/365
f 1427/464 1418/452 1553/451 1538/460
f 1419/351 1417/339 1552/338 1554/349
f 1418/452 1416/439 1551/438 1553/451
f 1417/339 1415/316 1550/313 1552/338
f 1416/439 1414/426 1549/424 1551/438
f 1414/426 1413/414 1548/412 1549/424
f 1413/414 1411/404 1547/402 1548/412
f 1411/404 1412/388 1531/389 1547/402
f 862/1348 861/1229 1530/1230 1520/1345
f 861/1229 860/1120 1529/1118 1530/1230
f 955/1068 859/941 1527/956 1533/1070
f 867/1724 866/1673 1526/1679 1528/1730
f 859/941 858/910 1525/911 1527/956
f 1348/1586 865/1564 1524/1572 1539/1599
f 858/910 857/894 1523/895 1525/911
f 865/1564 864/1491 1522/1496 1524/1572
f 857/894 856/877 1521/880 1523/895
f 864/1491 863/1433 1519/1435 1522/1496
f 863/1433 862/1348 1520/1345 1519/1435
f 1635/75 1672/53 1661/37 1629/51
f 809/98 1650/76 1651/80 810/103
f 1600/118 1662/99 1670/94 1598/110
f 822/685 1649/659 1648/636 808/669
f 1598/110 1670/94 1669/81 1597/104
f 1632/612 1659/601 1674/620 1637/651
f 1597/104 1669/81 1668/77 1596/100
f 823/693 1653/672 1649/659 822/685
f 851/83 1655/62 1650/76 809/98
f 1595/670 1666/637 1667/660 1609/686
f 845/7 1641/5 1640/19 843/25
f 1603/117 1605/127 1627/114 1626/102
f 1583/171 1582/177 1616/164 1617/156
f 1580/740 1577/734 1611/721 1614/727
f 1582/759 1581/752 1615/738 1616/744
f 1608/700 1599/665 1625/639 1628/681
f 1581/752 1579/746 1613/732 1615/738
f 1578/725 1588/712 1622/698 1612/710
f 1579/746 1580/740 1614/727 1613/732
f 1587/139 1586/145 1620/131 1621/125
f 1588/712 1608/700 1628/681 1622/698
f 1594/59 1593/96 1623/79 1624/43
f 1577/734 1578/725 1612/710 1611/721
f 1599/14 1594/59 1624/43 1625/10
f 1586/145 1585/152 1619/137 1620/131
f 1593/96 1603/117 1626/102 1623/79
f 1585/152 1584/160 1618/144 1619/137
f 1584/160 1583/171 1617/156 1618/144
f 1605/127 1587/139 1621/125 1627/114
f 1621/125 1620/131 1597/104 1596/100
f 1623/79 1626/102 1635/75 1629/51
f 1624/43 1623/79 1629/51 1630/26
f 1611/721 1612/710 1609/686 1610/694
f 1620/131 1619/137 1598/110 1597/104
f 1619/137 1618/144 1600/118 1598/110
f 1627/114 1621/125 1596/100 1636/85
f 1626/102 1627/114 1636/85 1635/75
f 1618/144 1617/156 1601/129 1600/118
f 1614/727 1611/721 1610/694 1606/702
f 1617/156 1616/164 1602/135 1601/129
f 1628/681 1625/639 1632/612 1637/651
f 1616/744 1615/738 1604/706 1602/717
f 1615/738 1613/732 1607/704 1604/706
f 1612/710 1622/698 1595/670 1609/686
f 1622/698 1628/681 1637/651 1595/670
f 1613/732 1614/727 1606/702 1607/704
f 1625/10 1624/43 1630/26 1632/8
f 819/701 1647/676 1653/672 823/693
f 820/703 1646/689 1647/676 819/701
f 849/74 1654/52 1655/62 851/83
f 1609/686 1667/660 1671/674 1610/694
f 817/705 1645/691 1646/689 820/703
f 1596/100 1668/77 1673/63 1636/85
f 815/715 1639/695 1645/691 817/705
f 1630/26 1658/20 1659/6 1632/8
f 1610/694 1671/674 1665/677 1606/702
f 808/669 1648/636 1656/619 854/650
f 843/25 1640/19 1643/36 842/50
f 1606/702 1665/677 1664/690 1607/704
f 1636/85 1673/63 1672/53 1635/75
f 814/128 1642/107 1639/111 815/133
f 1607/704 1664/690 1663/692 1604/706
f 813/116 1644/97 1642/107 814/128
f 1604/706 1663/692 1657/696 1602/717
f 842/50 1643/36 1654/52 849/74
f 492/594 599/592 777/574 633/575
f 599/592 605/572 777/574
f 1563/571 1406/569 1401/591
f 1433/573 1563/571 1401/591 1321/593
f 1643/36 1592/23 844/38 1654/52
f 1674/620 1692/608 1684/614 1666/637
f 1669/81 1687/61 1686/57 1668/77
f 1666/637 1684/614 1685/629 1667/660
f 1658/20 1676/16 1677/4 1659/6
f 1656/619 804/607 1633/588 1641/600
f 1653/672 846/642 852/628 1649/659
f 1672/53 1690/39 1679/24 1661/37
f 1646/689 1589/661 855/655 1647/676
f 1640/19 1634/15 1592/23 1643/36
f 1645/691 1590/667 1589/661 1646/689
f 1659/601 1677/589 1692/608 1674/620
f 1639/695 1638/673 1590/667 1645/691
f 1667/660 1685/629 1689/643 1671/674
f 1655/62 805/46 850/55 1650/76
f 1642/107 1631/82 1638/89 1639/111
f 1665/677 1683/656 1682/662 1664/690
f 1661/37 1679/24 1676/16 1658/20
f 1647/676 855/655 846/642 1653/672
f 1644/97 1591/72 1631/82 1642/107
f 1664/690 1682/662 1681/668 1663/692
f 1654/52 844/38 805/46 1655/62
f 1652/93 847/66 1591/72 1644/97
f 1663/692 1681/668 1675/675 1657/696
f 1668/77 1686/57 1691/47 1673/63
f 1651/80 848/60 847/66 1652/93
f 1657/112 1675/92 1678/84 1660/108
f 1648/636 853/613 804/607 1656/619
f 1671/674 1689/643 1683/656 1665/677
f 1650/76 850/55 848/60 1651/80
f 1660/108 1678/84 1680/73 1662/99
f 1673/63 1691/47 1690/39 1672/53
f 1649/659 852/628 853/613 1648/636
f 1662/99 1680/73 1688/68 1670/94
f 1641/5 1633/3 1634/15 1640/19
f 1670/94 1688/68 1687/61 1669/81
f 852/628 1708/609 1703/603 853/613
f 850/55 1699/40 1706/44 848/60
f 1677/589 1713/586 1728/597 1692/608
f 1685/629 1721/610 1725/616 1689/643
f 855/655 1700/624 1701/615 846/642
f 848/60 1706/44 1705/48 847/66
f 1592/23 1695/17 1694/27 844/38
f 1683/656 1719/625 1718/631 1682/662
f 805/46 1698/34 1699/40 850/55
f 847/66 1705/48 1707/54 1591/72
f 1679/24 1715/18 1712/12 1676/16
f 1633/3 1696/1 1697/11 1634/15
f 1682/662 1718/631 1717/634 1681/668
f 1591/72 1707/54 1710/64 1631/82
f 1681/668 1717/634 1711/641 1675/675
f 804/607 1693/596 1696/587 1633/588
f 1686/57 1722/41 1727/35 1691/47
f 1675/92 1711/69 1714/65 1678/84
f 1689/643 1725/616 1719/625 1683/656
f 1678/84 1714/65 1716/56 1680/73
f 1631/82 1710/64 1709/67 1638/89
f 1691/47 1727/35 1726/28 1690/39
f 1634/15 1697/11 1695/17 1592/23
f 1680/73 1716/56 1724/49 1688/68
f 1638/673 1709/640 1704/633 1590/667
f 844/38 1694/27 1698/34 805/46
f 1688/68 1724/49 1723/45 1687/61
f 1692/608 1728/597 1720/604 1684/614
f 1687/61 1723/45 1722/41 1686/57
f 1590/667 1704/633 1702/630 1589/661
f 1684/614 1720/604 1721/610 1685/629
f 1589/661 1702/630 1700/624 855/655
f 1676/16 1712/12 1713/2 1677/4
f 846/642 1701/615 1708/609 852/628
f 1690/39 1726/28 1715/18 1679/24
f 853/613 1703/603 1693/596 804/607
f 354/1078 355/1095 1731/1096 1730/1079
f 364/1360 363/1367 1739/1368 1740/1361
f 355/1095 356/1143 1732/1144 1731/1096
f 365/1340 364/1360 1740/1361 1741/1341
f 356/1143 357/1156 1733/1157 1732/1144
f 366/1314 365/1340 1741/1341 1742/1315
f 357/1156 358/1176 1734/1177 1733/1157
f 367/1291 366/1314 1742/1315 1743/1292
f 358/1176 360/1209 1736/1210 1734/1177
f 368/1262 367/1291 1743/1292 1744/1263
f 359/1001 353/1025 1729/1026 1735/1002
f 362/1234 368/1262 1744/1263 1738/1235
f 361/961 359/1001 1735/1002 1737/962
f 353/1025 354/1078 1730/1079 1729/1026
f 363/1367 361/1374 1737/1375 1739/1368
f 360/1209 362/1234 1738/1235 1736/1210
f 1202/1304 1203/1271 1760/1272 1759/1305
f 1188/1046 1194/1007 1751/1008 1745/1047
f 1203/1271 1197/1247 1754/1248 1760/1272
f 1194/1007 1196/975 1753/976 1751/1008
f 1189/1082 1188/1046 1745/1047 1746/1083
f 1196/1392 1198/1386 1755/1387 1753/1393
f 1197/1247 1195/1219 1752/1220 1754/1248
f 1190/1104 1189/1082 1746/1083 1747/1105
f 1198/1386 1199/1377 1756/1378 1755/1387
f 1191/1150 1190/1104 1747/1105 1748/1151
f 1199/1377 1200/1356 1757/1357 1756/1378
f 1192/1163 1191/1150 1748/1151 1749/1164
f 1200/1356 1201/1330 1758/1331 1757/1357
f 1193/1185 1192/1163 1749/1164 1750/1186
f 1201/1330 1202/1304 1759/1305 1758/1331
f 1195/1219 1193/1185 1750/1186 1752/1220
f 1758/1331 1759/1305 1775/1306 1774/1332
f 1752/1220 1750/1186 1766/1187 1768/1221
f 1759/1305 1760/1272 1776/1273 1775/1306
f 1745/1047 1751/1008 1767/1009 1761/1048
f 1760/1272 1754/1248 1770/1249 1776/1273
f 1751/1008 1753/976 1769/977 1767/1009
f 1746/1083 1745/1047 1761/1048 1762/1084
f 1753/1393 1755/1387 1771/1388 1769/1394
f 1754/1248 1752/1220 1768/1221 1770/1249
f 1747/1105 1746/1083 1762/1084 1763/1106
f 1755/1387 1756/1378 1772/1379 1771/1388
f 1748/1151 1747/1105 1763/1106 1764/1152
f 1756/1378 1757/1357 1773/1358 1772/1379
f 1749/1164 1748/1151 1764/1152 1765/1165
f 1757/1357 1758/1331 1774/1332 1773/1358
f 1750/1186 1749/1164 1765/1165 1766/1187
f 1764/1152 1763/1106 1779/1107 1780/1153
f 1772/1379 1773/1358 1789/1359 1788/1380
f 1765/1165 1764/1152 1780/1153 1781/1166
f 1773/1358 1774/1332 1790/1333 1789/1359
f 1766/1187 1765/1165 1781/1166 1782/1188
f 1774/1332 1775/1306 1791/1307 1790/1333
f 1768/1221 1766/1187 1782/1188 1784/1222
f 1775/1306 1776/1273 1792/1274 1791/1307
f 1761/1048 1767/1009 1783/1010 1777/1049
f 1776/1273 1770/1249 1786/1250 1792/1274
f 1767/1009 1769/977 1785/978 1783/1010
f 1762/1084 1761/1048 1777/1049 1778/1085
f 1769/1394 1771/1388 1787/1389 1785/1395
f 1770/1249 1768/1221 1784/1222 1786/1250
f 1763/1106 1762/1084 1778/1085 1779/1107
f 1771/1388 1772/1379 1788/1380 1787/1389
