# This file uses centimeters as units for non-parametric coordinates.

v -53.678856 114.201172 11.990460
v -54.530315 114.468132 10.897557
v -55.585190 113.013252 11.598271
v -54.774029 112.563126 12.607511
v -55.052605 114.472504 9.564565
v -56.199963 113.112610 10.323964
v -55.244011 114.148315 8.318173
v -56.502682 112.874763 9.145749
v -55.440128 113.777283 7.727193
v -56.614216 112.460686 8.584523
v -55.182739 113.158638 6.911511
v -56.384853 111.791267 7.763349
v -54.705902 112.546089 6.273686
v -56.024418 111.015434 7.194173
v -54.138229 111.469772 5.844228
v -55.425850 110.141541 6.922032
v -53.247978 110.526672 6.028829
v -54.764481 109.329872 7.296132
v -52.412720 109.761444 6.763516
v -54.058769 108.909851 7.948483
v -51.629341 109.530884 7.840482
v -53.525890 108.801704 8.939252
v -51.034569 109.730988 8.923528
v -53.068066 108.792969 9.861379
v -50.455692 110.226593 10.637357
v -52.503418 109.080605 11.107633
v -50.675968 110.634674 11.307050
v -52.686100 109.486465 11.791051
v -51.012497 111.495491 12.145375
v -52.872643 110.397148 12.596387
v -51.713390 112.486618 12.794560
v -53.383251 111.192024 13.054662
v -52.759739 113.357773 12.881139
v -54.026295 111.984787 13.072644
v -49.290089 110.526627 10.586949
v -49.698555 111.138336 11.425519
v -49.181366 109.351158 10.171041
v -48.387039 109.972771 10.241300
v -47.916832 108.692986 9.694058
v -47.218746 109.427109 9.811810
v -46.652100 108.254112 9.173505
v -46.109188 108.995293 9.415364
v -45.042809 108.076775 8.602841
v -44.968830 108.928558 9.045796
v -43.713356 108.114456 8.068570
v -43.613544 108.896881 8.592740
v -42.267979 108.320007 7.539510
v -42.207203 109.220573 8.203397
v -40.765457 108.737373 7.085454
v -40.799618 109.682961 7.796460
v -39.350506 109.322540 6.713536
v -39.398773 110.206711 7.310575
v -37.841858 110.108513 6.293591
v -37.982597 110.965508 6.917592
v -36.279819 111.153336 5.951375
v -36.589081 111.932846 6.534787
v -34.888889 112.242599 5.599660
v -35.283066 112.963608 6.195798
v -33.719475 113.310326 5.306371
v -34.116199 114.016876 5.866269
v -32.652592 114.403961 5.020764
v -33.086067 115.074432 5.597737
v -31.708220 115.548584 4.778829
v -32.172573 116.132385 5.326009
v -30.800554 116.764557 4.561803
v -31.315830 117.289917 5.095220
v -30.028069 117.922508 4.383679
v -30.542326 118.436333 4.880017
v -29.372459 119.014824 4.161572
v -29.838247 119.527237 4.643712
v -28.650208 120.105949 3.920551
v -29.134779 120.549156 4.422855
v -27.766310 121.300415 3.695354
v -28.243326 121.728722 4.245029
v -26.907927 122.535309 3.482227
v -27.337267 122.966850 4.032864
v -26.005747 123.757629 3.261517
v -26.383934 124.147484 3.777302
v -25.068701 124.957153 3.045200
v -25.454172 125.333084 3.589138
v -24.187868 126.170547 2.892155
v -24.589842 126.519196 3.523792
v -23.332354 127.383354 2.797352
v -23.651409 127.644386 3.656315
v -22.308111 128.483902 2.774158
v -22.508732 128.849060 4.054554
v -21.158777 129.343857 2.575397
v -21.219316 129.766769 3.840931
v -20.015921 130.170853 2.220966
v -20.100447 130.527267 3.603550
v -19.044662 130.951569 2.155994
v -19.050961 131.257339 3.244846
v -49.330574 109.281647 9.880788
v -48.046219 108.727936 9.379331
v -46.793537 108.281036 8.930326
v -45.182793 108.030579 8.398549
v -43.733025 108.111549 7.754224
v -42.361061 108.325256 7.279675
v -40.871620 108.739609 6.765439
v -49.315041 110.076698 9.460851
v -48.199940 109.486252 9.136380
v -49.919552 110.021545 9.601407
v -50.075668 109.856842 8.352109
v -46.930241 109.118164 8.596578
v -45.457130 108.871094 8.022985
v -44.015686 108.870773 7.471593
v -42.653076 109.145035 6.944066
v -41.283466 109.407181 6.482572
v -39.479019 109.276268 6.361585
v -37.945621 110.045998 5.935697
v -36.414898 111.156631 5.383031
v -34.958099 112.292274 5.014890
v -33.882191 113.275291 4.712750
v -32.868851 114.376305 4.375485
v -31.880535 115.514816 4.131925
v -30.937353 116.684578 3.933850
v -30.115309 117.795486 3.760442
v -29.356663 118.841980 3.693234
v -28.624405 119.996017 3.451543
v -27.720444 121.230995 3.216000
v -26.963120 122.396271 2.954304
v -26.049627 123.647469 2.765606
v -24.993950 124.953194 2.510418
v -24.153522 126.082634 2.258694
v -23.231037 127.288849 2.045444
v -22.281626 128.379013 1.898594
v -21.152746 129.282715 1.607334
v -20.036205 130.116257 1.546482
v -19.040173 130.904327 1.471516
v -39.857056 110.035599 6.005277
v -38.386703 110.765999 5.527196
v -36.954239 111.666885 5.063848
v -35.689941 112.728218 4.661466
v -34.494270 113.728821 4.301473
v -33.471497 114.790123 3.984990
v -32.415062 115.821831 3.734891
v -31.627117 116.885353 3.499928
v -30.694386 117.963676 3.295026
v -29.727909 119.191650 3.057813
v -29.158445 120.227600 2.776989
v -28.281000 121.371628 2.525951
v -27.545082 122.482452 2.301472
v -26.576319 123.942902 1.975346
v -25.590143 125.200012 1.615643
v -24.513819 126.426376 1.160702
v -23.461502 127.467674 0.886318
v -22.391275 128.459824 0.644917
v -21.255306 129.390503 0.505070
v -20.096411 130.256836 0.466541
v -18.971258 131.142899 0.452381
v -19.195124 131.862015 4.520374
v -20.244017 131.132034 4.741077
v -19.666468 132.860672 5.737933
v -20.615301 132.006622 5.798679
v -20.311905 134.042511 6.396976
v -21.279898 133.041595 6.501498
v -21.210278 135.242371 6.623553
v -22.134403 134.194122 6.765567
v -22.111773 136.498474 6.310641
v -23.006830 135.358261 6.524173
v -22.899035 137.596527 5.551028
v -24.087318 136.146210 5.908679
v -23.773937 138.604752 4.449603
v -24.887220 137.388687 4.548221
v -24.496613 139.400604 3.119540
v -25.421711 138.204651 3.061633
v -24.678354 139.917206 1.429812
v -25.727921 138.762497 1.469714
v -24.556601 139.813751 0.161609
v -25.628502 138.722595 0.056628
v -24.225203 139.444687 -1.069364
v -25.337557 138.445511 -1.184888
v -23.780819 138.866821 -2.227399
v -24.917517 137.935318 -2.344434
v -23.259087 138.174652 -3.217496
v -24.349325 137.192993 -3.331571
v -22.417921 137.169617 -3.998441
v -23.679209 136.117554 -4.048169
v -21.709925 136.160309 -4.339398
v -22.998251 134.799057 -4.386640
v -21.057526 135.135803 -4.375409
v -22.113512 134.182281 -4.389737
v -20.176620 130.558182 -0.757931
v -18.987537 131.483826 -0.728924
v -20.353193 131.070084 -1.968121
v -19.125807 132.062607 -1.887188
v -20.539547 131.859787 -2.960613
v -19.452175 132.791443 -2.895047
v -20.879004 132.647156 -3.662274
v -19.926510 133.543716 -3.653638
v -21.476425 133.329300 -4.120465
v -20.438700 134.300842 -4.122739
v -26.698717 137.665329 -0.189130
v -26.767370 137.796539 1.238971
v -26.528767 137.213257 3.060275
v -26.098719 136.398544 4.553271
v -25.594330 135.316422 5.770511
v -25.031967 133.738068 6.663363
v -23.671562 134.820831 6.573337
v -24.532684 132.219193 7.001209
v -23.085094 133.075317 6.883807
v -24.320181 130.627274 6.816029
v -22.796171 131.207031 6.474079
v -24.230173 129.379288 6.500660
v -22.998758 129.855835 5.796391
v -24.162237 128.135849 6.216946
v -23.217293 128.502029 4.931263
v -24.519012 127.184021 5.819370
v -23.922144 127.574631 4.463032
v -25.305330 126.557503 5.424145
v -24.859255 126.713120 4.233906
v -26.275501 125.838516 5.075184
v -25.812424 125.664322 4.140171
v -27.288052 124.848053 4.903728
v -26.787231 124.544113 4.252560
v -27.911480 124.294922 4.993862
v -27.906170 123.499672 4.581013
v -28.438543 124.294296 5.398510
v -28.852020 123.522476 5.345005
v -28.878735 124.699295 5.872814
v -29.441254 123.845726 6.141972
v -29.309755 125.509727 6.189541
v -29.923824 124.785019 6.472004
v -29.782396 126.476807 6.521030
v -30.401558 125.722130 6.477032
v -30.406834 127.565552 6.856548
v -31.077408 126.806747 6.724293
v -30.990253 128.852097 6.662533
v -31.631800 128.084732 6.643986
v -31.497141 130.013763 6.006275
v -32.151814 129.290649 6.054409
v -31.903873 131.260757 4.699024
v -32.587631 130.562378 4.814152
v -32.234798 132.200577 2.940662
v -32.940826 131.522064 3.059330
v -32.159435 132.614044 1.168858
v -32.906654 131.965317 1.258381
v -31.937775 132.721329 -0.171918
v -32.743801 132.112946 -0.119503
v -31.723736 132.441925 -1.135479
v -32.550575 131.852264 -1.098537
v -31.454399 131.878632 -2.028500
v -32.287560 131.261200 -1.973125
v -30.950069 130.410309 -3.004345
v -31.794233 129.771622 -2.935787
v -30.388767 128.742889 -3.554234
v -31.470985 128.086380 -3.380451
v -29.867685 127.159286 -3.907925
v -31.039793 126.480957 -3.766727
v -29.377665 125.365868 -4.245136
v -30.546665 124.893509 -4.108746
v -29.054417 124.217751 -4.145916
v -29.956827 123.638741 -3.956142
v -28.783398 123.448593 -3.583500
v -29.702976 122.850090 -3.353016
v -28.653624 122.946014 -2.530560
v -29.459965 122.335831 -2.350834
v -28.676479 122.790977 -1.043720
v -29.425200 122.089966 -0.865276
v -28.785458 122.879433 0.319363
v -29.578232 122.262497 0.522297
v -28.601990 123.209511 0.941906
v -29.173229 122.873642 1.490055
v -28.171637 123.583145 1.152851
v -28.209482 123.010498 1.701893
v -27.264025 124.488625 0.780735
v -27.015554 124.169121 1.417301
v -26.326412 125.586609 -0.030415
v -25.956284 125.424110 0.841938
v -25.359039 126.650154 -0.889095
v -24.705452 126.782204 0.040630
v -24.513828 127.702919 -1.874615
v -23.957787 127.753174 -0.919033
v -24.147116 128.636459 -2.531109
v -23.041218 128.951065 -1.776508
v -24.029585 129.675110 -3.158611
v -22.851706 129.895279 -2.694698
v -26.371569 137.510437 -1.301312
v -25.905167 137.001877 -2.446393
v -25.461479 136.220154 -3.323651
v -24.937162 135.008575 -4.039609
v -24.527485 133.994812 -4.310987
v -22.945429 133.498444 -4.351956
v -24.134987 132.769989 -4.318021
v -22.552563 132.282944 -3.987850
v -23.943432 131.760559 -4.112621
v -22.560585 131.140991 -3.459789
v -23.909861 130.700867 -3.713146
v -35.978104 128.638535 -0.709255
v -36.267475 129.013168 0.324223
v -37.295219 127.933037 -0.466869
v -37.461048 128.153290 0.518574
v -35.233284 128.120743 -1.980824
v -36.856205 127.008049 -1.725307
v -34.633610 126.595390 -2.847393
v -36.146370 125.834061 -2.689693
v -33.974377 125.055222 -3.492229
v -35.374619 124.355652 -3.407169
v -33.184464 123.431854 -3.634678
v -34.484169 122.501686 -3.284023
v -32.259090 122.047958 -3.191822
v -33.885700 121.112038 -2.685787
v -32.027508 120.669411 -2.172985
v -33.422882 119.913162 -1.951228
v -31.852631 119.893120 -1.057513
v -33.075230 118.897064 -0.946582
v -32.195099 119.630081 -0.009814
v -33.212864 118.666298 -0.232387
v -32.850353 119.741524 0.735623
v -33.804844 118.802124 0.339818
v -33.409740 119.477219 1.503682
v -34.426914 118.664200 1.105153
v -33.972675 118.833099 2.571836
v -34.831264 118.293106 1.950414
v -34.944542 117.639694 3.573056
v -35.467125 117.734177 2.674832
v -36.048241 116.921242 3.747334
v -36.277435 117.117325 3.082051
v -37.071350 116.591110 3.339055
v -36.976543 116.720352 2.841649
v -37.873272 116.197601 2.537442
v -37.497051 116.597366 2.161565
v -38.773556 116.068436 1.621190
v -38.016720 116.605133 1.087583
v -39.183025 116.271179 0.400662
v -38.415558 116.789391 -0.145099
v -39.698917 116.694679 -0.718547
v -38.926804 117.262321 -1.234981
v -40.227848 117.486732 -1.433978
v -39.457214 118.103607 -1.920878
v -40.980885 118.991982 -1.808619
v -40.185993 119.604881 -2.282947
v -41.757137 120.356239 -1.665417
v -40.713989 121.105637 -2.233891
v -42.331810 121.774223 -1.269527
v -41.225948 122.572838 -1.854130
v -42.469234 123.099831 -0.720348
v -41.464729 123.911758 -1.170017
v -42.516628 124.147156 0.104343
v -41.506485 124.882484 -0.238659
v -42.470345 124.907661 1.153988
v -41.487820 125.605858 0.821095
v -42.247822 125.264763 2.390949
v -41.201267 125.937805 2.043476
v -41.834549 125.212753 3.655476
v -40.796497 125.835518 3.327892
v -41.405907 125.024323 4.769215
v -40.421593 125.571587 4.494122
v -40.715427 124.285286 5.941601
v -39.742794 124.733147 5.553677
v -40.187805 123.513252 6.787746
v -39.184635 123.927956 6.505375
v -39.671299 122.261208 7.085918
v -38.680153 122.752533 6.678837
v -39.149273 120.906441 7.235096
v -38.172810 121.338577 6.793903
v -38.668785 119.314178 7.205564
v -37.694180 119.716629 6.720746
v -38.089584 118.641853 7.770253
v -37.114395 119.104118 7.389760
v -37.254990 117.842224 8.239018
v -36.446716 118.553490 7.796849
v -36.400444 117.364372 7.865865
v -36.007374 118.402512 7.703702
v -35.314178 117.583054 7.080808
v -35.480755 118.432587 7.529263
v -34.357464 118.401802 6.745000
v -34.774837 118.895538 7.546628
v -33.613361 119.244186 6.666837
v -34.309074 119.549835 7.795178
v -32.816658 120.268135 6.824299
v -33.797676 120.228455 8.140751
v -32.698792 121.281281 7.831661
v -33.510040 121.083267 8.461018
v -32.865982 122.145607 7.939320
v -33.588570 121.937485 8.364658
v -33.312263 123.026733 7.184536
v -33.996128 122.723457 7.549618
v -33.825230 123.981346 6.452709
v -34.613804 123.639877 6.480259
v -34.323105 125.109375 6.233501
v -35.136776 124.640564 6.061184
v -34.929569 126.408875 5.778934
v -35.748089 125.693123 5.573643
v -35.409824 127.467171 4.963337
v -36.330498 126.736626 4.850834
v -35.768291 128.333115 3.905025
v -36.877312 127.609512 3.690624
v -36.095058 128.857803 2.551365
v -37.171902 128.161469 2.173946
v -36.211449 129.055344 1.313488
v -37.334171 128.266876 1.095142
v -35.174397 129.870407 0.299534
v -34.997124 129.508743 -0.700176
v -34.242298 130.648773 0.192486
v -34.137371 130.277557 -0.839931
v -33.576450 131.263580 0.111729
v -33.327415 131.029282 -0.986217
v -32.892090 130.525024 -2.007992
v -33.915634 129.780548 -1.838596
v -34.770283 129.204483 -1.564495
v -54.510124 115.741753 8.913182
v -54.690536 115.252686 7.644177
v -53.116100 116.436111 8.274014
v -53.127239 116.171242 7.134908
v -52.048920 117.065331 7.580647
v -52.402657 116.788536 6.273557
v -50.992184 117.968208 6.920804
v -51.172474 117.461258 5.608090
v -49.916748 118.836281 6.282025
v -50.008114 118.295494 4.984036
v -48.806065 119.763634 5.641927
v -48.928822 119.306335 4.246640
v -47.770851 120.630333 5.079739
v -48.005371 120.029045 3.751934
v -46.754990 121.543625 4.543652
v -46.936874 120.999168 3.219196
v -45.666862 122.472466 4.011768
v -45.785206 122.012207 2.692410
v -44.501865 123.451942 3.468563
v -44.614685 123.022263 2.071583
v -43.359097 124.374176 2.935093
v -43.613304 123.854279 1.540722
v -43.647907 123.232376 0.594181
v -44.634258 122.378487 1.041096
v -45.751263 121.376747 1.612171
v -46.868435 120.383591 2.241123
v -47.900860 119.468033 2.794393
v -48.816792 118.555077 3.020253
v -50.134022 117.686852 3.867894
v -51.295036 117.008858 4.595983
v -52.366905 116.318130 5.244687
v -53.151783 115.220169 6.115552
v -54.811565 114.868988 6.718129
v -22.113279 132.088074 6.516422
v -21.475672 131.279663 5.859898
v -21.234335 130.462418 4.946247
v -22.177361 129.922806 5.183979
v -22.233562 130.655182 5.877598
v -23.673759 127.648621 -0.125675
v -22.598053 128.624802 -0.505428
v -21.430830 129.620804 -0.727642
v -21.835346 130.094940 -2.085003
v -21.908316 131.798386 -3.573116
v -21.687799 131.191406 -3.058834
v -29.180744 121.855019 2.154232
v -30.110447 120.821381 2.564579
v -28.943796 122.187691 4.698750
v -29.818401 122.477394 5.366863
v -29.847174 121.029320 4.844440
v -30.679083 121.438652 5.345715
v -30.518450 120.105743 5.008533
v -31.267653 120.720673 5.448772
v -31.301161 119.056458 5.226377
v -32.179592 119.753281 5.706471
v -32.077408 117.991158 5.440061
v -32.981445 118.720428 5.873525
v -32.952850 116.897194 5.684079
v -33.813385 117.725143 6.083310
v -33.845554 115.927094 5.934415
v -34.720608 116.798210 6.321897
v -34.794956 114.937897 6.198010
v -35.614155 115.863914 6.533689
v -35.886433 113.930496 6.507741
v -36.664307 114.949829 6.801801
v -37.122906 112.955360 6.861447
v -37.854572 114.082245 7.090177
v -38.468548 112.140099 7.255475
v -39.098434 113.291367 7.421025
v -39.822922 111.472069 7.612378
v -40.320721 112.664009 7.757337
v -41.163952 110.919540 7.997296
v -41.633636 112.173416 8.112233
v -42.526627 110.515083 8.371976
v -42.915157 111.774635 8.545285
v -43.875828 110.262901 8.753232
v -44.139099 111.537674 8.937108
v -45.229904 110.169258 9.171292
v -45.425121 111.420494 9.385716
v -46.622566 110.118271 9.657681
v -46.705936 111.398354 9.896123
v -47.920837 110.635986 10.173696
v -47.899170 111.504929 10.435704
v -48.735851 110.914948 10.482564
v -48.901611 111.487106 10.900861
v -30.080143 122.123436 1.864132
v -30.902468 121.310913 2.316929
v -30.826153 119.860245 2.933141
v -31.713783 120.368027 2.687191
v -31.677088 118.774017 3.279546
v -32.594898 119.362839 3.118375
v -32.523125 117.617363 3.557897
v -33.547268 118.312431 3.608594
v -33.416485 116.501808 3.864316
v -34.477051 117.213570 3.979711
v -34.266850 115.529648 4.158559
v -35.248299 116.585381 4.198659
v -35.267002 114.695839 4.539510
v -36.054634 115.857101 4.564862
v -36.312553 114.007202 4.932866
v -37.177826 114.952484 5.086675
v -38.169331 115.764641 4.629094
v -37.206764 116.417641 3.986180
v -37.590786 113.082748 5.419026
v -38.299603 114.228485 5.579717
v -39.170574 115.037659 5.258122
v -38.950638 112.257889 5.889874
v -39.533737 113.419998 6.116635
v -40.248974 114.351982 5.780477
v -40.270531 111.497467 6.324796
v -40.621445 112.784561 6.544370
v -41.685249 113.716835 6.347569
v -41.720161 111.026230 6.863896
v -42.027718 112.143173 7.087255
v -42.770966 113.154594 6.861005
v -43.174755 110.853897 7.437306
v -44.680809 110.622604 8.000958
v -45.925381 110.451767 8.406880
v -48.929138 110.711388 9.134343
v -49.250664 110.243820 7.962110
v -47.939270 111.045486 8.909726
v -46.648563 110.435730 8.657750
v -47.136269 111.389252 8.622808
v -46.486736 111.635010 8.424626
v -45.633644 111.974083 8.067647
v -43.535126 111.833603 7.603292
v -44.134380 112.593689 7.406301
v -48.184380 110.784836 7.491376
v -47.488865 111.092361 7.206403
v -46.598698 111.457848 6.800992
v -45.928421 111.729248 6.482915
v -45.039085 112.051857 5.857732
v -43.568718 112.800606 5.450643
v -42.320572 113.402008 4.967076
v -41.080048 114.045898 4.457585
v -39.963188 114.660881 3.938489
v -38.982433 115.259193 3.415975
v -38.231350 115.818520 2.928327
v -33.046124 127.319397 -3.084873
v -32.525871 125.777016 -3.584225
v -31.935759 124.225601 -3.893055
v -31.324345 122.981560 -3.672421
v -31.024828 122.255539 -3.200741
v -30.776772 121.476105 -2.241261
v -30.674198 121.003990 -1.017193
v -30.892429 120.905937 0.132900
v -33.568470 128.809998 -2.602398
v -30.991724 123.770615 6.721287
v -30.598370 122.779594 6.592068
v -32.026146 122.914780 7.141895
v -31.638618 121.908569 7.090046
v -32.470837 123.838707 6.630573
v -31.484871 124.803932 6.523663
v -31.369757 121.398018 6.202801
v -33.197144 119.577225 2.238095
v -32.380722 120.365364 1.814960
v -31.424049 120.892120 0.915783
v -31.397211 121.186066 1.560085
v -30.746351 121.695099 1.193317
v -32.976749 124.958572 6.460857
v -32.040108 125.922363 6.587498
v -32.594986 127.120720 6.482235
v -33.517883 126.159317 6.355022
v -34.047771 127.374763 5.855518
v -33.133720 128.352890 5.927898
v -33.567677 129.459961 4.911381
v -34.470154 128.425400 4.969982
v -34.792664 129.240845 3.855549
v -33.869125 130.277084 3.664196
v -35.017902 129.756531 2.654316
v -34.006657 130.687515 2.656437
v -35.086971 129.975571 1.402676
v -33.967335 130.939270 1.153339
v -54.729439 114.154388 5.976689
v -54.443424 113.471008 5.330518
v -53.884808 112.276985 4.971410
v -52.518566 110.960762 4.938886
v -51.506378 109.982697 5.782948
v -50.699135 109.675377 6.739934
v -49.994587 111.703384 12.177892
v -50.312305 112.767479 12.964833
v -51.604465 113.662300 13.280904
v -52.258175 114.565491 12.910764
v -50.663261 113.688301 13.179639
v -53.070015 115.334961 11.874921
v -54.109524 115.739517 10.576352
v -51.321785 114.903702 12.698514
v -48.974987 112.022980 11.733609
v -49.134148 113.043060 12.709264
v -49.561687 113.923607 12.912885
v -50.387596 115.142899 12.462918
v -52.198719 115.660309 11.778111
v -50.977947 116.004181 11.082616
v -53.275066 116.215767 10.122945
v -52.180244 116.432144 9.701955
v -51.413406 117.028389 9.024083
v -50.510681 118.103127 8.364575
v -49.545753 119.000023 7.673802
v -48.314171 119.987305 7.027829
v -47.207317 120.899384 6.485386
v -46.224117 121.753494 5.949306
v -45.178745 122.598969 5.422993
v -44.028702 123.517326 4.877110
v -42.892612 124.423561 4.250225
v -38.261856 117.292702 8.622876
v -37.444675 116.581726 8.288800
v -39.520840 116.640900 9.125920
v -38.811310 115.729134 8.819066
v -40.873066 116.055939 9.722302
v -40.146732 115.229317 9.438794
v -42.371143 115.585365 10.282712
v -42.132301 114.466782 10.143643
v -43.958813 115.143402 10.942975
v -43.675175 114.070015 10.790738
v -45.616707 114.811707 11.531713
v -45.257935 113.745743 11.358464
v -47.104641 114.498604 12.150540
v -46.583271 113.624283 11.926557
v -48.375523 114.217033 12.594831
v -47.842739 113.338715 12.350446
v -37.156673 115.810768 7.503209
v -36.139172 116.664017 7.211965
v -38.353535 114.991020 7.865010
v -39.616123 114.233330 8.170972
v -47.899193 112.220726 11.226445
v -46.699432 112.330391 10.735692
v -45.399109 112.466522 10.192662
v -44.108788 112.605293 9.657956
v -43.166180 112.819534 9.309079
v -41.863419 113.257706 8.899465
v -40.561131 113.752571 8.463262
v -39.090260 118.013336 8.239537
v -39.809536 118.836197 7.788205
v -40.255405 117.404221 8.728002
v -40.959217 118.301361 8.350766
v -41.495491 116.923042 9.270421
v -42.088749 117.847221 8.865399
v -42.861382 116.507729 9.800870
v -43.326580 117.490883 9.353269
v -44.417953 116.145393 10.374402
v -44.761650 117.178650 9.860745
v -46.053284 115.849548 10.960912
v -46.495415 117.035957 10.278386
v -47.572796 115.493271 11.558446
v -48.156166 116.315697 10.880467
v -48.879307 115.335648 12.141194
v -49.308727 115.959938 11.595624
v -50.412136 116.834671 10.115369
v -49.860817 116.552979 10.766889
v -48.835701 117.212135 10.333211
v -49.654922 117.852936 9.567159
v -47.622154 117.995049 9.886533
v -48.611160 118.771545 9.003530
v -46.460011 119.003250 9.369664
v -47.424828 119.760010 8.426488
v -45.434116 119.990730 8.822537
v -46.287231 120.726219 7.863583
v -45.677963 118.282219 9.682584
v -44.913628 119.058464 9.310254
v -44.469437 120.875046 8.304729
v -45.349472 121.611450 7.283031
v -44.384720 122.421585 6.737560
v -43.363251 123.264725 6.166874
v -42.330013 124.164543 5.482510
v -43.546188 121.656670 7.831341
v -42.529396 122.477234 7.337444
v -41.322128 123.386345 6.785885
v -43.903938 119.794792 8.899106
v -42.887600 120.487320 8.478573
v -41.846600 121.167023 8.003429
v -40.754250 121.817520 7.528446
v -40.284920 120.285957 7.738613
v -41.400925 119.689781 8.250966
v -42.481003 119.160454 8.730504
v -43.594116 118.656509 9.161641
v -44.739246 118.264023 9.542851
v -51.949780 115.849350 4.499005
v -52.136295 115.067200 4.561841
v -51.121075 116.062271 3.931966
v -51.181282 114.568871 3.359517
v -49.892216 116.494446 3.272649
v -49.723835 115.044647 2.580106
v -48.710865 117.078949 2.477468
v -48.097057 115.184189 1.758801
v -49.443298 110.148506 6.343839
v -47.949272 110.740570 5.848943
v -50.069527 110.550682 5.184773
v -48.641796 111.100067 4.693707
v -46.451195 111.354019 5.304830
v -47.272610 111.742500 4.126813
v -45.266941 111.921066 4.689992
v -44.119328 112.572495 4.131177
v -46.110817 112.443695 3.473744
v -45.124187 113.250786 2.855969
v -39.136490 115.784134 1.888196
v -39.887722 115.861748 0.742940
v -39.846840 115.257294 2.244016
v -40.545013 115.493256 1.037267
v -40.778591 114.576843 2.662419
v -41.651310 114.926498 1.460538
v -41.854679 113.875778 3.125905
v -42.984306 114.333557 1.992848
v -42.978500 113.194176 3.598470
v -44.278503 113.780457 2.483869
v -47.511997 117.754913 1.687528
v -47.006050 116.569641 1.351438
v -46.346756 118.677521 0.986508
v -45.828838 117.454544 0.652394
v -45.049606 119.631104 0.224744
v -44.433445 118.288483 -0.057101
v -43.742718 120.953873 -0.459484
v -43.095055 119.410439 -0.855212
v -43.594349 122.243256 -0.132908
v -44.377430 121.584457 0.246593
v -45.480083 120.597359 0.820797
v -46.652508 119.638069 1.527318
v -47.786037 118.862900 2.208524
v -45.026657 115.702301 0.579045
v -46.555862 115.123497 1.219708
v -43.475082 116.459213 -0.063403
v -42.402630 117.911682 -0.896152
v -41.835945 116.911011 -0.760028
v -40.897717 116.104050 -0.230372
v -42.564236 115.400887 0.369756
v -44.342106 114.865799 0.940953
v -46.119690 114.298172 1.684148
v -47.772205 114.241516 1.973859
v -46.911552 113.246788 2.773801
v -48.082222 112.641716 3.492505
v -48.731781 113.355896 3.012959
v -47.299809 113.754715 2.346242
v -49.307419 114.102768 2.590688
v -50.671391 113.847267 3.394528
v -50.045231 112.991692 3.783422
v -49.408360 112.019699 4.125340
v -50.864479 111.274536 4.629277
v -51.320644 112.401192 4.361394
v -52.985580 112.994141 4.600110
v -52.299828 112.042404 4.572881
v -51.814247 113.432785 4.127118
v -52.306950 114.349220 4.046636
v -53.597538 113.838287 4.746694
v -53.544857 114.579239 5.305211
v -52.173023 112.098274 12.868009
v -51.533283 111.160545 12.272725
v -51.243454 110.282860 11.443715
v -51.044193 109.817078 10.655385
v -51.614853 109.440506 9.188344
v -52.172997 109.303596 8.150731
v -52.883774 109.505157 7.098104
v -53.676380 110.178131 6.386655
v -54.496037 111.090019 6.148557
v -55.065678 112.111763 6.533589
v -55.507439 112.773430 7.152036
v -55.754284 113.407745 7.969266
v -55.580608 113.789268 8.551854
v -55.355991 114.088646 9.778981
v -54.807423 114.055367 11.095410
v -53.967567 113.732285 12.164678
v -53.101940 112.958069 12.935216
v -52.830849 111.594505 12.970090
v -52.264431 110.733223 12.449735
v -52.033024 109.836304 11.633664
v -51.863453 109.297607 10.903417
v -52.412754 109.076439 9.556417
v -52.916756 109.020676 8.581960
v -53.529491 109.173676 7.563176
v -54.272057 109.710236 6.884038
v -55.002689 110.569824 6.571553
v -55.585377 111.511848 6.894856
v -55.981522 112.237114 7.486348
v -56.217693 112.891068 8.305745
v -56.077374 113.289787 8.876645
v -55.809223 113.555336 10.077031
v -55.224289 113.484833 11.370420
v -54.400383 113.090515 12.406850
v -53.601383 112.421051 13.010381
v -50.782089 109.755287 8.762937
v -51.329643 109.444633 7.243321
v -52.045128 109.710220 6.226293
v -52.872818 110.590729 5.503865
v -54.099251 111.778366 5.331082
v -54.640957 112.928818 5.772595
v -55.177986 113.543648 6.455220
v -55.390846 114.190300 7.146321
v -55.124226 114.571053 7.977262
v -54.989124 115.047630 9.245236
v -54.558903 115.201935 10.735555
v -53.453503 114.835213 11.971692
v -52.701870 113.964607 13.042081
v -51.750343 112.973022 13.162496
v -50.199165 110.034332 10.498708
v -50.382938 109.962936 9.901685
v -51.083046 109.658478 10.233411
v -50.632240 109.926796 9.925061
v -51.944580 109.140518 10.539083
v -52.571846 108.926849 10.760030
v -49.544117 110.929977 10.821721
v 53.678856 114.201172 11.990460
v 54.530315 114.468132 10.897557
v 54.807423 114.055367 11.095410
v 53.967567 113.732285 12.164678
v 55.052605 114.472504 9.564565
v 55.355991 114.088646 9.778981
v 55.244011 114.148315 8.318173
v 55.580608 113.789268 8.551854
v 55.440128 113.777283 7.727193
v 55.754284 113.407745 7.969266
v 55.182739 113.158638 6.911511
v 55.507439 112.773430 7.152036
v 54.705902 112.546089 6.273686
v 55.065678 112.111763 6.533589
v 54.138229 111.469772 5.844228
v 54.496037 111.090019 6.148557
v 53.247978 110.526672 6.028829
v 53.676380 110.178131 6.386655
v 52.412720 109.761444 6.763516
v 52.883774 109.505157 7.098104
v 51.629341 109.530884 7.840482
v 52.172997 109.303596 8.150731
v 51.034569 109.730988 8.923528
v 51.614853 109.440506 9.188344
v 50.675968 110.634674 11.307050
v 51.243454 110.282860 11.443715
v 51.044193 109.817078 10.655385
v 50.455692 110.226593 10.637357
v 51.012497 111.495491 12.145375
v 51.533283 111.160545 12.272725
v 51.713390 112.486618 12.794560
v 52.173023 112.098274 12.868009
v 52.759739 113.357773 12.881139
v 53.101940 112.958069 12.935216
v 47.916832 108.692986 9.694058
v 47.218746 109.427109 9.811810
v 48.387039 109.972771 10.241300
v 49.181366 109.351158 10.171041
v 46.652100 108.254112 9.173505
v 46.109188 108.995293 9.415364
v 45.042809 108.076775 8.602841
v 44.968830 108.928558 9.045796
v 43.713356 108.114456 8.068570
v 43.613544 108.896881 8.592740
v 42.267979 108.320007 7.539510
v 42.207203 109.220573 8.203397
v 40.765457 108.737373 7.085454
v 40.799618 109.682961 7.796460
v 39.350506 109.322540 6.713536
v 39.398773 110.206711 7.310575
v 37.841858 110.108513 6.293591
v 37.982597 110.965508 6.917592
v 36.279819 111.153336 5.951375
v 36.589081 111.932846 6.534787
v 34.888889 112.242599 5.599660
v 35.283066 112.963608 6.195798
v 33.719475 113.310326 5.306371
v 34.116199 114.016876 5.866269
v 32.652592 114.403961 5.020764
v 33.086067 115.074432 5.597737
v 31.708220 115.548584 4.778829
v 32.172573 116.132385 5.326009
v 30.800554 116.764557 4.561803
v 31.315830 117.289917 5.095220
v 30.028069 117.922508 4.383679
v 30.542326 118.436333 4.880017
v 29.372459 119.014824 4.161572
v 29.838247 119.527237 4.643712
v 28.650208 120.105949 3.920551
v 29.134779 120.549156 4.422855
v 27.766310 121.300415 3.695354
v 28.243326 121.728722 4.245029
v 26.907927 122.535309 3.482227
v 27.337267 122.966850 4.032864
v 26.005747 123.757629 3.261517
v 26.383934 124.147484 3.777302
v 25.068701 124.957153 3.045200
v 25.454172 125.333084 3.589138
v 24.187868 126.170547 2.892155
v 24.589842 126.519196 3.523792
v 23.332354 127.383354 2.797352
v 23.651409 127.644386 3.656315
v 22.308111 128.483902 2.774158
v 22.508732 128.849060 4.054554
v 21.158777 129.343857 2.575397
v 21.219316 129.766769 3.840931
v 20.015921 130.170853 2.220966
v 20.100447 130.527267 3.603550
v 19.044662 130.951569 2.155994
v 19.050961 131.257339 3.244846
v 49.330574 109.281647 9.880788
v 48.046219 108.727936 9.379331
v 46.793537 108.281036 8.930326
v 45.182793 108.030579 8.398549
v 43.733025 108.111549 7.754224
v 42.361061 108.325256 7.279675
v 40.871620 108.739609 6.765439
v 49.315041 110.076698 9.460851
v 48.199940 109.486252 9.136380
v 46.930241 109.118164 8.596578
v 45.457130 108.871094 8.022985
v 44.015686 108.870773 7.471593
v 42.653076 109.145035 6.944066
v 41.283466 109.407181 6.482572
v 39.479019 109.276268 6.361585
v 37.945621 110.045998 5.935697
v 36.414898 111.156631 5.383031
v 34.958099 112.292274 5.014890
v 33.882191 113.275291 4.712750
v 32.868851 114.376305 4.375485
v 31.880535 115.514816 4.131925
v 30.937353 116.684578 3.933850
v 30.115309 117.795486 3.760442
v 29.356663 118.841980 3.693234
v 28.624405 119.996017 3.451543
v 27.720444 121.230995 3.216000
v 26.963120 122.396271 2.954304
v 26.049627 123.647469 2.765606
v 24.993950 124.953194 2.510418
v 24.153522 126.082634 2.258694
v 23.231037 127.288849 2.045444
v 22.281626 128.379013 1.898594
v 21.152746 129.282715 1.607334
v 20.036205 130.116257 1.546482
v 19.040173 130.904327 1.471516
v 39.857056 110.035599 6.005277
v 38.386703 110.765999 5.527196
v 36.954239 111.666885 5.063848
v 35.689941 112.728218 4.661466
v 34.494270 113.728821 4.301473
v 33.471497 114.790123 3.984990
v 32.415062 115.821831 3.734891
v 31.627117 116.885353 3.499928
v 30.694386 117.963676 3.295026
v 29.727909 119.191650 3.057813
v 29.158445 120.227600 2.776989
v 28.281000 121.371628 2.525951
v 27.545082 122.482452 2.301472
v 26.576319 123.942902 1.975346
v 25.590143 125.200012 1.615643
v 24.513819 126.426376 1.160702
v 23.461502 127.467674 0.886318
v 22.391275 128.459824 0.644917
v 21.255306 129.390503 0.505070
v 20.096411 130.256836 0.466541
v 18.971258 131.142899 0.452381
v 19.195124 131.862015 4.520374
v 20.244017 131.132034 4.741077
v 19.666468 132.860672 5.737933
v 20.615301 132.006622 5.798679
v 20.311905 134.042511 6.396976
v 21.279898 133.041595 6.501498
v 21.210278 135.242371 6.623553
v 22.134403 134.194122 6.765567
v 22.111773 136.498474 6.310641
v 23.006830 135.358261 6.524173
v 22.899035 137.596527 5.551028
v 24.087318 136.146210 5.908679
v 23.773937 138.604752 4.449603
v 24.887220 137.388687 4.548221
v 24.496613 139.400604 3.119540
v 25.421711 138.204651 3.061633
v 24.678354 139.917206 1.429812
v 25.727921 138.762497 1.469714
v 24.556601 139.813751 0.161609
v 25.628502 138.722595 0.056628
v 24.225203 139.444687 -1.069364
v 25.337557 138.445511 -1.184888
v 23.780819 138.866821 -2.227399
v 24.917517 137.935318 -2.344434
v 23.259087 138.174652 -3.217496
v 24.349325 137.192993 -3.331571
v 22.417921 137.169617 -3.998441
v 23.679209 136.117554 -4.048169
v 21.709925 136.160309 -4.339398
v 22.998251 134.799057 -4.386640
v 21.057526 135.135803 -4.375409
v 22.113512 134.182281 -4.389737
v 20.176620 130.558182 -0.757931
v 18.987537 131.483826 -0.728924
v 20.353193 131.070084 -1.968121
v 19.125807 132.062607 -1.887188
v 20.539547 131.859787 -2.960613
v 19.452175 132.791443 -2.895047
v 20.879004 132.647156 -3.662274
v 19.926510 133.543716 -3.653638
v 21.476425 133.329300 -4.120465
v 20.438700 134.300842 -4.122739
v 26.698717 137.665329 -0.189130
v 26.767370 137.796539 1.238971
v 26.528767 137.213257 3.060275
v 26.098719 136.398544 4.553271
v 25.594330 135.316422 5.770511
v 25.031967 133.738068 6.663363
v 23.671562 134.820831 6.573337
v 24.532684 132.219193 7.001209
v 23.085094 133.075317 6.883807
v 24.320181 130.627274 6.816029
v 22.796171 131.207031 6.474079
v 24.230173 129.379288 6.500660
v 22.998758 129.855835 5.796391
v 24.162237 128.135849 6.216946
v 23.217293 128.502029 4.931263
v 24.519012 127.184021 5.819370
v 23.922144 127.574631 4.463032
v 25.305330 126.557503 5.424145
v 24.859255 126.713120 4.233906
v 26.275501 125.838516 5.075184
v 25.812424 125.664322 4.140171
v 27.288052 124.848053 4.903728
v 26.787231 124.544113 4.252560
v 27.911480 124.294922 4.993862
v 27.906170 123.499672 4.581013
v 28.438543 124.294296 5.398510
v 28.852020 123.522476 5.345005
v 28.878735 124.699295 5.872814
v 29.441254 123.845726 6.141972
v 29.309755 125.509727 6.189541
v 29.923824 124.785019 6.472004
v 29.782396 126.476807 6.521030
v 30.401558 125.722130 6.477032
v 30.406834 127.565552 6.856548
v 31.077408 126.806747 6.724293
v 30.990253 128.852097 6.662533
v 31.631800 128.084732 6.643986
v 31.497141 130.013763 6.006275
v 32.151814 129.290649 6.054409
v 31.903873 131.260757 4.699024
v 32.587631 130.562378 4.814152
v 32.234798 132.200577 2.940662
v 32.940796 131.522110 3.059330
v 32.159435 132.614044 1.168858
v 32.906654 131.965317 1.258381
v 31.937775 132.721329 -0.171918
v 32.743801 132.112946 -0.119503
v 31.723736 132.441925 -1.135479
v 32.550575 131.852264 -1.098537
v 31.454399 131.878632 -2.028500
v 32.287560 131.261200 -1.973125
v 30.950069 130.410309 -3.004345
v 31.794233 129.771622 -2.935787
v 30.388767 128.742889 -3.554234
v 31.470985 128.086380 -3.380451
v 29.867685 127.159286 -3.907925
v 31.039793 126.480957 -3.766727
v 29.377665 125.365868 -4.245136
v 30.546665 124.893509 -4.108746
v 29.054417 124.217751 -4.145916
v 29.956827 123.638741 -3.956142
v 28.783398 123.448593 -3.583500
v 29.702976 122.850090 -3.353016
v 28.653624 122.946014 -2.530560
v 29.459965 122.335831 -2.350834
v 28.676479 122.790977 -1.043720
v 29.425200 122.089966 -0.865276
v 28.785458 122.879433 0.319363
v 29.578232 122.262497 0.522297
v 28.601990 123.209511 0.941906
v 29.173229 122.873642 1.490055
v 28.171637 123.583145 1.152851
v 28.209482 123.010498 1.701893
v 27.264025 124.488625 0.780735
v 27.015554 124.169121 1.417301
v 26.326412 125.586609 -0.030415
v 25.956284 125.424110 0.841938
v 25.359039 126.650154 -0.889095
v 24.705452 126.782204 0.040630
v 24.513828 127.702919 -1.874615
v 23.957787 127.753174 -0.919033
v 24.147116 128.636459 -2.531109
v 23.041218 128.951065 -1.776508
v 24.029585 129.675110 -3.158611
v 22.851706 129.895279 -2.694698
v 26.371569 137.510437 -1.301312
v 25.905167 137.001877 -2.446393
v 25.461479 136.220154 -3.323651
v 24.937162 135.008575 -4.039609
v 24.527485 133.994812 -4.310987
v 22.945429 133.498444 -4.351956
v 24.134987 132.769989 -4.318021
v 22.552563 132.282944 -3.987850
v 23.943432 131.760559 -4.112621
v 22.560585 131.140991 -3.459789
v 23.909861 130.700867 -3.713146
v 37.295219 127.933037 -0.466869
v 37.461048 128.153290 0.518574
v 36.267475 129.013168 0.324223
v 35.978104 128.638535 -0.709255
v 35.233284 128.120743 -1.980824
v 36.856205 127.008049 -1.725307
v 34.633610 126.595390 -2.847393
v 36.146370 125.834061 -2.689693
v 33.974377 125.055222 -3.492229
v 35.374619 124.355652 -3.407169
v 33.184464 123.431854 -3.634678
v 34.484169 122.501686 -3.284023
v 32.259090 122.047958 -3.191822
v 33.885700 121.112038 -2.685787
v 32.027508 120.669411 -2.172985
v 33.422882 119.913162 -1.951228
v 31.852631 119.893120 -1.057513
v 33.075230 118.897064 -0.946582
v 32.195099 119.630081 -0.009814
v 33.212864 118.666298 -0.232387
v 32.850353 119.741524 0.735623
v 33.804844 118.802124 0.339818
v 33.409740 119.477219 1.503682
v 34.426914 118.664200 1.105153
v 33.972675 118.833099 2.571836
v 34.831264 118.293106 1.950414
v 34.944542 117.639694 3.573056
v 35.467125 117.734177 2.674832
v 36.048241 116.921242 3.747334
v 36.277435 117.117325 3.082051
v 37.071350 116.591110 3.339055
v 36.976543 116.720352 2.841649
v 37.873272 116.197601 2.537442
v 37.497051 116.597366 2.161565
v 38.773556 116.068436 1.621190
v 38.016720 116.605133 1.087583
v 39.183025 116.271179 0.400662
v 38.415558 116.789391 -0.145099
v 39.698917 116.694679 -0.718547
v 38.926804 117.262321 -1.234981
v 40.227848 117.486732 -1.433978
v 39.457214 118.103607 -1.920878
v 40.980885 118.991982 -1.808619
v 40.185993 119.604881 -2.282947
v 41.757137 120.356239 -1.665417
v 40.713989 121.105637 -2.233891
v 42.331810 121.774223 -1.269527
v 41.225948 122.572838 -1.854130
v 42.469234 123.099831 -0.720348
v 41.464729 123.911758 -1.170017
v 42.516628 124.147156 0.104343
v 41.506485 124.882484 -0.238659
v 42.470345 124.907661 1.153988
v 41.487820 125.605858 0.821095
v 42.247822 125.264763 2.390949
v 41.201267 125.937805 2.043476
v 41.834549 125.212753 3.655476
v 40.796497 125.835518 3.327892
v 41.405907 125.024323 4.769215
v 40.421593 125.571587 4.494122
v 40.715427 124.285286 5.941601
v 39.742794 124.733147 5.553677
v 40.187805 123.513252 6.787746
v 39.184635 123.927956 6.505375
v 39.671299 122.261208 7.085918
v 38.680153 122.752533 6.678837
v 39.149273 120.906441 7.235096
v 38.172810 121.338577 6.793903
v 38.668785 119.314178 7.205564
v 37.694180 119.716629 6.720746
v 38.089584 118.641853 7.770253
v 37.114395 119.104118 7.389760
v 37.254990 117.842224 8.239018
v 36.446716 118.553490 7.796849
v 36.400444 117.364372 7.865865
v 36.007374 118.402512 7.703702
v 35.314178 117.583054 7.080808
v 35.480755 118.432587 7.529263
v 34.357464 118.401802 6.745000
v 34.774837 118.895538 7.546628
v 33.613361 119.244186 6.666837
v 34.309074 119.549835 7.795178
v 32.816658 120.268135 6.824299
v 33.797676 120.228455 8.140751
v 32.698792 121.281281 7.831661
v 33.510040 121.083267 8.461018
v 32.865982 122.145607 7.939320
v 33.588570 121.937485 8.364658
v 33.312263 123.026733 7.184536
v 33.996128 122.723457 7.549618
v 33.825230 123.981346 6.452709
v 34.613804 123.639877 6.480259
v 34.323105 125.109375 6.233501
v 35.136776 124.640564 6.061184
v 34.929569 126.408875 5.778934
v 35.748089 125.693123 5.573643
v 35.409824 127.467171 4.963337
v 36.330498 126.736626 4.850834
v 35.768291 128.333115 3.905025
v 36.877312 127.609512 3.690624
v 36.095058 128.857803 2.551365
v 37.171902 128.161469 2.173946
v 36.211449 129.055344 1.313488
v 37.334171 128.266876 1.095142
v 35.174397 129.870407 0.299534
v 34.997124 129.508743 -0.700176
v 34.242298 130.648773 0.192486
v 34.137371 130.277557 -0.839931
v 33.576450 131.263580 0.111729
v 33.327415 131.029282 -0.986217
v 32.892090 130.525024 -2.007992
v 33.915634 129.780548 -1.838596
v 34.770283 129.204483 -1.564495
v 54.510124 115.741753 8.913182
v 54.690536 115.252686 7.644177
v 55.124226 114.571053 7.977262
v 54.989124 115.047630 9.245236
v 53.116100 116.436111 8.274014
v 53.127239 116.171242 7.134908
v 52.048920 117.065331 7.580647
v 52.402657 116.788536 6.273557
v 50.992184 117.968208 6.920804
v 51.172474 117.461258 5.608090
v 49.916748 118.836281 6.282025
v 50.008114 118.295494 4.984036
v 48.806065 119.763634 5.641927
v 48.928822 119.306335 4.246640
v 47.770851 120.630333 5.079739
v 48.005371 120.029045 3.751934
v 46.754990 121.543625 4.543652
v 46.936874 120.999168 3.219196
v 45.666862 122.472466 4.011768
v 45.785206 122.012207 2.692410
v 44.501865 123.451942 3.468563
v 44.614685 123.022263 2.071583
v 43.359097 124.374176 2.935093
v 43.613304 123.854279 1.540722
v 43.647907 123.232376 0.594181
v 44.634258 122.378487 1.041096
v 45.751263 121.376747 1.612171
v 46.868435 120.383591 2.241123
v 47.900860 119.468033 2.794393
v 48.816792 118.555077 3.020253
v 50.134022 117.686852 3.867894
v 51.295036 117.008858 4.595983
v 52.366905 116.318130 5.244687
v 53.151783 115.220169 6.115552
v 54.811565 114.868988 6.718129
v 55.390846 114.190300 7.146321
v 22.113279 132.088074 6.516422
v 21.475672 131.279663 5.859898
v 21.234335 130.462418 4.946247
v 22.177361 129.922806 5.183979
v 22.233562 130.655182 5.877598
v 23.673759 127.648621 -0.125675
v 22.598053 128.624802 -0.505428
v 21.430830 129.620804 -0.727642
v 21.835346 130.094940 -2.085003
v 21.908316 131.798386 -3.573116
v 21.687799 131.191406 -3.058834
v 29.180744 121.855019 2.154232
v 30.110447 120.821381 2.564579
v 28.943796 122.187691 4.698750
v 29.818401 122.477394 5.366863
v 29.847174 121.029320 4.844440
v 30.679083 121.438652 5.345715
v 30.518450 120.105743 5.008533
v 31.267653 120.720673 5.448772
v 31.301161 119.056458 5.226377
v 32.179592 119.753281 5.706471
v 32.077408 117.991158 5.440061
v 32.981445 118.720428 5.873525
v 32.952850 116.897194 5.684079
v 33.813385 117.725143 6.083310
v 33.845554 115.927094 5.934415
v 34.720608 116.798210 6.321897
v 34.794956 114.937897 6.198010
v 35.614155 115.863914 6.533689
v 35.886433 113.930496 6.507741
v 36.664307 114.949829 6.801801
v 37.122906 112.955360 6.861447
v 37.854572 114.082245 7.090177
v 38.468548 112.140099 7.255475
v 39.098434 113.291367 7.421025
v 39.822922 111.472069 7.612378
v 40.320721 112.664009 7.757337
v 41.163952 110.919540 7.997296
v 41.633636 112.173416 8.112233
v 42.526627 110.515083 8.371976
v 42.915157 111.774635 8.545285
v 43.875828 110.262901 8.753232
v 44.139099 111.537674 8.937108
v 45.229904 110.169258 9.171292
v 45.425121 111.420494 9.385716
v 46.622566 110.118271 9.657681
v 46.705936 111.398354 9.896123
v 47.920837 110.635986 10.173696
v 47.899170 111.504929 10.435704
v 48.735851 110.914948 10.482564
v 49.290089 110.526627 10.586949
v 48.901611 111.487106 10.900861
v 30.080143 122.123436 1.864132
v 30.902468 121.310913 2.316929
v 30.826153 119.860245 2.933141
v 31.713783 120.368027 2.687191
v 31.677088 118.774017 3.279546
v 32.594898 119.362839 3.118375
v 32.523125 117.617363 3.557897
v 33.547268 118.312431 3.608594
v 33.416485 116.501808 3.864316
v 34.477051 117.213570 3.979711
v 34.266850 115.529648 4.158559
v 35.248299 116.585381 4.198659
v 35.267002 114.695839 4.539510
v 36.054634 115.857101 4.564862
v 36.312553 114.007202 4.932866
v 37.177826 114.952484 5.086675
v 38.169331 115.764641 4.629094
v 37.206764 116.417641 3.986180
v 37.590786 113.082748 5.419026
v 38.299603 114.228485 5.579717
v 39.170574 115.037659 5.258122
v 38.950638 112.257889 5.889874
v 39.533737 113.419998 6.116635
v 40.248974 114.351982 5.780477
v 40.270531 111.497467 6.324796
v 40.621445 112.784561 6.544370
v 41.685249 113.716835 6.347569
v 41.720161 111.026230 6.863896
v 42.027718 112.143173 7.087255
v 42.770966 113.154594 6.861005
v 43.174755 110.853897 7.437306
v 44.680809 110.622604 8.000958
v 45.925381 110.451767 8.406880
v 48.929138 110.711388 9.134343
v 49.919552 110.021545 9.601407
v 50.075668 109.856842 8.352109
v 49.250664 110.243820 7.962110
v 47.939270 111.045486 8.909726
v 46.648563 110.435730 8.657750
v 47.136269 111.389252 8.622808
v 46.486736 111.635010 8.424626
v 45.633644 111.974083 8.067647
v 43.535126 111.833603 7.603292
v 44.134380 112.593689 7.406301
v 48.184380 110.784836 7.491376
v 47.488865 111.092361 7.206403
v 46.598698 111.457848 6.800992
v 45.928421 111.729248 6.482915
v 45.039085 112.051857 5.857732
v 43.568718 112.800606 5.450643
v 42.320572 113.402008 4.967076
v 41.080048 114.045898 4.457585
v 39.963188 114.660881 3.938489
v 38.982433 115.259193 3.415975
v 38.231350 115.818520 2.928327
v 33.046124 127.319397 -3.084873
v 32.525871 125.777016 -3.584225
v 31.935759 124.225601 -3.893055
v 31.324345 122.981560 -3.672421
v 31.024828 122.255539 -3.200741
v 30.776772 121.476105 -2.241261
v 30.674198 121.003990 -1.017193
v 30.892429 120.905937 0.132900
v 33.568470 128.809998 -2.602398
v 30.991724 123.770615 6.721287
v 30.598370 122.779594 6.592068
v 32.026146 122.914780 7.141895
v 31.638618 121.908569 7.090046
v 32.470837 123.838707 6.630573
v 31.484871 124.803932 6.523663
v 31.369757 121.398018 6.202801
v 33.197144 119.577225 2.238095
v 32.380722 120.365364 1.814960
v 31.424049 120.892120 0.915783
v 31.397211 121.186066 1.560085
v 30.746351 121.695099 1.193317
v 32.976749 124.958572 6.460857
v 32.040108 125.922363 6.587498
v 32.594986 127.120720 6.482235
v 33.517883 126.159317 6.355022
v 34.047771 127.374763 5.855518
v 33.133720 128.352890 5.927898
v 33.567677 129.459961 4.911381
v 34.470154 128.425400 4.969982
v 34.792664 129.240845 3.855549
v 33.869125 130.277084 3.664196
v 35.017902 129.756531 2.654316
v 34.006657 130.687515 2.656437
v 35.086971 129.975571 1.402676
v 33.967335 130.939270 1.153339
v 54.729439 114.154388 5.976689
v 55.177986 113.543648 6.455220
v 54.443424 113.471008 5.330518
v 54.640957 112.928818 5.772595
v 53.884808 112.276985 4.971410
v 54.099251 111.778366 5.331082
v 52.518566 110.960762 4.938886
v 52.872818 110.590729 5.503865
v 51.506378 109.982697 5.782948
v 52.045128 109.710220 6.226293
v 50.699135 109.675377 6.739934
v 51.329643 109.444633 7.243321
v 50.782089 109.755287 8.762937
v 49.994587 111.703384 12.177892
v 49.698555 111.138336 11.425519
v 50.312305 112.767479 12.964833
v 51.604465 113.662300 13.280904
v 52.258175 114.565491 12.910764
v 52.701870 113.964607 13.042081
v 51.750343 112.973022 13.162496
v 53.070015 115.334961 11.874921
v 53.453503 114.835213 11.971692
v 54.109524 115.739517 10.576352
v 54.558903 115.201935 10.735555
v 51.321785 114.903702 12.698514
v 50.663261 113.688301 13.179639
v 48.974987 112.022980 11.733609
v 49.134148 113.043060 12.709264
v 49.561687 113.923607 12.912885
v 50.387596 115.142899 12.462918
v 52.198719 115.660309 11.778111
v 50.977947 116.004181 11.082616
v 53.275066 116.215767 10.122945
v 52.180244 116.432144 9.701955
v 51.413406 117.028389 9.024083
v 50.510681 118.103127 8.364575
v 49.545753 119.000023 7.673802
v 48.314171 119.987305 7.027829
v 47.207317 120.899384 6.485386
v 46.224117 121.753494 5.949306
v 45.178745 122.598969 5.422993
v 44.028702 123.517326 4.877110
v 42.892612 124.423561 4.250225
v 38.261856 117.292702 8.622876
v 37.444675 116.581726 8.288800
v 39.520840 116.640900 9.125920
v 38.811310 115.729134 8.819066
v 40.873066 116.055939 9.722302
v 40.146732 115.229317 9.438794
v 42.371143 115.585365 10.282712
v 42.132301 114.466782 10.143643
v 43.958813 115.143402 10.942975
v 43.675175 114.070015 10.790738
v 45.616707 114.811707 11.531713
v 45.257935 113.745743 11.358464
v 47.104641 114.498604 12.150540
v 46.583271 113.624283 11.926557
v 48.375523 114.217033 12.594831
v 47.842739 113.338715 12.350446
v 37.156673 115.810768 7.503209
v 36.139172 116.664017 7.211965
v 38.353535 114.991020 7.865010
v 39.616123 114.233330 8.170972
v 47.899193 112.220726 11.226445
v 46.699432 112.330391 10.735692
v 45.399109 112.466522 10.192662
v 44.108788 112.605293 9.657956
v 43.166180 112.819534 9.309079
v 41.863419 113.257706 8.899465
v 40.561131 113.752571 8.463262
v 39.090260 118.013336 8.239537
v 39.809536 118.836197 7.788205
v 40.255405 117.404221 8.728002
v 40.959217 118.301361 8.350766
v 41.495491 116.923042 9.270421
v 42.088749 117.847221 8.865399
v 42.861382 116.507729 9.800870
v 43.326580 117.490883 9.353269
v 44.417953 116.145393 10.374402
v 44.761650 117.178650 9.860745
v 46.053284 115.849548 10.960912
v 46.495415 117.035957 10.278386
v 47.572796 115.493271 11.558446
v 48.156166 116.315697 10.880467
v 48.879307 115.335648 12.141194
v 49.308727 115.959938 11.595624
v 50.412136 116.834671 10.115369
v 49.860817 116.552979 10.766889
v 48.835701 117.212135 10.333211
v 49.654922 117.852936 9.567159
v 47.622154 117.995049 9.886533
v 48.611160 118.771545 9.003530
v 46.460011 119.003250 9.369664
v 47.424828 119.760010 8.426488
v 45.434116 119.990730 8.822537
v 46.287231 120.726219 7.863583
v 45.677963 118.282219 9.682584
v 44.913628 119.058464 9.310254
v 44.469437 120.875046 8.304729
v 45.349472 121.611450 7.283031
v 44.384720 122.421585 6.737560
v 43.363251 123.264725 6.166874
v 42.330013 124.164543 5.482510
v 43.546188 121.656670 7.831341
v 42.529396 122.477234 7.337444
v 41.322128 123.386345 6.785885
v 43.903938 119.794792 8.899106
v 42.887600 120.487320 8.478573
v 41.846600 121.167023 8.003429
v 40.754250 121.817520 7.528446
v 40.284920 120.285957 7.738613
v 41.400925 119.689781 8.250966
v 42.481003 119.160454 8.730504
v 43.594116 118.656509 9.161641
v 44.739246 118.264023 9.542851
v 51.949780 115.849350 4.499005
v 52.136295 115.067200 4.561841
v 51.121075 116.062271 3.931966
v 51.181282 114.568871 3.359517
v 49.892216 116.494446 3.272649
v 49.723835 115.044647 2.580106
v 48.710865 117.078949 2.477468
v 48.097057 115.184189 1.758801
v 49.443298 110.148506 6.343839
v 47.949272 110.740570 5.848943
v 50.069527 110.550682 5.184773
v 48.641796 111.100067 4.693707
v 46.451195 111.354019 5.304830
v 47.272610 111.742500 4.126813
v 45.266941 111.921066 4.689992
v 44.119328 112.572495 4.131177
v 46.110817 112.443695 3.473744
v 45.124187 113.250786 2.855969
v 39.136490 115.784134 1.888196
v 39.887722 115.861748 0.742940
v 39.846840 115.257294 2.244016
v 40.545013 115.493256 1.037267
v 40.778591 114.576843 2.662419
v 41.651310 114.926498 1.460538
v 41.854679 113.875778 3.125905
v 42.984306 114.333557 1.992848
v 42.978500 113.194176 3.598470
v 44.278503 113.780457 2.483869
v 47.511997 117.754913 1.687528
v 47.006050 116.569641 1.351438
v 46.346756 118.677521 0.986508
v 45.828838 117.454544 0.652394
v 45.049606 119.631104 0.224744
v 44.433445 118.288483 -0.057101
v 43.742718 120.953873 -0.459484
v 43.095055 119.410439 -0.855212
v 43.594349 122.243256 -0.132908
v 44.377430 121.584457 0.246593
v 45.480083 120.597359 0.820797
v 46.652508 119.638069 1.527318
v 47.786037 118.862900 2.208524
v 45.026657 115.702301 0.579045
v 46.555862 115.123497 1.219708
v 43.475082 116.459213 -0.063403
v 42.402630 117.911682 -0.896152
v 41.835945 116.911011 -0.760028
v 40.897717 116.104050 -0.230372
v 42.564236 115.400887 0.369756
v 44.342106 114.865799 0.940953
v 46.119690 114.298172 1.684148
v 47.772205 114.241516 1.973859
v 46.911552 113.246788 2.773801
v 48.082222 112.641716 3.492505
v 48.731781 113.355896 3.012959
v 47.299809 113.754715 2.346242
v 49.307419 114.102768 2.590688
v 50.671391 113.847267 3.394528
v 50.045231 112.991692 3.783422
v 49.408360 112.019699 4.125340
v 50.864479 111.274536 4.629277
v 51.320644 112.401192 4.361394
v 52.985580 112.994141 4.600110
v 52.299828 112.042404 4.572881
v 51.814247 113.432785 4.127118
v 52.306950 114.349220 4.046636
v 53.597538 113.838287 4.746694
v 53.544857 114.579239 5.305211
v 55.224289 113.484833 11.370420
v 54.400383 113.090515 12.406850
v 55.809223 113.555336 10.077031
v 56.077374 113.289787 8.876645
v 56.217693 112.891068 8.305745
v 55.981522 112.237114 7.486348
v 55.585377 111.511848 6.894856
v 55.002689 110.569824 6.571553
v 54.272057 109.710236 6.884038
v 53.529491 109.173676 7.563176
v 52.916756 109.020676 8.581960
v 52.412754 109.076439 9.556417
v 52.033024 109.836304 11.633664
v 51.863453 109.297607 10.903417
v 52.264431 110.733223 12.449735
v 52.830849 111.594505 12.970090
v 53.601383 112.421051 13.010381
v 55.585190 113.013252 11.598271
v 54.774029 112.563126 12.607511
v 56.199963 113.112610 10.323964
v 56.502682 112.874763 9.145749
v 56.614216 112.460686 8.584523
v 56.384853 111.791267 7.763349
v 56.024418 111.015434 7.194173
v 55.425850 110.141541 6.922032
v 54.764481 109.329872 7.296132
v 54.058769 108.909851 7.948483
v 53.525890 108.801704 8.939252
v 53.068066 108.792969 9.861379
v 52.686100 109.486465 11.791051
v 52.503418 109.080605 11.107633
v 52.872643 110.397148 12.596387
v 53.383251 111.192024 13.054662
v 54.026295 111.984787 13.072644
v 50.199165 110.034332 10.498708
v 50.382938 109.962936 9.901685
v 51.083046 109.658478 10.233411
v 50.632240 109.926796 9.925061
v 51.944580 109.140518 10.539083
v 52.571846 108.926849 10.760030
v 49.544117 110.929977 10.821721
vt 0.184091 0.475992
vt 0.183516 0.484545
vt 0.180108 0.484099
vt 0.180574 0.475465
vt 0.183773 0.493423
vt 0.180217 0.493061
vt 0.183780 0.501823
vt 0.180095 0.501328
vt 0.854785 0.384894
vt 0.855646 0.388641
vt 0.861503 0.383138
vt 0.862369 0.386791
vt 0.867609 0.381081
vt 0.868612 0.384940
vt 0.875947 0.380429
vt 0.876604 0.384339
vt 0.884634 0.380275
vt 0.884847 0.384492
vt 0.893612 0.381796
vt 0.893168 0.385828
vt 0.902746 0.383630
vt 0.901684 0.387882
vt 0.911195 0.385889
vt 0.909632 0.390224
vt 0.178849 0.441860
vt 0.175001 0.443383
vt 0.173474 0.437564
vt 0.177609 0.436721
vt 0.181477 0.449481
vt 0.177878 0.450834
vt 0.183058 0.458091
vt 0.179458 0.458846
vt 0.183090 0.466636
vt 0.179751 0.466825
vt 0.182636 0.417094
vt 0.189182 0.417856
vt 0.186005 0.426038
vt 0.179522 0.426356
vt 0.186803 0.408731
vt 0.192678 0.410558
vt 0.193882 0.400095
vt 0.197917 0.404876
vt 0.200552 0.393560
vt 0.204422 0.398330
vt 0.208562 0.387378
vt 0.212689 0.393360
vt 0.217852 0.382252
vt 0.221581 0.388986
vt 0.227486 0.378538
vt 0.230836 0.384675
vt 0.238461 0.375176
vt 0.241183 0.381612
vt 0.250801 0.373073
vt 0.252361 0.379580
vt 0.262544 0.371673
vt 0.263410 0.378270
vt 0.273152 0.371137
vt 0.273966 0.377557
vt 0.283475 0.371030
vt 0.283933 0.377488
vt 0.293568 0.371662
vt 0.293512 0.377758
vt 0.303998 0.372774
vt 0.303455 0.378743
vt 0.313709 0.374253
vt 0.313150 0.380036
vt 0.323518 0.375694
vt 0.322852 0.381285
vt 0.333645 0.377159
vt 0.332729 0.382558
vt 0.343808 0.378698
vt 0.342830 0.384206
vt 0.353965 0.380512
vt 0.353249 0.385891
vt 0.364175 0.382061
vt 0.363578 0.386979
vt 0.374350 0.383330
vt 0.373663 0.388337
vt 0.384190 0.384961
vt 0.383248 0.390329
vt 0.393800 0.386738
vt 0.392674 0.392905
vt 0.403551 0.388033
vt 0.403349 0.396942
vt 0.412989 0.387277
vt 0.413938 0.396005
vt 0.422299 0.385388
vt 0.422864 0.394719
vt 0.430444 0.385377
vt 0.431300 0.392709
vt 0.929161 0.383104
vt 0.936950 0.377132
vt 0.943822 0.371697
vt 0.951241 0.364358
vt 0.956593 0.356175
vt 0.961185 0.348363
vt 0.965305 0.339053
vt 0.924351 0.379051
vt 0.932333 0.374571
vt 0.939180 0.368519
vt 0.946089 0.361458
vt 0.951801 0.353872
vt 0.955996 0.345724
vt 0.960276 0.337686
vt 0.968593 0.329987
vt 0.971437 0.319329
vt 0.972867 0.307086
vt 0.974403 0.295286
vt 0.975036 0.285792
vt 0.975036 0.275897
vt 0.975226 0.265907
vt 0.975395 0.255789
vt 0.975399 0.246232
vt 0.975947 0.236712
vt 0.975258 0.226102
vt 0.974504 0.215806
vt 0.973391 0.206410
vt 0.973044 0.195948
vt 0.972738 0.184781
vt 0.972275 0.175461
vt 0.972332 0.165398
vt 0.972968 0.155870
vt 0.972832 0.146271
vt 0.974167 0.137406
vt 0.975273 0.129325
vt 0.963158 0.327936
vt 0.965834 0.317577
vt 0.967791 0.306764
vt 0.968566 0.296043
vt 0.969492 0.285829
vt 0.969702 0.276081
vt 0.970493 0.266293
vt 0.970139 0.257317
vt 0.970558 0.247475
vt 0.970621 0.236355
vt 0.969509 0.226786
vt 0.968834 0.217015
vt 0.967785 0.207937
vt 0.966494 0.195995
vt 0.965604 0.185176
vt 0.964531 0.174116
vt 0.964582 0.164229
vt 0.964818 0.154540
vt 0.965754 0.144991
vt 0.967358 0.135808
vt 0.969050 0.126774
vt 0.432639 0.401865
vt 0.424261 0.403074
vt 0.434012 0.412493
vt 0.425684 0.412244
vt 0.435548 0.422140
vt 0.426499 0.421421
vt 0.436184 0.431985
vt 0.427133 0.430860
vt 0.437362 0.442174
vt 0.428021 0.440379
vt 0.438654 0.452159
vt 0.426474 0.449818
vt 0.439384 0.463371
vt 0.428631 0.462757
vt 0.440061 0.474463
vt 0.430146 0.474348
vt 0.441545 0.485940
vt 0.431385 0.485504
vt 0.875509 0.102565
vt 0.874781 0.112366
vt 0.883890 0.103918
vt 0.883072 0.113475
vt 0.892482 0.105585
vt 0.891466 0.114937
vt 0.900741 0.107235
vt 0.899956 0.116587
vt 0.910389 0.108772
vt 0.908852 0.119147
vt 0.918350 0.110704
vt 0.917875 0.122654
vt 0.925806 0.112915
vt 0.924691 0.121913
vt 0.959601 0.133463
vt 0.961655 0.124013
vt 0.951587 0.130711
vt 0.953897 0.120865
vt 0.944321 0.127046
vt 0.946112 0.118080
vt 0.937854 0.124340
vt 0.938873 0.116071
vt 0.931489 0.123403
vt 0.932498 0.114400
vt 0.874913 0.122140
vt 0.422210 0.487128
vt 0.420437 0.474750
vt 0.418435 0.463512
vt 0.415635 0.452773
vt 0.411172 0.441259
vt 0.422468 0.440643
vt 0.406925 0.431525
vt 0.417675 0.429513
vt 0.401163 0.422760
vt 0.411220 0.418672
vt 0.396014 0.416178
vt 0.404493 0.411079
vt 0.390016 0.410415
vt 0.397577 0.402485
vt 0.384201 0.406258
vt 0.390282 0.398057
vt 0.378033 0.402745
vt 0.382069 0.395367
vt 0.370360 0.399683
vt 0.372874 0.393158
vt 0.361203 0.397379
vt 0.362953 0.391838
vt 0.355611 0.397198
vt 0.352386 0.392145
vt 0.352676 0.400441
vt 0.347139 0.398369
vt 0.352074 0.405377
vt 0.345039 0.405000
vt 0.354111 0.411370
vt 0.347550 0.411918
vt 0.357308 0.418014
vt 0.350781 0.418224
vt 0.360842 0.425787
vt 0.354101 0.426342
vt 0.365281 0.434025
vt 0.358743 0.434342
vt 0.369369 0.442436
vt 0.363021 0.442745
vt 0.374612 0.453359
vt 0.368221 0.453499
vt 0.379116 0.465796
vt 0.372724 0.465996
vt 0.383088 0.477025
vt 0.376652 0.477478
vt 0.386020 0.485438
vt 0.379480 0.486145
vt 0.865887 0.163818
vt 0.864982 0.170304
vt 0.872865 0.165343
vt 0.871788 0.171992
vt 0.883944 0.170002
vt 0.882761 0.176814
vt 0.894771 0.175399
vt 0.892351 0.183371
vt 0.904632 0.180645
vt 0.901950 0.189114
vt 0.915201 0.187036
vt 0.911634 0.194488
vt 0.921789 0.191292
vt 0.919907 0.198148
vt 0.927268 0.194799
vt 0.925394 0.201902
vt 0.933630 0.199110
vt 0.931884 0.205668
vt 0.942132 0.203895
vt 0.940399 0.210581
vt 0.950248 0.207654
vt 0.948784 0.214348
vt 0.955036 0.207173
vt 0.956452 0.212537
vt 0.957185 0.203708
vt 0.960892 0.207588
vt 0.956867 0.194908
vt 0.961631 0.196157
vt 0.953645 0.184625
vt 0.959864 0.184823
vt 0.950071 0.174408
vt 0.957067 0.171991
vt 0.945304 0.164746
vt 0.952268 0.163053
vt 0.941401 0.158092
vt 0.948281 0.152521
vt 0.936252 0.152197
vt 0.942200 0.146445
vt 0.882399 0.122412
vt 0.890880 0.123624
vt 0.898592 0.125916
vt 0.907412 0.129753
vt 0.913880 0.132948
vt 0.923580 0.128674
vt 0.920948 0.137196
vt 0.930889 0.132965
vt 0.926258 0.141309
vt 0.936512 0.138722
vt 0.931416 0.146431
vt 0.858188 0.209466
vt 0.340103 0.488749
vt 0.349557 0.488261
vt 0.861454 0.200289
vt 0.871831 0.199791
vt 0.868455 0.212061
vt 0.883174 0.204412
vt 0.879029 0.214645
vt 0.894006 0.209037
vt 0.890124 0.218512
vt 0.904914 0.213592
vt 0.902282 0.223999
vt 0.915511 0.217252
vt 0.911195 0.229380
vt 0.923414 0.225273
vt 0.919069 0.234932
vt 0.930063 0.231125
vt 0.926459 0.240920
vt 0.935032 0.236662
vt 0.929933 0.244579
vt 0.939269 0.241895
vt 0.933419 0.249087
vt 0.942448 0.247862
vt 0.936834 0.254853
vt 0.946837 0.255856
vt 0.940456 0.260416
vt 0.949211 0.267914
vt 0.942324 0.267535
vt 0.946260 0.276532
vt 0.941667 0.274780
vt 0.939914 0.281121
vt 0.937582 0.278552
vt 0.932262 0.283293
vt 0.931892 0.278937
vt 0.923866 0.284480
vt 0.924186 0.277451
vt 0.915896 0.281359
vt 0.916168 0.274297
vt 0.907888 0.278405
vt 0.908207 0.271269
vt 0.900614 0.275632
vt 0.900780 0.268415
vt 0.889853 0.272284
vt 0.890079 0.265002
vt 0.879611 0.271107
vt 0.880074 0.261904
vt 0.869397 0.269511
vt 0.869764 0.259783
vt 0.860431 0.266608
vt 0.859976 0.257652
vt 0.851869 0.264991
vt 0.851196 0.256533
vt 0.304300 0.496767
vt 0.312281 0.494911
vt 0.302707 0.488418
vt 0.310885 0.486516
vt 0.300474 0.480093
vt 0.308384 0.478039
vt 0.298282 0.472572
vt 0.305503 0.470357
vt 0.294957 0.463099
vt 0.302099 0.461056
vt 0.291775 0.455557
vt 0.298568 0.452823
vt 0.287834 0.447425
vt 0.295194 0.445047
vt 0.283781 0.438761
vt 0.290896 0.436130
vt 0.278886 0.428980
vt 0.285977 0.426152
vt 0.276441 0.422505
vt 0.283368 0.419574
vt 0.274757 0.414520
vt 0.282270 0.413376
vt 0.276674 0.407951
vt 0.283539 0.410494
vt 0.283652 0.402221
vt 0.286377 0.408069
vt 0.292447 0.401072
vt 0.292055 0.407904
vt 0.300184 0.401698
vt 0.297196 0.410264
vt 0.309011 0.404116
vt 0.302658 0.413204
vt 0.313318 0.412849
vt 0.307634 0.417165
vt 0.316822 0.417718
vt 0.311860 0.420904
vt 0.322354 0.424085
vt 0.317250 0.426560
vt 0.327498 0.431338
vt 0.322935 0.434827
vt 0.332327 0.438224
vt 0.326922 0.441545
vt 0.337411 0.446822
vt 0.330634 0.449210
vt 0.341383 0.455293
vt 0.334132 0.457576
vt 0.344882 0.463961
vt 0.336960 0.467290
vt 0.347163 0.473581
vt 0.339685 0.477676
vt 0.348826 0.481764
vt 0.340532 0.484812
vt 0.357928 0.486930
vt 0.861857 0.192169
vt 0.365761 0.486312
vt 0.863070 0.184738
vt 0.371620 0.485884
vt 0.864233 0.177606
vt 0.872218 0.178135
vt 0.870369 0.186202
vt 0.868040 0.192706
vt 0.193345 0.494767
vt 0.193323 0.503273
vt 0.187396 0.503050
vt 0.187841 0.494495
vt 0.203771 0.494813
vt 0.205737 0.502084
vt 0.212983 0.495531
vt 0.213848 0.504635
vt 0.223168 0.495733
vt 0.224132 0.505030
vt 0.233153 0.495630
vt 0.234436 0.504793
vt 0.243501 0.495222
vt 0.245299 0.504716
vt 0.253052 0.494583
vt 0.253637 0.504239
vt 0.262584 0.493681
vt 0.263655 0.503055
vt 0.272444 0.492518
vt 0.274177 0.501508
vt 0.282848 0.491081
vt 0.285034 0.500384
vt 0.292900 0.489684
vt 0.294179 0.499433
vt 0.852473 0.274991
vt 0.853165 0.283964
vt 0.853830 0.294434
vt 0.854230 0.305066
vt 0.854762 0.314846
vt 0.856987 0.323185
vt 0.855819 0.334917
vt 0.854671 0.344845
vt 0.854162 0.353874
vt 0.854700 0.363868
vt 0.854161 0.374783
vt 0.855441 0.380410
vt 0.418353 0.420224
vt 0.418313 0.412247
vt 0.416386 0.404266
vt 0.409169 0.405978
vt 0.411836 0.412186
vt 0.957798 0.163164
vt 0.957213 0.153397
vt 0.957729 0.143359
vt 0.948254 0.141606
vt 0.936673 0.132757
vt 0.941442 0.135025
vt 0.961856 0.218212
vt 0.962109 0.228059
vt 0.341071 0.390312
vt 0.337412 0.397080
vt 0.330983 0.388729
vt 0.327937 0.395330
vt 0.321685 0.387728
vt 0.320500 0.394816
vt 0.312181 0.386877
vt 0.310848 0.394959
vt 0.302868 0.385966
vt 0.301635 0.394176
vt 0.293120 0.385371
vt 0.292580 0.393752
vt 0.284045 0.385335
vt 0.283632 0.393919
vt 0.274738 0.385364
vt 0.274872 0.393832
vt 0.264726 0.385910
vt 0.265499 0.394550
vt 0.254199 0.387215
vt 0.255709 0.396027
vt 0.243896 0.389750
vt 0.246028 0.398130
vt 0.234270 0.392914
vt 0.237187 0.400877
vt 0.225245 0.396578
vt 0.228569 0.404608
vt 0.216816 0.401005
vt 0.220466 0.408811
vt 0.209127 0.406058
vt 0.213365 0.413397
vt 0.202119 0.411923
vt 0.206518 0.418874
vt 0.195106 0.418285
vt 0.200151 0.424930
vt 0.191110 0.426974
vt 0.194865 0.431347
vt 0.188504 0.432203
vt 0.184241 0.433060
vt 0.190257 0.436471
vt 0.955814 0.220584
vt 0.955621 0.229487
vt 0.962136 0.237867
vt 0.955128 0.238818
vt 0.962168 0.247715
vt 0.954827 0.248552
vt 0.962535 0.257650
vt 0.954428 0.258745
vt 0.962633 0.267474
vt 0.954191 0.268738
vt 0.962542 0.276303
vt 0.952907 0.275616
vt 0.961382 0.285204
vt 0.952218 0.283379
vt 0.959564 0.293594
vt 0.951107 0.293548
vt 0.942176 0.293362
vt 0.942860 0.284596
vt 0.958013 0.304152
vt 0.949361 0.302736
vt 0.941299 0.302380
vt 0.955943 0.314580
vt 0.947629 0.312819
vt 0.939713 0.311362
vt 0.953997 0.324478
vt 0.945957 0.321261
vt 0.936762 0.321940
vt 0.950168 0.333973
vt 0.943132 0.331390
vt 0.934990 0.330352
vt 0.944958 0.342386
vt 0.940030 0.351285
vt 0.936075 0.358501
vt 0.922802 0.373569
vt 0.921480 0.383357
vt 0.912701 0.378238
vt 0.914293 0.371633
vt 0.925223 0.366923
vt 0.933351 0.362436
vt 0.926738 0.361190
vt 0.928095 0.356880
vt 0.929657 0.350920
vt 0.938543 0.340617
vt 0.932313 0.340122
vt 0.916368 0.363423
vt 0.917700 0.358365
vt 0.919146 0.351872
vt 0.920162 0.346988
vt 0.920389 0.339817
vt 0.924305 0.329725
vt 0.926817 0.320629
vt 0.929196 0.311268
vt 0.930960 0.302481
vt 0.932190 0.294368
vt 0.932769 0.287519
vt 0.887887 0.194072
vt 0.897858 0.199141
vt 0.907823 0.203901
vt 0.916202 0.207515
vt 0.921299 0.210581
vt 0.927848 0.215631
vt 0.934809 0.220799
vt 0.940914 0.225651
vt 0.878174 0.189270
vt 0.337255 0.413378
vt 0.333831 0.406666
vt 0.326822 0.415667
vt 0.322955 0.408869
vt 0.331525 0.422444
vt 0.341258 0.420524
vt 0.322641 0.401488
vt 0.947539 0.248247
vt 0.947840 0.239905
vt 0.944905 0.230666
vt 0.949553 0.231033
vt 0.949787 0.224113
vt 0.336272 0.429672
vt 0.345405 0.428072
vt 0.349820 0.435857
vt 0.341018 0.437298
vt 0.345569 0.445599
vt 0.354289 0.444439
vt 0.358609 0.453817
vt 0.349641 0.454229
vt 0.353076 0.462995
vt 0.362224 0.463163
vt 0.355605 0.471437
vt 0.364456 0.470037
vt 0.357570 0.479627
vt 0.367296 0.479665
vt 0.860044 0.374185
vt 0.860919 0.379402
vt 0.865522 0.372999
vt 0.866777 0.377123
vt 0.873268 0.373363
vt 0.874739 0.376899
vt 0.884163 0.371831
vt 0.885112 0.376269
vt 0.893780 0.373257
vt 0.893563 0.377691
vt 0.901674 0.374299
vt 0.901231 0.379518
vt 0.911681 0.383916
vt 0.187120 0.446451
vt 0.185635 0.440645
vt 0.190397 0.453623
vt 0.189121 0.462359
vt 0.190446 0.468286
vt 0.186435 0.467965
vt 0.185724 0.460430
vt 0.191720 0.476246
vt 0.188068 0.476383
vt 0.191630 0.485465
vt 0.187650 0.485736
vt 0.195448 0.466102
vt 0.192648 0.458707
vt 0.192594 0.442117
vt 0.196337 0.449671
vt 0.198006 0.455121
vt 0.200318 0.463502
vt 0.196471 0.474076
vt 0.204674 0.472592
vt 0.197563 0.485422
vt 0.204567 0.484074
vt 0.211998 0.485208
vt 0.221979 0.485897
vt 0.231515 0.486359
vt 0.242537 0.485571
vt 0.252451 0.484571
vt 0.261563 0.483892
vt 0.270848 0.482925
vt 0.280919 0.481636
vt 0.291123 0.480806
vt 0.267318 0.417222
vt 0.267915 0.409807
vt 0.258055 0.420696
vt 0.257273 0.412896
vt 0.248566 0.424805
vt 0.248340 0.417513
vt 0.239105 0.429951
vt 0.235269 0.423574
vt 0.229235 0.435575
vt 0.225959 0.429308
vt 0.219789 0.441790
vt 0.216926 0.435200
vt 0.211151 0.447120
vt 0.210005 0.440919
vt 0.204238 0.451381
vt 0.203114 0.445314
vt 0.266472 0.402504
vt 0.275393 0.401571
vt 0.256824 0.404453
vt 0.247220 0.406604
vt 0.198094 0.437154
vt 0.204140 0.431773
vt 0.210957 0.426018
vt 0.217873 0.420339
vt 0.223447 0.416793
vt 0.231789 0.412786
vt 0.240416 0.408855
vt 0.268396 0.424797
vt 0.270514 0.432301
vt 0.259735 0.427928
vt 0.261959 0.435463
vt 0.251218 0.431810
vt 0.254040 0.438868
vt 0.242571 0.436529
vt 0.246226 0.443192
vt 0.233317 0.442319
vt 0.237785 0.448623
vt 0.223988 0.448572
vt 0.229100 0.456196
vt 0.214905 0.453740
vt 0.217868 0.460730
vt 0.207534 0.458228
vt 0.209642 0.463312
vt 0.212751 0.475617
vt 0.212134 0.469961
vt 0.220166 0.468290
vt 0.221450 0.476398
vt 0.229583 0.466041
vt 0.231001 0.475813
vt 0.239974 0.464925
vt 0.241557 0.474773
vt 0.249773 0.464494
vt 0.251807 0.473794
vt 0.239308 0.457818
vt 0.246717 0.457594
vt 0.258798 0.463951
vt 0.260909 0.473594
vt 0.269729 0.473002
vt 0.279008 0.472312
vt 0.288904 0.472163
vt 0.267130 0.463174
vt 0.276089 0.462131
vt 0.286394 0.460641
vt 0.255041 0.456079
vt 0.263238 0.454392
vt 0.271660 0.452607
vt 0.280238 0.450472
vt 0.275030 0.441270
vt 0.266491 0.443852
vt 0.258536 0.446589
vt 0.250718 0.449601
vt 0.243403 0.453273
vt 0.859743 0.351580
vt 0.863132 0.355489
vt 0.862176 0.345555
vt 0.871574 0.349514
vt 0.864555 0.336443
vt 0.874579 0.338993
vt 0.866681 0.326664
vt 0.880101 0.328830
vt 0.905009 0.366169
vt 0.908564 0.356146
vt 0.896724 0.363598
vt 0.899991 0.354131
vt 0.911789 0.345872
vt 0.902562 0.344294
vt 0.913410 0.336953
vt 0.915196 0.328056
vt 0.903794 0.334902
vt 0.904163 0.325946
vt 0.923761 0.287976
vt 0.914817 0.287052
vt 0.922711 0.294128
vt 0.913662 0.292220
vt 0.921110 0.301960
vt 0.911195 0.300451
vt 0.919166 0.310583
vt 0.908423 0.310086
vt 0.917075 0.319306
vt 0.905473 0.319246
vt 0.868431 0.316462
vt 0.877021 0.317647
vt 0.868612 0.305738
vt 0.877430 0.307064
vt 0.869214 0.294133
vt 0.878929 0.295608
vt 0.867700 0.281293
vt 0.878806 0.283038
vt 0.860329 0.276605
vt 0.860674 0.283716
vt 0.861292 0.294045
vt 0.861162 0.304986
vt 0.860349 0.315015
vt 0.889604 0.309775
vt 0.886394 0.320575
vt 0.892216 0.298088
vt 0.889355 0.285390
vt 0.896751 0.286972
vt 0.905519 0.287383
vt 0.901680 0.299147
vt 0.896864 0.310698
vt 0.892669 0.322869
vt 0.886073 0.331201
vt 0.895532 0.333355
vt 0.894057 0.342748
vt 0.887334 0.341628
vt 0.890873 0.331963
vt 0.880958 0.340261
vt 0.877196 0.349681
vt 0.884238 0.351034
vt 0.891743 0.352596
vt 0.889262 0.362995
vt 0.882076 0.360298
vt 0.872959 0.366337
vt 0.879978 0.366407
vt 0.875040 0.358396
vt 0.868536 0.357426
vt 0.866754 0.366800
vt 0.861260 0.365765
vt 0.175257 0.483404
vt 0.175480 0.474693
vt 0.175195 0.492465
vt 0.174908 0.500596
vt 0.856839 0.393758
vt 0.863606 0.391918
vt 0.870042 0.390474
vt 0.877501 0.389772
vt 0.885110 0.390373
vt 0.892530 0.391383
vt 0.900149 0.393634
vt 0.907112 0.396064
vt 0.169678 0.445691
vt 0.167789 0.439909
vt 0.172837 0.452772
vt 0.174347 0.459983
vt 0.175080 0.467109
vt 0.171170 0.482791
vt 0.171195 0.474039
vt 0.171006 0.491929
vt 0.170621 0.499965
vt 0.857825 0.397967
vt 0.864648 0.396160
vt 0.871219 0.395069
vt 0.878216 0.394223
vt 0.885283 0.395161
vt 0.891977 0.395877
vt 0.898891 0.398229
vt 0.905132 0.400712
vt 0.165253 0.447291
vt 0.164040 0.442209
vt 0.168667 0.454394
vt 0.170103 0.460950
vt 0.171190 0.467348
vt 0.924378 0.390812
vt 0.920494 0.387878
vt 0.917597 0.393279
vt 0.919234 0.389213
vt 0.913754 0.398987
vt 0.911540 0.402867
vt 0.184937 0.436531
vt 0.919938 0.395339
vt 0.923673 0.393160
vt 0.938448 0.378777
vt 0.930655 0.384806
vt 0.945255 0.372743
vt 0.952633 0.365057
vt 0.957875 0.357691
vt 0.962770 0.349165
vt 0.967306 0.339827
vt 0.970955 0.330435
vt 0.973815 0.319626
vt 0.976497 0.307744
vt 0.978068 0.296274
vt 0.979032 0.285842
vt 0.979426 0.275642
vt 0.979553 0.265662
vt 0.979568 0.255328
vt 0.979530 0.245635
vt 0.979121 0.235880
vt 0.978365 0.225845
vt 0.977647 0.215792
vt 0.976893 0.205700
vt 0.976353 0.195529
vt 0.976152 0.185471
vt 0.976429 0.175697
vt 0.977260 0.166098
vt 0.978648 0.156496
vt 0.978985 0.147216
vt 0.978472 0.137927
vt 0.979614 0.130015
vt 0.916052 0.400331
vt 0.913700 0.404183
vt 0.177732 0.434414
vt 0.849942 0.385314
vt 0.850928 0.388960
vt 0.867396 0.101461
vt 0.865755 0.111323
vt 0.865867 0.120523
vt 0.859186 0.163241
vt 0.858319 0.169779
vt 0.851540 0.208605
vt 0.853999 0.199490
vt 0.843395 0.264458
vt 0.842776 0.256272
vt 0.854862 0.191066
vt 0.855989 0.183295
vt 0.856717 0.177462
vt 0.848118 0.375849
vt 0.849612 0.381548
vt 0.845902 0.363911
vt 0.847200 0.355648
vt 0.847397 0.345429
vt 0.847375 0.335078
vt 0.847552 0.324164
vt 0.847471 0.315778
vt 0.846637 0.305679
vt 0.845617 0.295052
vt 0.845202 0.284093
vt 0.845052 0.274850
vt 0.852201 0.394066
vt 0.853225 0.398296
vt 0.184091 0.475992
vt 0.183516 0.484545
vt 0.180108 0.484099
vt 0.180574 0.475465
vt 0.183773 0.493423
vt 0.180217 0.493061
vt 0.183780 0.501823
vt 0.180095 0.501328
vt 0.854785 0.384894
vt 0.855646 0.388641
vt 0.850928 0.388960
vt 0.849942 0.385314
vt 0.861503 0.383138
vt 0.862369 0.386791
vt 0.867609 0.381081
vt 0.868612 0.384940
vt 0.875947 0.380429
vt 0.876604 0.384339
vt 0.884634 0.380275
vt 0.884847 0.384492
vt 0.893612 0.381796
vt 0.893168 0.385828
vt 0.902746 0.383630
vt 0.901684 0.387882
vt 0.911195 0.385889
vt 0.909632 0.390224
vt 0.178849 0.441860
vt 0.175001 0.443383
vt 0.173474 0.437564
vt 0.177609 0.436721
vt 0.181477 0.449481
vt 0.177878 0.450834
vt 0.183058 0.458091
vt 0.179458 0.458846
vt 0.183090 0.466636
vt 0.179751 0.466825
vt 0.182636 0.417094
vt 0.189182 0.417856
vt 0.186005 0.426038
vt 0.179522 0.426356
vt 0.186803 0.408731
vt 0.192678 0.410558
vt 0.193882 0.400095
vt 0.197917 0.404876
vt 0.200552 0.393560
vt 0.204422 0.398330
vt 0.208562 0.387378
vt 0.212689 0.393360
vt 0.217852 0.382252
vt 0.221581 0.388986
vt 0.227486 0.378538
vt 0.230836 0.384675
vt 0.238461 0.375176
vt 0.241183 0.381612
vt 0.250801 0.373073
vt 0.252361 0.379580
vt 0.262544 0.371673
vt 0.263410 0.378270
vt 0.273152 0.371137
vt 0.273966 0.377557
vt 0.283475 0.371030
vt 0.283933 0.377488
vt 0.293568 0.371662
vt 0.293512 0.377758
vt 0.303998 0.372774
vt 0.303455 0.378743
vt 0.313709 0.374253
vt 0.313150 0.380036
vt 0.323518 0.375694
vt 0.322852 0.381285
vt 0.333645 0.377159
vt 0.332729 0.382558
vt 0.343808 0.378698
vt 0.342830 0.384206
vt 0.353965 0.380512
vt 0.353249 0.385891
vt 0.364175 0.382061
vt 0.363578 0.386979
vt 0.374350 0.383330
vt 0.373663 0.388337
vt 0.384190 0.384961
vt 0.383248 0.390329
vt 0.393800 0.386738
vt 0.392674 0.392905
vt 0.403551 0.388033
vt 0.403349 0.396942
vt 0.412989 0.387277
vt 0.413938 0.396005
vt 0.422299 0.385388
vt 0.422864 0.394719
vt 0.430444 0.385377
vt 0.431300 0.392709
vt 0.929161 0.383104
vt 0.936950 0.377132
vt 0.938448 0.378777
vt 0.930655 0.384806
vt 0.943822 0.371697
vt 0.945255 0.372743
vt 0.951241 0.364358
vt 0.952633 0.365057
vt 0.956593 0.356175
vt 0.957875 0.357691
vt 0.961185 0.348363
vt 0.962770 0.349165
vt 0.965305 0.339053
vt 0.967306 0.339827
vt 0.924351 0.379051
vt 0.932333 0.374571
vt 0.939180 0.368519
vt 0.946089 0.361458
vt 0.951801 0.353872
vt 0.955996 0.345724
vt 0.960276 0.337686
vt 0.968593 0.329987
vt 0.970955 0.330435
vt 0.971437 0.319329
vt 0.973815 0.319626
vt 0.972867 0.307086
vt 0.976497 0.307744
vt 0.974403 0.295286
vt 0.978068 0.296274
vt 0.975036 0.285792
vt 0.979032 0.285842
vt 0.975036 0.275897
vt 0.979426 0.275642
vt 0.975226 0.265907
vt 0.979553 0.265662
vt 0.975395 0.255789
vt 0.979568 0.255328
vt 0.975399 0.246232
vt 0.979530 0.245635
vt 0.975947 0.236712
vt 0.979121 0.235880
vt 0.975258 0.226102
vt 0.978365 0.225845
vt 0.974504 0.215806
vt 0.977647 0.215792
vt 0.973391 0.206410
vt 0.976893 0.205700
vt 0.973044 0.195948
vt 0.976353 0.195529
vt 0.972738 0.184781
vt 0.976152 0.185471
vt 0.972275 0.175461
vt 0.976429 0.175697
vt 0.972332 0.165398
vt 0.977260 0.166098
vt 0.972968 0.155870
vt 0.978648 0.156496
vt 0.972832 0.146271
vt 0.978985 0.147216
vt 0.974167 0.137406
vt 0.978472 0.137927
vt 0.975273 0.129325
vt 0.979614 0.130015
vt 0.963158 0.327936
vt 0.965834 0.317577
vt 0.967791 0.306764
vt 0.968566 0.296043
vt 0.969492 0.285829
vt 0.969702 0.276081
vt 0.970493 0.266293
vt 0.970139 0.257317
vt 0.970558 0.247475
vt 0.970621 0.236355
vt 0.969509 0.226786
vt 0.968834 0.217015
vt 0.967785 0.207937
vt 0.966494 0.195995
vt 0.965604 0.185176
vt 0.964531 0.174116
vt 0.964582 0.164229
vt 0.964818 0.154540
vt 0.965754 0.144991
vt 0.967358 0.135808
vt 0.969050 0.126774
vt 0.432639 0.401865
vt 0.424261 0.403074
vt 0.434012 0.412493
vt 0.425684 0.412244
vt 0.435548 0.422140
vt 0.426499 0.421421
vt 0.436184 0.431985
vt 0.427133 0.430860
vt 0.437362 0.442174
vt 0.428021 0.440379
vt 0.438654 0.452159
vt 0.426474 0.449818
vt 0.439384 0.463371
vt 0.428631 0.462757
vt 0.440061 0.474463
vt 0.430146 0.474348
vt 0.441545 0.485940
vt 0.431385 0.485504
vt 0.875509 0.102565
vt 0.874781 0.112366
vt 0.865755 0.111323
vt 0.867396 0.101461
vt 0.883890 0.103918
vt 0.883072 0.113475
vt 0.892482 0.105585
vt 0.891466 0.114937
vt 0.900741 0.107235
vt 0.899956 0.116587
vt 0.910389 0.108772
vt 0.908852 0.119147
vt 0.918350 0.110704
vt 0.917875 0.122654
vt 0.925806 0.112915
vt 0.924691 0.121913
vt 0.959601 0.133463
vt 0.961655 0.124013
vt 0.951587 0.130711
vt 0.953897 0.120865
vt 0.944321 0.127046
vt 0.946112 0.118080
vt 0.937854 0.124340
vt 0.938873 0.116071
vt 0.931489 0.123403
vt 0.932498 0.114400
vt 0.874913 0.122140
vt 0.865867 0.120523
vt 0.420437 0.474750
vt 0.422210 0.487128
vt 0.418435 0.463512
vt 0.415635 0.452773
vt 0.411172 0.441259
vt 0.422468 0.440643
vt 0.406925 0.431525
vt 0.417675 0.429513
vt 0.401163 0.422760
vt 0.411220 0.418672
vt 0.396014 0.416178
vt 0.404493 0.411079
vt 0.390016 0.410415
vt 0.397577 0.402485
vt 0.384201 0.406258
vt 0.390282 0.398057
vt 0.378033 0.402745
vt 0.382069 0.395367
vt 0.370360 0.399683
vt 0.372874 0.393158
vt 0.361203 0.397379
vt 0.362953 0.391838
vt 0.355611 0.397198
vt 0.352386 0.392145
vt 0.352676 0.400441
vt 0.347139 0.398369
vt 0.352074 0.405377
vt 0.345039 0.405000
vt 0.354111 0.411370
vt 0.347550 0.411918
vt 0.357308 0.418014
vt 0.350781 0.418224
vt 0.360842 0.425787
vt 0.354101 0.426342
vt 0.365281 0.434025
vt 0.358743 0.434342
vt 0.369369 0.442436
vt 0.363021 0.442745
vt 0.374612 0.453359
vt 0.368221 0.453499
vt 0.379116 0.465796
vt 0.372724 0.465996
vt 0.383088 0.477025
vt 0.376652 0.477478
vt 0.386020 0.485438
vt 0.379480 0.486145
vt 0.865887 0.163818
vt 0.864982 0.170304
vt 0.858319 0.169779
vt 0.859186 0.163241
vt 0.872865 0.165343
vt 0.871788 0.171992
vt 0.883944 0.170002
vt 0.882761 0.176814
vt 0.894771 0.175399
vt 0.892351 0.183371
vt 0.904632 0.180645
vt 0.901950 0.189114
vt 0.915201 0.187036
vt 0.911634 0.194488
vt 0.921789 0.191292
vt 0.919907 0.198148
vt 0.927268 0.194799
vt 0.925394 0.201902
vt 0.933630 0.199110
vt 0.931884 0.205668
vt 0.942132 0.203895
vt 0.940399 0.210581
vt 0.950248 0.207654
vt 0.948784 0.214348
vt 0.955036 0.207173
vt 0.956452 0.212537
vt 0.957185 0.203708
vt 0.960892 0.207588
vt 0.956867 0.194908
vt 0.961631 0.196157
vt 0.953645 0.184625
vt 0.959864 0.184823
vt 0.950071 0.174408
vt 0.957067 0.171991
vt 0.945304 0.164746
vt 0.952268 0.163053
vt 0.941401 0.158092
vt 0.948281 0.152521
vt 0.936252 0.152197
vt 0.942200 0.146445
vt 0.882399 0.122412
vt 0.890880 0.123624
vt 0.898592 0.125916
vt 0.907412 0.129753
vt 0.913880 0.132948
vt 0.923580 0.128674
vt 0.920948 0.137196
vt 0.930889 0.132965
vt 0.926258 0.141309
vt 0.936512 0.138722
vt 0.931416 0.146431
vt 0.858188 0.209466
vt 0.851540 0.208605
vt 0.853999 0.199490
vt 0.861454 0.200289
vt 0.871831 0.199791
vt 0.868455 0.212061
vt 0.883174 0.204412
vt 0.879029 0.214645
vt 0.894006 0.209037
vt 0.890124 0.218512
vt 0.904914 0.213592
vt 0.902282 0.223999
vt 0.915511 0.217252
vt 0.911195 0.229380
vt 0.923414 0.225273
vt 0.919069 0.234932
vt 0.930063 0.231125
vt 0.926459 0.240920
vt 0.935032 0.236662
vt 0.929933 0.244579
vt 0.939269 0.241895
vt 0.933419 0.249087
vt 0.942448 0.247862
vt 0.936834 0.254853
vt 0.946837 0.255856
vt 0.940456 0.260416
vt 0.949211 0.267914
vt 0.942324 0.267535
vt 0.946260 0.276532
vt 0.941667 0.274780
vt 0.939914 0.281121
vt 0.937582 0.278552
vt 0.932262 0.283293
vt 0.931892 0.278937
vt 0.923866 0.284480
vt 0.924186 0.277451
vt 0.915896 0.281359
vt 0.916168 0.274297
vt 0.907888 0.278405
vt 0.908207 0.271269
vt 0.900614 0.275632
vt 0.900780 0.268415
vt 0.889853 0.272284
vt 0.890079 0.265002
vt 0.879611 0.271107
vt 0.880074 0.261904
vt 0.869397 0.269511
vt 0.869764 0.259783
vt 0.860431 0.266608
vt 0.859976 0.257652
vt 0.851869 0.264991
vt 0.851196 0.256533
vt 0.843395 0.264458
vt 0.842776 0.256272
vt 0.302707 0.488418
vt 0.310885 0.486516
vt 0.312281 0.494911
vt 0.304300 0.496767
vt 0.300474 0.480093
vt 0.308384 0.478039
vt 0.298282 0.472572
vt 0.305503 0.470357
vt 0.294957 0.463099
vt 0.302099 0.461056
vt 0.291775 0.455557
vt 0.298568 0.452823
vt 0.287834 0.447425
vt 0.295194 0.445047
vt 0.283781 0.438761
vt 0.290896 0.436130
vt 0.278886 0.428980
vt 0.285977 0.426152
vt 0.276441 0.422505
vt 0.283368 0.419574
vt 0.274757 0.414520
vt 0.282270 0.413376
vt 0.276674 0.407951
vt 0.283539 0.410494
vt 0.283652 0.402221
vt 0.286377 0.408069
vt 0.292447 0.401072
vt 0.292055 0.407904
vt 0.300184 0.401698
vt 0.297196 0.410264
vt 0.309011 0.404116
vt 0.302658 0.413204
vt 0.313318 0.412849
vt 0.307634 0.417165
vt 0.316822 0.417718
vt 0.311860 0.420904
vt 0.322354 0.424085
vt 0.317250 0.426560
vt 0.327498 0.431338
vt 0.322935 0.434827
vt 0.332327 0.438224
vt 0.326922 0.441545
vt 0.337411 0.446822
vt 0.330634 0.449210
vt 0.341383 0.455293
vt 0.334132 0.457576
vt 0.344882 0.463961
vt 0.336960 0.467290
vt 0.347163 0.473581
vt 0.339685 0.477676
vt 0.348826 0.481764
vt 0.340532 0.484812
vt 0.349557 0.488261
vt 0.340103 0.488749
vt 0.854862 0.191066
vt 0.861857 0.192169
vt 0.855989 0.183295
vt 0.863070 0.184738
vt 0.856717 0.177462
vt 0.864233 0.177606
vt 0.872218 0.178135
vt 0.870369 0.186202
vt 0.868040 0.192706
vt 0.193345 0.494767
vt 0.193323 0.503273
vt 0.187396 0.503050
vt 0.187841 0.494495
vt 0.203771 0.494813
vt 0.205737 0.502084
vt 0.212983 0.495531
vt 0.213848 0.504635
vt 0.223168 0.495733
vt 0.224132 0.505030
vt 0.233153 0.495630
vt 0.234436 0.504793
vt 0.243501 0.495222
vt 0.245299 0.504716
vt 0.253052 0.494583
vt 0.253637 0.504239
vt 0.262584 0.493681
vt 0.263655 0.503055
vt 0.272444 0.492518
vt 0.274177 0.501508
vt 0.282848 0.491081
vt 0.285034 0.500384
vt 0.292900 0.489684
vt 0.294179 0.499433
vt 0.845052 0.274850
vt 0.852473 0.274991
vt 0.853165 0.283964
vt 0.845202 0.284093
vt 0.853830 0.294434
vt 0.845617 0.295052
vt 0.854230 0.305066
vt 0.846637 0.305679
vt 0.854762 0.314846
vt 0.847471 0.315778
vt 0.856987 0.323185
vt 0.847552 0.324164
vt 0.855819 0.334917
vt 0.847375 0.335078
vt 0.854671 0.344845
vt 0.847397 0.345429
vt 0.854162 0.353874
vt 0.847200 0.355648
vt 0.854700 0.363868
vt 0.845902 0.363911
vt 0.854161 0.374783
vt 0.848118 0.375849
vt 0.855441 0.380410
vt 0.849612 0.381548
vt 0.418353 0.420224
vt 0.418313 0.412247
vt 0.416386 0.404266
vt 0.409169 0.405978
vt 0.411836 0.412186
vt 0.957798 0.163164
vt 0.957213 0.153397
vt 0.957729 0.143359
vt 0.948254 0.141606
vt 0.936673 0.132757
vt 0.941442 0.135025
vt 0.961856 0.218212
vt 0.962109 0.228059
vt 0.341071 0.390312
vt 0.337412 0.397080
vt 0.330983 0.388729
vt 0.327937 0.395330
vt 0.321685 0.387728
vt 0.320500 0.394816
vt 0.312181 0.386877
vt 0.310848 0.394959
vt 0.302868 0.385966
vt 0.301635 0.394176
vt 0.293120 0.385371
vt 0.292580 0.393752
vt 0.284045 0.385335
vt 0.283632 0.393919
vt 0.274738 0.385364
vt 0.274872 0.393832
vt 0.264726 0.385910
vt 0.265499 0.394550
vt 0.254199 0.387215
vt 0.255709 0.396027
vt 0.243896 0.389750
vt 0.246028 0.398130
vt 0.234270 0.392914
vt 0.237187 0.400877
vt 0.225245 0.396578
vt 0.228569 0.404608
vt 0.216816 0.401005
vt 0.220466 0.408811
vt 0.209127 0.406058
vt 0.213365 0.413397
vt 0.202119 0.411923
vt 0.206518 0.418874
vt 0.195106 0.418285
vt 0.200151 0.424930
vt 0.191110 0.426974
vt 0.194865 0.431347
vt 0.188504 0.432203
vt 0.184241 0.433060
vt 0.190257 0.436471
vt 0.955814 0.220584
vt 0.955621 0.229487
vt 0.962136 0.237867
vt 0.955128 0.238818
vt 0.962168 0.247715
vt 0.954827 0.248552
vt 0.962535 0.257650
vt 0.954428 0.258745
vt 0.962633 0.267474
vt 0.954191 0.268738
vt 0.962542 0.276303
vt 0.952907 0.275616
vt 0.961382 0.285204
vt 0.952218 0.283379
vt 0.959564 0.293594
vt 0.951107 0.293548
vt 0.942176 0.293362
vt 0.942860 0.284596
vt 0.958013 0.304152
vt 0.949361 0.302736
vt 0.941299 0.302380
vt 0.955943 0.314580
vt 0.947629 0.312819
vt 0.939713 0.311362
vt 0.953997 0.324478
vt 0.945957 0.321261
vt 0.936762 0.321940
vt 0.950168 0.333973
vt 0.943132 0.331390
vt 0.934990 0.330352
vt 0.944958 0.342386
vt 0.940030 0.351285
vt 0.936075 0.358501
vt 0.922802 0.373569
vt 0.921480 0.383357
vt 0.912701 0.378238
vt 0.914293 0.371633
vt 0.925223 0.366923
vt 0.933351 0.362436
vt 0.926738 0.361190
vt 0.928095 0.356880
vt 0.929657 0.350920
vt 0.938543 0.340617
vt 0.932313 0.340122
vt 0.916368 0.363423
vt 0.917700 0.358365
vt 0.919146 0.351872
vt 0.920162 0.346988
vt 0.920389 0.339817
vt 0.924305 0.329725
vt 0.926817 0.320629
vt 0.929196 0.311268
vt 0.930960 0.302481
vt 0.932190 0.294368
vt 0.932769 0.287519
vt 0.887887 0.194072
vt 0.897858 0.199141
vt 0.907823 0.203901
vt 0.916202 0.207515
vt 0.921299 0.210581
vt 0.927848 0.215631
vt 0.934809 0.220799
vt 0.940914 0.225651
vt 0.878174 0.189270
vt 0.337255 0.413378
vt 0.333831 0.406666
vt 0.326822 0.415667
vt 0.322955 0.408869
vt 0.331525 0.422444
vt 0.341258 0.420524
vt 0.322641 0.401488
vt 0.947539 0.248247
vt 0.947840 0.239905
vt 0.944905 0.230666
vt 0.949553 0.231033
vt 0.949787 0.224113
vt 0.336272 0.429672
vt 0.345405 0.428072
vt 0.349820 0.435857
vt 0.341018 0.437298
vt 0.345569 0.445599
vt 0.354289 0.444439
vt 0.358609 0.453817
vt 0.349641 0.454229
vt 0.353076 0.462995
vt 0.362224 0.463163
vt 0.355605 0.471437
vt 0.364456 0.470037
vt 0.357570 0.479627
vt 0.367296 0.479665
vt 0.357928 0.486930
vt 0.365761 0.486312
vt 0.371620 0.485884
vt 0.860044 0.374185
vt 0.860919 0.379402
vt 0.865522 0.372999
vt 0.866777 0.377123
vt 0.873268 0.373363
vt 0.874739 0.376899
vt 0.884163 0.371831
vt 0.885112 0.376269
vt 0.893780 0.373257
vt 0.893563 0.377691
vt 0.901674 0.374299
vt 0.901231 0.379518
vt 0.911681 0.383916
vt 0.187120 0.446451
vt 0.185635 0.440645
vt 0.190397 0.453623
vt 0.189121 0.462359
vt 0.190446 0.468286
vt 0.186435 0.467965
vt 0.185724 0.460430
vt 0.191720 0.476246
vt 0.188068 0.476383
vt 0.191630 0.485465
vt 0.187650 0.485736
vt 0.195448 0.466102
vt 0.192648 0.458707
vt 0.192594 0.442117
vt 0.196337 0.449671
vt 0.198006 0.455121
vt 0.200318 0.463502
vt 0.196471 0.474076
vt 0.204674 0.472592
vt 0.197563 0.485422
vt 0.204567 0.484074
vt 0.211998 0.485208
vt 0.221979 0.485897
vt 0.231515 0.486359
vt 0.242537 0.485571
vt 0.252451 0.484571
vt 0.261563 0.483892
vt 0.270848 0.482925
vt 0.280919 0.481636
vt 0.291123 0.480806
vt 0.267318 0.417222
vt 0.267915 0.409807
vt 0.258055 0.420696
vt 0.257273 0.412896
vt 0.248566 0.424805
vt 0.248340 0.417513
vt 0.239105 0.429951
vt 0.235269 0.423574
vt 0.229235 0.435575
vt 0.225959 0.429308
vt 0.219789 0.441790
vt 0.216926 0.435200
vt 0.211151 0.447120
vt 0.210005 0.440919
vt 0.204238 0.451381
vt 0.203114 0.445314
vt 0.266472 0.402504
vt 0.275393 0.401571
vt 0.256824 0.404453
vt 0.247220 0.406604
vt 0.198094 0.437154
vt 0.204140 0.431773
vt 0.210957 0.426018
vt 0.217873 0.420339
vt 0.223447 0.416793
vt 0.231789 0.412786
vt 0.240416 0.408855
vt 0.268396 0.424797
vt 0.270514 0.432301
vt 0.259735 0.427928
vt 0.261959 0.435463
vt 0.251218 0.431810
vt 0.254040 0.438868
vt 0.242571 0.436529
vt 0.246226 0.443192
vt 0.233317 0.442319
vt 0.237785 0.448623
vt 0.223988 0.448572
vt 0.229100 0.456196
vt 0.214905 0.453740
vt 0.217868 0.460730
vt 0.207534 0.458228
vt 0.209642 0.463312
vt 0.212751 0.475617
vt 0.212134 0.469961
vt 0.220166 0.468290
vt 0.221450 0.476398
vt 0.229583 0.466041
vt 0.231001 0.475813
vt 0.239974 0.464925
vt 0.241557 0.474773
vt 0.249773 0.464494
vt 0.251807 0.473794
vt 0.239308 0.457818
vt 0.246717 0.457594
vt 0.258798 0.463951
vt 0.260909 0.473594
vt 0.269729 0.473002
vt 0.279008 0.472312
vt 0.288904 0.472163
vt 0.267130 0.463174
vt 0.276089 0.462131
vt 0.286394 0.460641
vt 0.255041 0.456079
vt 0.263238 0.454392
vt 0.271660 0.452607
vt 0.280238 0.450472
vt 0.275030 0.441270
vt 0.266491 0.443852
vt 0.258536 0.446589
vt 0.250718 0.449601
vt 0.243403 0.453273
vt 0.859743 0.351580
vt 0.863132 0.355489
vt 0.862176 0.345555
vt 0.871574 0.349514
vt 0.864555 0.336443
vt 0.874579 0.338993
vt 0.866681 0.326664
vt 0.880101 0.328830
vt 0.905009 0.366169
vt 0.908564 0.356146
vt 0.896724 0.363598
vt 0.899991 0.354131
vt 0.911789 0.345872
vt 0.902562 0.344294
vt 0.913410 0.336953
vt 0.915196 0.328056
vt 0.903794 0.334902
vt 0.904163 0.325946
vt 0.923761 0.287976
vt 0.914817 0.287052
vt 0.922711 0.294128
vt 0.913662 0.292220
vt 0.921110 0.301960
vt 0.911195 0.300451
vt 0.919166 0.310583
vt 0.908423 0.310086
vt 0.917075 0.319306
vt 0.905473 0.319246
vt 0.868431 0.316462
vt 0.877021 0.317647
vt 0.868612 0.305738
vt 0.877430 0.307064
vt 0.869214 0.294133
vt 0.878929 0.295608
vt 0.867700 0.281293
vt 0.878806 0.283038
vt 0.860329 0.276605
vt 0.860674 0.283716
vt 0.861292 0.294045
vt 0.861162 0.304986
vt 0.860349 0.315015
vt 0.889604 0.309775
vt 0.886394 0.320575
vt 0.892216 0.298088
vt 0.889355 0.285390
vt 0.896751 0.286972
vt 0.905519 0.287383
vt 0.901680 0.299147
vt 0.896864 0.310698
vt 0.892669 0.322869
vt 0.886073 0.331201
vt 0.895532 0.333355
vt 0.894057 0.342748
vt 0.887334 0.341628
vt 0.890873 0.331963
vt 0.880958 0.340261
vt 0.877196 0.349681
vt 0.884238 0.351034
vt 0.891743 0.352596
vt 0.889262 0.362995
vt 0.882076 0.360298
vt 0.872959 0.366337
vt 0.879978 0.366407
vt 0.875040 0.358396
vt 0.868536 0.357426
vt 0.866754 0.366800
vt 0.861260 0.365765
vt 0.175257 0.483404
vt 0.175480 0.474693
vt 0.175195 0.492465
vt 0.174908 0.500596
vt 0.856839 0.393758
vt 0.852201 0.394066
vt 0.863606 0.391918
vt 0.870042 0.390474
vt 0.877501 0.389772
vt 0.885110 0.390373
vt 0.892530 0.391383
vt 0.900149 0.393634
vt 0.907112 0.396064
vt 0.169678 0.445691
vt 0.167789 0.439909
vt 0.172837 0.452772
vt 0.174347 0.459983
vt 0.175080 0.467109
vt 0.171170 0.482791
vt 0.171195 0.474039
vt 0.171006 0.491929
vt 0.170621 0.499965
vt 0.857825 0.397967
vt 0.853225 0.398296
vt 0.864648 0.396160
vt 0.871219 0.395069
vt 0.878216 0.394223
vt 0.885283 0.395161
vt 0.891977 0.395877
vt 0.898891 0.398229
vt 0.905132 0.400712
vt 0.165253 0.447291
vt 0.164040 0.442209
vt 0.168667 0.454394
vt 0.170103 0.460950
vt 0.171190 0.467348
vt 0.924378 0.390812
vt 0.920494 0.387878
vt 0.917597 0.393279
vt 0.919234 0.389213
vt 0.923673 0.393160
vt 0.919938 0.395339
vt 0.916052 0.400331
vt 0.913754 0.398987
vt 0.913700 0.404183
vt 0.911540 0.402867
vt 0.177732 0.434414
vt 0.184937 0.436531
f 2/2 758/3 1/1
f 1/1 758/3 759/4
f 758/3 2/2 757/6
f 757/6 2/2 5/5
f 757/6 5/5 756/8
f 756/8 5/5 7/7
f 755/10 756/833 9/9
f 9/9 756/833 7/832
f 755/10 9/9 754/12
f 754/12 9/9 11/11
f 754/12 11/11 753/14
f 753/14 11/11 13/13
f 752/16 753/14 15/15
f 15/15 753/14 13/13
f 751/18 752/16 17/17
f 17/17 752/16 15/15
f 750/20 751/18 19/19
f 19/19 751/18 17/17
f 749/22 750/20 21/21
f 21/21 750/20 19/19
f 749/22 21/21 748/24
f 748/24 21/21 23/23
f 746/26 747/27 27/25
f 27/25 747/27 25/28
f 29/29 745/30 27/25
f 27/25 745/30 746/26
f 744/32 745/30 31/31
f 31/31 745/30 29/29
f 760/34 744/32 33/33
f 33/33 744/32 31/31
f 760/34 33/33 759/4
f 759/4 33/33 1/1
f 40/36 38/37 39/35
f 39/35 38/37 37/38
f 42/40 40/36 41/39
f 41/39 40/36 39/35
f 44/42 42/40 43/41
f 43/41 42/40 41/39
f 45/43 46/44 43/41
f 43/41 46/44 44/42
f 48/46 46/44 47/45
f 47/45 46/44 45/43
f 50/48 48/46 49/47
f 49/47 48/46 47/45
f 52/50 50/48 51/49
f 51/49 50/48 49/47
f 54/52 52/50 53/51
f 53/51 52/50 51/49
f 56/54 54/52 55/53
f 55/53 54/52 53/51
f 58/56 56/54 57/55
f 57/55 56/54 55/53
f 60/58 58/56 59/57
f 59/57 58/56 57/55
f 62/60 60/58 61/59
f 61/59 60/58 59/57
f 64/62 62/60 63/61
f 63/61 62/60 61/59
f 66/64 64/62 65/63
f 65/63 64/62 63/61
f 68/66 66/64 67/65
f 67/65 66/64 65/63
f 70/68 68/66 69/67
f 69/67 68/66 67/65
f 72/70 70/68 71/69
f 71/69 70/68 69/67
f 73/71 74/72 71/69
f 71/69 74/72 72/70
f 76/74 74/72 75/73
f 75/73 74/72 73/71
f 77/75 78/76 75/73
f 75/73 78/76 76/74
f 79/77 80/78 77/75
f 77/75 80/78 78/76
f 82/80 80/78 81/79
f 81/79 80/78 79/77
f 84/82 82/80 83/81
f 83/81 82/80 81/79
f 86/84 84/82 85/83
f 85/83 84/82 83/81
f 87/85 88/86 85/83
f 85/83 88/86 86/84
f 89/87 90/88 87/85
f 87/85 90/88 88/86
f 91/89 92/90 89/87
f 89/87 92/90 90/88
f 93/91 94/92 37/802
f 37/802 94/92 39/801
f 41/803 39/801 95/93
f 95/93 39/801 94/92
f 43/804 41/803 96/94
f 96/94 41/803 95/93
f 97/95 45/805 96/94
f 96/94 45/805 43/804
f 98/96 47/806 97/95
f 97/95 47/806 45/805
f 49/807 47/806 99/97
f 99/97 47/806 98/96
f 94/92 93/91 101/99
f 101/99 93/91 100/98
f 95/93 94/92 104/100
f 104/100 94/92 101/99
f 96/94 95/93 105/101
f 105/101 95/93 104/100
f 97/95 96/94 106/102
f 106/102 96/94 105/101
f 98/96 97/95 107/103
f 107/103 97/95 106/102
f 99/97 98/96 108/104
f 108/104 98/96 107/103
f 51/808 49/807 109/105
f 109/105 49/807 99/97
f 53/809 51/808 110/106
f 110/106 51/808 109/105
f 55/810 53/809 111/107
f 111/107 53/809 110/106
f 112/108 57/811 111/107
f 111/107 57/811 55/810
f 113/109 59/812 112/108
f 112/108 59/812 57/811
f 61/813 59/812 114/110
f 114/110 59/812 113/109
f 63/814 61/813 115/111
f 115/111 61/813 114/110
f 65/815 63/814 116/112
f 116/112 63/814 115/111
f 67/816 65/815 117/113
f 117/113 65/815 116/112
f 69/817 67/816 118/114
f 118/114 67/816 117/113
f 71/818 69/817 119/115
f 119/115 69/817 118/114
f 120/116 73/819 119/115
f 119/115 73/819 71/818
f 75/820 73/819 121/117
f 121/117 73/819 120/116
f 77/821 75/820 122/118
f 122/118 75/820 121/117
f 123/119 79/822 122/118
f 122/118 79/822 77/821
f 124/120 81/823 123/119
f 123/119 81/823 79/822
f 125/121 83/824 124/120
f 124/120 83/824 81/823
f 126/122 85/825 125/121
f 125/121 85/825 83/824
f 127/123 87/826 126/122
f 126/122 87/826 85/825
f 128/124 89/827 127/123
f 127/123 89/827 87/826
f 129/125 91/828 128/124
f 128/124 91/828 89/827
f 99/97 108/104 109/105
f 109/105 108/104 130/126
f 131/127 110/106 130/126
f 130/126 110/106 109/105
f 132/128 111/107 131/127
f 131/127 111/107 110/106
f 112/108 111/107 133/129
f 133/129 111/107 132/128
f 113/109 112/108 134/130
f 134/130 112/108 133/129
f 114/110 113/109 135/131
f 135/131 113/109 134/130
f 115/111 114/110 136/132
f 136/132 114/110 135/131
f 116/112 115/111 137/133
f 137/133 115/111 136/132
f 117/113 116/112 138/134
f 138/134 116/112 137/133
f 118/114 117/113 139/135
f 139/135 117/113 138/134
f 118/114 139/135 119/115
f 119/115 139/135 140/136
f 120/116 119/115 141/137
f 141/137 119/115 140/136
f 121/117 120/116 142/138
f 142/138 120/116 141/137
f 122/118 121/117 143/139
f 143/139 121/117 142/138
f 144/140 123/119 143/139
f 143/139 123/119 122/118
f 145/141 124/120 144/140
f 144/140 124/120 123/119
f 146/142 125/121 145/141
f 145/141 125/121 124/120
f 147/143 126/122 146/142
f 146/142 126/122 125/121
f 148/144 127/123 147/143
f 147/143 127/123 126/122
f 149/145 128/124 148/144
f 148/144 128/124 127/123
f 150/146 129/125 149/145
f 149/145 129/125 128/124
f 152/148 90/88 151/147
f 151/147 90/88 92/90
f 152/148 151/147 154/150
f 154/150 151/147 153/149
f 155/151 156/152 153/149
f 153/149 156/152 154/150
f 157/153 158/154 155/151
f 155/151 158/154 156/152
f 158/154 157/153 160/156
f 160/156 157/153 159/155
f 161/157 162/158 159/155
f 159/155 162/158 160/156
f 162/158 161/157 164/160
f 164/160 161/157 163/159
f 164/160 163/159 166/162
f 166/162 163/159 165/161
f 167/163 168/164 165/161
f 165/161 168/164 166/162
f 170/166 168/835 169/165
f 169/165 168/835 167/834
f 172/168 170/166 171/167
f 171/167 170/166 169/165
f 174/170 172/168 173/169
f 173/169 172/168 171/167
f 176/172 174/170 175/171
f 175/171 174/170 173/169
f 178/174 176/172 177/173
f 177/173 176/172 175/171
f 180/176 178/174 179/175
f 179/175 178/174 177/173
f 182/178 180/176 181/177
f 181/177 180/176 179/175
f 184/180 150/146 183/179
f 183/179 150/146 149/145
f 186/182 184/180 185/181
f 185/181 184/180 183/179
f 188/184 186/182 187/183
f 187/183 186/182 185/181
f 190/186 188/184 189/185
f 189/185 188/184 187/183
f 192/188 190/186 191/187
f 191/187 190/186 189/185
f 191/187 182/178 192/188
f 192/188 182/178 181/177
f 168/835 170/166 194/836
f 194/836 170/166 193/189
f 195/191 166/162 194/190
f 194/190 166/162 168/164
f 196/192 164/160 195/191
f 195/191 164/160 166/162
f 164/160 196/192 162/158
f 162/158 196/192 197/193
f 198/194 199/195 197/193
f 197/193 199/195 162/158
f 200/196 201/197 198/194
f 198/194 201/197 199/195
f 202/198 203/199 200/196
f 200/196 203/199 201/197
f 204/200 205/201 202/198
f 202/198 205/201 203/199
f 205/201 204/200 207/203
f 207/203 204/200 206/202
f 207/203 206/202 209/205
f 209/205 206/202 208/204
f 209/205 208/204 211/207
f 211/207 208/204 210/206
f 212/208 213/209 210/206
f 210/206 213/209 211/207
f 213/209 212/208 215/211
f 215/211 212/208 214/210
f 217/213 215/211 216/212
f 216/212 215/211 214/210
f 219/215 217/213 218/214
f 218/214 217/213 216/212
f 221/217 219/215 220/216
f 220/216 219/215 218/214
f 221/217 220/216 223/219
f 223/219 220/216 222/218
f 224/220 225/221 222/218
f 222/218 225/221 223/219
f 225/221 224/220 227/223
f 227/223 224/220 226/222
f 228/224 229/225 226/222
f 226/222 229/225 227/223
f 230/226 231/227 228/224
f 228/224 231/227 229/225
f 231/227 230/226 233/229
f 233/229 230/226 232/228
f 234/230 235/231 232/228
f 232/228 235/231 233/229
f 236/232 237/233 234/230
f 234/230 237/233 235/231
f 237/233 236/232 239/235
f 239/235 236/232 238/234
f 240/236 241/237 238/837
f 238/837 241/237 239/838
f 243/239 241/237 242/238
f 242/238 241/237 240/236
f 245/241 243/239 244/240
f 244/240 243/239 242/238
f 247/243 245/241 246/242
f 246/242 245/241 244/240
f 249/245 247/243 248/244
f 248/244 247/243 246/242
f 251/247 249/245 250/246
f 250/246 249/245 248/244
f 253/249 251/247 252/248
f 252/248 251/247 250/246
f 255/251 253/249 254/250
f 254/250 253/249 252/248
f 257/253 255/251 256/252
f 256/252 255/251 254/250
f 259/255 257/253 258/254
f 258/254 257/253 256/252
f 261/257 259/255 260/256
f 260/256 259/255 258/254
f 261/257 260/256 263/259
f 263/259 260/256 262/258
f 264/260 265/261 262/258
f 262/258 265/261 263/259
f 265/261 264/260 267/263
f 267/263 264/260 266/262
f 267/263 266/262 269/265
f 269/265 266/262 268/264
f 269/265 144/140 267/263
f 267/263 144/140 143/139
f 267/263 143/139 265/261
f 265/261 143/139 142/138
f 269/265 268/264 271/267
f 271/267 268/264 270/266
f 271/267 270/266 273/269
f 273/269 270/266 272/268
f 275/271 273/269 274/270
f 274/270 273/269 272/268
f 275/271 274/270 277/273
f 277/273 274/270 276/272
f 170/166 172/168 193/189
f 193/189 172/168 278/274
f 172/168 174/170 278/274
f 278/274 174/170 279/275
f 174/170 176/172 279/275
f 279/275 176/172 280/276
f 176/172 178/174 280/276
f 280/276 178/174 281/277
f 178/174 180/176 281/277
f 281/277 180/176 282/278
f 284/280 282/278 283/279
f 283/279 282/278 180/176
f 286/282 284/280 285/281
f 285/281 284/280 283/279
f 288/284 286/282 287/283
f 287/283 286/282 285/281
f 287/283 277/273 288/284
f 288/284 277/273 276/272
f 292/839 290/840 291/285
f 291/285 290/840 289/288
f 293/289 294/290 289/288
f 289/288 294/290 291/285
f 296/292 294/290 295/291
f 295/291 294/290 293/289
f 296/292 295/291 298/294
f 298/294 295/291 297/293
f 300/296 298/294 299/295
f 299/295 298/294 297/293
f 302/298 300/296 301/297
f 301/297 300/296 299/295
f 304/300 302/298 303/299
f 303/299 302/298 301/297
f 306/302 304/300 305/301
f 305/301 304/300 303/299
f 308/304 306/302 307/303
f 307/303 306/302 305/301
f 310/306 308/304 309/305
f 309/305 308/304 307/303
f 312/308 310/306 311/307
f 311/307 310/306 309/305
f 314/310 312/308 313/309
f 313/309 312/308 311/307
f 316/312 314/310 315/311
f 315/311 314/310 313/309
f 318/314 316/312 317/313
f 317/313 316/312 315/311
f 320/316 318/314 319/315
f 319/315 318/314 317/313
f 322/318 320/316 321/317
f 321/317 320/316 319/315
f 324/320 322/318 323/319
f 323/319 322/318 321/317
f 326/322 324/320 325/321
f 325/321 324/320 323/319
f 328/324 326/322 327/323
f 327/323 326/322 325/321
f 330/326 328/324 329/325
f 329/325 328/324 327/323
f 332/328 330/326 331/327
f 331/327 330/326 329/325
f 334/330 332/328 333/329
f 333/329 332/328 331/327
f 336/332 334/330 335/331
f 335/331 334/330 333/329
f 338/334 336/332 337/333
f 337/333 336/332 335/331
f 340/336 338/334 339/335
f 339/335 338/334 337/333
f 342/842 340/336 341/841
f 341/841 340/336 339/335
f 344/340 342/338 343/339
f 343/339 342/338 341/337
f 345/341 346/342 343/339
f 343/339 346/342 344/340
f 346/342 345/341 348/344
f 348/344 345/341 347/343
f 349/345 350/346 347/343
f 347/343 350/346 348/344
f 351/347 352/348 349/345
f 349/345 352/348 350/346
f 353/349 354/350 351/347
f 351/347 354/350 352/348
f 354/350 353/349 356/352
f 356/352 353/349 355/351
f 357/353 358/354 355/351
f 355/351 358/354 356/352
f 360/356 358/354 359/355
f 359/355 358/354 357/353
f 362/358 360/356 361/357
f 361/357 360/356 359/355
f 364/360 362/358 363/359
f 363/359 362/358 361/357
f 366/362 364/360 365/361
f 365/361 364/360 363/359
f 368/364 366/362 367/363
f 367/363 366/362 365/361
f 370/366 368/364 369/365
f 369/365 368/364 367/363
f 371/367 372/368 369/365
f 369/365 372/368 370/366
f 374/370 372/368 373/369
f 373/369 372/368 371/367
f 375/371 376/372 373/369
f 373/369 376/372 374/370
f 376/372 375/371 378/374
f 378/374 375/371 377/373
f 378/374 377/373 380/376
f 380/376 377/373 379/375
f 382/378 380/376 381/377
f 381/377 380/376 379/375
f 382/378 381/377 384/380
f 384/380 381/377 383/379
f 385/381 386/382 383/379
f 383/379 386/382 384/380
f 388/384 386/382 387/383
f 387/383 386/382 385/381
f 390/386 388/384 389/385
f 389/385 388/384 387/383
f 392/388 390/386 391/387
f 391/387 390/386 389/385
f 292/286 392/388 290/287
f 290/287 392/388 391/387
f 80/78 213/209 78/76
f 78/76 213/209 215/211
f 80/78 82/80 213/209
f 213/209 82/80 211/207
f 84/82 209/205 82/80
f 82/80 209/205 211/207
f 78/76 215/211 76/74
f 76/74 215/211 217/213
f 393/843 394/390 290/840
f 290/840 394/390 289/288
f 395/844 396/392 393/843
f 393/843 396/392 394/390
f 398/394 396/392 397/845
f 397/845 396/392 395/844
f 241/237 398/394 239/838
f 239/838 398/394 397/845
f 241/237 243/239 398/394
f 398/394 243/239 399/395
f 396/392 398/394 400/396
f 400/396 398/394 399/395
f 394/390 396/392 401/397
f 401/397 396/392 400/396
f 293/289 289/288 401/397
f 401/397 289/288 394/390
f 403/399 786/400 402/398
f 402/398 786/400 787/401
f 405/403 403/399 404/402
f 404/402 403/399 402/398
f 407/405 405/403 406/404
f 406/404 405/403 404/402
f 409/407 407/405 408/406
f 408/406 407/405 406/404
f 411/409 409/407 410/408
f 410/408 409/407 408/406
f 413/411 411/409 412/410
f 412/410 411/409 410/408
f 415/413 413/411 414/412
f 414/412 413/411 412/410
f 416/414 417/415 414/412
f 414/412 417/415 415/413
f 419/417 417/415 418/416
f 418/416 417/415 416/414
f 421/419 419/417 420/418
f 420/418 419/417 418/416
f 423/421 421/419 422/420
f 422/420 421/419 420/418
f 343/339 341/337 422/420
f 422/420 341/337 423/421
f 341/841 339/335 423/857
f 423/857 339/335 424/422
f 425/423 421/856 424/422
f 424/422 421/856 423/857
f 426/424 419/855 425/423
f 425/423 419/855 421/856
f 417/854 419/855 427/425
f 427/425 419/855 426/424
f 415/853 417/854 428/426
f 428/426 417/854 427/425
f 429/427 413/852 428/426
f 428/426 413/852 415/853
f 411/851 413/852 430/428
f 430/428 413/852 429/427
f 409/850 411/851 431/429
f 431/429 411/851 430/428
f 407/849 409/850 432/430
f 432/430 409/850 431/429
f 405/848 407/849 433/431
f 433/431 407/849 432/430
f 434/432 403/846 433/431
f 433/431 403/846 405/848
f 403/846 434/432 786/847
f 786/847 434/432 785/433
f 160/156 162/158 199/195
f 160/156 199/195 158/154
f 158/154 199/195 201/197
f 158/154 201/197 156/152
f 156/152 201/197 435/434
f 201/197 203/199 435/434
f 436/435 154/150 435/434
f 435/434 154/150 156/152
f 437/436 152/148 436/435
f 436/435 152/148 154/150
f 152/148 437/436 90/88
f 90/88 437/436 88/86
f 86/84 207/203 84/82
f 84/82 207/203 209/205
f 86/84 88/86 438/437
f 438/437 88/86 437/436
f 205/201 207/203 438/437
f 438/437 207/203 86/84
f 203/199 205/201 439/438
f 439/438 205/201 438/437
f 438/437 437/436 439/438
f 439/438 437/436 436/435
f 439/438 436/435 203/199
f 203/199 436/435 435/434
f 271/267 145/141 269/265
f 269/265 145/141 144/140
f 440/439 146/142 271/267
f 271/267 146/142 145/141
f 271/267 273/269 440/439
f 441/440 147/143 440/439
f 440/439 147/143 146/142
f 275/271 441/440 273/269
f 273/269 441/440 440/439
f 442/441 148/144 441/440
f 441/440 148/144 147/143
f 183/179 149/145 442/441
f 442/441 149/145 148/144
f 441/440 275/271 442/441
f 442/441 275/271 443/442
f 185/181 183/179 443/442
f 443/442 183/179 442/441
f 285/281 283/279 191/187
f 191/187 283/279 182/178
f 180/176 182/178 283/279
f 189/185 444/443 191/187
f 191/187 444/443 285/281
f 189/185 187/183 444/443
f 444/443 187/183 445/444
f 187/183 185/181 445/444
f 445/444 185/181 443/442
f 287/283 445/444 277/273
f 277/273 445/444 443/442
f 275/271 277/273 443/442
f 141/137 446/445 142/138
f 142/138 446/445 265/261
f 141/137 140/136 446/445
f 446/445 140/136 447/446
f 448/447 74/72 217/213
f 217/213 74/72 76/74
f 217/213 219/215 448/447
f 448/447 219/215 449/448
f 450/449 72/70 448/447
f 448/447 72/70 74/72
f 448/447 449/448 450/449
f 450/449 449/448 451/450
f 452/451 70/68 450/449
f 450/449 70/68 72/70
f 450/449 451/450 452/451
f 452/451 451/450 453/452
f 68/66 70/68 454/453
f 454/453 70/68 452/451
f 452/451 453/452 454/453
f 454/453 453/452 455/454
f 66/64 68/66 456/455
f 456/455 68/66 454/453
f 454/453 455/454 456/455
f 456/455 455/454 457/456
f 64/62 66/64 458/457
f 458/457 66/64 456/455
f 456/455 457/456 458/457
f 458/457 457/456 459/458
f 62/60 64/62 460/459
f 460/459 64/62 458/457
f 458/457 459/458 460/459
f 460/459 459/458 461/460
f 459/458 367/363 461/460
f 461/460 367/363 365/361
f 60/58 62/60 462/461
f 462/461 62/60 460/459
f 460/459 461/460 462/461
f 462/461 461/460 463/462
f 58/56 60/58 464/463
f 464/463 60/58 462/461
f 462/461 463/462 464/463
f 464/463 463/462 465/464
f 56/54 58/56 466/465
f 466/465 58/56 464/463
f 464/463 465/464 466/465
f 466/465 465/464 467/466
f 54/52 56/54 468/467
f 468/467 56/54 466/465
f 466/465 467/466 468/467
f 468/467 467/466 469/468
f 52/50 54/52 470/469
f 470/469 54/52 468/467
f 468/467 469/468 470/469
f 470/469 469/468 471/470
f 50/48 52/50 472/471
f 472/471 52/50 470/469
f 470/469 471/470 472/471
f 472/471 471/470 473/472
f 48/46 50/48 474/473
f 474/473 50/48 472/471
f 472/471 473/472 474/473
f 474/473 473/472 475/474
f 48/46 474/473 46/44
f 46/44 474/473 476/475
f 474/473 475/474 476/475
f 476/475 475/474 477/476
f 478/477 44/42 476/475
f 476/475 44/42 46/44
f 476/475 477/476 478/477
f 478/477 477/476 479/478
f 44/42 478/477 42/40
f 42/40 478/477 480/479
f 478/477 479/478 480/479
f 480/479 479/478 481/480
f 40/36 42/40 480/479
f 38/37 40/36 482/481
f 482/481 40/36 480/479
f 480/479 481/480 482/481
f 482/481 481/480 483/482
f 35/484 38/37 484/483
f 484/483 38/37 482/481
f 482/481 483/482 484/483
f 484/483 483/482 485/485
f 486/486 263/259 446/445
f 446/445 263/259 265/261
f 446/445 447/446 486/486
f 486/486 447/446 487/487
f 139/135 488/488 140/136
f 140/136 488/488 447/446
f 489/489 487/487 488/488
f 488/488 487/487 447/446
f 139/135 138/134 488/488
f 488/488 138/134 490/490
f 491/491 489/489 490/490
f 490/490 489/489 488/488
f 137/133 492/492 138/134
f 138/134 492/492 490/490
f 493/493 491/491 492/492
f 492/492 491/491 490/490
f 137/133 136/132 492/492
f 492/492 136/132 494/494
f 495/495 493/493 494/494
f 494/494 493/493 492/492
f 495/495 315/311 493/493
f 493/493 315/311 313/309
f 136/132 135/131 494/494
f 494/494 135/131 496/496
f 497/497 495/495 496/496
f 496/496 495/495 494/494
f 317/313 315/311 497/497
f 497/497 315/311 495/495
f 135/131 134/130 496/496
f 496/496 134/130 498/498
f 497/497 496/496 499/499
f 499/499 496/496 498/498
f 133/129 500/500 134/130
f 134/130 500/500 498/498
f 501/501 499/499 500/500
f 500/500 499/499 498/498
f 502/502 503/503 501/501
f 501/501 503/503 499/499
f 132/128 504/504 133/129
f 133/129 504/504 500/500
f 505/505 501/501 504/504
f 504/504 501/501 500/500
f 506/506 502/502 505/505
f 505/505 502/502 501/501
f 131/127 507/507 132/128
f 132/128 507/507 504/504
f 505/505 504/504 508/508
f 508/508 504/504 507/507
f 509/509 506/506 508/508
f 508/508 506/506 505/505
f 130/126 510/510 131/127
f 131/127 510/510 507/507
f 508/508 507/507 511/511
f 511/511 507/507 510/510
f 512/512 509/509 511/511
f 511/511 509/509 508/508
f 108/104 513/513 130/126
f 130/126 513/513 510/510
f 511/511 510/510 514/514
f 514/514 510/510 513/513
f 515/515 512/512 514/514
f 514/514 512/512 511/511
f 497/497 499/499 317/313
f 317/313 499/499 503/503
f 108/104 107/103 513/513
f 513/513 107/103 516/516
f 107/103 106/102 516/516
f 516/516 106/102 517/517
f 106/102 105/101 517/517
f 517/517 105/101 518/518
f 101/99 100/98 519/519
f 519/519 100/98 102/520
f 102/520 103/521 519/519
f 519/519 103/521 520/522
f 104/100 101/99 521/523
f 521/523 101/99 519/519
f 105/101 104/100 518/518
f 518/518 104/100 522/524
f 104/100 521/523 522/524
f 522/524 521/523 523/525
f 518/518 522/524 524/526
f 524/526 522/524 523/525
f 517/517 518/518 525/527
f 525/527 518/518 524/526
f 516/516 517/517 526/528
f 526/528 517/517 525/527
f 526/528 514/514 516/516
f 516/516 514/514 513/513
f 527/529 515/515 526/528
f 526/528 515/515 514/514
f 527/529 526/528 525/527
f 519/519 520/522 521/523
f 521/523 520/522 528/530
f 529/531 523/525 528/530
f 528/530 523/525 521/523
f 530/532 524/526 529/531
f 529/531 524/526 523/525
f 531/533 525/527 530/532
f 530/532 525/527 524/526
f 532/534 527/529 531/533
f 531/533 527/529 525/527
f 515/515 527/529 533/535
f 533/535 527/529 532/534
f 512/512 515/515 534/536
f 534/536 515/515 533/535
f 509/509 512/512 535/537
f 535/537 512/512 534/536
f 506/506 509/509 536/538
f 536/538 509/509 535/537
f 502/502 506/506 537/539
f 537/539 506/506 536/538
f 503/503 502/502 538/540
f 538/540 502/502 537/539
f 321/317 319/315 538/540
f 538/540 319/315 503/503
f 503/503 319/315 317/313
f 539/541 540/542 295/291
f 295/291 540/542 297/293
f 247/243 249/245 539/541
f 539/541 249/245 540/542
f 299/295 297/293 541/543
f 541/543 297/293 540/542
f 541/543 540/542 251/247
f 251/247 540/542 249/245
f 301/297 299/295 542/544
f 542/544 299/295 541/543
f 542/544 541/543 253/249
f 253/249 541/543 251/247
f 253/249 255/251 542/544
f 542/544 255/251 543/545
f 301/297 542/544 543/545
f 303/299 301/297 544/546
f 544/546 301/297 543/545
f 544/546 543/545 257/253
f 257/253 543/545 255/251
f 305/301 303/299 545/547
f 545/547 303/299 544/546
f 257/253 259/255 544/546
f 544/546 259/255 545/547
f 307/303 305/301 546/548
f 546/548 305/301 545/547
f 261/257 546/548 259/255
f 259/255 546/548 545/547
f 293/289 547/549 295/291
f 295/291 547/549 539/541
f 539/541 547/549 247/243
f 247/243 547/549 245/241
f 400/396 547/549 401/397
f 401/397 547/549 293/289
f 400/396 399/395 547/549
f 547/549 399/395 245/241
f 243/239 245/241 399/395
f 549/551 221/217 548/550
f 548/550 221/217 223/219
f 551/553 549/551 550/552
f 550/552 549/551 548/550
f 550/552 375/371 551/553
f 551/553 375/371 373/369
f 552/554 377/373 550/552
f 550/552 377/373 375/371
f 550/552 548/550 552/554
f 552/554 548/550 553/555
f 225/221 553/555 223/219
f 223/219 553/555 548/550
f 549/551 449/448 221/217
f 221/217 449/448 219/215
f 373/369 371/367 551/553
f 551/553 371/367 554/556
f 549/551 551/553 554/556
f 554/556 451/450 549/551
f 549/551 451/450 449/448
f 554/556 453/452 451/450
f 453/452 554/556 455/454
f 455/454 554/556 371/367
f 457/456 455/454 369/365
f 369/365 455/454 371/367
f 457/456 369/365 459/458
f 459/458 369/365 367/363
f 555/557 491/491 313/309
f 313/309 491/491 493/493
f 555/557 313/309 311/307
f 489/489 491/491 556/558
f 556/558 491/491 555/557
f 555/557 311/307 556/558
f 556/558 311/307 309/305
f 558/560 556/558 557/559
f 557/559 556/558 309/305
f 309/305 307/303 557/559
f 557/559 307/303 546/548
f 556/558 558/560 489/489
f 489/489 558/560 487/487
f 486/486 487/487 559/561
f 559/561 487/487 558/560
f 559/561 558/560 557/559
f 557/559 546/548 559/561
f 559/561 546/548 261/257
f 263/259 486/486 261/257
f 261/257 486/486 559/561
f 560/562 379/375 552/554
f 552/554 379/375 377/373
f 552/554 553/555 560/562
f 560/562 553/555 561/563
f 227/223 561/563 225/221
f 225/221 561/563 553/555
f 561/563 227/223 562/564
f 562/564 227/223 229/225
f 560/562 561/563 563/565
f 563/565 561/563 562/564
f 563/565 381/377 560/562
f 560/562 381/377 379/375
f 564/566 383/379 563/565
f 563/565 383/379 381/377
f 563/565 562/564 564/566
f 564/566 562/564 565/567
f 231/227 565/567 229/225
f 229/225 565/567 562/564
f 565/567 231/227 566/568
f 566/568 231/227 233/229
f 564/566 565/567 567/569
f 567/569 565/567 566/568
f 567/569 385/381 564/566
f 564/566 385/381 383/379
f 568/570 387/383 567/569
f 567/569 387/383 385/381
f 567/569 566/568 568/570
f 568/570 566/568 569/571
f 235/231 569/571 233/229
f 233/229 569/571 566/568
f 570/572 389/385 568/570
f 568/570 389/385 387/383
f 568/570 569/571 570/572
f 570/572 569/571 571/573
f 571/573 569/571 235/231
f 391/387 389/385 572/574
f 572/574 389/385 570/572
f 570/572 571/573 572/574
f 572/574 571/573 573/575
f 235/231 237/233 571/573
f 571/573 237/233 573/575
f 572/574 393/389 391/387
f 391/387 393/389 290/287
f 573/575 395/391 572/574
f 572/574 395/391 393/389
f 573/575 397/393 395/391
f 239/235 397/393 237/233
f 237/233 397/393 573/575
f 784/577 785/433 574/576
f 574/576 785/433 434/432
f 784/577 574/576 783/579
f 783/579 574/576 575/578
f 782/581 783/579 576/580
f 576/580 783/579 575/578
f 781/583 782/581 577/582
f 577/582 782/581 576/580
f 780/585 781/583 578/584
f 578/584 781/583 577/582
f 779/587 780/585 579/586
f 579/586 780/585 578/584
f 778/588 779/587 103/521
f 103/521 779/587 579/586
f 29/29 27/25 580/589
f 580/589 27/25 36/590
f 31/31 29/29 581/591
f 581/591 29/29 580/589
f 583/593 790/594 582/592
f 582/592 790/594 791/595
f 790/594 583/593 789/597
f 789/597 583/593 585/596
f 788/599 789/597 586/598
f 586/598 789/597 585/596
f 402/398 787/401 586/598
f 586/598 787/401 788/599
f 583/593 582/592 587/600
f 587/600 582/592 584/601
f 485/485 588/602 36/590
f 36/590 588/602 580/589
f 581/591 580/589 589/603
f 589/603 580/589 588/602
f 584/601 581/591 590/604
f 590/604 581/591 589/603
f 587/600 584/601 591/605
f 591/605 584/601 590/604
f 585/596 583/593 592/606
f 592/606 583/593 587/600
f 591/605 593/607 587/600
f 587/600 593/607 592/606
f 586/598 585/596 594/608
f 594/608 585/596 592/606
f 593/607 595/609 592/606
f 592/606 595/609 594/608
f 402/398 586/598 594/608
f 595/609 404/402 594/608
f 594/608 404/402 402/398
f 406/404 404/402 596/610
f 596/610 404/402 595/609
f 408/406 406/404 597/611
f 597/611 406/404 596/610
f 410/408 408/406 598/612
f 598/612 408/406 597/611
f 412/410 410/408 599/613
f 599/613 410/408 598/612
f 600/614 414/412 599/613
f 599/613 414/412 412/410
f 601/615 416/414 600/614
f 600/614 416/414 414/412
f 418/416 416/414 602/616
f 602/616 416/414 601/615
f 420/418 418/416 603/617
f 603/617 418/416 602/616
f 422/420 420/418 604/618
f 604/618 420/418 603/617
f 604/618 345/341 422/420
f 422/420 345/341 343/339
f 363/359 361/357 606/620
f 606/620 361/357 605/619
f 607/621 608/622 605/619
f 605/619 608/622 606/620
f 608/622 607/621 610/624
f 610/624 607/621 609/623
f 611/625 612/626 609/623
f 609/623 612/626 610/624
f 612/626 611/625 614/628
f 614/628 611/625 613/627
f 614/628 613/627 616/630
f 616/630 613/627 615/629
f 616/630 615/629 618/632
f 618/632 615/629 617/631
f 618/632 617/631 620/634
f 620/634 617/631 619/633
f 590/604 589/603 619/633
f 619/633 589/603 620/634
f 621/635 622/636 606/620
f 606/620 622/636 363/359
f 622/636 621/635 463/462
f 463/462 621/635 465/464
f 465/464 621/635 467/466
f 467/466 621/635 623/637
f 608/622 623/637 606/620
f 606/620 623/637 621/635
f 624/638 469/468 623/637
f 623/637 469/468 467/466
f 610/624 624/638 608/622
f 608/622 624/638 623/637
f 483/482 625/639 485/485
f 485/485 625/639 588/602
f 589/603 588/602 620/634
f 620/634 588/602 625/639
f 626/640 618/632 625/639
f 625/639 618/632 620/634
f 625/639 483/482 626/640
f 626/640 483/482 481/480
f 479/478 627/641 481/480
f 481/480 627/641 626/640
f 618/632 626/640 616/630
f 616/630 626/640 627/641
f 627/641 479/478 628/642
f 628/642 479/478 477/476
f 614/628 616/630 628/642
f 628/642 616/630 627/641
f 475/474 629/643 477/476
f 477/476 629/643 628/642
f 614/628 628/642 629/643
f 473/472 630/644 475/474
f 475/474 630/644 629/643
f 614/628 629/643 612/626
f 612/626 629/643 630/644
f 630/644 473/472 631/645
f 631/645 473/472 471/470
f 631/645 471/470 624/638
f 624/638 471/470 469/468
f 631/645 624/638 610/624
f 630/644 631/645 612/626
f 612/626 631/645 610/624
f 463/462 461/460 622/636
f 622/636 461/460 365/361
f 622/636 365/361 363/359
f 361/357 359/355 605/619
f 605/619 359/355 632/646
f 359/355 357/353 632/646
f 632/646 357/353 633/647
f 634/648 607/621 632/646
f 632/646 607/621 605/619
f 632/646 633/647 634/648
f 634/648 633/647 635/649
f 636/650 609/623 634/648
f 634/648 609/623 607/621
f 634/648 635/649 636/650
f 636/650 635/649 637/651
f 638/652 611/625 636/650
f 636/650 611/625 609/623
f 636/650 637/651 638/652
f 638/652 637/651 639/653
f 640/654 613/627 638/652
f 638/652 613/627 611/625
f 638/652 639/653 640/654
f 640/654 639/653 641/655
f 642/656 615/629 640/654
f 640/654 615/629 613/627
f 640/654 641/655 642/656
f 642/656 641/655 643/657
f 617/631 615/629 644/658
f 644/658 615/629 642/656
f 643/657 645/659 642/656
f 642/656 645/659 644/658
f 646/660 619/633 644/658
f 644/658 619/633 617/631
f 591/605 590/604 646/660
f 646/660 590/604 619/633
f 647/661 646/660 645/659
f 645/659 646/660 644/658
f 596/610 595/609 648/662
f 648/662 595/609 593/607
f 647/661 645/659 649/663
f 649/663 645/659 650/664
f 651/665 648/662 650/664
f 650/664 648/662 649/663
f 597/611 596/610 651/665
f 651/665 596/610 648/662
f 649/663 648/662 593/607
f 652/666 653/667 650/664
f 650/664 653/667 651/665
f 655/669 653/667 654/668
f 654/668 653/667 652/666
f 657/671 655/669 656/670
f 656/670 655/669 654/668
f 651/665 653/667 597/611
f 597/611 653/667 598/612
f 655/669 599/613 653/667
f 653/667 599/613 598/612
f 657/671 600/614 655/669
f 655/669 600/614 599/613
f 650/664 645/659 652/666
f 652/666 645/659 643/657
f 654/668 652/666 658/672
f 658/672 652/666 643/657
f 656/670 654/668 659/673
f 659/673 654/668 658/672
f 661/675 657/671 660/674
f 660/674 657/671 656/670
f 657/671 661/675 600/614
f 600/614 661/675 601/615
f 602/616 601/615 662/676
f 662/676 601/615 661/675
f 603/617 602/616 663/677
f 663/677 602/616 662/676
f 604/618 603/617 664/678
f 664/678 603/617 663/677
f 664/678 347/343 604/618
f 604/618 347/343 345/341
f 660/674 665/679 661/675
f 661/675 665/679 662/676
f 663/677 662/676 666/680
f 666/680 662/676 665/679
f 664/678 663/677 667/681
f 667/681 663/677 666/680
f 667/681 349/345 664/678
f 664/678 349/345 347/343
f 667/681 351/347 349/345
f 659/673 668/682 656/670
f 656/670 668/682 660/674
f 665/679 660/674 669/683
f 669/683 660/674 668/682
f 666/680 665/679 670/684
f 670/684 665/679 669/683
f 667/681 666/680 671/685
f 671/685 666/680 670/684
f 353/349 351/347 671/685
f 671/685 351/347 667/681
f 672/686 355/351 671/685
f 671/685 355/351 353/349
f 633/647 357/353 672/686
f 672/686 357/353 355/351
f 635/649 633/647 673/687
f 673/687 633/647 672/686
f 671/685 670/684 672/686
f 672/686 670/684 673/687
f 670/684 669/683 673/687
f 673/687 669/683 674/688
f 637/651 635/649 674/688
f 674/688 635/649 673/687
f 639/653 637/651 675/689
f 675/689 637/651 674/688
f 669/683 668/682 674/688
f 674/688 668/682 675/689
f 641/655 639/653 676/690
f 676/690 639/653 675/689
f 668/682 659/673 675/689
f 675/689 659/673 676/690
f 643/657 641/655 658/672
f 658/672 641/655 676/690
f 676/690 659/673 658/672
f 677/691 678/692 432/430
f 432/430 678/692 433/431
f 680/694 678/692 679/693
f 679/693 678/692 677/691
f 432/430 431/429 677/691
f 677/691 431/429 679/693
f 431/429 430/428 679/693
f 679/693 430/428 681/695
f 680/694 679/693 682/696
f 682/696 679/693 681/695
f 429/427 683/697 430/428
f 430/428 683/697 681/695
f 684/698 682/696 683/697
f 683/697 682/696 681/695
f 685/699 520/522 579/586
f 579/586 520/522 103/521
f 686/700 528/530 685/699
f 685/699 528/530 520/522
f 578/584 687/701 579/586
f 579/586 687/701 685/699
f 686/700 685/699 688/702
f 688/702 685/699 687/701
f 686/700 529/531 528/530
f 689/703 530/532 686/700
f 686/700 530/532 529/531
f 688/702 690/704 686/700
f 686/700 690/704 689/703
f 689/703 531/533 530/532
f 689/703 532/534 531/533
f 533/535 532/534 692/706
f 692/706 532/534 691/705
f 694/708 692/706 693/707
f 693/707 692/706 691/705
f 693/707 691/705 690/704
f 690/704 691/705 689/703
f 532/534 689/703 691/705
f 695/709 323/319 538/540
f 538/540 323/319 321/317
f 325/321 323/319 696/710
f 696/710 323/319 695/709
f 538/540 537/539 695/709
f 695/709 537/539 697/711
f 698/712 696/710 697/711
f 697/711 696/710 695/709
f 537/539 536/538 697/711
f 697/711 536/538 699/713
f 700/714 698/712 699/713
f 699/713 698/712 697/711
f 536/538 535/537 699/713
f 699/713 535/537 701/715
f 702/716 700/714 701/715
f 701/715 700/714 699/713
f 535/537 534/536 701/715
f 701/715 534/536 703/717
f 704/718 702/716 703/717
f 703/717 702/716 701/715
f 694/708 704/718 692/706
f 692/706 704/718 703/717
f 692/706 703/717 533/535
f 533/535 703/717 534/536
f 705/719 706/720 683/697
f 683/697 706/720 684/698
f 706/720 705/719 708/722
f 708/722 705/719 707/721
f 708/722 707/721 710/724
f 710/724 707/721 709/723
f 710/724 709/723 712/726
f 712/726 709/723 711/725
f 335/331 333/329 711/725
f 711/725 333/329 712/726
f 337/333 335/331 713/727
f 713/727 335/331 711/725
f 339/335 337/333 424/422
f 424/422 337/333 713/727
f 714/728 425/423 713/727
f 713/727 425/423 424/422
f 714/728 713/727 711/725
f 711/725 709/723 714/728
f 714/728 709/723 715/729
f 715/729 426/424 714/728
f 714/728 426/424 425/423
f 707/721 716/730 709/723
f 709/723 716/730 715/729
f 427/425 426/424 716/730
f 716/730 426/424 715/729
f 705/719 717/731 707/721
f 707/721 717/731 716/730
f 428/426 427/425 717/731
f 717/731 427/425 716/730
f 705/719 683/697 717/731
f 717/731 683/697 429/427
f 717/731 429/427 428/426
f 719/733 706/720 718/732
f 718/732 706/720 708/722
f 684/698 706/720 719/733
f 710/724 720/734 708/722
f 708/722 720/734 718/732
f 712/726 721/735 710/724
f 710/724 721/735 720/734
f 333/329 331/327 712/726
f 712/726 331/327 721/735
f 331/327 329/325 721/735
f 721/735 329/325 722/736
f 720/734 721/735 722/736
f 327/323 723/737 329/325
f 329/325 723/737 722/736
f 720/734 722/736 724/738
f 724/738 722/736 723/737
f 718/732 720/734 725/739
f 725/739 720/734 724/738
f 719/733 718/732 726/740
f 726/740 718/732 725/739
f 684/698 719/733 727/741
f 727/741 719/733 726/740
f 723/737 327/323 696/710
f 696/710 327/323 325/321
f 696/710 698/712 723/737
f 700/714 724/738 698/712
f 698/712 724/738 723/737
f 725/739 724/738 702/716
f 702/716 724/738 700/714
f 726/740 725/739 704/718
f 704/718 725/739 702/716
f 726/740 704/718 694/708
f 690/704 729/743 693/707
f 693/707 729/743 728/742
f 728/742 729/743 731/745
f 731/745 729/743 730/744
f 731/745 727/741 726/740
f 731/745 730/744 727/741
f 727/741 730/744 732/746
f 727/741 732/746 684/698
f 684/698 732/746 682/696
f 680/694 682/696 733/747
f 733/747 682/696 732/746
f 730/744 734/748 732/746
f 732/746 734/748 733/747
f 729/743 735/749 730/744
f 730/744 735/749 734/748
f 690/704 688/702 729/743
f 729/743 688/702 735/749
f 688/702 687/701 735/749
f 735/749 687/701 736/750
f 687/701 578/584 736/750
f 736/750 578/584 577/582
f 734/748 735/749 737/751
f 737/751 735/749 736/750
f 577/582 576/580 739/753
f 739/753 576/580 738/752
f 737/751 736/750 739/753
f 739/753 736/750 577/582
f 738/752 740/754 739/753
f 739/753 740/754 737/751
f 733/747 734/748 740/754
f 740/754 734/748 737/751
f 741/755 680/694 740/754
f 740/754 680/694 733/747
f 740/754 738/752 741/755
f 741/755 738/752 742/756
f 738/752 576/580 742/756
f 742/756 576/580 575/578
f 678/692 680/694 741/755
f 742/756 743/757 741/755
f 741/755 743/757 678/692
f 742/756 575/578 743/757
f 743/757 575/578 574/576
f 743/757 574/576 433/431
f 433/431 574/576 434/432
f 433/431 678/692 743/757
f 444/443 287/283 285/281
f 287/283 444/443 445/444
f 776/759 759/4 775/758
f 775/758 759/4 758/3
f 775/758 758/3 774/760
f 774/760 758/3 757/6
f 774/760 757/6 773/761
f 773/761 757/6 756/8
f 772/762 773/858 755/10
f 755/10 773/858 756/833
f 772/762 755/10 771/763
f 771/763 755/10 754/12
f 771/763 754/12 770/764
f 770/764 754/12 753/14
f 769/765 770/764 752/16
f 752/16 770/764 753/14
f 768/766 769/765 751/18
f 751/18 769/765 752/16
f 767/767 768/766 750/20
f 750/20 768/766 751/18
f 766/768 767/767 749/22
f 749/22 767/767 750/20
f 766/768 749/22 765/769
f 765/769 749/22 748/24
f 763/770 764/771 746/26
f 746/26 764/771 747/27
f 763/770 746/26 762/772
f 762/772 746/26 745/30
f 761/773 762/772 744/32
f 744/32 762/772 745/30
f 777/774 761/773 760/34
f 760/34 761/773 744/32
f 777/774 760/34 776/759
f 776/759 760/34 759/4
f 4/776 776/759 3/775
f 3/775 776/759 775/758
f 3/775 775/758 6/777
f 6/777 775/758 774/760
f 6/777 774/760 8/778
f 8/778 774/760 773/761
f 10/779 8/859 772/762
f 772/762 8/859 773/858
f 10/779 772/762 12/780
f 12/780 772/762 771/763
f 14/781 12/780 770/764
f 770/764 12/780 771/763
f 16/782 14/781 769/765
f 769/765 14/781 770/764
f 18/783 16/782 768/766
f 768/766 16/782 769/765
f 20/784 18/783 767/767
f 767/767 18/783 768/766
f 22/785 20/784 766/768
f 766/768 20/784 767/767
f 24/786 22/785 765/769
f 765/769 22/785 766/768
f 28/787 26/788 763/770
f 763/770 26/788 764/771
f 28/787 763/770 30/789
f 30/789 763/770 762/772
f 32/790 30/789 761/773
f 761/773 30/789 762/772
f 34/791 32/790 777/774
f 777/774 32/790 761/773
f 34/791 777/774 4/776
f 4/776 777/774 776/759
f 5/5 787/401 7/7
f 7/7 787/401 786/400
f 7/832 786/847 9/9
f 9/9 786/847 785/433
f 9/9 785/433 11/11
f 11/11 785/433 784/577
f 11/11 784/577 13/13
f 13/13 784/577 783/579
f 15/15 13/13 782/581
f 782/581 13/13 783/579
f 17/17 15/15 781/583
f 781/583 15/15 782/581
f 19/19 17/17 780/585
f 780/585 17/17 781/583
f 21/21 19/19 779/587
f 779/587 19/19 780/585
f 23/23 21/21 778/588
f 778/588 21/21 779/587
f 31/31 791/595 33/33
f 33/33 791/595 790/594
f 33/33 790/594 1/1
f 1/1 790/594 789/597
f 1/1 789/597 2/2
f 2/2 789/597 788/599
f 2/2 788/599 5/5
f 5/5 788/599 787/401
f 582/592 791/595 584/601
f 584/601 791/595 581/591
f 31/31 581/591 791/595
f 728/742 694/708 693/707
f 731/745 726/740 728/742
f 728/742 726/740 694/708
f 591/605 646/660 647/661
f 649/663 593/607 647/661
f 647/661 593/607 591/605
f 793/793 93/91 792/792
f 792/792 93/91 37/802
f 793/793 102/520 93/91
f 93/91 102/520 100/98
f 794/794 795/795 747/799
f 747/799 795/795 25/800
f 793/793 792/792 795/795
f 795/795 792/792 25/800
f 747/799 764/829 794/794
f 794/794 764/829 796/796
f 764/829 26/830 796/796
f 796/796 26/830 797/797
f 796/796 797/797 765/769
f 765/769 797/797 24/786
f 765/769 748/24 796/796
f 796/796 748/24 794/794
f 748/24 23/23 794/794
f 794/794 23/23 795/795
f 103/521 102/520 778/588
f 778/588 102/520 793/793
f 23/23 778/588 795/795
f 795/795 778/588 793/793
f 38/37 35/484 37/38
f 37/38 35/484 792/831
f 25/28 792/831 798/798
f 798/798 792/831 35/484
f 485/485 798/798 484/483
f 484/483 798/798 35/484
f 798/798 485/485 36/590
f 36/590 27/25 798/798
f 798/798 27/25 25/28
f 802/863 801/862 799/860
f 799/860 801/862 800/861
f 801/862 804/865 800/861
f 800/861 804/865 803/864
f 804/865 806/867 803/864
f 803/864 806/867 805/866
f 805/871 806/870 807/868
f 807/868 806/870 808/869
f 808/869 810/873 807/868
f 807/868 810/873 809/872
f 810/873 812/875 809/872
f 809/872 812/875 811/874
f 811/874 812/875 813/876
f 813/876 812/875 814/877
f 813/876 814/877 815/878
f 815/878 814/877 816/879
f 815/878 816/879 817/880
f 817/880 816/879 818/881
f 817/880 818/881 819/882
f 819/882 818/881 820/883
f 820/883 822/885 819/882
f 819/882 822/885 821/884
f 826/889 825/888 823/886
f 823/886 825/888 824/887
f 827/890 823/886 828/891
f 828/891 823/886 824/887
f 827/890 828/891 829/892
f 829/892 828/891 830/893
f 829/892 830/893 831/894
f 831/894 830/893 832/895
f 832/895 802/863 831/894
f 831/894 802/863 799/860
f 836/899 835/898 833/896
f 833/896 835/898 834/897
f 833/896 834/897 837/900
f 837/900 834/897 838/901
f 837/900 838/901 839/902
f 839/902 838/901 840/903
f 841/904 839/902 842/905
f 842/905 839/902 840/903
f 841/904 842/905 843/906
f 843/906 842/905 844/907
f 843/906 844/907 845/908
f 845/908 844/907 846/909
f 845/908 846/909 847/910
f 847/910 846/909 848/911
f 847/910 848/911 849/912
f 849/912 848/911 850/913
f 849/912 850/913 851/914
f 851/914 850/913 852/915
f 851/914 852/915 853/916
f 853/916 852/915 854/917
f 853/916 854/917 855/918
f 855/918 854/917 856/919
f 855/918 856/919 857/920
f 857/920 856/919 858/921
f 857/920 858/921 859/922
f 859/922 858/921 860/923
f 859/922 860/923 861/924
f 861/924 860/923 862/925
f 861/924 862/925 863/926
f 863/926 862/925 864/927
f 863/926 864/927 865/928
f 865/928 864/927 866/929
f 865/928 866/929 867/930
f 867/930 866/929 868/931
f 869/932 867/930 870/933
f 870/933 867/930 868/931
f 869/932 870/933 871/934
f 871/934 870/933 872/935
f 873/936 871/934 874/937
f 874/937 871/934 872/935
f 875/938 873/936 876/939
f 876/939 873/936 874/937
f 875/938 876/939 877/940
f 877/940 876/939 878/941
f 877/940 878/941 879/942
f 879/942 878/941 880/943
f 879/942 880/943 881/944
f 881/944 880/943 882/945
f 883/946 881/944 884/947
f 884/947 881/944 882/945
f 885/948 883/946 886/949
f 886/949 883/946 884/947
f 887/950 885/948 888/951
f 888/951 885/948 886/949
f 889/952 836/955 890/953
f 890/953 836/955 833/954
f 890/953 833/954 891/956
f 891/956 833/954 837/957
f 891/956 837/957 892/958
f 892/958 837/957 839/959
f 893/960 892/958 841/961
f 841/961 892/958 839/959
f 894/962 893/960 843/963
f 843/963 893/960 841/961
f 894/962 843/963 895/964
f 895/964 843/963 845/965
f 890/953 897/967 889/952
f 889/952 897/967 896/966
f 897/967 890/953 898/968
f 898/968 890/953 891/956
f 898/968 891/956 899/969
f 899/969 891/956 892/958
f 899/969 892/958 900/970
f 900/970 892/958 893/960
f 900/970 893/960 901/971
f 901/971 893/960 894/962
f 901/971 894/962 902/972
f 902/972 894/962 895/964
f 895/964 845/965 903/973
f 903/973 845/965 847/974
f 903/973 847/974 904/975
f 904/975 847/974 849/976
f 904/975 849/976 905/977
f 905/977 849/976 851/978
f 906/979 905/977 853/980
f 853/980 905/977 851/978
f 907/981 906/979 855/982
f 855/982 906/979 853/980
f 907/981 855/982 908/983
f 908/983 855/982 857/984
f 908/983 857/984 909/985
f 909/985 857/984 859/986
f 909/985 859/986 910/987
f 910/987 859/986 861/988
f 910/987 861/988 911/989
f 911/989 861/988 863/990
f 911/989 863/990 912/991
f 912/991 863/990 865/992
f 912/991 865/992 913/993
f 913/993 865/992 867/994
f 914/995 913/993 869/996
f 869/996 913/993 867/994
f 914/995 869/996 915/997
f 915/997 869/996 871/998
f 915/997 871/998 916/999
f 916/999 871/998 873/1000
f 917/1001 916/999 875/1002
f 875/1002 916/999 873/1000
f 918/1003 917/1001 877/1004
f 877/1004 917/1001 875/1002
f 919/1005 918/1003 879/1006
f 879/1006 918/1003 877/1004
f 920/1007 919/1005 881/1008
f 881/1008 919/1005 879/1006
f 921/1009 920/1007 883/1010
f 883/1010 920/1007 881/1008
f 922/1011 921/1009 885/1012
f 885/1012 921/1009 883/1010
f 923/1013 922/1011 887/1014
f 887/1014 922/1011 885/1012
f 924/1015 902/972 903/973
f 903/973 902/972 895/964
f 925/1016 924/1015 904/975
f 904/975 924/1015 903/973
f 926/1017 925/1016 905/977
f 905/977 925/1016 904/975
f 926/1017 905/977 927/1018
f 927/1018 905/977 906/979
f 927/1018 906/979 928/1019
f 928/1019 906/979 907/981
f 928/1019 907/981 929/1020
f 929/1020 907/981 908/983
f 929/1020 908/983 930/1021
f 930/1021 908/983 909/985
f 930/1021 909/985 931/1022
f 931/1022 909/985 910/987
f 931/1022 910/987 932/1023
f 932/1023 910/987 911/989
f 932/1023 911/989 933/1024
f 933/1024 911/989 912/991
f 912/991 913/993 933/1024
f 933/1024 913/993 934/1025
f 934/1025 913/993 935/1026
f 935/1026 913/993 914/995
f 935/1026 914/995 936/1027
f 936/1027 914/995 915/997
f 936/1027 915/997 937/1028
f 937/1028 915/997 916/999
f 938/1029 937/1028 917/1001
f 917/1001 937/1028 916/999
f 939/1030 938/1029 918/1003
f 918/1003 938/1029 917/1001
f 940/1031 939/1030 919/1005
f 919/1005 939/1030 918/1003
f 941/1032 940/1031 920/1007
f 920/1007 940/1031 919/1005
f 942/1033 941/1032 921/1009
f 921/1009 941/1032 920/1007
f 943/1034 942/1033 922/1011
f 922/1011 942/1033 921/1009
f 944/1035 943/1034 923/1013
f 923/1013 943/1034 922/1011
f 888/951 886/949 945/1036
f 945/1036 886/949 946/1037
f 946/1037 948/1039 945/1036
f 945/1036 948/1039 947/1038
f 949/1040 947/1038 950/1041
f 950/1041 947/1038 948/1039
f 951/1042 949/1040 952/1043
f 952/1043 949/1040 950/1041
f 952/1043 954/1045 951/1042
f 951/1042 954/1045 953/1044
f 955/1046 953/1044 956/1047
f 956/1047 953/1044 954/1045
f 956/1047 958/1049 955/1046
f 955/1046 958/1049 957/1048
f 958/1049 960/1051 957/1048
f 957/1048 960/1051 959/1050
f 961/1052 959/1050 962/1053
f 962/1053 959/1050 960/1051
f 961/1057 962/1056 963/1054
f 963/1054 962/1056 964/1055
f 963/1054 964/1055 965/1058
f 965/1058 964/1055 966/1059
f 965/1058 966/1059 967/1060
f 967/1060 966/1059 968/1061
f 967/1060 968/1061 969/1062
f 969/1062 968/1061 970/1063
f 969/1062 970/1063 971/1064
f 971/1064 970/1063 972/1065
f 971/1064 972/1065 973/1066
f 973/1066 972/1065 974/1067
f 973/1066 974/1067 975/1068
f 975/1068 974/1067 976/1069
f 943/1034 944/1035 977/1070
f 977/1070 944/1035 978/1071
f 977/1070 978/1071 979/1072
f 979/1072 978/1071 980/1073
f 979/1072 980/1073 981/1074
f 981/1074 980/1073 982/1075
f 981/1074 982/1075 983/1076
f 983/1076 982/1075 984/1077
f 983/1076 984/1077 985/1078
f 985/1078 984/1077 986/1079
f 975/1068 976/1069 986/1079
f 986/1079 976/1069 985/1078
f 962/1056 988/1081 964/1055
f 964/1055 988/1081 987/1080
f 989/1082 988/1083 960/1051
f 960/1051 988/1083 962/1053
f 990/1084 989/1082 958/1049
f 958/1049 989/1082 960/1051
f 958/1049 956/1047 990/1084
f 990/1084 956/1047 991/1085
f 992/1086 991/1085 993/1087
f 993/1087 991/1085 956/1047
f 994/1088 992/1086 995/1089
f 995/1089 992/1086 993/1087
f 996/1090 994/1088 997/1091
f 997/1091 994/1088 995/1089
f 998/1092 996/1090 999/1093
f 999/1093 996/1090 997/1091
f 999/1093 1001/1095 998/1092
f 998/1092 1001/1095 1000/1094
f 1001/1095 1003/1097 1000/1094
f 1000/1094 1003/1097 1002/1096
f 1003/1097 1005/1099 1002/1096
f 1002/1096 1005/1099 1004/1098
f 1006/1100 1004/1098 1007/1101
f 1007/1101 1004/1098 1005/1099
f 1007/1101 1009/1103 1006/1100
f 1006/1100 1009/1103 1008/1102
f 1008/1102 1009/1103 1010/1104
f 1010/1104 1009/1103 1011/1105
f 1010/1104 1011/1105 1012/1106
f 1012/1106 1011/1105 1013/1107
f 1012/1106 1013/1107 1014/1108
f 1014/1108 1013/1107 1015/1109
f 1015/1109 1017/1111 1014/1108
f 1014/1108 1017/1111 1016/1110
f 1018/1112 1016/1110 1019/1113
f 1019/1113 1016/1110 1017/1111
f 1019/1113 1021/1115 1018/1112
f 1018/1112 1021/1115 1020/1114
f 1022/1116 1020/1114 1023/1117
f 1023/1117 1020/1114 1021/1115
f 1024/1118 1022/1116 1025/1119
f 1025/1119 1022/1116 1023/1117
f 1025/1119 1027/1121 1024/1118
f 1024/1118 1027/1121 1026/1120
f 1028/1122 1026/1120 1029/1123
f 1029/1123 1026/1120 1027/1121
f 1030/1124 1028/1122 1031/1125
f 1031/1125 1028/1122 1029/1123
f 1031/1125 1033/1127 1030/1124
f 1030/1124 1033/1127 1032/1126
f 1034/1128 1032/1131 1035/1129
f 1035/1129 1032/1131 1033/1130
f 1034/1128 1035/1129 1036/1132
f 1036/1132 1035/1129 1037/1133
f 1036/1132 1037/1133 1038/1134
f 1038/1134 1037/1133 1039/1135
f 1038/1134 1039/1135 1040/1136
f 1040/1136 1039/1135 1041/1137
f 1040/1136 1041/1137 1042/1138
f 1042/1138 1041/1137 1043/1139
f 1042/1138 1043/1139 1044/1140
f 1044/1140 1043/1139 1045/1141
f 1044/1140 1045/1141 1046/1142
f 1046/1142 1045/1141 1047/1143
f 1046/1142 1047/1143 1048/1144
f 1048/1144 1047/1143 1049/1145
f 1048/1144 1049/1145 1050/1146
f 1050/1146 1049/1145 1051/1147
f 1050/1146 1051/1147 1052/1148
f 1052/1148 1051/1147 1053/1149
f 1052/1148 1053/1149 1054/1150
f 1054/1150 1053/1149 1055/1151
f 1055/1151 1057/1153 1054/1150
f 1054/1150 1057/1153 1056/1152
f 1058/1154 1056/1152 1059/1155
f 1059/1155 1056/1152 1057/1153
f 1059/1155 1061/1157 1058/1154
f 1058/1154 1061/1157 1060/1156
f 1061/1157 1063/1159 1060/1156
f 1060/1156 1063/1159 1062/1158
f 937/1028 938/1029 1061/1157
f 1061/1157 938/1029 1063/1159
f 936/1027 937/1028 1059/1155
f 1059/1155 937/1028 1061/1157
f 1063/1159 1065/1161 1062/1158
f 1062/1158 1065/1161 1064/1160
f 1065/1161 1067/1163 1064/1160
f 1064/1160 1067/1163 1066/1162
f 1066/1162 1067/1163 1068/1164
f 1068/1164 1067/1163 1069/1165
f 1069/1165 1071/1167 1068/1164
f 1068/1164 1071/1167 1070/1166
f 1072/1168 966/1059 987/1080
f 987/1080 966/1059 964/1055
f 1073/1169 968/1061 1072/1168
f 1072/1168 968/1061 966/1059
f 1074/1170 970/1063 1073/1169
f 1073/1169 970/1063 968/1061
f 1075/1171 972/1065 1074/1170
f 1074/1170 972/1065 970/1063
f 1076/1172 974/1067 1075/1171
f 1075/1171 974/1067 972/1065
f 974/1067 1076/1172 1077/1173
f 1077/1173 1076/1172 1078/1174
f 1077/1173 1078/1174 1079/1175
f 1079/1175 1078/1174 1080/1176
f 1079/1175 1080/1176 1081/1177
f 1081/1177 1080/1176 1082/1178
f 1070/1166 1071/1167 1082/1178
f 1082/1178 1071/1167 1081/1177
f 1086/1182 1085/1181 1083/1179
f 1083/1179 1085/1181 1084/1180
f 1087/1183 1086/1182 1088/1184
f 1088/1184 1086/1182 1083/1179
f 1087/1183 1088/1184 1089/1185
f 1089/1185 1088/1184 1090/1186
f 1090/1186 1092/1188 1089/1185
f 1089/1185 1092/1188 1091/1187
f 1091/1187 1092/1188 1093/1189
f 1093/1189 1092/1188 1094/1190
f 1093/1189 1094/1190 1095/1191
f 1095/1191 1094/1190 1096/1192
f 1095/1191 1096/1192 1097/1193
f 1097/1193 1096/1192 1098/1194
f 1097/1193 1098/1194 1099/1195
f 1099/1195 1098/1194 1100/1196
f 1099/1195 1100/1196 1101/1197
f 1101/1197 1100/1196 1102/1198
f 1101/1197 1102/1198 1103/1199
f 1103/1199 1102/1198 1104/1200
f 1103/1199 1104/1200 1105/1201
f 1105/1201 1104/1200 1106/1202
f 1105/1201 1106/1202 1107/1203
f 1107/1203 1106/1202 1108/1204
f 1107/1203 1108/1204 1109/1205
f 1109/1205 1108/1204 1110/1206
f 1109/1205 1110/1206 1111/1207
f 1111/1207 1110/1206 1112/1208
f 1111/1207 1112/1208 1113/1209
f 1113/1209 1112/1208 1114/1210
f 1113/1209 1114/1210 1115/1211
f 1115/1211 1114/1210 1116/1212
f 1115/1211 1116/1212 1117/1213
f 1117/1213 1116/1212 1118/1214
f 1117/1213 1118/1214 1119/1215
f 1119/1215 1118/1214 1120/1216
f 1119/1215 1120/1216 1121/1217
f 1121/1217 1120/1216 1122/1218
f 1121/1217 1122/1218 1123/1219
f 1123/1219 1122/1218 1124/1220
f 1123/1219 1124/1220 1125/1221
f 1125/1221 1124/1220 1126/1222
f 1125/1221 1126/1222 1127/1223
f 1127/1223 1126/1222 1128/1224
f 1127/1223 1128/1224 1129/1225
f 1129/1225 1128/1224 1130/1226
f 1129/1225 1130/1226 1131/1227
f 1131/1227 1130/1226 1132/1228
f 1131/1227 1132/1228 1133/1229
f 1133/1229 1132/1228 1134/1230
f 1133/1229 1134/1230 1135/1231
f 1135/1231 1134/1230 1136/1232
f 1135/1236 1136/1235 1137/1233
f 1137/1233 1136/1235 1138/1234
f 1139/1237 1137/1233 1140/1238
f 1140/1238 1137/1233 1138/1234
f 1140/1238 1142/1240 1139/1237
f 1139/1237 1142/1240 1141/1239
f 1143/1241 1141/1239 1144/1242
f 1144/1242 1141/1239 1142/1240
f 1145/1243 1143/1241 1146/1244
f 1146/1244 1143/1241 1144/1242
f 1147/1245 1145/1243 1148/1246
f 1148/1246 1145/1243 1146/1244
f 1148/1246 1150/1248 1147/1245
f 1147/1245 1150/1248 1149/1247
f 1151/1249 1149/1247 1152/1250
f 1152/1250 1149/1247 1150/1248
f 1151/1249 1152/1250 1153/1251
f 1153/1251 1152/1250 1154/1252
f 1153/1251 1154/1252 1155/1253
f 1155/1253 1154/1252 1156/1254
f 1155/1253 1156/1254 1157/1255
f 1157/1255 1156/1254 1158/1256
f 1157/1255 1158/1256 1159/1257
f 1159/1257 1158/1256 1160/1258
f 1159/1257 1160/1258 1161/1259
f 1161/1259 1160/1258 1162/1260
f 1161/1259 1162/1260 1163/1261
f 1163/1261 1162/1260 1164/1262
f 1165/1263 1163/1261 1166/1264
f 1166/1264 1163/1261 1164/1262
f 1165/1263 1166/1264 1167/1265
f 1167/1265 1166/1264 1168/1266
f 1169/1267 1167/1265 1170/1268
f 1170/1268 1167/1265 1168/1266
f 1170/1268 1172/1270 1169/1267
f 1169/1267 1172/1270 1171/1269
f 1172/1270 1174/1272 1171/1269
f 1171/1269 1174/1272 1173/1271
f 1173/1271 1174/1272 1175/1273
f 1175/1273 1174/1272 1176/1274
f 1176/1274 1178/1276 1175/1273
f 1175/1273 1178/1276 1177/1275
f 1179/1277 1177/1275 1180/1278
f 1180/1278 1177/1275 1178/1276
f 1179/1277 1180/1278 1181/1279
f 1181/1279 1180/1278 1182/1280
f 1181/1279 1182/1280 1183/1281
f 1183/1281 1182/1280 1184/1282
f 1183/1281 1184/1282 1185/1283
f 1185/1283 1184/1282 1186/1284
f 1185/1283 1186/1284 1085/1285
f 1085/1285 1186/1284 1084/1286
f 1009/1103 1007/1101 874/937
f 874/937 1007/1101 876/939
f 876/939 1007/1101 878/941
f 878/941 1007/1101 1005/1099
f 1005/1099 1003/1097 878/941
f 878/941 1003/1097 880/943
f 1011/1105 1009/1103 872/935
f 872/935 1009/1103 874/937
f 1187/1287 1085/1181 1188/1288
f 1188/1288 1085/1181 1086/1182
f 1189/1289 1187/1287 1190/1290
f 1190/1290 1187/1287 1188/1288
f 1189/1289 1190/1290 1191/1291
f 1191/1291 1190/1290 1192/1292
f 1191/1291 1192/1292 1033/1130
f 1033/1130 1192/1292 1035/1129
f 1193/1293 1037/1133 1192/1292
f 1192/1292 1037/1133 1035/1129
f 1193/1293 1192/1292 1194/1294
f 1194/1294 1192/1292 1190/1290
f 1194/1294 1190/1290 1195/1295
f 1195/1295 1190/1290 1188/1288
f 1087/1183 1195/1295 1086/1182
f 1086/1182 1195/1295 1188/1288
f 1199/1299 1198/1298 1196/1296
f 1196/1296 1198/1298 1197/1297
f 1196/1296 1197/1297 1200/1300
f 1200/1300 1197/1297 1201/1301
f 1200/1300 1201/1301 1202/1302
f 1202/1302 1201/1301 1203/1303
f 1202/1302 1203/1303 1204/1304
f 1204/1304 1203/1303 1205/1305
f 1204/1304 1205/1305 1206/1306
f 1206/1306 1205/1305 1207/1307
f 1206/1306 1207/1307 1208/1308
f 1208/1308 1207/1307 1209/1309
f 1208/1308 1209/1309 1210/1310
f 1210/1310 1209/1309 1211/1311
f 1212/1312 1210/1310 1213/1313
f 1213/1313 1210/1310 1211/1311
f 1212/1312 1213/1313 1214/1314
f 1214/1314 1213/1313 1215/1315
f 1214/1314 1215/1315 1216/1316
f 1216/1316 1215/1315 1217/1317
f 1216/1316 1217/1317 1218/1318
f 1218/1318 1217/1317 1219/1319
f 1137/1233 1218/1318 1135/1236
f 1135/1236 1218/1318 1219/1319
f 1220/1321 1133/1229 1219/1320
f 1219/1320 1133/1229 1135/1231
f 1221/1322 1220/1321 1217/1323
f 1217/1323 1220/1321 1219/1320
f 1222/1324 1221/1322 1215/1325
f 1215/1325 1221/1322 1217/1323
f 1222/1324 1215/1325 1223/1326
f 1223/1326 1215/1325 1213/1327
f 1223/1326 1213/1327 1224/1328
f 1224/1328 1213/1327 1211/1329
f 1225/1330 1224/1328 1209/1331
f 1209/1331 1224/1328 1211/1329
f 1225/1330 1209/1331 1226/1332
f 1226/1332 1209/1331 1207/1333
f 1226/1332 1207/1333 1227/1334
f 1227/1334 1207/1333 1205/1335
f 1227/1334 1205/1335 1228/1336
f 1228/1336 1205/1335 1203/1337
f 1228/1336 1203/1337 1229/1338
f 1229/1338 1203/1337 1201/1339
f 1230/1340 1229/1338 1197/1341
f 1197/1341 1229/1338 1201/1339
f 1197/1341 1198/1343 1230/1340
f 1230/1340 1198/1343 1231/1342
f 954/1045 993/1087 956/1047
f 995/1089 993/1087 952/1043
f 952/1043 993/1087 954/1045
f 952/1043 950/1041 995/1089
f 995/1089 950/1041 1232/1344
f 995/1089 1232/1344 997/1091
f 1233/1345 1232/1344 948/1039
f 948/1039 1232/1344 950/1041
f 1234/1346 1233/1345 946/1037
f 946/1037 1233/1345 948/1039
f 946/1037 886/949 1234/1346
f 1234/1346 886/949 884/947
f 1003/1097 1001/1095 880/943
f 880/943 1001/1095 882/945
f 1234/1346 884/947 1235/1347
f 1235/1347 884/947 882/945
f 882/945 1001/1095 1235/1347
f 1235/1347 1001/1095 999/1093
f 1235/1347 999/1093 1236/1348
f 1236/1348 999/1093 997/1091
f 1233/1345 1234/1346 1236/1348
f 1236/1348 1234/1346 1235/1347
f 1236/1348 997/1091 1233/1345
f 1233/1345 997/1091 1232/1344
f 938/1029 939/1030 1063/1159
f 1063/1159 939/1030 1065/1161
f 1237/1349 1065/1161 940/1031
f 940/1031 1065/1161 939/1030
f 1065/1161 1237/1349 1067/1163
f 1238/1350 1237/1349 941/1032
f 941/1032 1237/1349 940/1031
f 1237/1349 1238/1350 1067/1163
f 1067/1163 1238/1350 1069/1165
f 1239/1351 1238/1350 942/1033
f 942/1033 1238/1350 941/1032
f 942/1033 943/1034 1239/1351
f 1239/1351 943/1034 977/1070
f 1240/1352 1069/1165 1239/1351
f 1239/1351 1069/1165 1238/1350
f 979/1072 1240/1352 977/1070
f 977/1070 1240/1352 1239/1351
f 1079/1175 985/1078 1077/1173
f 1077/1173 985/1078 976/1069
f 974/1067 1077/1173 976/1069
f 983/1076 985/1078 1241/1353
f 1241/1353 985/1078 1079/1175
f 983/1076 1241/1353 981/1074
f 981/1074 1241/1353 1242/1354
f 981/1074 1242/1354 979/1072
f 979/1072 1242/1354 1240/1352
f 1240/1352 1242/1354 1071/1167
f 1071/1167 1242/1354 1081/1177
f 1069/1165 1240/1352 1071/1167
f 935/1026 936/1027 1243/1355
f 1243/1355 936/1027 1059/1155
f 1244/1356 934/1025 1243/1355
f 1243/1355 934/1025 935/1026
f 1245/1357 1011/1105 870/933
f 870/933 1011/1105 872/935
f 1246/1358 1013/1107 1245/1357
f 1245/1357 1013/1107 1011/1105
f 1247/1359 1245/1357 868/931
f 868/931 1245/1357 870/933
f 1248/1360 1246/1358 1247/1359
f 1247/1359 1246/1358 1245/1357
f 1249/1361 1247/1359 866/929
f 866/929 1247/1359 868/931
f 1250/1362 1248/1360 1249/1361
f 1249/1361 1248/1360 1247/1359
f 1249/1361 866/929 1251/1363
f 1251/1363 866/929 864/927
f 1252/1364 1250/1362 1251/1363
f 1251/1363 1250/1362 1249/1361
f 1251/1363 864/927 1253/1365
f 1253/1365 864/927 862/925
f 1254/1366 1252/1364 1253/1365
f 1253/1365 1252/1364 1251/1363
f 1253/1365 862/925 1255/1367
f 1255/1367 862/925 860/923
f 1256/1368 1254/1366 1255/1367
f 1255/1367 1254/1366 1253/1365
f 1255/1367 860/923 1257/1369
f 1257/1369 860/923 858/921
f 1258/1370 1256/1368 1257/1369
f 1257/1369 1256/1368 1255/1367
f 1159/1257 1161/1259 1258/1370
f 1258/1370 1161/1259 1256/1368
f 1257/1369 858/921 1259/1371
f 1259/1371 858/921 856/919
f 1260/1372 1258/1370 1259/1371
f 1259/1371 1258/1370 1257/1369
f 1259/1371 856/919 1261/1373
f 1261/1373 856/919 854/917
f 1262/1374 1260/1372 1261/1373
f 1261/1373 1260/1372 1259/1371
f 1261/1373 854/917 1263/1375
f 1263/1375 854/917 852/915
f 1264/1376 1262/1374 1263/1375
f 1263/1375 1262/1374 1261/1373
f 1263/1375 852/915 1265/1377
f 1265/1377 852/915 850/913
f 1266/1378 1264/1376 1265/1377
f 1265/1377 1264/1376 1263/1375
f 1265/1377 850/913 1267/1379
f 1267/1379 850/913 848/911
f 1268/1380 1266/1378 1267/1379
f 1267/1379 1266/1378 1265/1377
f 1267/1379 848/911 1269/1381
f 1269/1381 848/911 846/909
f 1270/1382 1268/1380 1269/1381
f 1269/1381 1268/1380 1267/1379
f 1269/1381 846/909 1271/1383
f 1271/1383 846/909 844/907
f 1272/1384 1270/1382 1271/1383
f 1271/1383 1270/1382 1269/1381
f 844/907 842/905 1271/1383
f 1271/1383 842/905 1273/1385
f 1274/1386 1272/1384 1273/1385
f 1273/1385 1272/1384 1271/1383
f 1275/1387 1273/1385 840/903
f 840/903 1273/1385 842/905
f 1276/1388 1274/1386 1275/1387
f 1275/1387 1274/1386 1273/1385
f 840/903 838/901 1275/1387
f 1275/1387 838/901 1277/1389
f 1278/1390 1276/1388 1277/1389
f 1277/1389 1276/1388 1275/1387
f 834/897 1277/1389 838/901
f 1277/1389 834/897 1279/1391
f 1279/1391 834/897 835/898
f 1280/1392 1278/1390 1279/1391
f 1279/1391 1278/1390 1277/1389
f 1279/1391 835/898 1281/1393
f 1281/1393 835/898 1282/1394
f 1283/1395 1280/1392 1281/1393
f 1281/1393 1280/1392 1279/1391
f 1284/1396 1243/1355 1057/1153
f 1057/1153 1243/1355 1059/1155
f 1285/1397 1244/1356 1284/1396
f 1284/1396 1244/1356 1243/1355
f 933/1024 934/1025 1286/1398
f 1286/1398 934/1025 1244/1356
f 1287/1399 1286/1398 1285/1397
f 1285/1397 1286/1398 1244/1356
f 1288/1400 932/1023 1286/1398
f 1286/1398 932/1023 933/1024
f 1289/1401 1288/1400 1287/1399
f 1287/1399 1288/1400 1286/1398
f 931/1022 932/1023 1290/1402
f 1290/1402 932/1023 1288/1400
f 1291/1403 1290/1402 1289/1401
f 1289/1401 1290/1402 1288/1400
f 1292/1404 930/1021 1290/1402
f 1290/1402 930/1021 931/1022
f 1293/1405 1292/1404 1291/1403
f 1291/1403 1292/1404 1290/1402
f 1107/1203 1109/1205 1291/1403
f 1291/1403 1109/1205 1293/1405
f 1294/1406 929/1020 1292/1404
f 1292/1404 929/1020 930/1021
f 1295/1407 1294/1406 1293/1405
f 1293/1405 1294/1406 1292/1404
f 1111/1207 1295/1407 1109/1205
f 1109/1205 1295/1407 1293/1405
f 1296/1408 928/1019 1294/1406
f 1294/1406 928/1019 929/1020
f 1296/1408 1294/1406 1297/1409
f 1297/1409 1294/1406 1295/1407
f 927/1018 928/1019 1298/1410
f 1298/1410 928/1019 1296/1408
f 1299/1411 1298/1410 1297/1409
f 1297/1409 1298/1410 1296/1408
f 1300/1412 1299/1411 1301/1413
f 1301/1413 1299/1411 1297/1409
f 926/1017 927/1018 1302/1414
f 1302/1414 927/1018 1298/1410
f 1303/1415 1302/1414 1299/1411
f 1299/1411 1302/1414 1298/1410
f 1304/1416 1303/1415 1300/1412
f 1300/1412 1303/1415 1299/1411
f 925/1016 926/1017 1305/1417
f 1305/1417 926/1017 1302/1414
f 1305/1417 1302/1414 1306/1418
f 1306/1418 1302/1414 1303/1415
f 1307/1419 1306/1418 1304/1416
f 1304/1416 1306/1418 1303/1415
f 924/1015 925/1016 1308/1420
f 1308/1420 925/1016 1305/1417
f 1308/1420 1305/1417 1309/1421
f 1309/1421 1305/1417 1306/1418
f 1310/1422 1309/1421 1307/1419
f 1307/1419 1309/1421 1306/1418
f 902/972 924/1015 1311/1423
f 1311/1423 924/1015 1308/1420
f 1311/1423 1308/1420 1312/1424
f 1312/1424 1308/1420 1309/1421
f 1313/1425 1312/1424 1310/1422
f 1310/1422 1312/1424 1309/1421
f 1301/1413 1297/1409 1111/1207
f 1111/1207 1297/1409 1295/1407
f 1314/1426 901/971 1311/1423
f 1311/1423 901/971 902/972
f 1315/1427 900/970 1314/1426
f 1314/1426 900/970 901/971
f 1316/1428 899/969 1315/1427
f 1315/1427 899/969 900/970
f 1318/1430 896/966 1317/1429
f 1317/1429 896/966 897/967
f 1320/1432 1319/1431 1317/1429
f 1317/1429 1319/1431 1318/1430
f 1317/1429 897/967 1321/1433
f 1321/1433 897/967 898/968
f 1322/1434 898/968 1316/1428
f 1316/1428 898/968 899/969
f 1323/1435 1321/1433 1322/1434
f 1322/1434 1321/1433 898/968
f 1323/1435 1322/1434 1324/1436
f 1324/1436 1322/1434 1316/1428
f 1324/1436 1316/1428 1325/1437
f 1325/1437 1316/1428 1315/1427
f 1325/1437 1315/1427 1326/1438
f 1326/1438 1315/1427 1314/1426
f 1311/1423 1312/1424 1314/1426
f 1314/1426 1312/1424 1326/1438
f 1327/1439 1326/1438 1313/1425
f 1313/1425 1326/1438 1312/1424
f 1327/1439 1325/1437 1326/1438
f 1328/1440 1320/1432 1321/1433
f 1321/1433 1320/1432 1317/1429
f 1329/1441 1328/1440 1323/1435
f 1323/1435 1328/1440 1321/1433
f 1330/1442 1329/1441 1324/1436
f 1324/1436 1329/1441 1323/1435
f 1331/1443 1330/1442 1325/1437
f 1325/1437 1330/1442 1324/1436
f 1332/1444 1331/1443 1327/1439
f 1327/1439 1331/1443 1325/1437
f 1332/1444 1327/1439 1333/1445
f 1333/1445 1327/1439 1313/1425
f 1333/1445 1313/1425 1334/1446
f 1334/1446 1313/1425 1310/1422
f 1334/1446 1310/1422 1335/1447
f 1335/1447 1310/1422 1307/1419
f 1335/1447 1307/1419 1336/1448
f 1336/1448 1307/1419 1304/1416
f 1336/1448 1304/1416 1337/1449
f 1337/1449 1304/1416 1300/1412
f 1337/1449 1300/1412 1338/1450
f 1338/1450 1300/1412 1301/1413
f 1115/1211 1338/1450 1113/1209
f 1113/1209 1338/1450 1301/1413
f 1301/1413 1111/1207 1113/1209
f 1339/1451 1089/1185 1340/1452
f 1340/1452 1089/1185 1091/1187
f 1041/1137 1339/1451 1043/1139
f 1043/1139 1339/1451 1340/1452
f 1340/1452 1091/1187 1341/1453
f 1341/1453 1091/1187 1093/1189
f 1341/1453 1045/1141 1340/1452
f 1340/1452 1045/1141 1043/1139
f 1341/1453 1093/1189 1342/1454
f 1342/1454 1093/1189 1095/1191
f 1342/1454 1047/1143 1341/1453
f 1341/1453 1047/1143 1045/1141
f 1343/1455 1049/1145 1342/1454
f 1342/1454 1049/1145 1047/1143
f 1095/1191 1343/1455 1342/1454
f 1343/1455 1095/1191 1344/1456
f 1344/1456 1095/1191 1097/1193
f 1344/1456 1051/1147 1343/1455
f 1343/1455 1051/1147 1049/1145
f 1344/1456 1097/1193 1345/1457
f 1345/1457 1097/1193 1099/1195
f 1051/1147 1344/1456 1053/1149
f 1053/1149 1344/1456 1345/1457
f 1345/1457 1099/1195 1346/1458
f 1346/1458 1099/1195 1101/1197
f 1345/1457 1346/1458 1053/1149
f 1053/1149 1346/1458 1055/1151
f 1087/1183 1089/1185 1347/1459
f 1347/1459 1089/1185 1339/1451
f 1339/1451 1041/1137 1347/1459
f 1347/1459 1041/1137 1039/1135
f 1194/1294 1195/1295 1347/1459
f 1347/1459 1195/1295 1087/1183
f 1039/1135 1193/1293 1347/1459
f 1347/1459 1193/1293 1194/1294
f 1037/1133 1193/1293 1039/1135
f 1017/1111 1015/1109 1348/1460
f 1348/1460 1015/1109 1349/1461
f 1348/1460 1349/1461 1350/1462
f 1350/1462 1349/1461 1351/1463
f 1167/1265 1169/1267 1351/1463
f 1351/1463 1169/1267 1350/1462
f 1352/1464 1350/1462 1171/1269
f 1171/1269 1350/1462 1169/1267
f 1353/1465 1348/1460 1352/1464
f 1352/1464 1348/1460 1350/1462
f 1348/1460 1353/1465 1017/1111
f 1017/1111 1353/1465 1019/1113
f 1349/1461 1015/1109 1246/1358
f 1246/1358 1015/1109 1013/1107
f 1354/1466 1165/1263 1351/1463
f 1351/1463 1165/1263 1167/1265
f 1349/1461 1354/1466 1351/1463
f 1246/1358 1248/1360 1349/1461
f 1349/1461 1248/1360 1354/1466
f 1354/1466 1248/1360 1250/1362
f 1250/1362 1252/1364 1354/1466
f 1354/1466 1252/1364 1165/1263
f 1254/1366 1163/1261 1252/1364
f 1252/1364 1163/1261 1165/1263
f 1161/1259 1163/1261 1256/1368
f 1256/1368 1163/1261 1254/1366
f 1355/1467 1107/1203 1289/1401
f 1289/1401 1107/1203 1291/1403
f 1355/1467 1105/1201 1107/1203
f 1355/1467 1289/1401 1356/1468
f 1356/1468 1289/1401 1287/1399
f 1103/1199 1105/1201 1356/1468
f 1356/1468 1105/1201 1355/1467
f 1103/1199 1356/1468 1357/1469
f 1357/1469 1356/1468 1358/1470
f 1103/1199 1357/1469 1101/1197
f 1101/1197 1357/1469 1346/1458
f 1356/1468 1287/1399 1358/1470
f 1358/1470 1287/1399 1285/1397
f 1358/1470 1285/1397 1359/1471
f 1359/1471 1285/1397 1284/1396
f 1359/1471 1357/1469 1358/1470
f 1055/1151 1346/1458 1359/1471
f 1359/1471 1346/1458 1357/1469
f 1359/1471 1284/1396 1055/1151
f 1055/1151 1284/1396 1057/1153
f 1360/1472 1352/1464 1173/1271
f 1173/1271 1352/1464 1171/1269
f 1361/1473 1353/1465 1360/1472
f 1360/1472 1353/1465 1352/1464
f 1353/1465 1361/1473 1019/1113
f 1019/1113 1361/1473 1021/1115
f 1361/1473 1362/1474 1021/1115
f 1021/1115 1362/1474 1023/1117
f 1362/1474 1361/1473 1363/1475
f 1363/1475 1361/1473 1360/1472
f 1173/1271 1175/1273 1360/1472
f 1360/1472 1175/1273 1363/1475
f 1364/1476 1363/1475 1177/1275
f 1177/1275 1363/1475 1175/1273
f 1365/1477 1362/1474 1364/1476
f 1364/1476 1362/1474 1363/1475
f 1362/1474 1365/1477 1023/1117
f 1023/1117 1365/1477 1025/1119
f 1365/1477 1366/1478 1025/1119
f 1025/1119 1366/1478 1027/1121
f 1366/1478 1365/1477 1367/1479
f 1367/1479 1365/1477 1364/1476
f 1177/1275 1179/1277 1364/1476
f 1364/1476 1179/1277 1367/1479
f 1368/1480 1367/1479 1181/1279
f 1181/1279 1367/1479 1179/1277
f 1369/1481 1366/1478 1368/1480
f 1368/1480 1366/1478 1367/1479
f 1366/1478 1369/1481 1027/1121
f 1027/1121 1369/1481 1029/1123
f 1370/1482 1368/1480 1183/1281
f 1183/1281 1368/1480 1181/1279
f 1371/1483 1369/1481 1370/1482
f 1370/1482 1369/1481 1368/1480
f 1371/1483 1029/1123 1369/1481
f 1370/1482 1183/1281 1372/1484
f 1372/1484 1183/1281 1185/1283
f 1373/1485 1371/1483 1372/1484
f 1372/1484 1371/1483 1370/1482
f 1029/1123 1371/1483 1031/1125
f 1031/1125 1371/1483 1373/1485
f 1372/1484 1185/1283 1187/1486
f 1187/1486 1185/1283 1085/1285
f 1187/1486 1189/1487 1372/1484
f 1372/1484 1189/1487 1373/1485
f 1373/1485 1189/1487 1191/1488
f 1373/1485 1191/1488 1031/1125
f 1031/1125 1191/1488 1033/1127
f 1230/1340 1231/1342 1374/1489
f 1374/1489 1231/1342 1375/1490
f 1375/1490 1377/1492 1374/1489
f 1374/1489 1377/1492 1376/1491
f 1376/1491 1377/1492 1378/1493
f 1378/1493 1377/1492 1379/1494
f 1378/1493 1379/1494 1380/1495
f 1380/1495 1379/1494 1381/1496
f 1380/1495 1381/1496 1382/1497
f 1382/1497 1381/1496 1383/1498
f 1382/1497 1383/1498 1384/1499
f 1384/1499 1383/1498 1385/1500
f 1386/1501 1319/1431 1385/1500
f 1385/1500 1319/1431 1384/1499
f 1388/1503 823/886 1387/1502
f 1387/1502 823/886 827/890
f 1387/1502 827/890 1389/1504
f 1389/1504 827/890 829/892
f 1393/1508 1392/1507 1390/1505
f 1390/1505 1392/1507 1391/1506
f 1392/1507 1395/1510 1391/1506
f 1391/1506 1395/1510 1394/1509
f 1394/1509 1395/1510 1396/1511
f 1396/1511 1395/1510 1397/1512
f 1397/1512 1199/1299 1396/1511
f 1396/1511 1199/1299 1196/1296
f 1399/1514 1390/1505 1398/1513
f 1398/1513 1390/1505 1391/1506
f 1283/1395 1388/1503 1400/1515
f 1400/1515 1388/1503 1387/1502
f 1400/1515 1387/1502 1401/1516
f 1401/1516 1387/1502 1389/1504
f 1401/1516 1389/1504 1402/1517
f 1402/1517 1389/1504 1399/1514
f 1402/1517 1399/1514 1403/1518
f 1403/1518 1399/1514 1398/1513
f 1398/1513 1391/1506 1404/1519
f 1404/1519 1391/1506 1394/1509
f 1403/1518 1398/1513 1405/1520
f 1405/1520 1398/1513 1404/1519
f 1404/1519 1394/1509 1406/1521
f 1406/1521 1394/1509 1396/1511
f 1405/1520 1404/1519 1407/1522
f 1407/1522 1404/1519 1406/1521
f 1196/1296 1406/1521 1396/1511
f 1196/1296 1200/1300 1406/1521
f 1406/1521 1200/1300 1407/1522
f 1407/1522 1200/1300 1408/1523
f 1408/1523 1200/1300 1202/1302
f 1408/1523 1202/1302 1409/1524
f 1409/1524 1202/1302 1204/1304
f 1409/1524 1204/1304 1410/1525
f 1410/1525 1204/1304 1206/1306
f 1410/1525 1206/1306 1411/1526
f 1411/1526 1206/1306 1208/1308
f 1412/1527 1411/1526 1210/1310
f 1210/1310 1411/1526 1208/1308
f 1413/1528 1412/1527 1212/1312
f 1212/1312 1412/1527 1210/1310
f 1413/1528 1212/1312 1414/1529
f 1414/1529 1212/1312 1214/1314
f 1414/1529 1214/1314 1415/1530
f 1415/1530 1214/1314 1216/1316
f 1415/1530 1216/1316 1416/1531
f 1416/1531 1216/1316 1218/1318
f 1137/1233 1139/1237 1218/1318
f 1218/1318 1139/1237 1416/1531
f 1157/1255 1418/1533 1155/1253
f 1155/1253 1418/1533 1417/1532
f 1419/1534 1417/1532 1420/1535
f 1420/1535 1417/1532 1418/1533
f 1420/1535 1422/1537 1419/1534
f 1419/1534 1422/1537 1421/1536
f 1423/1538 1421/1536 1424/1539
f 1424/1539 1421/1536 1422/1537
f 1424/1539 1426/1541 1423/1538
f 1423/1538 1426/1541 1425/1540
f 1426/1541 1428/1543 1425/1540
f 1425/1540 1428/1543 1427/1542
f 1428/1543 1430/1545 1427/1542
f 1427/1542 1430/1545 1429/1544
f 1430/1545 1432/1547 1429/1544
f 1429/1544 1432/1547 1431/1546
f 1402/1517 1431/1546 1401/1516
f 1401/1516 1431/1546 1432/1547
f 1433/1548 1418/1533 1434/1549
f 1434/1549 1418/1533 1157/1255
f 1434/1549 1260/1372 1433/1548
f 1433/1548 1260/1372 1262/1374
f 1262/1374 1264/1376 1433/1548
f 1433/1548 1264/1376 1435/1550
f 1433/1548 1435/1550 1418/1533
f 1418/1533 1435/1550 1420/1535
f 1436/1551 1435/1550 1266/1378
f 1266/1378 1435/1550 1264/1376
f 1435/1550 1436/1551 1420/1535
f 1420/1535 1436/1551 1422/1537
f 1280/1392 1283/1395 1437/1552
f 1437/1552 1283/1395 1400/1515
f 1401/1516 1432/1547 1400/1515
f 1400/1515 1432/1547 1437/1552
f 1438/1553 1437/1552 1430/1545
f 1430/1545 1437/1552 1432/1547
f 1278/1390 1280/1392 1438/1553
f 1438/1553 1280/1392 1437/1552
f 1276/1388 1278/1390 1439/1554
f 1439/1554 1278/1390 1438/1553
f 1439/1554 1438/1553 1428/1543
f 1428/1543 1438/1553 1430/1545
f 1439/1554 1440/1555 1276/1388
f 1276/1388 1440/1555 1274/1386
f 1426/1541 1440/1555 1428/1543
f 1428/1543 1440/1555 1439/1554
f 1272/1384 1274/1386 1441/1556
f 1441/1556 1274/1386 1440/1555
f 1426/1541 1441/1556 1440/1555
f 1270/1382 1272/1384 1442/1557
f 1442/1557 1272/1384 1441/1556
f 1442/1557 1441/1556 1424/1539
f 1424/1539 1441/1556 1426/1541
f 1442/1557 1443/1558 1270/1382
f 1270/1382 1443/1558 1268/1380
f 1266/1378 1268/1380 1436/1551
f 1436/1551 1268/1380 1443/1558
f 1443/1558 1422/1537 1436/1551
f 1442/1557 1424/1539 1443/1558
f 1443/1558 1424/1539 1422/1537
f 1159/1257 1258/1370 1434/1549
f 1434/1549 1258/1370 1260/1372
f 1434/1549 1157/1255 1159/1257
f 1444/1559 1153/1251 1417/1532
f 1417/1532 1153/1251 1155/1253
f 1445/1560 1151/1249 1444/1559
f 1444/1559 1151/1249 1153/1251
f 1446/1561 1444/1559 1419/1534
f 1419/1534 1444/1559 1417/1532
f 1447/1562 1445/1560 1446/1561
f 1446/1561 1445/1560 1444/1559
f 1448/1563 1446/1561 1421/1536
f 1421/1536 1446/1561 1419/1534
f 1449/1564 1447/1562 1448/1563
f 1448/1563 1447/1562 1446/1561
f 1450/1565 1448/1563 1423/1538
f 1423/1538 1448/1563 1421/1536
f 1451/1566 1449/1564 1450/1565
f 1450/1565 1449/1564 1448/1563
f 1452/1567 1450/1565 1425/1540
f 1425/1540 1450/1565 1423/1538
f 1453/1568 1451/1566 1452/1567
f 1452/1567 1451/1566 1450/1565
f 1454/1569 1452/1567 1427/1542
f 1427/1542 1452/1567 1425/1540
f 1455/1570 1453/1568 1454/1569
f 1454/1569 1453/1568 1452/1567
f 1454/1569 1427/1542 1456/1571
f 1456/1571 1427/1542 1429/1544
f 1455/1570 1454/1569 1457/1572
f 1457/1572 1454/1569 1456/1571
f 1458/1573 1456/1571 1431/1546
f 1431/1546 1456/1571 1429/1544
f 1403/1518 1458/1573 1402/1517
f 1402/1517 1458/1573 1431/1546
f 1459/1574 1457/1572 1458/1573
f 1458/1573 1457/1572 1456/1571
f 1408/1523 1460/1575 1407/1522
f 1407/1522 1460/1575 1405/1520
f 1462/1577 1457/1572 1461/1576
f 1461/1576 1457/1572 1459/1574
f 1463/1578 1462/1577 1460/1575
f 1460/1575 1462/1577 1461/1576
f 1409/1524 1463/1578 1408/1523
f 1408/1523 1463/1578 1460/1575
f 1461/1576 1405/1520 1460/1575
f 1464/1579 1462/1577 1465/1580
f 1465/1580 1462/1577 1463/1578
f 1464/1579 1465/1580 1466/1581
f 1466/1581 1465/1580 1467/1582
f 1466/1581 1467/1582 1468/1583
f 1468/1583 1467/1582 1469/1584
f 1463/1578 1409/1524 1465/1580
f 1465/1580 1409/1524 1410/1525
f 1410/1525 1411/1526 1465/1580
f 1465/1580 1411/1526 1467/1582
f 1411/1526 1412/1527 1467/1582
f 1467/1582 1412/1527 1469/1584
f 1455/1570 1457/1572 1464/1579
f 1464/1579 1457/1572 1462/1577
f 1455/1570 1464/1579 1470/1585
f 1470/1585 1464/1579 1466/1581
f 1470/1585 1466/1581 1471/1586
f 1471/1586 1466/1581 1468/1583
f 1468/1583 1469/1584 1472/1587
f 1472/1587 1469/1584 1473/1588
f 1469/1584 1412/1527 1473/1588
f 1473/1588 1412/1527 1413/1528
f 1473/1588 1413/1528 1474/1589
f 1474/1589 1413/1528 1414/1529
f 1474/1589 1414/1529 1475/1590
f 1475/1590 1414/1529 1415/1530
f 1475/1590 1415/1530 1476/1591
f 1476/1591 1415/1530 1416/1531
f 1139/1237 1141/1239 1416/1531
f 1416/1531 1141/1239 1476/1591
f 1472/1587 1473/1588 1477/1592
f 1477/1592 1473/1588 1474/1589
f 1477/1592 1474/1589 1478/1593
f 1478/1593 1474/1589 1475/1590
f 1478/1593 1475/1590 1479/1594
f 1479/1594 1475/1590 1476/1591
f 1141/1239 1143/1241 1476/1591
f 1476/1591 1143/1241 1479/1594
f 1479/1594 1143/1241 1145/1243
f 1471/1586 1468/1583 1480/1595
f 1480/1595 1468/1583 1472/1587
f 1480/1595 1472/1587 1481/1596
f 1481/1596 1472/1587 1477/1592
f 1481/1596 1477/1592 1482/1597
f 1482/1597 1477/1592 1478/1593
f 1482/1597 1478/1593 1483/1598
f 1483/1598 1478/1593 1479/1594
f 1147/1245 1483/1598 1145/1243
f 1145/1243 1483/1598 1479/1594
f 1484/1599 1483/1598 1149/1247
f 1149/1247 1483/1598 1147/1245
f 1149/1247 1151/1249 1484/1599
f 1484/1599 1151/1249 1445/1560
f 1484/1599 1445/1560 1485/1600
f 1485/1600 1445/1560 1447/1562
f 1483/1598 1484/1599 1482/1597
f 1482/1597 1484/1599 1485/1600
f 1486/1601 1481/1596 1485/1600
f 1485/1600 1481/1596 1482/1597
f 1449/1564 1486/1601 1447/1562
f 1447/1562 1486/1601 1485/1600
f 1486/1601 1449/1564 1487/1602
f 1487/1602 1449/1564 1451/1566
f 1481/1596 1486/1601 1480/1595
f 1480/1595 1486/1601 1487/1602
f 1487/1602 1451/1566 1488/1603
f 1488/1603 1451/1566 1453/1568
f 1480/1595 1487/1602 1471/1586
f 1471/1586 1487/1602 1488/1603
f 1455/1570 1470/1585 1453/1568
f 1453/1568 1470/1585 1488/1603
f 1488/1603 1470/1585 1471/1586
f 1489/1604 1228/1336 1490/1605
f 1490/1605 1228/1336 1229/1338
f 1489/1604 1490/1605 1491/1606
f 1491/1606 1490/1605 1492/1607
f 1228/1336 1489/1604 1227/1334
f 1227/1334 1489/1604 1491/1606
f 1493/1608 1226/1332 1491/1606
f 1491/1606 1226/1332 1227/1334
f 1493/1608 1491/1606 1494/1609
f 1494/1609 1491/1606 1492/1607
f 1225/1330 1226/1332 1495/1610
f 1495/1610 1226/1332 1493/1608
f 1496/1611 1495/1610 1494/1609
f 1494/1609 1495/1610 1493/1608
f 1497/1612 1384/1499 1320/1432
f 1320/1432 1384/1499 1319/1431
f 1498/1613 1497/1612 1328/1440
f 1328/1440 1497/1612 1320/1432
f 1382/1497 1384/1499 1499/1614
f 1499/1614 1384/1499 1497/1612
f 1499/1614 1497/1612 1500/1615
f 1500/1615 1497/1612 1498/1613
f 1498/1613 1328/1440 1329/1441
f 1501/1616 1498/1613 1330/1442
f 1330/1442 1498/1613 1329/1441
f 1500/1615 1498/1613 1502/1617
f 1502/1617 1498/1613 1501/1616
f 1501/1616 1330/1442 1331/1443
f 1501/1616 1331/1443 1332/1444
f 1333/1445 1504/1619 1332/1444
f 1332/1444 1504/1619 1503/1618
f 1503/1618 1504/1619 1505/1620
f 1505/1620 1504/1619 1506/1621
f 1505/1620 1502/1617 1503/1618
f 1503/1618 1502/1617 1501/1616
f 1332/1444 1503/1618 1501/1616
f 1507/1622 1338/1450 1117/1213
f 1117/1213 1338/1450 1115/1211
f 1507/1622 1117/1213 1508/1623
f 1508/1623 1117/1213 1119/1215
f 1509/1624 1337/1449 1507/1622
f 1507/1622 1337/1449 1338/1450
f 1510/1625 1509/1624 1508/1623
f 1508/1623 1509/1624 1507/1622
f 1511/1626 1336/1448 1509/1624
f 1509/1624 1336/1448 1337/1449
f 1512/1627 1511/1626 1510/1625
f 1510/1625 1511/1626 1509/1624
f 1513/1628 1335/1447 1511/1626
f 1511/1626 1335/1447 1336/1448
f 1514/1629 1513/1628 1512/1627
f 1512/1627 1513/1628 1511/1626
f 1515/1630 1334/1446 1513/1628
f 1513/1628 1334/1446 1335/1447
f 1516/1631 1515/1630 1514/1629
f 1514/1629 1515/1630 1513/1628
f 1515/1630 1516/1631 1504/1619
f 1504/1619 1516/1631 1506/1621
f 1504/1619 1333/1445 1515/1630
f 1515/1630 1333/1445 1334/1446
f 1517/1632 1495/1610 1518/1633
f 1518/1633 1495/1610 1496/1611
f 1518/1633 1520/1635 1517/1632
f 1517/1632 1520/1635 1519/1634
f 1520/1635 1522/1637 1519/1634
f 1519/1634 1522/1637 1521/1636
f 1522/1637 1524/1639 1521/1636
f 1521/1636 1524/1639 1523/1638
f 1129/1225 1523/1638 1127/1223
f 1127/1223 1523/1638 1524/1639
f 1523/1638 1129/1225 1525/1640
f 1525/1640 1129/1225 1131/1227
f 1133/1229 1220/1321 1131/1227
f 1131/1227 1220/1321 1525/1640
f 1526/1641 1525/1640 1221/1322
f 1221/1322 1525/1640 1220/1321
f 1526/1641 1523/1638 1525/1640
f 1527/1642 1521/1636 1526/1641
f 1526/1641 1521/1636 1523/1638
f 1221/1322 1222/1324 1526/1641
f 1526/1641 1222/1324 1527/1642
f 1519/1634 1521/1636 1528/1643
f 1528/1643 1521/1636 1527/1642
f 1223/1326 1528/1643 1222/1324
f 1222/1324 1528/1643 1527/1642
f 1517/1632 1519/1634 1529/1644
f 1529/1644 1519/1634 1528/1643
f 1224/1328 1529/1644 1223/1326
f 1223/1326 1529/1644 1528/1643
f 1225/1330 1495/1610 1529/1644
f 1529/1644 1495/1610 1517/1632
f 1529/1644 1224/1328 1225/1330
f 1520/1635 1518/1633 1530/1645
f 1530/1645 1518/1633 1531/1646
f 1496/1611 1531/1646 1518/1633
f 1522/1637 1520/1635 1532/1647
f 1532/1647 1520/1635 1530/1645
f 1524/1639 1522/1637 1533/1648
f 1533/1648 1522/1637 1532/1647
f 1127/1223 1524/1639 1125/1221
f 1125/1221 1524/1639 1533/1648
f 1534/1649 1123/1219 1533/1648
f 1533/1648 1123/1219 1125/1221
f 1532/1647 1534/1649 1533/1648
f 1121/1217 1123/1219 1535/1650
f 1535/1650 1123/1219 1534/1649
f 1535/1650 1534/1649 1536/1651
f 1536/1651 1534/1649 1532/1647
f 1536/1651 1532/1647 1537/1652
f 1537/1652 1532/1647 1530/1645
f 1537/1652 1530/1645 1538/1653
f 1538/1653 1530/1645 1531/1646
f 1538/1653 1531/1646 1539/1654
f 1539/1654 1531/1646 1496/1611
f 1119/1215 1121/1217 1508/1623
f 1508/1623 1121/1217 1535/1650
f 1508/1623 1535/1650 1510/1625
f 1535/1650 1536/1651 1510/1625
f 1510/1625 1536/1651 1512/1627
f 1537/1652 1514/1629 1536/1651
f 1536/1651 1514/1629 1512/1627
f 1538/1653 1516/1631 1537/1652
f 1537/1652 1516/1631 1514/1629
f 1538/1653 1506/1621 1516/1631
f 1502/1617 1505/1620 1541/1656
f 1541/1656 1505/1620 1540/1655
f 1540/1655 1543/1658 1541/1656
f 1541/1656 1543/1658 1542/1657
f 1543/1658 1538/1653 1539/1654
f 1544/1659 1542/1657 1539/1654
f 1539/1654 1542/1657 1543/1658
f 1539/1654 1496/1611 1544/1659
f 1544/1659 1496/1611 1494/1609
f 1544/1659 1494/1609 1545/1660
f 1545/1660 1494/1609 1492/1607
f 1542/1657 1544/1659 1546/1661
f 1546/1661 1544/1659 1545/1660
f 1541/1656 1542/1657 1547/1662
f 1547/1662 1542/1657 1546/1661
f 1502/1617 1541/1656 1500/1615
f 1500/1615 1541/1656 1547/1662
f 1548/1663 1499/1614 1547/1662
f 1547/1662 1499/1614 1500/1615
f 1380/1495 1382/1497 1548/1663
f 1548/1663 1382/1497 1499/1614
f 1548/1663 1547/1662 1549/1664
f 1549/1664 1547/1662 1546/1661
f 1380/1495 1551/1666 1378/1493
f 1378/1493 1551/1666 1550/1665
f 1380/1495 1548/1663 1551/1666
f 1551/1666 1548/1663 1549/1664
f 1550/1665 1551/1666 1552/1667
f 1552/1667 1551/1666 1549/1664
f 1545/1660 1552/1667 1546/1661
f 1546/1661 1552/1667 1549/1664
f 1553/1668 1552/1667 1492/1607
f 1492/1607 1552/1667 1545/1660
f 1554/1669 1550/1665 1553/1668
f 1553/1668 1550/1665 1552/1667
f 1376/1491 1378/1493 1554/1669
f 1554/1669 1378/1493 1550/1665
f 1490/1605 1553/1668 1492/1607
f 1554/1669 1553/1668 1555/1670
f 1555/1670 1553/1668 1490/1605
f 1374/1489 1376/1491 1555/1670
f 1555/1670 1376/1491 1554/1669
f 1555/1670 1229/1338 1374/1489
f 1374/1489 1229/1338 1230/1340
f 1229/1338 1555/1670 1490/1605
f 1241/1353 1079/1175 1081/1177
f 1081/1177 1242/1354 1241/1353
f 1557/1672 1556/1671 802/863
f 802/863 1556/1671 801/862
f 1556/1671 1558/1673 801/862
f 801/862 1558/1673 804/865
f 1558/1673 1559/1674 804/865
f 804/865 1559/1674 806/867
f 806/870 1559/1676 808/869
f 808/869 1559/1676 1560/1675
f 1560/1675 1561/1677 808/869
f 808/869 1561/1677 810/873
f 1561/1677 1562/1678 810/873
f 810/873 1562/1678 812/875
f 812/875 1562/1678 814/877
f 814/877 1562/1678 1563/1679
f 814/877 1563/1679 816/879
f 816/879 1563/1679 1564/1680
f 816/879 1564/1680 818/881
f 818/881 1564/1680 1565/1681
f 818/881 1565/1681 820/883
f 820/883 1565/1681 1566/1682
f 1566/1682 1567/1683 820/883
f 820/883 1567/1683 822/885
f 825/888 1569/1685 824/887
f 824/887 1569/1685 1568/1684
f 1568/1684 1570/1686 824/887
f 824/887 1570/1686 828/891
f 828/891 1570/1686 830/893
f 830/893 1570/1686 1571/1687
f 830/893 1571/1687 832/895
f 832/895 1571/1687 1572/1688
f 1572/1688 1557/1672 832/895
f 832/895 1557/1672 802/863
f 1574/1690 1573/1689 1557/1672
f 1557/1672 1573/1689 1556/1671
f 1573/1689 1575/1691 1556/1671
f 1556/1671 1575/1691 1558/1673
f 1575/1691 1576/1692 1558/1673
f 1558/1673 1576/1692 1559/1674
f 1559/1676 1576/1694 1560/1675
f 1560/1675 1576/1694 1577/1693
f 1577/1693 1578/1695 1560/1675
f 1560/1675 1578/1695 1561/1677
f 1561/1677 1578/1695 1562/1678
f 1562/1678 1578/1695 1579/1696
f 1562/1678 1579/1696 1563/1679
f 1563/1679 1579/1696 1580/1697
f 1563/1679 1580/1697 1564/1680
f 1564/1680 1580/1697 1581/1698
f 1564/1680 1581/1698 1565/1681
f 1565/1681 1581/1698 1582/1699
f 1565/1681 1582/1699 1566/1682
f 1566/1682 1582/1699 1583/1700
f 1566/1682 1583/1700 1567/1683
f 1567/1683 1583/1700 1584/1701
f 1569/1685 1586/1703 1568/1684
f 1568/1684 1586/1703 1585/1702
f 1585/1702 1587/1704 1568/1684
f 1568/1684 1587/1704 1570/1686
f 1570/1686 1587/1704 1571/1687
f 1571/1687 1587/1704 1588/1705
f 1571/1687 1588/1705 1572/1688
f 1572/1688 1588/1705 1589/1706
f 1589/1706 1574/1690 1572/1688
f 1572/1688 1574/1690 1557/1672
f 803/864 805/866 1199/1299
f 1199/1299 805/866 1198/1298
f 805/871 807/868 1198/1343
f 1198/1343 807/868 1231/1342
f 807/868 809/872 1231/1342
f 1231/1342 809/872 1375/1490
f 809/872 811/874 1375/1490
f 1375/1490 811/874 1377/1492
f 1377/1492 811/874 1379/1494
f 1379/1494 811/874 813/876
f 1379/1494 813/876 1381/1496
f 1381/1496 813/876 815/878
f 1381/1496 815/878 1383/1498
f 1383/1498 815/878 817/880
f 1383/1498 817/880 1385/1500
f 1385/1500 817/880 819/882
f 1385/1500 819/882 1386/1501
f 1386/1501 819/882 821/884
f 829/892 831/894 1393/1508
f 1393/1508 831/894 1392/1507
f 831/894 799/860 1392/1507
f 1392/1507 799/860 1395/1510
f 799/860 800/861 1395/1510
f 1395/1510 800/861 1397/1512
f 800/861 803/864 1397/1512
f 1397/1512 803/864 1199/1299
f 1390/1505 1399/1514 1393/1508
f 1393/1508 1399/1514 1389/1504
f 829/892 1393/1508 1389/1504
f 1540/1655 1505/1620 1506/1621
f 1506/1621 1538/1653 1540/1655
f 1540/1655 1538/1653 1543/1658
f 1403/1518 1459/1574 1458/1573
f 1403/1518 1405/1520 1459/1574
f 1459/1574 1405/1520 1461/1576
f 836/955 889/952 1590/1707
f 1590/1707 889/952 1591/1708
f 1591/1708 889/952 1318/1430
f 1318/1430 889/952 896/966
f 1592/1709 825/1712 1593/1710
f 1593/1710 825/1712 826/1711
f 826/1711 1590/1707 1593/1710
f 1593/1710 1590/1707 1591/1708
f 1594/1714 1569/1713 1592/1709
f 1592/1709 1569/1713 825/1712
f 1595/1716 1586/1715 1594/1714
f 1594/1714 1586/1715 1569/1713
f 1594/1714 1567/1683 1595/1716
f 1595/1716 1567/1683 1584/1701
f 1567/1683 1594/1714 822/885
f 822/885 1594/1714 1592/1709
f 822/885 1592/1709 821/884
f 821/884 1592/1709 1593/1710
f 1319/1431 1386/1501 1318/1430
f 1318/1430 1386/1501 1591/1708
f 821/884 1593/1710 1386/1501
f 1386/1501 1593/1710 1591/1708
f 835/898 836/899 1282/1394
f 1282/1394 836/899 1590/1717
f 1282/1394 1590/1717 1596/1718
f 1596/1718 1590/1717 826/889
f 1283/1395 1281/1393 1596/1718
f 1596/1718 1281/1393 1282/1394
f 1596/1718 1388/1503 1283/1395
f 826/889 823/886 1596/1718
f 1596/1718 823/886 1388/1503
