# This file uses centimeters as units for non-parametric coordinates.

v -10.660434 87.539894 13.429283
v -11.742357 83.372238 14.032394
v -15.407928 84.535118 13.479126
v -14.897682 88.850616 13.259422
v -17.841433 89.178513 10.578194
v -18.421463 85.603004 10.726242
v -18.693295 89.380928 5.593460
v -19.290863 85.657730 5.650024
v -17.890974 88.511162 -0.015511
v -18.554930 84.709297 0.047256
v -15.841944 87.252289 -4.263481
v -16.380249 83.516693 -4.266411
v -11.823946 85.701805 -6.981972
v -12.307202 81.966095 -6.808784
v -6.348063 84.025330 -6.815590
v -6.878514 80.487221 -6.696259
v -2.949620 82.654625 -4.018425
v -3.316050 79.061531 -3.668983
v -1.721059 82.385201 0.572495
v -2.346282 78.516960 0.624092
v -2.523944 82.714806 5.787811
v -3.155746 78.921288 5.840332
v -4.530348 83.838928 9.390549
v -5.008476 80.058037 9.537086
v -7.303943 85.445015 11.711708
v -7.980111 81.511864 11.991302
v -16.497961 72.675537 12.439804
v -12.490951 72.588394 13.542267
v -18.857956 73.552048 10.203217
v -20.317017 73.731628 5.230560
v -19.972061 73.464699 0.212509
v -17.037661 74.890778 -4.185913
v -13.077490 74.510056 -6.541115
v -8.563485 73.912109 -6.486206
v -4.260147 72.862541 -2.993668
v -3.709958 71.183731 0.947891
v -4.337162 71.551834 4.748604
v -5.771941 71.813187 8.886368
v -8.504644 72.266876 11.932838
v -16.072819 56.847389 9.123840
v -13.425089 56.223534 8.932976
v -17.664995 57.623070 7.176888
v -18.438652 57.727600 4.492989
v -18.282080 57.697128 0.335373
v -18.007641 57.377300 -1.635532
v -14.117714 56.731449 -4.531765
v -10.845812 56.574871 -4.342701
v -7.997746 56.491982 -2.107040
v -7.326927 56.819695 0.883499
v -7.328163 56.768547 3.456642
v -10.497580 55.954842 8.081100
v -13.676322 45.032890 6.431030
v -11.947327 44.853752 5.787262
v -15.663259 45.194908 5.832161
v -18.081795 45.284607 4.425446
v -18.870377 45.109993 2.141487
v -19.337252 45.076195 -0.782509
v -18.554882 45.619804 -3.848465
v -14.847645 45.838570 -5.686623
v -11.626406 45.565697 -5.381439
v -8.662309 44.798744 -2.448418
v -8.520308 44.553596 -0.459419
v -8.955818 44.565742 1.573921
v -10.276223 44.679802 4.287521
v -17.485378 14.821251 4.393925
v -16.290621 14.821182 4.696115
v -19.152246 14.636017 3.406349
v -20.116617 13.924385 1.958342
v -20.942835 12.764397 -0.049900
v -19.796942 13.715386 -2.794198
v -17.445360 13.339639 -4.140157
v -15.129521 13.392135 -4.217731
v -13.178972 13.318419 -2.908919
v -12.182193 13.462470 -0.933742
v -12.411519 13.559418 1.344400
v -13.221337 13.854630 3.009630
v -14.647002 14.280717 4.336833
v -19.302143 35.300934 3.708918
v -16.697210 34.867264 5.592127
v -14.776673 34.658592 5.659250
v -12.424819 34.328743 5.029638
v -10.530124 34.211937 3.157099
v -9.006720 33.876183 1.106339
v -8.094543 33.692177 -1.810471
v -8.902642 33.400566 -4.493858
v -12.004384 33.719810 -7.615540
v -15.681666 34.190941 -8.216736
v -19.718397 35.406242 -5.917435
v -20.842991 35.697380 -1.676514
v -20.406197 35.515770 1.640266
v -19.145235 24.487038 3.304068
v -17.312168 24.601196 4.650831
v -15.199533 24.130104 4.873203
v -13.705506 23.692772 4.172012
v -12.553323 23.613159 3.073380
v -11.320848 23.592896 1.135817
v -10.796610 23.627710 -1.414612
v -11.284166 23.685593 -3.873011
v -13.456271 23.609579 -6.181553
v -16.939611 23.667778 -6.509623
v -19.847492 24.357458 -4.923729
v -20.432365 24.239250 -1.289505
v -20.124924 24.484444 1.548178
v -18.113995 51.453743 -0.186798
v -18.064802 51.553444 3.119553
v -17.210548 51.349098 5.520790
v -15.570153 51.020039 7.047535
v -13.385626 50.738594 7.555580
v -11.147065 50.553085 6.753738
v -9.310135 50.434502 5.075333
v -8.054263 50.337563 2.808426
v -8.132449 50.439583 0.777222
v -9.395083 50.637974 -2.309872
v -11.729645 51.074699 -3.873367
v -14.546542 51.394173 -4.005638
v -17.182043 51.559849 -2.606609
v -9.300854 64.254593 -5.155739
v -13.784386 64.807503 -5.563889
v -17.488672 65.155594 -3.330765
v -19.270813 65.073868 0.218117
v -19.503695 64.625092 5.364189
v -18.404064 64.504547 8.781937
v -16.060316 64.261307 10.582611
v -12.824718 64.044525 11.363266
v -9.561206 63.800838 10.254673
v -7.347703 63.701385 7.646759
v -6.252781 63.395386 4.231323
v -5.720671 63.544540 0.944237
v -6.555268 63.403847 -2.762772
v -15.704028 8.093086 -3.581930
v -18.187929 8.230186 -3.394712
v -13.812042 7.960296 -2.064809
v -13.059466 8.099617 -0.149298
v -12.997141 8.357452 1.581800
v -13.676690 8.842834 3.575534
v -15.331562 9.868332 5.754124
v -16.622017 10.926941 6.392410
v -18.567738 11.625626 6.166439
v -20.371895 11.239685 4.838968
v -21.516954 10.227402 2.984915
v -21.742306 9.399239 0.620129
v -20.587498 8.891724 -1.945868
v -0.934123 86.526894 0.953300
v -1.460897 86.848999 4.755684
v -3.562766 88.031914 9.515594
v -6.293846 89.349251 11.885178
v -9.712182 90.694267 13.208023
v -14.059078 91.705940 13.080711
v -16.736979 92.864059 10.260513
v -17.649612 93.283615 5.684700
v -17.015837 92.994354 -0.219109
v -15.204194 91.222107 -4.291061
v -11.280352 89.501572 -6.892357
v -5.875818 87.806229 -6.758720
v -2.655587 86.826775 -4.124695
v -19.897022 80.067162 5.455490
v -18.525505 80.148857 10.568344
v -15.690993 79.363892 13.043625
v -11.981267 78.406654 13.648399
v -8.289150 76.993675 11.691429
v -5.750333 76.000839 8.988869
v -3.725397 75.169052 5.368607
v -2.979068 75.068420 0.775932
v -3.986298 75.373848 -3.446571
v -7.629926 76.476807 -6.444580
v -12.886124 77.592911 -6.576714
v -16.796497 78.531639 -4.220215
v -19.146200 79.418808 0.149277
v -15.669426 48.365795 6.623791
v -13.547695 48.004429 7.153477
v -11.392722 47.772232 6.307808
v -9.609456 47.651821 4.688519
v -8.396746 47.575443 2.442135
v -8.533990 47.689411 0.111675
v -9.115098 47.707405 -2.590492
v -11.628472 48.116249 -4.723381
v -14.847513 48.478783 -4.892097
v -17.722609 48.801193 -3.263866
v -18.521343 48.861694 -0.417831
v -18.455418 48.960213 2.739975
v -17.298212 48.714741 5.125317
v -15.434448 53.255474 7.315258
v -13.284755 53.051277 7.732399
v -11.131721 52.933403 7.091644
v -8.680419 52.659908 5.064075
v -7.810726 52.544338 3.116184
v -7.971386 52.606491 0.833595
v -9.062251 52.761040 -2.259094
v -11.536814 53.265419 -3.820000
v -14.355796 53.544018 -4.029736
v -17.014198 53.651237 -2.471313
v -17.975914 53.570641 0.021088
v -17.957212 53.658546 3.548439
v -17.258291 53.488495 6.017578
v 0.000020 87.360641 0.922966
v 0.020804 87.396301 4.452576
v -0.103955 88.201126 8.006653
v -6.622591 90.495361 -7.735725
v -2.676354 89.657837 -6.039848
v -11.507957 92.132126 -7.462090
v -14.787785 93.599350 -4.863693
v -16.735069 95.043411 -0.129219
v -17.171858 95.438530 5.782104
v -16.060385 95.136711 10.131630
v -13.348248 94.226891 12.852394
v -9.788480 93.578339 13.228310
v -6.089364 92.387955 12.494049
v -3.128630 92.039780 12.220833
v -3.406605 94.238731 13.038795
v -3.340625 98.764214 15.296959
v -3.317636 100.645119 15.953247
v -3.225757 103.659752 17.178810
v -6.363471 94.778275 13.356438
v -6.804701 99.084900 15.320442
v -7.399409 100.563293 16.572983
v -7.174747 104.159279 17.161263
v -9.569691 95.568420 13.706940
v -9.646943 99.343063 14.657410
v -9.573322 101.120125 15.832382
v -9.097734 104.652832 16.189285
v -12.965144 96.608177 12.748001
v -12.058166 99.867310 13.211861
v -11.370526 102.051697 13.573105
v -10.562852 104.891510 14.126846
v -15.256515 96.981651 10.319801
v -13.638732 100.578667 10.916100
v -12.791425 102.612289 11.568802
v -12.334196 105.448769 11.921753
v -16.258169 97.538147 5.964294
v -14.995963 101.189056 6.554428
v -14.415805 102.421135 7.762772
v -13.290297 106.451927 8.367065
v -15.721927 97.712112 0.103439
v -14.593368 101.752968 0.743774
v -13.856731 104.855438 1.673676
v -13.350680 107.891884 2.749908
v -14.196304 96.718002 -4.851234
v -13.100977 101.926544 -3.626816
v -11.794372 105.020866 -3.088173
v -10.456289 109.084694 -0.512039
v -11.180048 96.019791 -7.848007
v -10.249261 101.734833 -6.544212
v -8.815521 106.135269 -4.322304
v -8.240014 109.240044 -1.925865
v -7.299403 95.005371 -9.002907
v -6.728994 101.746674 -7.716125
v -6.224181 105.484795 -5.615425
v -5.677145 109.319313 -2.818581
v -3.152948 94.528931 -8.657402
v -3.427781 101.920685 -7.700592
v -3.239404 105.387039 -5.822250
v -2.541331 109.265686 -2.896088
v -14.009021 7.809601 4.307562
v -13.453788 6.628380 1.896166
v -15.636749 9.688400 6.882168
v -16.829363 10.389580 7.562967
v -18.892136 10.533646 7.385491
v -21.386005 10.201324 5.601740
v -22.431911 9.511879 4.218446
v -21.786900 7.175995 1.223132
v -20.330372 6.846024 -1.875982
v -18.226465 7.579132 -3.410687
v -15.698938 7.640945 -3.567755
v -14.042084 7.248238 -2.255163
v -13.406649 6.567368 -0.584471
v -15.528600 4.707260 -4.330053
v -18.008528 4.965996 -4.344786
v -15.573403 2.479675 -4.176727
v -17.739077 2.563530 -4.269773
v -15.581914 0.332932 -3.884146
v -17.829659 0.271500 -4.122623
v -13.804973 4.590195 -2.514891
v -13.921468 2.496048 -2.355052
v -14.108868 0.339340 -2.346170
v -13.240996 4.370316 -0.436634
v -13.491944 2.386673 -0.296467
v -13.716292 0.338852 -0.120226
v -13.504840 4.513855 2.032084
v -13.816458 2.442207 2.099365
v -13.950357 0.389236 2.045654
v -13.974988 5.167580 4.636181
v -14.178822 2.640457 4.361476
v -14.410668 0.393204 4.715446
v -14.616815 5.770897 7.195233
v -14.571900 2.632065 7.047557
v -14.808719 0.458450 7.122032
v -20.301727 4.550972 -2.375519
v -20.288155 2.314957 -2.424007
v -20.242756 0.361908 -2.439297
v -21.845726 4.747490 0.781839
v -21.807129 2.653099 0.722506
v -21.972633 0.417419 0.613880
v -23.007826 5.672707 3.634863
v -23.257040 2.798782 3.116195
v -23.245329 0.514847 3.099723
v -15.116012 2.858910 9.972756
v -15.241403 0.314133 10.230117
v -15.598118 2.877289 13.073701
v -15.560646 0.370758 13.409787
v -16.347839 2.953667 15.830348
v -16.198942 0.468948 16.211765
v -17.675747 3.016251 18.510323
v -17.592609 0.526627 18.849159
v -19.379801 3.059174 20.422329
v -19.391323 0.548569 20.715027
v -21.724857 3.079430 21.559582
v -21.704958 0.570312 21.754505
v -24.272608 3.075256 21.096729
v -24.238062 0.571092 21.394218
v -25.817751 3.001732 19.361214
v -25.934998 0.501587 19.728699
v -26.800911 2.873642 17.192699
v -27.014015 0.482559 17.428810
v -27.199635 3.002281 14.600026
v -27.534206 0.406906 14.510667
v -26.984272 2.937080 11.741762
v -27.268953 0.341599 11.675719
v -25.731081 2.912544 8.958939
v -26.184793 0.354889 8.857692
v -24.635136 3.108528 6.078781
v -24.773577 0.468155 6.087100
v -24.266531 5.453697 6.475503
v -22.963957 8.185760 6.800728
v -21.823872 9.056129 7.635043
v -19.587460 9.734123 8.892854
v -17.676975 9.251755 9.196421
v -16.523199 8.112579 9.412516
v -15.356345 5.272049 9.868384
v -16.096825 4.496796 12.793970
v -17.181248 6.736527 11.869260
v -18.521173 7.650917 12.225361
v -20.410980 7.919464 11.624184
v -22.754906 7.960686 10.705062
v -24.011028 6.749886 9.758925
v -24.899731 5.046997 8.831368
v -25.889288 4.622940 11.838971
v -24.703800 5.907410 12.236592
v -23.211210 6.757614 13.218976
v -21.572935 7.052605 14.929839
v -19.366253 6.738937 14.745725
v -18.058815 6.145927 14.815700
v -16.915691 4.503601 15.493329
v -18.163654 4.376900 18.037607
v -19.143835 5.665535 17.079910
v -20.267715 6.050330 17.311138
v -21.844955 5.955978 16.213783
v -23.749346 6.065148 15.520603
v -25.012987 5.372856 14.699573
v -26.210810 4.478310 14.350251
v -25.878658 4.177422 17.201347
v -24.674395 5.241821 16.569839
v -23.902100 5.279769 17.952961
v -22.700163 5.472420 18.757580
v -21.067022 5.474899 18.779850
v -20.146832 5.386360 18.309326
v -19.737906 4.291023 19.880543
v -21.609188 4.443359 20.677917
v -25.084888 4.119667 18.997669
v -23.672087 4.390190 20.342827
v -12.588291 30.377785 -7.456314
v -15.944654 30.795433 -7.983109
v -19.800991 31.677864 -5.902863
v -20.966740 31.990187 -1.885981
v -20.664351 32.118698 1.646498
v -19.520464 32.010208 3.590891
v -17.111832 31.762321 5.186804
v -15.105817 31.541855 5.467733
v -12.899542 31.139124 4.722427
v -10.913568 30.787422 2.997599
v -9.622199 30.650259 1.310772
v -8.837848 30.241096 -1.571020
v -9.562714 30.035072 -4.348770
v -16.603733 69.980789 11.926590
v -12.482609 69.620728 13.097267
v -8.876185 69.348801 11.799774
v -6.130771 69.112991 8.631653
v -4.972406 68.847549 4.623917
v -4.318538 68.030357 1.122513
v -5.099697 69.365440 -3.017525
v -9.327466 69.828110 -6.082756
v -13.183138 70.217125 -6.305214
v -17.026682 70.422699 -4.155876
v -19.624828 69.309860 0.215286
v -19.983780 69.214767 5.304573
v -18.766434 69.051872 9.592400
v -16.466225 39.557076 5.478142
v -14.499895 39.056702 5.769867
v -12.687713 38.776230 5.003029
v -10.607308 38.666138 3.164368
v -9.080627 38.642624 1.127892
v -8.190791 38.781944 -1.366096
v -8.684946 38.970085 -3.961922
v -11.633519 39.268356 -6.813652
v -15.776366 39.611862 -7.315247
v -19.441765 40.015900 -5.314270
v -20.349739 40.301163 -1.254494
v -19.794205 40.076492 1.703377
v -18.405642 39.863396 3.769554
v -17.491461 19.453606 4.393841
v -15.721811 19.141182 4.639124
v -14.210649 18.716591 4.066157
v -12.950412 18.473763 2.936258
v -12.038875 18.410728 1.117903
v -11.708281 18.197792 -1.125292
v -12.322357 18.095085 -3.254068
v -14.317054 18.005333 -5.064653
v -17.251020 18.151779 -5.144976
v -19.794846 18.517395 -3.814150
v -19.956577 18.464897 -0.764956
v -19.670870 19.006050 1.526178
v -19.118328 19.277649 3.262865
v -21.786949 0.091370 20.056099
v -19.945057 0.071381 19.070503
v -23.396837 0.085800 20.140114
v -24.747242 0.042664 19.018761
v -25.622616 -0.026749 16.926300
v -25.751143 -0.088577 14.818532
v -25.636257 -0.149277 12.243186
v -24.936483 -0.180603 9.848369
v -23.565485 -0.134338 6.857845
v -22.274015 -0.023727 3.817152
v -20.919865 0.017487 1.533667
v -19.446337 0.032974 -1.120608
v -18.113091 0.004532 -2.353669
v -16.460749 -0.044693 -2.240454
v -15.422809 -0.061722 -1.724090
v -15.227100 -0.086227 0.178216
v -15.295819 -0.096802 1.814287
v -15.857820 -0.080688 4.541648
v -16.353292 -0.068420 6.849841
v -16.881260 -0.083664 9.210701
v -17.351997 -0.081039 12.585128
v -17.660486 -0.040604 14.811463
v -18.398312 0.022064 17.145191
v -22.848846 0.011795 17.960476
v -17.465422 -0.051590 -0.285625
v -17.977633 -0.066116 1.665573
v -18.708530 -0.073502 3.991833
v -22.559227 -0.056610 15.782708
v -22.022434 -0.114944 13.441571
v -21.047201 -0.139862 11.126146
v -19.855005 -0.110458 8.370435
v -19.510069 -0.086914 6.699811
v -13.389126 11.540443 3.131281
v -12.543002 11.191177 1.395693
v -12.518891 10.801376 -0.587009
v -13.502926 10.675804 -2.463552
v -15.428921 10.611702 -3.616430
v -17.786222 10.760216 -3.586943
v -19.910545 11.043068 -2.346720
v -21.332367 11.312294 0.047359
v -20.654652 12.269936 2.330290
v -19.423141 12.724357 3.762315
v -17.876202 12.984322 4.550272
v -16.512932 12.678856 4.800968
v -14.927795 12.163017 4.644850
v -13.752637 7.534919 1.348190
v -14.254086 8.291634 3.849951
v -15.365532 9.736862 6.283890
v -16.653675 10.792542 6.715439
v -18.656055 11.259079 6.635588
v -21.017565 10.890747 5.296911
v -21.282953 9.683426 3.028402
v -21.216129 8.204483 1.037281
v -20.121511 7.832504 -1.682585
v -18.041157 7.858376 -3.024977
v -15.730476 7.874786 -3.524355
v -14.199648 7.624496 -1.915041
v -13.696746 7.341148 -0.310429
v -3.282447 98.597198 -8.729988
v -6.988336 98.675995 -8.770271
v -10.869921 99.100098 -7.384926
v -13.552293 99.547432 -4.585365
v -15.168490 99.717674 0.501411
v -15.673831 99.160980 6.155220
v -14.428619 98.717148 10.606895
v -12.490908 98.561523 12.735168
v -9.658255 97.340179 14.187607
v -6.642454 96.997467 14.571419
v -3.469378 96.630943 14.580452
v -6.154708 86.145370 -6.626083
v -11.603480 87.701813 -6.786919
v -15.445890 89.348770 -4.222115
v -17.486645 90.713913 -0.251717
v -18.221735 91.365875 5.794914
v -17.883806 90.965622 10.476326
v -14.476686 90.378464 13.226822
v -10.177572 89.219810 13.205353
v -6.675161 87.742950 11.419014
v -4.095519 86.519783 9.223999
v -1.956894 85.458405 5.131645
v -1.416164 84.902344 0.709885
v -2.807280 85.311348 -4.161377
v -17.178526 71.298126 11.553741
v -4.987284 71.656708 7.516365
v -4.769530 70.386032 6.668701
v -5.359827 69.057762 7.214630
v -12.430788 72.871330 13.390633
v -16.521030 72.930664 12.226906
v -17.559053 70.958099 10.788101
v -16.572834 69.691917 11.346008
v -12.560503 69.205353 12.697609
v -9.154385 68.857483 11.346092
v -6.756077 68.669800 8.146271
v -6.132679 68.592545 6.920067
v -5.186707 70.063751 5.781403
v -4.995287 71.847290 7.377884
v -5.781031 71.995178 8.846001
v -8.546082 72.502510 11.717842
v -9.861593 58.695206 9.329445
v -6.829195 58.489174 6.685623
v -7.035269 58.839943 3.692261
v -6.882619 58.929581 0.903839
v -7.450249 58.969692 -2.293400
v -10.376331 59.771332 -4.751564
v -13.852167 59.972340 -4.999767
v -18.128130 59.994034 -1.972153
v -18.551262 60.001461 0.307224
v -18.772709 59.880486 4.765343
v -17.905567 59.767246 7.684200
v -16.040899 58.933578 9.799973
v -13.301875 58.846481 10.347878
v -7.483750 58.178902 5.283348
v -16.707825 57.916710 8.786972
v -15.863854 56.577446 8.220673
v -13.210768 56.599373 9.542725
v -7.252207 56.441139 6.365532
v -8.067893 56.085972 5.673275
v -10.133881 56.383339 8.567245
v -9.942792 59.165874 9.112942
v -7.611548 59.193531 6.301830
v -15.840482 59.387325 9.230587
v -13.178360 59.406708 10.116035
v -6.782382 57.483955 6.131981
v -16.703825 57.938538 8.072624
v -8.909957 104.730011 15.142143
v -9.684781 100.658012 14.915604
v -6.697188 100.178741 15.643524
v -6.236029 104.180374 16.366806
v -13.696945 107.163620 5.836639
v -14.635079 103.165268 5.089180
v -14.809187 103.027298 7.671318
v -13.835513 106.883301 8.121223
v -14.054490 107.332382 6.347694
v -15.074759 103.558624 5.529190
v -12.318349 108.560211 1.282303
v -13.384457 104.561287 -0.685631
v -11.037558 109.106430 -0.576637
v -12.154022 105.552917 -2.871872
v -13.448207 105.076866 -0.928551
v -12.376844 108.724403 0.737823
v -5.897810 105.882347 -5.587959
v -5.375236 109.658569 -3.494194
v -2.950786 109.582237 -3.563522
v -3.578762 105.898781 -5.877487
v -16.274191 60.266106 -3.798767
v -16.359348 56.828529 -3.392502
v -17.565596 58.577980 -2.503281
v -8.925686 56.518517 -3.246849
v -8.168820 59.340591 -3.380325
v -7.688486 57.520210 -2.647217
v -13.987067 56.898689 -5.095627
v -16.493332 57.027615 -3.963894
v -17.399357 58.454971 -3.238838
v -16.325682 59.878109 -4.501957
v -13.908823 59.554832 -5.518299
v -10.431046 59.399033 -5.316338
v -8.042169 59.024261 -4.046692
v -7.563021 57.453529 -3.339516
v -8.839890 56.490555 -3.899925
v -10.650022 56.711948 -4.866978
v -6.846186 69.665390 -4.777557
v -6.256234 73.663315 -5.279510
v -5.330225 71.465157 -4.020859
v -18.220650 72.747360 -3.023659
v -17.264275 74.391228 -4.608177
v -13.295440 73.993629 -7.251808
v -8.775135 73.552193 -7.157639
v -6.005801 73.148331 -5.861794
v -5.428463 71.430908 -5.083931
v -6.457664 69.931808 -5.297653
v -9.176733 70.222412 -6.648514
v -13.296723 70.688965 -6.843491
v -17.255861 71.075378 -4.492233
v -18.053520 72.829178 -3.736160
v -15.206913 42.294975 -6.667328
v -19.265100 42.164940 -4.548286
v -20.015837 42.301048 -1.059113
v -19.314951 42.231682 1.982452
v -18.281349 42.248688 3.868622
v -15.885241 41.680763 5.743912
v -13.990378 41.609215 5.877853
v -12.361722 41.420982 5.141449
v -11.004764 41.384697 3.839119
v -9.176373 41.136208 1.139587
v -8.300714 41.084854 -1.069817
v -8.701962 41.225754 -3.471237
v -11.640238 41.982033 -6.240318
v -17.280134 42.211403 -6.024544
v -18.196293 43.845940 -4.822739
v -16.899820 45.678749 -5.061119
v -9.504313 45.082481 -3.974731
v -9.706686 41.538437 -4.938553
v -9.039455 43.054146 -3.714996
v -16.709370 45.440361 -5.569016
v -14.766317 45.594398 -6.255211
v -11.455223 45.270935 -5.856369
v -9.279434 44.933250 -4.643211
v -8.635551 43.500832 -4.542717
v -9.472075 42.018013 -5.447685
v -11.569398 42.491638 -6.572762
v -15.097988 42.782906 -6.989052
v -17.280819 42.804115 -6.159859
v -17.751127 44.007210 -5.376579
v -17.206236 42.084908 4.901047
v -17.599648 43.632851 4.616264
v -16.814800 45.296265 5.229691
v -9.486709 44.540466 3.133354
v -9.518004 42.972389 2.129875
v -9.994384 41.447624 2.541275
v -11.916298 44.374298 5.917122
v -13.804085 44.557037 6.604317
v -15.612238 44.764320 6.437622
v -16.882042 44.939445 5.790382
v -17.666222 43.552361 5.180748
v -17.399742 42.436234 5.494652
v -15.907982 42.137062 6.274162
v -14.024586 41.928764 6.386223
v -12.187464 41.826134 5.837479
v -10.504434 41.669701 4.523911
v -9.502412 41.826317 3.568451
v -9.061279 43.165848 2.990623
v -9.384196 44.296349 3.517494
v -10.366079 44.218071 4.713013
v -18.232874 31.171692 -7.151520
v -17.837000 34.575699 -7.432175
v -19.015036 32.882477 -6.607849
v -10.413616 30.251738 -5.796885
v -9.925049 33.427200 -6.002350
v -9.752060 31.646042 -5.325943
v -9.839155 32.442993 2.143583
v -18.186316 31.914406 4.718950
v -18.111326 35.068260 4.642466
v -18.780346 33.509270 4.194670
v -14.774977 34.337929 6.144430
v -16.855730 34.609940 6.012117
v -18.430304 34.739983 5.417246
v -18.820618 33.546654 5.004869
v -18.288809 32.276833 5.511911
v -17.093908 32.261574 5.857950
v -14.936355 31.940483 5.985689
v -12.743301 31.536919 5.350466
v -10.378138 31.289955 3.532343
v -9.779563 32.485466 2.945707
v -10.093436 33.754845 3.651640
v -12.367846 34.086830 5.369070
v -15.781005 33.881264 -8.656372
v -11.940933 33.309410 -8.139862
v -9.735453 33.035316 -6.841499
v -9.271181 31.696678 -6.319580
v -10.103809 30.496683 -6.719938
v -12.278782 30.732292 -8.015114
v -15.868752 31.106859 -8.568365
v -17.983406 31.394936 -8.006134
v -18.742638 32.816093 -7.773216
v -17.827272 34.271584 -7.993141
v -18.272041 50.448059 -0.276436
v -18.216356 50.547287 2.972279
v -17.244560 50.326996 5.367352
v -15.608669 49.990227 6.883125
v -13.448504 49.677773 7.399567
v -11.242377 49.474144 6.580727
v -9.426268 49.354858 4.925255
v -8.187142 49.265888 2.666309
v -8.288242 49.372547 0.519001
v -9.286452 49.500954 -2.418747
v -11.690390 49.926857 -4.203163
v -14.663315 50.263039 -4.349579
v -17.391777 50.489521 -2.861622
v -13.344039 51.692051 7.628475
v -11.140739 51.534431 6.893051
v -9.050519 51.351978 5.070690
v -7.953859 51.247360 2.935303
v -8.066047 51.332935 0.800465
v -9.257865 51.513271 -2.288937
v -11.650146 51.977882 -3.851364
v -14.467900 52.280506 -4.015575
v -17.112846 52.422081 -2.550827
v -18.057068 52.326485 -0.101089
v -18.020445 52.421322 3.296368
v -17.230232 52.231113 5.725605
v -15.514206 51.941658 7.157906
v -0.040059 88.119087 -1.994186
v 0.211719 89.783447 -4.862427
v 0.000000 94.072235 13.476387
v 0.000000 98.452866 15.487236
v 0.192168 101.789406 -7.876671
v 0.270452 98.503716 -8.733414
v 15.071105 88.163536 13.165726
v 15.407928 84.535118 13.479126
v 11.798796 83.602264 13.894279
v 11.341044 87.159966 13.643250
v 17.841433 89.178513 10.578194
v 18.469959 85.541374 10.474388
v 18.693295 89.380928 5.593460
v 19.290863 85.657730 5.650024
v 17.964817 88.705643 -0.400574
v 18.446060 84.736443 -0.533607
v 15.841944 87.252289 -4.263481
v 16.380249 83.516693 -4.266411
v 11.823946 85.701805 -6.981972
v 12.307202 81.966095 -6.808784
v 6.348063 84.025330 -6.815590
v 6.878514 80.487221 -6.696259
v 2.949620 82.654625 -4.018425
v 3.316050 79.061531 -3.668983
v 1.721059 82.385201 0.572495
v 2.346282 78.516960 0.624092
v 2.523944 82.714806 5.787811
v 3.155746 78.921288 5.840332
v 4.530348 83.838928 9.390549
v 5.008476 80.058037 9.537086
v 7.303943 85.445015 11.711708
v 7.980111 81.511864 11.991302
v 16.497961 72.675537 12.439804
v 12.490951 72.588394 13.542267
v 12.430788 72.871330 13.390633
v 16.521030 72.930664 12.226906
v 18.857956 73.552048 10.203217
v 18.525505 80.148857 10.568344
v 19.897022 80.067162 5.455490
v 20.317017 73.731628 5.230560
v 18.922672 78.987602 -0.567802
v 19.644993 73.336914 -0.671158
v 16.796497 78.531639 -4.220215
v 17.037661 74.890778 -4.185913
v 12.886124 77.592911 -6.576714
v 13.077490 74.510056 -6.541115
v 7.629926 76.476807 -6.444580
v 8.563485 73.912109 -6.486206
v 6.256234 73.663315 -5.279510
v 4.260147 72.862541 -2.993668
v 3.986298 75.373848 -3.446571
v 2.979068 75.068420 0.775932
v 3.709958 71.183731 0.947891
v 3.725397 75.169052 5.368607
v 4.337162 71.551834 4.748604
v 5.771941 71.813187 8.886368
v 5.781031 71.995178 8.846001
v 8.546082 72.502510 11.717842
v 8.504644 72.266876 11.932838
v 16.072819 56.847389 9.123840
v 13.210768 56.599373 9.542725
v 13.301875 58.846481 10.347878
v 16.040899 58.933578 9.799973
v 15.840481 59.387325 9.230587
v 17.905567 59.767246 7.684200
v 16.703825 57.938538 8.072624
v 17.664995 57.623070 7.176888
v 18.772709 59.880486 4.765343
v 18.438652 57.727600 4.492989
v 18.551262 60.001461 0.307224
v 18.282080 57.697128 0.335373
v 18.128130 59.994034 -1.972153
v 18.007641 57.377300 -1.635532
v 16.274191 60.266106 -3.798767
v 17.565596 58.577980 -2.503281
v 13.987067 56.898689 -5.095627
v 13.908823 59.554832 -5.518299
v 10.431046 59.399033 -5.316338
v 10.650022 56.711948 -4.866978
v 7.997746 56.491982 -2.107040
v 8.925686 56.518517 -3.246849
v 7.688486 57.520210 -2.647217
v 7.450250 58.969692 -2.293400
v 6.882619 58.929581 0.903839
v 7.326927 56.819695 0.883499
v 7.035269 58.839943 3.692261
v 7.328163 56.768547 3.456642
v 6.829195 58.489174 6.685623
v 7.252207 56.441139 6.365532
v 6.782382 57.483955 6.131981
v 9.861593 58.695206 9.329445
v 10.133881 56.383339 8.567245
v 13.676322 45.032890 6.431030
v 11.947327 44.853752 5.787262
v 11.392722 47.772232 6.307808
v 13.547695 48.004429 7.153477
v 15.669426 48.365795 6.623791
v 15.663258 45.194908 5.832161
v 17.298212 48.714741 5.125317
v 18.081795 45.284607 4.425446
v 16.814800 45.296265 5.229691
v 18.455418 48.960213 2.739975
v 18.870377 45.109993 2.141487
v 18.521343 48.861694 -0.417831
v 19.337252 45.076195 -0.782509
v 17.722609 48.801193 -3.263866
v 18.554882 45.619804 -3.848465
v 14.847513 48.478783 -4.892097
v 14.847645 45.838570 -5.686623
v 16.899820 45.678749 -5.061119
v 11.628472 48.116249 -4.723381
v 11.626406 45.565697 -5.381439
v 9.504313 45.082481 -3.974731
v 8.662309 44.798744 -2.448418
v 9.115098 47.707405 -2.590492
v 8.533990 47.689411 0.111675
v 8.520308 44.553596 -0.459419
v 8.396746 47.575443 2.442135
v 8.955818 44.565742 1.573921
v 9.609456 47.651821 4.688519
v 9.486709 44.540466 3.133354
v 8.067893 56.085972 5.673275
v 10.497580 55.954842 8.081100
v 11.131721 52.933403 7.091644
v 8.680419 52.659908 5.064075
v 17.485378 14.821251 4.393925
v 16.290621 14.821182 4.696115
v 15.721811 19.141182 4.639124
v 17.491461 19.453606 4.393841
v 19.118328 19.277649 3.262865
v 19.152246 14.636017 3.406349
v 19.670870 19.006050 1.526178
v 20.116617 13.924385 1.958342
v 19.956577 18.464897 -0.764956
v 20.942835 12.764397 -0.049900
v 19.794846 18.517395 -3.814150
v 19.796942 13.715386 -2.794198
v 17.251020 18.151779 -5.144976
v 17.445360 13.339639 -4.140157
v 14.317054 18.005333 -5.064653
v 15.129521 13.392135 -4.217731
v 12.322357 18.095085 -3.254068
v 13.178972 13.318419 -2.908919
v 11.708281 18.197792 -1.125292
v 12.182193 13.462470 -0.933742
v 12.038875 18.410728 1.117903
v 12.411519 13.559418 1.344400
v 12.950412 18.473763 2.936258
v 13.221337 13.854630 3.009630
v 14.210649 18.716591 4.066157
v 14.647002 14.280717 4.336833
v 14.776673 34.658592 5.659250
v 14.499895 39.056702 5.769867
v 16.466225 39.557076 5.478142
v 16.697210 34.867264 5.592127
v 18.111326 35.068260 4.642466
v 19.302143 35.300934 3.708918
v 18.405642 39.863396 3.769554
v 19.794205 40.076492 1.703377
v 20.406197 35.515770 1.640266
v 20.349739 40.301163 -1.254494
v 20.842991 35.697380 -1.676514
v 19.441765 40.015900 -5.314270
v 19.718397 35.406242 -5.917435
v 15.776365 39.611862 -7.315247
v 17.837000 34.575699 -7.432175
v 15.681664 34.190941 -8.216736
v 11.633519 39.268356 -6.813652
v 12.004384 33.719810 -7.615540
v 9.925049 33.427200 -6.002350
v 8.902642 33.400566 -4.493858
v 8.684946 38.970085 -3.961922
v 8.190791 38.781944 -1.366096
v 8.094543 33.692177 -1.810471
v 9.080627 38.642624 1.127892
v 9.006720 33.876183 1.106339
v 10.607308 38.666138 3.164368
v 10.530124 34.211937 3.157099
v 12.687713 38.776230 5.003029
v 12.424819 34.328743 5.029638
v 15.199533 24.130104 4.873203
v 15.105817 31.541855 5.467733
v 17.111832 31.762321 5.186804
v 17.312168 24.601196 4.650831
v 18.186316 31.914406 4.718950
v 19.520464 32.010208 3.590891
v 19.145235 24.487038 3.304068
v 20.664351 32.118698 1.646498
v 20.124924 24.484444 1.548178
v 20.966740 31.990187 -1.885981
v 20.432365 24.239250 -1.289505
v 19.800991 31.677864 -5.902863
v 19.847492 24.357458 -4.923729
v 18.232874 31.171692 -7.151520
v 16.939611 23.667778 -6.509623
v 15.944653 30.795433 -7.983109
v 12.588291 30.377785 -7.456314
v 13.456271 23.609579 -6.181553
v 10.413616 30.251738 -5.796885
v 11.284166 23.685593 -3.873011
v 9.562714 30.035072 -4.348770
v 8.837848 30.241096 -1.571020
v 10.796610 23.627710 -1.414612
v 9.622199 30.650259 1.310772
v 11.320848 23.592896 1.135817
v 10.913568 30.787422 2.997599
v 12.553323 23.613159 3.073380
v 12.899542 31.139124 4.722427
v 13.705506 23.692772 4.172012
v 11.147065 50.553085 6.753738
v 11.140739 51.534431 6.893051
v 13.344039 51.692051 7.628475
v 13.385626 50.738594 7.555580
v 15.514206 51.941658 7.157906
v 15.570153 51.020039 7.047535
v 17.230232 52.231113 5.725605
v 17.210548 51.349098 5.520790
v 18.020445 52.421322 3.296368
v 18.064802 51.553444 3.119553
v 18.057068 52.326485 -0.101089
v 18.113995 51.453743 -0.186798
v 17.112846 52.422081 -2.550827
v 17.182043 51.559849 -2.606609
v 14.467900 52.280506 -4.015575
v 14.546542 51.394173 -4.005638
v 11.650146 51.977882 -3.851364
v 11.729645 51.074699 -3.873367
v 9.257865 51.513271 -2.288937
v 9.395083 50.637974 -2.309872
v 8.066047 51.332935 0.800465
v 8.132449 50.439583 0.777222
v 7.953859 51.247360 2.935303
v 8.054263 50.337563 2.808426
v 9.050519 51.351978 5.070690
v 9.310135 50.434502 5.075333
v 11.242377 49.474144 6.580727
v 9.426268 49.354858 4.925255
v 12.560503 69.205353 12.697609
v 12.482609 69.620728 13.097267
v 16.603733 69.980789 11.926590
v 16.572834 69.691917 11.346008
v 18.404064 64.504547 8.781937
v 18.766434 69.051872 9.592400
v 19.894077 69.146675 4.689651
v 19.380508 64.800262 4.438919
v 19.142723 69.543633 -0.713394
v 19.258846 65.004509 -0.520950
v 17.026682 70.422699 -4.155876
v 17.488672 65.155594 -3.330765
v 13.183138 70.217125 -6.305214
v 13.784386 64.807503 -5.563889
v 9.327466 69.828110 -6.082756
v 9.300854 64.254593 -5.155739
v 6.846186 69.665390 -4.777557
v 5.099697 69.365440 -3.017525
v 6.555268 63.403847 -2.762772
v 4.318538 68.030357 1.122513
v 5.720671 63.544540 0.944237
v 4.972406 68.847549 4.623917
v 6.252781 63.395386 4.231323
v 6.756077 68.669800 8.146271
v 6.130771 69.112991 8.631653
v 8.876185 69.348801 11.799774
v 9.154385 68.857483 11.346092
v 15.704028 8.093086 -3.581930
v 18.187929 8.230186 -3.394712
v 17.786222 10.760216 -3.586943
v 15.428921 10.611702 -3.616430
v 13.502926 10.675804 -2.463552
v 13.812042 7.960296 -2.064809
v 12.518891 10.801376 -0.587009
v 13.059466 8.099617 -0.149298
v 12.543002 11.191177 1.395693
v 12.997141 8.357452 1.581800
v 13.389126 11.540443 3.131281
v 13.676690 8.842834 3.575534
v 14.927795 12.163017 4.644850
v 15.331562 9.868332 5.754124
v 16.512932 12.678856 4.800968
v 16.622017 10.926941 6.392410
v 17.876202 12.984322 4.550272
v 18.567738 11.625626 6.166439
v 19.423141 12.724357 3.762315
v 20.371895 11.239685 4.838968
v 20.654652 12.269936 2.330290
v 21.516954 10.227402 2.984915
v 21.332367 11.312294 0.047359
v 21.742306 9.399239 0.620129
v 19.910545 11.043068 -2.346720
v 20.587498 8.891724 -1.945868
v 0.934123 86.526894 0.953300
v 1.460897 86.848999 4.755684
v 1.956894 85.458405 5.131645
v 1.416164 84.902344 0.709885
v 3.562766 88.031914 9.515594
v 4.095519 86.519783 9.223999
v 6.293846 89.349251 11.885178
v 6.675161 87.742950 11.419014
v 10.325842 91.091393 13.252251
v 10.632940 89.261169 13.361702
v 13.964404 91.988716 13.019646
v 14.513212 90.275650 13.136368
v 16.128586 93.027855 10.793777
v 17.120945 90.990433 11.362434
v 17.649612 93.283615 5.684700
v 18.221735 91.365875 5.794914
v 17.214523 92.870941 -0.264969
v 17.629421 90.700073 -0.429550
v 15.204194 91.222107 -4.291061
v 15.445890 89.348770 -4.222115
v 11.280352 89.501572 -6.892357
v 11.603480 87.701813 -6.786919
v 5.875818 87.806229 -6.758720
v 6.154708 86.145370 -6.626083
v 2.655587 86.826775 -4.124695
v 2.807280 85.311348 -4.161377
v 11.981267 78.406654 13.648399
v 15.690992 79.363892 13.043625
v 5.750333 76.000839 8.988869
v 8.289150 76.993675 11.691429
v 13.448504 49.677773 7.399567
v 15.608669 49.990227 6.883125
v 17.244560 50.326996 5.367352
v 18.216356 50.547287 2.972279
v 18.272041 50.448059 -0.276436
v 17.391777 50.489521 -2.861622
v 14.663315 50.263039 -4.349579
v 11.690390 49.926857 -4.203163
v 9.286452 49.500954 -2.418747
v 8.288242 49.372547 0.519001
v 8.187142 49.265888 2.666309
v 10.276223 44.679802 4.287521
v 13.425089 56.223534 8.932976
v 13.284755 53.051277 7.732399
v 15.863854 56.577446 8.220673
v 15.434448 53.255474 7.315258
v 17.258291 53.488495 6.017578
v 17.957212 53.658546 3.548439
v 17.975914 53.570641 0.021088
v 17.014198 53.651237 -2.471313
v 16.359348 56.828529 -3.392502
v 14.117714 56.731449 -4.531765
v 14.355796 53.544018 -4.029736
v 10.845812 56.574871 -4.342701
v 11.536814 53.265419 -3.820000
v 9.062251 52.761040 -2.259094
v 7.971386 52.606491 0.833595
v 7.810727 52.544338 3.116184
v 6.622591 90.495361 -7.735725
v 2.676354 89.657837 -6.039848
v 11.507957 92.132126 -7.462090
v 14.787785 93.599350 -4.863693
v 16.668282 94.746246 -0.128464
v 16.760769 96.356232 6.354164
v 16.119209 95.202713 9.700226
v 13.759141 94.187531 12.715721
v 9.993365 93.613937 13.408958
v 6.356833 92.368790 12.980484
v 3.128630 92.039780 12.220833
v 0.000000 91.793877 12.409920
v 6.384184 94.523300 13.831734
v 3.357945 93.893845 13.472229
v 3.328605 96.510178 14.594963
v 6.642454 96.997467 14.571419
v 7.133295 101.059631 16.306946
v 6.723451 100.667938 15.993462
v 6.419661 104.810158 16.994370
v 6.842401 104.700607 17.162292
v 10.073422 95.438980 13.728912
v 9.920836 97.483353 14.291031
v 9.573322 101.120125 15.832382
v 10.025478 101.052948 15.245316
v 8.815961 105.221542 16.345215
v 13.139256 96.301247 12.731110
v 12.676616 98.544609 12.829247
v 8.695754 105.484467 16.215767
v 15.442165 97.041367 9.888008
v 14.755024 98.683495 10.224625
v 13.926051 100.969864 10.495705
v 12.248876 100.122032 13.136353
v 11.639835 102.518524 13.850121
v 12.893646 102.963737 11.718468
v 10.838987 105.664360 14.297523
v 12.046989 106.396362 12.411530
v 16.258169 97.538147 5.964294
v 15.673829 99.160980 6.155220
v 14.995963 101.189056 6.554428
v 13.953541 102.876709 9.558800
v 12.804594 106.982399 10.587433
v 15.721927 97.712112 0.103439
v 15.168490 99.717674 0.501411
v 14.279991 103.579712 6.445786
v 14.479198 103.997108 7.031609
v 14.330078 103.423340 9.232193
v 13.388615 106.988998 10.301712
v 13.488922 107.743561 7.895554
v 14.196304 96.718002 -4.851234
v 13.552293 99.547432 -4.585365
v 13.100977 101.926544 -3.626816
v 14.593368 101.752968 0.743774
v 13.926555 104.699432 2.749329
v 13.108646 105.464279 -0.247177
v 12.579193 108.646675 4.384712
v 11.614745 109.448219 2.037331
v 11.794731 96.009811 -7.582809
v 11.174255 99.221680 -7.194565
v 10.280924 102.002853 -6.237465
v 11.526179 106.026291 -2.323929
v 9.337650 106.073105 -3.976105
v 9.973905 109.919449 0.152466
v 7.857101 110.004433 -1.268730
v 8.014956 95.310181 -9.036339
v 7.473093 98.848511 -8.687988
v 6.728994 101.746674 -7.716125
v 6.422264 105.584595 -5.459389
v 5.390995 109.922943 -2.283676
v 3.583043 94.640961 -8.881409
v 3.596411 98.634010 -8.975693
v 3.393018 102.037605 -7.916267
v 3.687989 105.631912 -5.878525
v 3.969289 106.013199 -5.831558
v 5.897810 105.882347 -5.587959
v 5.294684 109.844757 -3.367592
v 2.996481 109.657799 -3.474968
v 14.009021 7.809601 4.307562
v 13.453788 6.628380 1.896166
v 13.752637 7.534919 1.348190
v 14.254086 8.291634 3.849951
v 15.365532 9.736862 6.283890
v 15.636749 9.688400 6.882168
v 16.653675 10.792542 6.715439
v 16.829363 10.389580 7.562967
v 18.656055 11.259079 6.635588
v 18.892136 10.533646 7.385491
v 21.017565 10.890747 5.296911
v 21.386005 10.201324 5.601740
v 21.282953 9.683426 3.028402
v 22.431911 9.511879 4.218446
v 21.216129 8.204483 1.037281
v 21.786900 7.175995 1.223132
v 20.121511 7.832504 -1.682585
v 20.330372 6.846024 -1.875982
v 18.041157 7.858376 -3.024977
v 18.226465 7.579132 -3.410687
v 15.730476 7.874786 -3.524355
v 15.698938 7.640945 -3.567755
v 14.199648 7.624496 -1.915041
v 14.042084 7.248238 -2.255163
v 13.696746 7.341148 -0.310429
v 13.406649 6.567368 -0.584471
v 15.528600 4.707260 -4.330053
v 18.008528 4.965996 -4.344786
v 15.573403 2.479675 -4.176727
v 17.739077 2.563530 -4.269773
v 15.581914 0.332932 -3.884146
v 17.829659 0.271500 -4.122623
v 13.804973 4.590195 -2.514891
v 13.921468 2.496048 -2.355052
v 14.108868 0.339340 -2.346170
v 13.240996 4.370316 -0.436634
v 13.491944 2.386673 -0.296467
v 13.716292 0.338852 -0.120226
v 13.504840 4.513855 2.032084
v 13.816458 2.442207 2.099365
v 13.950357 0.389236 2.045654
v 13.974988 5.167580 4.636181
v 14.178822 2.640457 4.361476
v 14.410668 0.393204 4.715446
v 14.616815 5.770897 7.195233
v 14.571900 2.632065 7.047557
v 14.808719 0.458450 7.122032
v 20.301727 4.550972 -2.375519
v 20.288155 2.314957 -2.424007
v 20.242756 0.361908 -2.439297
v 21.845726 4.747490 0.781839
v 21.807129 2.653099 0.722506
v 21.972633 0.417419 0.613880
v 23.007826 5.672707 3.634863
v 23.257040 2.798782 3.116195
v 23.245329 0.514847 3.099723
v 15.116012 2.858910 9.972756
v 15.241403 0.314133 10.230117
v 15.598118 2.877289 13.073701
v 15.560646 0.370758 13.409787
v 16.347839 2.953667 15.830348
v 16.198942 0.468948 16.211765
v 17.675747 3.016251 18.510323
v 17.592609 0.526627 18.849159
v 19.379801 3.059174 20.422329
v 19.391323 0.548569 20.715027
v 21.724857 3.079430 21.559582
v 21.704958 0.570312 21.754505
v 24.272608 3.075256 21.096729
v 24.238062 0.571092 21.394218
v 25.817751 3.001732 19.361214
v 25.934998 0.501587 19.728699
v 26.800911 2.873642 17.192699
v 27.014015 0.482559 17.428810
v 27.199635 3.002281 14.600026
v 27.534206 0.406906 14.510667
v 26.984272 2.937080 11.741762
v 27.268953 0.341599 11.675719
v 25.731081 2.912544 8.958939
v 26.184793 0.354889 8.857692
v 24.635136 3.108528 6.078781
v 24.773577 0.468155 6.087100
v 24.266531 5.453697 6.475503
v 22.963957 8.185760 6.800728
v 21.823872 9.056129 7.635043
v 19.587460 9.734123 8.892854
v 17.676975 9.251755 9.196421
v 16.523199 8.112579 9.412516
v 15.356345 5.272049 9.868384
v 16.096825 4.496796 12.793970
v 17.181248 6.736527 11.869260
v 18.521173 7.650917 12.225361
v 20.410980 7.919464 11.624184
v 22.754906 7.960686 10.705062
v 24.011028 6.749886 9.758925
v 24.899731 5.046997 8.831368
v 25.889288 4.622940 11.838971
v 24.703800 5.907410 12.236592
v 23.211210 6.757614 13.218976
v 21.572935 7.052605 14.929839
v 19.366253 6.738937 14.745725
v 18.058815 6.145927 14.815700
v 16.915691 4.503601 15.493329
v 18.163654 4.376900 18.037607
v 19.143835 5.665535 17.079910
v 20.267715 6.050330 17.311138
v 21.844955 5.955978 16.213783
v 23.749346 6.065148 15.520603
v 25.012987 5.372856 14.699573
v 26.210810 4.478310 14.350251
v 25.878658 4.177422 17.201347
v 24.674395 5.241821 16.569839
v 23.902100 5.279769 17.952961
v 22.700163 5.472420 18.757580
v 21.067022 5.474899 18.779850
v 20.146832 5.386360 18.309326
v 19.737906 4.291023 19.880543
v 21.609188 4.443359 20.677917
v 25.084888 4.119667 18.997669
v 23.672087 4.390190 20.342827
v 14.936355 31.940483 5.985689
v 14.774977 34.337929 6.144430
v 16.855730 34.609940 6.012117
v 17.093908 32.261574 5.857950
v 18.780346 33.509270 4.194670
v 19.015036 32.882477 -6.607849
v 15.868752 31.106859 -8.568365
v 15.781005 33.881264 -8.656372
v 11.940933 33.309410 -8.139862
v 12.278782 30.732292 -8.015114
v 9.735453 33.035316 -6.841499
v 10.103809 30.496683 -6.719938
v 9.839155 32.442993 2.143583
v 10.378138 31.289955 3.532343
v 10.093436 33.754845 3.651640
v 12.367846 34.086830 5.369070
v 12.743301 31.536919 5.350466
v 17.178526 71.298126 11.553741
v 18.220650 72.747360 -3.023659
v 17.255861 71.075378 -4.492233
v 17.264275 74.391228 -4.608177
v 13.295440 73.993629 -7.251808
v 13.296723 70.688965 -6.843491
v 8.775135 73.552193 -7.157639
v 9.176733 70.222412 -6.648514
v 5.330225 71.465157 -4.020859
v 13.990378 41.609215 5.877853
v 15.885241 41.680763 5.743912
v 17.206236 42.084908 4.901047
v 18.281349 42.248688 3.868622
v 19.314951 42.231682 1.982452
v 20.015837 42.301048 -1.059113
v 19.265100 42.164940 -4.548286
v 17.280134 42.211403 -6.024544
v 15.206913 42.294975 -6.667328
v 11.640238 41.982033 -6.240318
v 9.706686 41.538437 -4.938553
v 8.701962 41.225754 -3.471237
v 8.300714 41.084854 -1.069817
v 9.176373 41.136208 1.139587
v 9.994384 41.447624 2.541275
v 11.004764 41.384697 3.839119
v 12.361722 41.420982 5.141449
v 21.786949 0.091370 20.056099
v 19.945057 0.071381 19.070503
v 23.396837 0.085800 20.140114
v 24.747242 0.042664 19.018761
v 25.622616 -0.026749 16.926300
v 25.751143 -0.088577 14.818532
v 25.636257 -0.149277 12.243186
v 24.936483 -0.180603 9.848369
v 23.565485 -0.134338 6.857845
v 22.274015 -0.023727 3.817152
v 20.919865 0.017487 1.533667
v 19.446337 0.032974 -1.120608
v 18.113091 0.004532 -2.353669
v 16.460749 -0.044693 -2.240454
v 15.422807 -0.061722 -1.724090
v 15.227100 -0.086227 0.178216
v 15.295819 -0.096802 1.814287
v 15.857818 -0.080688 4.541648
v 16.353292 -0.068420 6.849841
v 16.881260 -0.083664 9.210701
v 17.351997 -0.081039 12.585128
v 17.660486 -0.040604 14.811463
v 18.398312 0.022064 17.145191
v 22.848846 0.011795 17.960476
v 17.465422 -0.051590 -0.285625
v 17.977633 -0.066116 1.665573
v 18.708530 -0.073502 3.991833
v 22.559227 -0.056610 15.782708
v 22.022434 -0.114944 13.441571
v 21.047201 -0.139862 11.126146
v 19.855005 -0.110458 8.370435
v 19.510069 -0.086914 6.699811
v 0.000000 96.558891 14.862350
v 3.340625 98.764214 15.296959
v 6.804701 99.084900 15.320442
v 9.883237 99.410057 14.946640
v 17.559053 70.958099 10.788101
v 4.987284 71.656708 7.516365
v 4.995287 71.847290 7.377884
v 5.359827 69.057762 7.214630
v 6.132679 68.592545 6.920067
v 5.186707 70.063751 5.781403
v 4.769530 70.386032 6.668701
v 16.060316 64.261307 10.582611
v 12.824718 64.044525 11.363266
v 9.561206 63.800838 10.254673
v 7.347703 63.701385 7.646759
v 13.178360 59.406708 10.116035
v 13.852167 59.972340 -4.999767
v 10.376331 59.771332 -4.751564
v 8.168820 59.340591 -3.380325
v 7.611548 59.193531 6.301830
v 9.942792 59.165874 9.112942
v 7.483750 58.178902 5.283348
v 16.707825 57.916710 8.786972
v 3.409908 100.859299 16.201576
v 3.225757 103.659752 17.178810
v 12.848126 107.797264 7.692001
v 12.184357 109.361290 1.177094
v 10.844398 109.532707 -0.453819
v 11.995891 106.277405 -2.204102
v 13.105167 105.919464 -0.443695
v 2.526690 109.632660 -2.907280
v 16.325682 59.878109 -4.501957
v 16.493332 57.027615 -3.963894
v 17.399357 58.454971 -3.238838
v 8.839890 56.490555 -3.899925
v 8.042169 59.024261 -4.046692
v 7.563021 57.453529 -3.339516
v 6.457664 69.931808 -5.297653
v 6.005801 73.148331 -5.861794
v 18.053520 72.829178 -3.736160
v 5.428463 71.430908 -5.083931
v 14.024586 41.928764 6.386223
v 13.804085 44.557037 6.604317
v 15.612238 44.764320 6.437622
v 15.907982 42.137062 6.274162
v 17.599648 43.632851 4.616264
v 16.709370 45.440361 -5.569016
v 17.280819 42.804115 -6.159859
v 17.751127 44.007210 -5.376579
v 15.097988 42.782906 -6.989052
v 14.766317 45.594398 -6.255211
v 11.455223 45.270935 -5.856369
v 11.569398 42.491638 -6.572762
v 9.039455 43.054146 -3.714996
v 9.518004 42.972389 2.129875
v 10.504434 41.669701 4.523911
v 10.366079 44.218071 4.713013
v 11.916298 44.374298 5.917122
v 12.187464 41.826134 5.837479
v 18.196293 43.845940 -4.822739
v 9.472075 42.018013 -5.447685
v 9.279434 44.933250 -4.643211
v 8.635551 43.500832 -4.542717
v 17.399742 42.436234 5.494652
v 16.882042 44.939445 5.790382
v 9.061279 43.165848 2.990623
v 9.384196 44.296349 3.517494
v 9.502412 41.826317 3.568451
v 17.666222 43.552361 5.180748
v 17.827272 34.271584 -7.993141
v 17.983406 31.394936 -8.006134
v 18.742638 32.816093 -7.773216
v 9.752060 31.646042 -5.325943
v 9.779563 32.485466 2.945707
v 18.288809 32.276833 5.511911
v 18.430304 34.739983 5.417246
v 18.820618 33.546654 5.004869
v 9.271181 31.696678 -6.319580
v 0.000000 100.649216 16.464211
v 0.000000 103.604179 17.556564
v 0.235990 94.343018 -8.363976
v 0.375105 106.002678 -5.627121
v 0.000000 109.253334 -3.005943
vt 0.435665 0.960960
vt 0.437644 0.940690
vt 0.455299 0.938109
vt 0.457194 0.958924
vt 0.416750 0.959153
vt 0.418453 0.942392
vt 0.392447 0.958011
vt 0.394124 0.939686
vt 0.363996 0.952324
vt 0.366214 0.932480
vt 0.117016 0.491074
vt 0.116555 0.471087
vt 0.090663 0.486283
vt 0.090533 0.466621
vt 0.061289 0.481230
vt 0.061634 0.462754
vt 0.038034 0.475781
vt 0.037031 0.456979
vt 0.013108 0.474182
vt 0.014184 0.453359
vt 0.518028 0.940487
vt 0.516382 0.921008
vt 0.496762 0.945708
vt 0.495821 0.926611
vt 0.477627 0.951844
vt 0.476500 0.932064
vt 0.440796 0.885085
vt 0.458360 0.887890
vt 0.458496 0.889423
vt 0.439845 0.886301
vt 0.425364 0.886466
vt 0.421754 0.917245
vt 0.396716 0.912412
vt 0.401225 0.881825
vt 0.370475 0.905235
vt 0.377054 0.874826
vt 0.114694 0.444779
vt 0.112734 0.425490
vt 0.090335 0.443748
vt 0.088850 0.428406
vt 0.062573 0.441687
vt 0.065751 0.428264
vt 0.052046 0.427524
vt 0.036224 0.424336
vt 0.037540 0.437426
vt 0.015078 0.434920
vt 0.016110 0.414410
vt 0.516859 0.901753
vt 0.517782 0.883044
vt 0.496398 0.886030
vt 0.496541 0.886875
vt 0.477870 0.889041
vt 0.477486 0.887663
vt 0.450165 0.808832
vt 0.463074 0.808165
vt 0.461678 0.819652
vt 0.449931 0.817237
vt 0.447799 0.820629
vt 0.434569 0.819284
vt 0.442663 0.811145
vt 0.436367 0.807946
vt 0.419555 0.814979
vt 0.422132 0.803783
vt 0.397562 0.807920
vt 0.401537 0.796580
vt 0.110102 0.343931
vt 0.108548 0.329506
vt 0.096299 0.348370
vt 0.104556 0.337018
vt 0.079142 0.333072
vt 0.080622 0.346721
vt 0.063424 0.348173
vt 0.061780 0.334711
vt 0.041014 0.334097
vt 0.049257 0.332981
vt 0.043432 0.340283
vt 0.041075 0.348038
vt 0.023374 0.347257
vt 0.024096 0.335793
vt 0.510828 0.815775
vt 0.509755 0.804472
vt 0.494907 0.815397
vt 0.494099 0.808192
vt 0.496208 0.811776
vt 0.478388 0.819443
vt 0.478628 0.807121
vt 0.466985 0.739501
vt 0.477864 0.739401
vt 0.478638 0.756386
vt 0.465852 0.757054
vt 0.453483 0.757221
vt 0.455138 0.738931
vt 0.440993 0.756358
vt 0.439400 0.735962
vt 0.447806 0.737475
vt 0.426117 0.754257
vt 0.426431 0.732530
vt 0.409428 0.750392
vt 0.410575 0.729793
vt 0.096141 0.278938
vt 0.097014 0.260359
vt 0.076989 0.278416
vt 0.074405 0.263234
vt 0.085868 0.261050
vt 0.058367 0.279140
vt 0.057059 0.264702
vt 0.042799 0.264504
vt 0.033137 0.265589
vt 0.039244 0.280933
vt 0.024192 0.284735
vt 0.022474 0.267495
vt 0.505516 0.753845
vt 0.507544 0.736485
vt 0.491824 0.755457
vt 0.498236 0.737034
vt 0.496560 0.802899
vt 0.478164 0.803538
vt 0.477293 0.785580
vt 0.495268 0.783455
vt 0.463951 0.563738
vt 0.472006 0.564695
vt 0.472523 0.592052
vt 0.461767 0.592868
vt 0.450237 0.591004
vt 0.451251 0.562290
vt 0.439860 0.589063
vt 0.440099 0.558963
vt 0.427222 0.586072
vt 0.427036 0.555150
vt 0.081841 0.120872
vt 0.078872 0.094569
vt 0.066552 0.122275
vt 0.064099 0.096041
vt 0.050984 0.123441
vt 0.051914 0.098126
vt 0.036694 0.123568
vt 0.039489 0.097888
vt 0.024935 0.122631
vt 0.027776 0.097552
vt 0.503789 0.591341
vt 0.506222 0.564356
vt 0.492361 0.590384
vt 0.495489 0.563501
vt 0.482364 0.590579
vt 0.483297 0.563131
vt 0.468631 0.680112
vt 0.467367 0.704417
vt 0.455793 0.705740
vt 0.458293 0.679758
vt 0.448804 0.679078
vt 0.440835 0.679215
vt 0.441047 0.705142
vt 0.426979 0.704073
vt 0.428259 0.678789
vt 0.410400 0.703435
vt 0.410106 0.677814
vt 0.094578 0.230152
vt 0.092117 0.207227
vt 0.073830 0.229707
vt 0.080095 0.204409
vt 0.069364 0.204527
vt 0.053408 0.231474
vt 0.052455 0.204811
vt 0.040181 0.204562
vt 0.030947 0.205500
vt 0.032857 0.234118
vt 0.018917 0.236047
vt 0.016425 0.208318
vt 0.507921 0.703610
vt 0.508579 0.677658
vt 0.494207 0.703643
vt 0.494993 0.679089
vt 0.478535 0.703658
vt 0.481219 0.679259
vt 0.472428 0.621207
vt 0.468811 0.662249
vt 0.457806 0.662203
vt 0.460234 0.622621
vt 0.451221 0.662818
vt 0.442121 0.661947
vt 0.447928 0.620692
vt 0.430158 0.660833
vt 0.436821 0.619546
vt 0.411420 0.657479
vt 0.421596 0.616380
vt 0.090189 0.189026
vt 0.085672 0.151745
vt 0.079936 0.188105
vt 0.068492 0.151766
vt 0.068387 0.187949
vt 0.052422 0.187943
vt 0.050725 0.153561
vt 0.039615 0.189164
vt 0.034569 0.153799
vt 0.030954 0.188077
vt 0.015646 0.188725
vt 0.021328 0.151753
vt 0.506377 0.660414
vt 0.503289 0.620343
vt 0.495184 0.660678
vt 0.490723 0.619687
vt 0.481218 0.661226
vt 0.481859 0.619549
vt 0.478315 0.772032
vt 0.477891 0.777581
vt 0.464729 0.777775
vt 0.465043 0.772401
vt 0.452054 0.777501
vt 0.452390 0.772259
vt 0.439270 0.776645
vt 0.439572 0.771479
vt 0.425039 0.773907
vt 0.425261 0.768971
vt 0.407196 0.768965
vt 0.407799 0.764325
vt 0.097507 0.301149
vt 0.097206 0.295917
vt 0.078713 0.302464
vt 0.078464 0.296826
vt 0.060842 0.303195
vt 0.060403 0.297556
vt 0.042917 0.303618
vt 0.042583 0.298287
vt 0.023752 0.305460
vt 0.023188 0.300431
vt 0.506356 0.773987
vt 0.506147 0.768983
vt 0.493372 0.776107
vt 0.492106 0.770979
vt 0.478430 0.765956
vt 0.491968 0.764931
vt 0.459888 0.872036
vt 0.459980 0.874802
vt 0.441603 0.873766
vt 0.440392 0.871030
vt 0.431230 0.843473
vt 0.427914 0.865426
vt 0.407094 0.860592
vt 0.414192 0.838943
vt 0.382422 0.854078
vt 0.388621 0.833016
vt 0.108994 0.402408
vt 0.108010 0.373517
vt 0.085786 0.404520
vt 0.084995 0.375965
vt 0.065663 0.405480
vt 0.060618 0.376416
vt 0.051073 0.407010
vt 0.038384 0.406061
vt 0.041306 0.373114
vt 0.016830 0.397636
vt 0.020742 0.372828
vt 0.516273 0.869144
vt 0.512752 0.840388
vt 0.496218 0.869202
vt 0.496029 0.873461
vt 0.477180 0.874501
vt 0.477321 0.871249
vt 0.051217 0.069811
vt 0.063342 0.068933
vt 0.063715 0.081836
vt 0.051255 0.082861
vt 0.039415 0.083693
vt 0.039410 0.070057
vt 0.028286 0.083280
vt 0.029235 0.068813
vt 0.509075 0.551707
vt 0.512291 0.537046
vt 0.498172 0.550219
vt 0.501328 0.535336
vt 0.484247 0.548997
vt 0.484647 0.532391
vt 0.472865 0.549955
vt 0.474261 0.534539
vt 0.462934 0.550607
vt 0.462422 0.536288
vt 0.450761 0.549323
vt 0.449208 0.536278
vt 0.438601 0.548605
vt 0.435683 0.536006
vt 0.424681 0.547996
vt 0.422697 0.537869
vt 0.076825 0.080040
vt 0.077229 0.068197
vt 0.544840 0.959401
vt 0.525082 0.962155
vt 0.522312 0.954770
vt 0.545245 0.950590
vt 0.497940 0.968328
vt 0.497878 0.959817
vt 0.478502 0.972782
vt 0.479382 0.963970
vt 0.458651 0.975595
vt 0.458050 0.967738
vt 0.436048 0.975508
vt 0.435867 0.968562
vt 0.415600 0.978193
vt 0.415137 0.967338
vt 0.391840 0.978420
vt 0.392860 0.968377
vt 0.361403 0.975725
vt 0.361997 0.963766
vt 0.117003 0.512572
vt 0.117018 0.502425
vt 0.090789 0.506683
vt 0.091248 0.496902
vt 0.060949 0.501535
vt 0.061170 0.492536
vt 0.038473 0.497780
vt 0.038755 0.489750
vt 0.457596 0.915067
vt 0.439642 0.916786
vt 0.496315 0.906183
vt 0.478026 0.910239
vt 0.465337 0.766427
vt 0.452800 0.766396
vt 0.440115 0.765612
vt 0.425660 0.763239
vt 0.408487 0.758908
vt 0.096676 0.289133
vt 0.077859 0.289507
vt 0.059603 0.290227
vt 0.041337 0.291419
vt 0.023724 0.294349
vt 0.505873 0.763097
vt 0.490393 0.738508
vt 0.462124 0.804515
vt 0.464321 0.785563
vt 0.448723 0.804619
vt 0.451604 0.785030
vt 0.438816 0.783962
vt 0.424613 0.780939
vt 0.406236 0.775541
vt 0.098111 0.308669
vt 0.094626 0.328451
vt 0.080195 0.329952
vt 0.079090 0.310357
vt 0.061628 0.331433
vt 0.061421 0.311173
vt 0.043249 0.311248
vt 0.024353 0.312504
vt 0.506679 0.781123
vt 0.718405 0.814005
vt 0.717995 0.832591
vt 0.716790 0.852714
vt 0.566593 0.347418
vt 0.604768 0.387560
vt 0.583092 0.375106
vt 0.628597 0.401775
vt 0.648633 0.413989
vt 0.673084 0.430414
vt 0.597679 0.907692
vt 0.621207 0.902964
vt 0.642256 0.897923
vt 0.662372 0.895127
vt 0.682923 0.887610
vt 0.699242 0.885014
vt 0.716653 0.884498
vt 0.681533 0.901538
vt 0.697693 0.897943
vt 0.697551 0.913397
vt 0.680289 0.915413
vt 0.676611 0.938420
vt 0.680578 0.933555
vt 0.682799 0.953916
vt 0.676543 0.950523
vt 0.663619 0.906607
vt 0.663289 0.916964
vt 0.667808 0.940154
vt 0.663528 0.935478
vt 0.669875 0.951223
vt 0.643379 0.911385
vt 0.644986 0.922614
vt 0.665588 0.957131
vt 0.624858 0.913281
vt 0.628930 0.923151
vt 0.632900 0.933658
vt 0.648118 0.930093
vt 0.651405 0.941949
vt 0.638276 0.944558
vt 0.655505 0.957195
vt 0.640860 0.959414
vt 0.601219 0.919417
vt 0.604102 0.928299
vt 0.608422 0.939133
vt 0.616479 0.945055
vt 0.622262 0.965041
vt 0.570595 0.927534
vt 0.574933 0.938023
vt 0.602028 0.951368
vt 0.606073 0.953471
vt 0.615076 0.949012
vt 0.618375 0.964500
vt 0.612537 0.966865
vt 0.642444 0.429523
vt 0.636886 0.443458
vt 0.634584 0.456639
vt 0.657412 0.467500
vt 0.651261 0.485231
vt 0.641380 0.476731
vt 0.645540 0.502080
vt 0.635245 0.500302
vt 0.622545 0.420787
vt 0.619237 0.435709
vt 0.615669 0.449028
vt 0.625851 0.472084
vt 0.608841 0.473775
vt 0.620716 0.497188
vt 0.606943 0.494012
vt 0.603577 0.412438
vt 0.599958 0.430365
vt 0.597752 0.446202
vt 0.595456 0.467776
vt 0.592450 0.491771
vt 0.582405 0.406832
vt 0.581239 0.428462
vt 0.580994 0.446388
vt 0.579361 0.466707
vt 0.581650 0.469291
vt 0.593291 0.469752
vt 0.588972 0.488051
vt 0.580166 0.488285
vt 0.609409 0.596689
vt 0.595531 0.585117
vt 0.599892 0.579223
vt 0.611738 0.592597
vt 0.628357 0.604304
vt 0.630112 0.608346
vt 0.639852 0.605625
vt 0.639654 0.612049
vt 0.653788 0.606961
vt 0.653654 0.614429
vt 0.672531 0.605515
vt 0.674903 0.610729
vt 0.688027 0.598018
vt 0.686718 0.608589
vt 0.703409 0.591682
vt 0.708903 0.597399
vt 0.714776 0.575521
vt 0.720886 0.578347
vt 0.720495 0.560697
vt 0.723486 0.561873
vt 0.724323 0.545509
vt 0.725907 0.545646
vt 0.591107 0.558786
vt 0.587662 0.558520
vt 0.593909 0.569775
vt 0.588352 0.570644
vt 0.746166 0.549079
vt 0.740079 0.563705
vt 0.760288 0.554301
vt 0.754832 0.567615
vt 0.773992 0.559451
vt 0.768800 0.573834
vt 0.571809 0.564157
vt 0.559341 0.570062
vt 0.545684 0.575529
vt 0.575901 0.577367
vt 0.564205 0.583268
vt 0.551842 0.589750
vt 0.583220 0.591748
vt 0.570803 0.597968
vt 0.557950 0.603243
vt 0.594385 0.605964
vt 0.578203 0.611531
vt 0.565325 0.620108
vt 0.605594 0.620382
vt 0.585760 0.628290
vt 0.572515 0.635082
vt 0.735473 0.582129
vt 0.748897 0.587418
vt 0.761017 0.592068
vt 0.724640 0.602307
vt 0.737522 0.607707
vt 0.751367 0.613743
vt 0.710087 0.618225
vt 0.728791 0.624357
vt 0.742857 0.630745
vt 0.595519 0.646121
vt 0.580414 0.654994
vt 0.604176 0.665353
vt 0.589892 0.674732
vt 0.612688 0.681646
vt 0.599692 0.691862
vt 0.622785 0.696412
vt 0.612028 0.707989
vt 0.632834 0.706263
vt 0.625276 0.719284
vt 0.644302 0.712748
vt 0.640268 0.726030
vt 0.656752 0.714107
vt 0.656435 0.728541
vt 0.667977 0.710959
vt 0.672118 0.725751
vt 0.679477 0.704667
vt 0.687439 0.717664
vt 0.689883 0.693505
vt 0.702985 0.704445
vt 0.700523 0.679833
vt 0.714753 0.688938
vt 0.709358 0.662273
vt 0.724719 0.670880
vt 0.717456 0.643253
vt 0.733354 0.651507
vt 0.702447 0.637519
vt 0.684378 0.627666
vt 0.673042 0.627015
vt 0.654587 0.627258
vt 0.640745 0.626708
vt 0.629703 0.629472
vt 0.610461 0.638954
vt 0.614054 0.659693
vt 0.628783 0.649438
vt 0.639961 0.651233
vt 0.653422 0.650318
vt 0.670184 0.649777
vt 0.683180 0.650882
vt 0.697138 0.653064
vt 0.690297 0.672553
vt 0.679936 0.668060
vt 0.667446 0.667658
vt 0.654059 0.673067
vt 0.641311 0.669331
vt 0.632529 0.669406
vt 0.621467 0.676067
vt 0.629144 0.690601
vt 0.636992 0.683698
vt 0.643513 0.685337
vt 0.653621 0.682652
vt 0.664861 0.682206
vt 0.674431 0.682496
vt 0.682714 0.685766
vt 0.672824 0.698709
vt 0.667624 0.690822
vt 0.660616 0.695422
vt 0.653347 0.696604
vt 0.645579 0.694387
vt 0.641194 0.691382
vt 0.637102 0.700476
vt 0.645651 0.705034
vt 0.664370 0.704690
vt 0.655081 0.706567
vt 0.469260 0.665762
vt 0.468556 0.677240
vt 0.458485 0.676963
vt 0.458654 0.666369
vt 0.445928 0.670433
vt 0.085904 0.195646
vt 0.068030 0.190842
vt 0.069363 0.202059
vt 0.052866 0.201981
vt 0.052401 0.191357
vt 0.043173 0.201193
vt 0.042535 0.192376
vt 0.501784 0.669881
vt 0.494145 0.664931
vt 0.493492 0.675383
vt 0.480666 0.677228
vt 0.480316 0.664932
vt 0.437246 0.878211
vt 0.119563 0.412912
vt 0.108982 0.406286
vt 0.111075 0.422278
vt 0.088415 0.423745
vt 0.086149 0.408250
vt 0.067444 0.424797
vt 0.066096 0.408982
vt 0.043475 0.416911
vt 0.468561 0.719474
vt 0.457502 0.718462
vt 0.448049 0.719518
vt 0.439428 0.718731
vt 0.427571 0.716423
vt 0.410550 0.714468
vt 0.096952 0.241462
vt 0.084264 0.242352
vt 0.073241 0.243574
vt 0.055115 0.244814
vt 0.042982 0.245955
vt 0.033147 0.246129
vt 0.020401 0.248563
vt 0.507970 0.717327
vt 0.498748 0.719666
vt 0.489562 0.718595
vt 0.478962 0.718866
vt 0.526217 0.239407
vt 0.534968 0.233006
vt 0.518035 0.240989
vt 0.510293 0.236266
vt 0.504255 0.226192
vt 0.501955 0.215457
vt 0.500608 0.202113
vt 0.502394 0.189263
vt 0.507140 0.172781
vt 0.511457 0.156066
vt 0.516683 0.143191
vt 0.522334 0.128366
vt 0.528302 0.121041
vt 0.536870 0.120406
vt 0.542566 0.122286
vt 0.545040 0.131871
vt 0.545938 0.140338
vt 0.545192 0.154847
vt 0.544433 0.167185
vt 0.543505 0.179782
vt 0.543578 0.197654
vt 0.543624 0.209384
vt 0.541524 0.221960
vt 0.519239 0.229425
vt 0.533173 0.131195
vt 0.532009 0.141642
vt 0.530026 0.154217
vt 0.519110 0.218005
vt 0.520117 0.205548
vt 0.523404 0.192876
vt 0.527468 0.177743
vt 0.527972 0.168838
vt 0.716455 0.898268
vt 0.716264 0.913713
vt 0.698308 0.925524
vt 0.679771 0.927441
vt 0.663574 0.928343
vt 0.562709 0.444680
vt 0.562755 0.427054
vt 0.433906 0.875914
vt 0.503683 0.884691
vt 0.504474 0.885586
vt 0.502978 0.873113
vt 0.503112 0.868750
vt 0.511016 0.875779
vt 0.506564 0.878295
vt 0.445358 0.845245
vt 0.461293 0.846587
vt 0.478112 0.845936
vt 0.495003 0.844239
vt 0.462028 0.822544
vt 0.081434 0.350364
vt 0.062420 0.351556
vt 0.048179 0.350042
vt 0.496623 0.820112
vt 0.478747 0.821689
vt 0.501759 0.813776
vt 0.446245 0.812494
vt 0.698439 0.935877
vt 0.698985 0.952810
vt 0.610573 0.970322
vt 0.632826 0.497554
vt 0.624171 0.495331
vt 0.627593 0.475593
vt 0.638375 0.478769
vt 0.575779 0.491241
vt 0.093248 0.345223
vt 0.093201 0.331662
vt 0.100397 0.337284
vt 0.051876 0.335530
vt 0.050896 0.346890
vt 0.046732 0.340635
vt 0.052277 0.410255
vt 0.053556 0.423777
vt 0.115760 0.414011
vt 0.048512 0.417048
vt 0.467765 0.722655
vt 0.466627 0.736480
vt 0.457129 0.735510
vt 0.457926 0.722559
vt 0.443496 0.727435
vt 0.083470 0.258952
vt 0.083930 0.245344
vt 0.088273 0.251328
vt 0.072864 0.246414
vt 0.073261 0.260258
vt 0.056687 0.261501
vt 0.055950 0.247887
vt 0.037161 0.254885
vt 0.503041 0.727888
vt 0.488561 0.723136
vt 0.488179 0.735816
vt 0.477796 0.736673
vt 0.477768 0.723133
vt 0.092049 0.250630
vt 0.044971 0.248897
vt 0.045058 0.261231
vt 0.041778 0.255949
vt 0.449635 0.722860
vt 0.450192 0.734788
vt 0.498380 0.729765
vt 0.496149 0.735338
vt 0.494762 0.724305
vt 0.446879 0.727470
vt 0.078124 0.202055
vt 0.076870 0.191166
vt 0.080848 0.195998
vt 0.035825 0.196110
vt 0.497497 0.670396
vt 0.453470 0.666510
vt 0.451621 0.675677
vt 0.449594 0.671046
vt 0.040350 0.197003
vt 0.564627 0.369098
vt 0.716129 0.924347
vt 0.715984 0.937001
vt 0.715760 0.953405
vt 0.563571 0.404228
vt 0.561088 0.469180
vt 0.562317 0.490602
vt 0.269346 0.948017
vt 0.250516 0.947121
vt 0.249677 0.929840
vt 0.266944 0.931183
vt 0.287680 0.949438
vt 0.286987 0.932438
vt 0.311792 0.948250
vt 0.309940 0.930003
vt 0.341708 0.943168
vt 0.340544 0.922672
vt 0.034035 0.949186
vt 0.033984 0.929152
vt 0.060294 0.943731
vt 0.059952 0.924043
vt 0.089567 0.937983
vt 0.088799 0.919505
vt 0.112703 0.932008
vt 0.113290 0.913182
vt 0.137587 0.929856
vt 0.136055 0.909066
vt 0.186513 0.931321
vt 0.188157 0.911800
vt 0.207838 0.936539
vt 0.208757 0.917397
vt 0.227043 0.942654
vt 0.228136 0.922825
vt 0.263631 0.875882
vt 0.264577 0.877095
vt 0.245989 0.880189
vt 0.246125 0.878660
vt 0.278983 0.877282
vt 0.302895 0.872751
vt 0.307345 0.903010
vt 0.282573 0.907825
vt 0.331195 0.864218
vt 0.336763 0.893158
vt 0.036727 0.883290
vt 0.035206 0.902715
vt 0.060766 0.885693
vt 0.059617 0.901114
vt 0.083921 0.885056
vt 0.087393 0.898434
vt 0.097631 0.884028
vt 0.113402 0.880509
vt 0.133316 0.870171
vt 0.134770 0.890653
vt 0.112359 0.893632
vt 0.186766 0.873799
vt 0.187679 0.892520
vt 0.208149 0.876796
vt 0.227045 0.878431
vt 0.226661 0.879807
vt 0.208007 0.877641
vt 0.254475 0.799773
vt 0.254682 0.808168
vt 0.242943 0.810543
vt 0.241582 0.799064
vt 0.256801 0.811561
vt 0.261958 0.802109
vt 0.270012 0.810266
vt 0.268254 0.798937
vt 0.282472 0.794836
vt 0.284972 0.805995
vt 0.303084 0.787796
vt 0.306967 0.799164
vt 0.039248 0.786770
vt 0.037862 0.801267
vt 0.043343 0.794246
vt 0.051794 0.805514
vt 0.068751 0.789913
vt 0.086158 0.791275
vt 0.084735 0.804777
vt 0.067487 0.803610
vt 0.106921 0.790315
vt 0.104608 0.796542
vt 0.098659 0.789337
vt 0.123863 0.791720
vt 0.124786 0.803167
vt 0.107099 0.804259
vt 0.194927 0.795242
vt 0.193828 0.806544
vt 0.209748 0.806202
vt 0.208457 0.802579
vt 0.210574 0.799001
vt 0.226043 0.797973
vt 0.226248 0.810288
vt 0.237943 0.730383
vt 0.238999 0.747952
vt 0.226209 0.747231
vt 0.227055 0.730234
vt 0.249803 0.729869
vt 0.251372 0.748175
vt 0.257146 0.728448
vt 0.265565 0.726978
vt 0.263867 0.747371
vt 0.278559 0.723614
vt 0.278755 0.745348
vt 0.294437 0.720967
vt 0.295467 0.741576
vt 0.049804 0.717468
vt 0.050946 0.736020
vt 0.070078 0.735217
vt 0.060950 0.717997
vt 0.072434 0.720011
vt 0.089783 0.721218
vt 0.088696 0.735661
vt 0.104021 0.720803
vt 0.113686 0.721739
vt 0.124360 0.723477
vt 0.122916 0.740714
vt 0.107825 0.737156
vt 0.197344 0.727192
vt 0.199312 0.744588
vt 0.206666 0.727778
vt 0.213015 0.746251
vt 0.208127 0.793702
vt 0.209474 0.774258
vt 0.227446 0.776441
vt 0.226517 0.794392
vt 0.241981 0.554313
vt 0.243986 0.583524
vt 0.233211 0.582640
vt 0.233902 0.555221
vt 0.254719 0.552942
vt 0.255553 0.581727
vt 0.265917 0.549680
vt 0.265966 0.579847
vt 0.279032 0.545940
vt 0.278649 0.576930
vt 0.065598 0.551667
vt 0.062993 0.577968
vt 0.080367 0.552937
vt 0.078276 0.579159
vt 0.092559 0.554854
vt 0.093831 0.580110
vt 0.104958 0.554448
vt 0.108095 0.580041
vt 0.116643 0.553956
vt 0.119818 0.578945
vt 0.199601 0.554661
vt 0.201872 0.581734
vt 0.210369 0.553873
vt 0.213335 0.580845
vt 0.222593 0.553580
vt 0.223356 0.581102
vt 0.236596 0.670906
vt 0.246953 0.670608
vt 0.249316 0.696643
vt 0.237733 0.695256
vt 0.256462 0.669982
vt 0.264441 0.670164
vt 0.277039 0.669811
vt 0.278171 0.695133
vt 0.264083 0.696123
vt 0.295221 0.668944
vt 0.294771 0.694593
vt 0.053935 0.664328
vt 0.051804 0.687257
vt 0.065900 0.661344
vt 0.072519 0.686515
vt 0.076616 0.661309
vt 0.093502 0.661351
vt 0.092936 0.687983
vt 0.105750 0.660926
vt 0.114980 0.661730
vt 0.129513 0.664331
vt 0.127431 0.692040
vt 0.113490 0.690321
vt 0.196581 0.668236
vt 0.197111 0.694249
vt 0.210190 0.669741
vt 0.210853 0.694347
vt 0.223990 0.669984
vt 0.226552 0.694440
vt 0.233130 0.611861
vt 0.245342 0.613351
vt 0.247541 0.653027
vt 0.236516 0.653010
vt 0.257684 0.611493
vt 0.263255 0.652861
vt 0.254134 0.653681
vt 0.268820 0.610413
vt 0.275244 0.651816
vt 0.284095 0.607335
vt 0.294032 0.648571
vt 0.059594 0.608842
vt 0.055604 0.646126
vt 0.076746 0.608625
vt 0.065829 0.645062
vt 0.094506 0.610170
vt 0.093294 0.644512
vt 0.077356 0.644745
vt 0.106095 0.645550
vt 0.110634 0.610183
vt 0.123820 0.607957
vt 0.130009 0.644771
vt 0.114723 0.644341
vt 0.202201 0.610814
vt 0.198880 0.650964
vt 0.214802 0.610230
vt 0.210096 0.651289
vt 0.223687 0.610144
vt 0.224090 0.651915
vt 0.226472 0.762887
vt 0.239745 0.763307
vt 0.240038 0.768682
vt 0.226876 0.768439
vt 0.252397 0.763218
vt 0.252710 0.768461
vt 0.265214 0.762498
vt 0.265492 0.767662
vt 0.279532 0.760062
vt 0.279728 0.764997
vt 0.297013 0.755516
vt 0.297588 0.760156
vt 0.050128 0.753008
vt 0.049903 0.758244
vt 0.068879 0.753641
vt 0.068714 0.759282
vt 0.086945 0.754095
vt 0.086593 0.759739
vt 0.104764 0.754545
vt 0.104517 0.759878
vt 0.124176 0.756372
vt 0.123695 0.761405
vt 0.198631 0.759741
vt 0.198407 0.764751
vt 0.212678 0.761785
vt 0.211394 0.766912
vt 0.212837 0.755733
vt 0.226379 0.756808
vt 0.244616 0.862845
vt 0.264061 0.861877
vt 0.262848 0.864603
vt 0.244520 0.865605
vt 0.273293 0.834394
vt 0.294670 0.829387
vt 0.299886 0.850493
vt 0.276519 0.856335
vt 0.319129 0.822845
vt 0.326762 0.845078
vt 0.040471 0.830952
vt 0.039986 0.860005
vt 0.063601 0.833004
vt 0.063343 0.861662
vt 0.088043 0.833012
vt 0.083542 0.862225
vt 0.107315 0.829352
vt 0.110871 0.862266
vt 0.098188 0.863467
vt 0.127882 0.828685
vt 0.132264 0.853416
vt 0.191854 0.831150
vt 0.188291 0.859898
vt 0.208340 0.859978
vt 0.227218 0.862042
vt 0.227356 0.865288
vt 0.208526 0.864234
vt 0.092877 0.526577
vt 0.093012 0.539606
vt 0.080558 0.538750
vt 0.080757 0.525863
vt 0.104668 0.526667
vt 0.104842 0.540280
vt 0.114809 0.525293
vt 0.115944 0.539720
vt 0.193699 0.527236
vt 0.196823 0.541959
vt 0.204702 0.525597
vt 0.207765 0.540539
vt 0.221443 0.522758
vt 0.221733 0.539406
vt 0.231838 0.524981
vt 0.233136 0.540441
vt 0.243691 0.526811
vt 0.243085 0.541158
vt 0.256933 0.526886
vt 0.255293 0.539950
vt 0.270489 0.526701
vt 0.267484 0.539308
vt 0.283491 0.528651
vt 0.281438 0.538787
vt 0.066881 0.525315
vt 0.067445 0.537135
vt 0.159630 0.950287
vt 0.159226 0.941451
vt 0.182221 0.945644
vt 0.179443 0.953052
vt 0.206674 0.959241
vt 0.206731 0.950698
vt 0.226217 0.963701
vt 0.225308 0.954837
vt 0.249666 0.967691
vt 0.249126 0.958145
vt 0.268995 0.967724
vt 0.269169 0.958634
vt 0.285644 0.969740
vt 0.284302 0.958567
vt 0.312424 0.968259
vt 0.311420 0.958331
vt 0.342508 0.964655
vt 0.342593 0.953409
vt 0.034611 0.970687
vt 0.034341 0.960542
vt 0.060668 0.964140
vt 0.059969 0.954368
vt 0.090378 0.958282
vt 0.089947 0.949289
vt 0.112760 0.954013
vt 0.112296 0.945992
vt 0.246933 0.905716
vt 0.264786 0.907420
vt 0.208237 0.896948
vt 0.226530 0.900975
vt 0.239475 0.757331
vt 0.252013 0.757354
vt 0.264700 0.756629
vt 0.279164 0.754330
vt 0.296357 0.750098
vt 0.050560 0.746317
vt 0.069374 0.746315
vt 0.087631 0.746758
vt 0.105900 0.747664
vt 0.123540 0.750307
vt 0.198923 0.753850
vt 0.214514 0.729287
vt 0.240415 0.776471
vt 0.242543 0.795420
vt 0.253129 0.775987
vt 0.255930 0.795570
vt 0.265911 0.774975
vt 0.280117 0.772026
vt 0.298510 0.766733
vt 0.049406 0.765773
vt 0.053174 0.785520
vt 0.068456 0.767180
vt 0.067648 0.786806
vt 0.086139 0.767725
vt 0.086257 0.787992
vt 0.104308 0.767509
vt 0.123213 0.768452
vt 0.198064 0.771891
vt 0.526100 0.385466
vt 0.548370 0.374004
vt 0.501756 0.398480
vt 0.481353 0.409596
vt 0.456294 0.423143
vt 0.828128 0.915137
vt 0.811571 0.906901
vt 0.791631 0.900729
vt 0.770962 0.897925
vt 0.751542 0.889918
vt 0.733889 0.885619
vt 0.751124 0.902439
vt 0.734828 0.897857
vt 0.751893 0.916375
vt 0.734172 0.913256
vt 0.753290 0.940118
vt 0.751856 0.957824
vt 0.749401 0.959162
vt 0.751091 0.937054
vt 0.771112 0.908011
vt 0.769640 0.919484
vt 0.768770 0.938858
vt 0.765082 0.940720
vt 0.761616 0.959075
vt 0.788864 0.912257
vt 0.786770 0.924564
vt 0.762174 0.960884
vt 0.808331 0.916699
vt 0.804554 0.925431
vt 0.800640 0.937690
vt 0.792263 0.947843
vt 0.779790 0.945663
vt 0.784256 0.933134
vt 0.786983 0.964828
vt 0.775977 0.961253
vt 0.828682 0.922014
vt 0.825947 0.930579
vt 0.821847 0.941072
vt 0.804372 0.947986
vt 0.796541 0.967993
vt 0.857955 0.929828
vt 0.853783 0.939793
vt 0.820202 0.953797
vt 0.816368 0.955611
vt 0.809063 0.970521
vt 0.800179 0.966867
vt 0.806257 0.951463
vt 0.486677 0.425198
vt 0.491404 0.439136
vt 0.492904 0.452157
vt 0.486513 0.476745
vt 0.470294 0.481497
vt 0.470307 0.461568
vt 0.490666 0.501167
vt 0.476892 0.504369
vt 0.503626 0.417949
vt 0.507597 0.433242
vt 0.511420 0.447589
vt 0.514080 0.471038
vt 0.500785 0.474099
vt 0.518460 0.495842
vt 0.506048 0.498206
vt 0.522751 0.412150
vt 0.526294 0.429309
vt 0.529813 0.444165
vt 0.529781 0.466539
vt 0.532318 0.493818
vt 0.545008 0.406749
vt 0.545526 0.427503
vt 0.546475 0.445472
vt 0.544673 0.466431
vt 0.542835 0.468462
vt 0.545456 0.489130
vt 0.535598 0.488247
vt 0.532965 0.467972
vt 0.910343 0.458022
vt 0.908091 0.453887
vt 0.920186 0.440736
vt 0.924437 0.446711
vt 0.889405 0.469333
vt 0.891255 0.465283
vt 0.879814 0.472815
vt 0.879735 0.466389
vt 0.865771 0.474935
vt 0.865777 0.467464
vt 0.844594 0.470839
vt 0.847063 0.465670
vt 0.832823 0.468480
vt 0.831710 0.457886
vt 0.810853 0.456879
vt 0.816452 0.451267
vt 0.799230 0.437611
vt 0.805390 0.434901
vt 0.796937 0.421097
vt 0.799949 0.419977
vt 0.794819 0.404834
vt 0.796404 0.404726
vt 0.932800 0.420263
vt 0.929350 0.420465
vt 0.931884 0.432374
vt 0.926345 0.431401
vt 0.774506 0.407888
vt 0.780318 0.422620
vt 0.760295 0.412845
vt 0.765500 0.426253
vt 0.746502 0.417738
vt 0.751424 0.432209
vt 0.948547 0.426194
vt 0.960905 0.432332
vt 0.974460 0.438052
vt 0.944210 0.439328
vt 0.955795 0.445446
vt 0.968037 0.452159
vt 0.936623 0.453571
vt 0.948922 0.460022
vt 0.961678 0.465538
vt 0.925193 0.467578
vt 0.941271 0.473448
vt 0.953986 0.482264
vt 0.913715 0.481785
vt 0.933400 0.490064
vt 0.946483 0.497171
vt 0.784579 0.441120
vt 0.771063 0.446156
vt 0.758864 0.450577
vt 0.795031 0.461491
vt 0.782053 0.466648
vt 0.768101 0.472421
vt 0.809280 0.477676
vt 0.790468 0.483456
vt 0.776288 0.489577
vt 0.923307 0.507710
vt 0.938244 0.516865
vt 0.914291 0.526778
vt 0.928398 0.536423
vt 0.905475 0.542909
vt 0.918279 0.553367
vt 0.895103 0.557485
vt 0.905643 0.569262
vt 0.884870 0.567147
vt 0.892185 0.580310
vt 0.873281 0.573418
vt 0.877066 0.586776
vt 0.860832 0.574543
vt 0.860852 0.588983
vt 0.849640 0.571183
vt 0.845222 0.585897
vt 0.838260 0.564676
vt 0.830053 0.577521
vt 0.828066 0.553319
vt 0.814759 0.564010
vt 0.817684 0.539449
vt 0.803285 0.548283
vt 0.809183 0.521725
vt 0.793663 0.530041
vt 0.801444 0.502558
vt 0.785396 0.510510
vt 0.816557 0.497108
vt 0.834806 0.487595
vt 0.846152 0.487156
vt 0.864599 0.487744
vt 0.878449 0.487453
vt 0.889439 0.490423
vt 0.908500 0.500265
vt 0.904520 0.520933
vt 0.889985 0.510404
vt 0.878775 0.511989
vt 0.865332 0.510823
vt 0.848583 0.509967
vt 0.835569 0.510828
vt 0.821573 0.512748
vt 0.828046 0.532362
vt 0.838490 0.528065
vt 0.850985 0.527897
vt 0.864269 0.533556
vt 0.877085 0.530060
vt 0.885865 0.530298
vt 0.896802 0.537167
vt 0.888853 0.551555
vt 0.881135 0.544505
vt 0.874584 0.546023
vt 0.864527 0.543149
vt 0.853297 0.542492
vt 0.843723 0.542601
vt 0.835380 0.545716
vt 0.845024 0.558843
vt 0.850372 0.551055
vt 0.857293 0.555786
vt 0.864539 0.557104
vt 0.872348 0.555033
vt 0.876790 0.552110
vt 0.880710 0.561280
vt 0.872077 0.565678
vt 0.853366 0.564983
vt 0.862618 0.567035
vt 0.236045 0.656528
vt 0.246667 0.657195
vt 0.246777 0.667809
vt 0.236687 0.668029
vt 0.259392 0.661339
vt 0.059976 0.652676
vt 0.077754 0.647627
vt 0.093363 0.647920
vt 0.093051 0.658531
vt 0.076583 0.658845
vt 0.103226 0.648796
vt 0.102715 0.657607
vt 0.203433 0.660476
vt 0.211115 0.655558
vt 0.224973 0.655634
vt 0.224555 0.667952
vt 0.211713 0.666034
vt 0.267182 0.869042
vt 0.029556 0.870791
vt 0.040076 0.863901
vt 0.063053 0.865414
vt 0.061102 0.881007
vt 0.038319 0.880026
vt 0.083178 0.865743
vt 0.082151 0.881618
vt 0.105995 0.873226
vt 0.247538 0.709370
vt 0.236462 0.710328
vt 0.256996 0.710477
vt 0.277509 0.707490
vt 0.265628 0.709735
vt 0.294554 0.705633
vt 0.049594 0.698587
vt 0.062280 0.699294
vt 0.073309 0.700355
vt 0.091428 0.701327
vt 0.113380 0.702313
vt 0.103559 0.702286
vt 0.126138 0.704550
vt 0.196998 0.707994
vt 0.206228 0.710378
vt 0.226050 0.709668
vt 0.215435 0.709347
vt 0.336949 0.658972
vt 0.328922 0.651680
vt 0.344918 0.661410
vt 0.353117 0.657532
vt 0.360186 0.648152
vt 0.363607 0.637720
vt 0.366358 0.624592
vt 0.365940 0.611626
vt 0.362965 0.594735
vt 0.360441 0.577657
vt 0.356609 0.564302
vt 0.352560 0.548961
vt 0.347401 0.541044
vt 0.338948 0.539504
vt 0.333085 0.540771
vt 0.329609 0.550040
vt 0.327818 0.558365
vt 0.327024 0.572873
vt 0.326473 0.585224
vt 0.326058 0.597894
vt 0.324100 0.615614
vt 0.322814 0.627274
vt 0.323571 0.640003
vt 0.344943 0.649783
vt 0.341481 0.550625
vt 0.341532 0.561138
vt 0.342172 0.573853
vt 0.346279 0.638440
vt 0.346595 0.625946
vt 0.344666 0.612996
vt 0.342226 0.597518
vt 0.342667 0.588610
vt 0.752099 0.928136
vt 0.733903 0.925848
vt 0.768473 0.930261
vt 0.270514 0.866761
vt 0.200076 0.876350
vt 0.200867 0.875455
vt 0.201580 0.863881
vt 0.197990 0.869058
vt 0.193541 0.866538
vt 0.201450 0.859518
vt 0.243263 0.837440
vt 0.259178 0.836133
vt 0.226466 0.836758
vt 0.209591 0.835031
vt 0.242585 0.813431
vt 0.066733 0.807273
vt 0.085798 0.808147
vt 0.100026 0.806387
vt 0.208021 0.810911
vt 0.225884 0.812532
vt 0.202901 0.804565
vt 0.258378 0.803444
vt 0.733895 0.937891
vt 0.732616 0.953315
vt 0.810514 0.974757
vt 0.493267 0.495866
vt 0.489140 0.478694
vt 0.498506 0.476537
vt 0.501852 0.492984
vt 0.548787 0.491874
vt 0.054806 0.802309
vt 0.047518 0.794454
vt 0.054649 0.788716
vt 0.096082 0.791931
vt 0.097254 0.803280
vt 0.101314 0.796951
vt 0.097047 0.866741
vt 0.096042 0.880307
vt 0.033416 0.871816
vt 0.100955 0.873466
vt 0.237243 0.713516
vt 0.247093 0.713469
vt 0.247827 0.726437
vt 0.238316 0.727362
vt 0.261511 0.718424
vt 0.063316 0.715865
vt 0.058406 0.708319
vt 0.062658 0.702278
vt 0.073726 0.703186
vt 0.090640 0.704408
vt 0.090107 0.718015
vt 0.073533 0.717020
vt 0.109504 0.711114
vt 0.201891 0.718596
vt 0.216417 0.713901
vt 0.227226 0.713948
vt 0.227135 0.727503
vt 0.216743 0.726600
vt 0.054624 0.707675
vt 0.101617 0.705253
vt 0.101716 0.717569
vt 0.104912 0.712246
vt 0.255391 0.713813
vt 0.254772 0.725748
vt 0.206552 0.720496
vt 0.210200 0.715044
vt 0.208763 0.726088
vt 0.258125 0.718441
vt 0.067835 0.658965
vt 0.065029 0.652956
vt 0.068933 0.648075
vt 0.109976 0.652428
vt 0.207726 0.661016
vt 0.251859 0.657366
vt 0.253659 0.666559
vt 0.255716 0.661931
vt 0.105473 0.653384
vt 0.514251 0.531431
vt 0.500342 0.530983
vt 0.482905 0.529884
vt 0.473895 0.532566
vt 0.462842 0.533100
vt 0.448077 0.531620
vt 0.434492 0.533112
vt 0.421908 0.530851
vt 0.074754 0.062634
vt 0.062708 0.066326
vt 0.051141 0.068697
vt 0.040130 0.067542
vt 0.523110 0.532434
vt 0.205721 0.521240
vt 0.191773 0.521591
vt 0.223206 0.520256
vt 0.232219 0.523005
vt 0.243291 0.523613
vt 0.258097 0.522226
vt 0.271702 0.523808
vt 0.284327 0.521623
vt 0.069277 0.519727
vt 0.081355 0.523251
vt 0.092938 0.525464
vt 0.103917 0.524165
vt 0.182884 0.522531
vt 0.545072 0.937474
vt 0.543165 0.917249
vt 0.540524 0.899334
vt 0.537167 0.879179
vt 0.122520 0.341199
vt 0.119670 0.328943
vt 0.525695 0.813332
vt 0.523360 0.801912
vt 0.112454 0.280906
vt 0.114392 0.259690
vt 0.517942 0.752253
vt 0.518754 0.735221
vt 0.097215 0.115601
vt 0.092601 0.084641
vt 0.516039 0.591270
vt 0.518538 0.566401
vt 0.116065 0.233099
vt 0.115034 0.207565
vt 0.522324 0.704181
vt 0.524940 0.676690
vt 0.112188 0.187167
vt 0.104196 0.145787
vt 0.522377 0.657849
vt 0.517647 0.620473
vt 0.112758 0.300152
vt 0.112312 0.295245
vt 0.517827 0.772238
vt 0.517026 0.767475
vt 0.129179 0.368624
vt 0.533937 0.862879
vt 0.530257 0.838530
vt 0.519984 0.552246
vt 0.521318 0.537483
vt 0.091565 0.076647
vt 0.091663 0.065438
vt 0.010000 0.496560
vt 0.011942 0.487685
vt 0.112216 0.289673
vt 0.517340 0.761558
vt 0.113634 0.306991
vt 0.518991 0.779041
vt 0.566940 0.329366
vt 0.115689 0.244151
vt 0.520896 0.716502
vt 0.159403 0.928301
vt 0.161325 0.908027
vt 0.167373 0.869909
vt 0.163987 0.890082
vt 0.028117 0.786336
vt 0.025385 0.798613
vt 0.181324 0.792649
vt 0.178964 0.804068
vt 0.032431 0.717048
vt 0.034672 0.738221
vt 0.186118 0.725881
vt 0.186870 0.742949
vt 0.051756 0.541943
vt 0.047572 0.572916
vt 0.187238 0.556634
vt 0.189590 0.581589
vt 0.031055 0.664989
vt 0.030384 0.690506
vt 0.180188 0.667182
vt 0.182672 0.694751
vt 0.041018 0.603151
vt 0.033612 0.644578
vt 0.187806 0.610862
vt 0.182855 0.648306
vt 0.035016 0.752552
vt 0.034640 0.757463
vt 0.187743 0.758201
vt 0.186930 0.762969
vt 0.022725 0.826714
vt 0.174353 0.829259
vt 0.170630 0.853605
vt 0.184643 0.527609
vt 0.185879 0.542426
vt 0.052432 0.522756
vt 0.052682 0.533947
vt 0.141194 0.952155
vt 0.139054 0.943327
vt 0.035034 0.746980
vt 0.187444 0.752273
vt 0.033860 0.764313
vt 0.185749 0.769776
vt 0.030915 0.701541
vt 0.184047 0.707110
vt 0.089832 0.058137
vt 0.032111 0.064398
vt 0.054160 0.515442
vt 0.111883 0.520925
vt 0.142643 0.495667
vt 0.142777 0.474866
vt 0.141565 0.446110
vt 0.139412 0.413584
vt 0.134692 0.391395
vt 0.141585 0.520128
vt 0.141536 0.507639
vt 0.566380 0.912650
vt 0.666476 0.445324
vt 0.662577 0.456633
vt 0.578465 0.948906
vt 0.586708 0.964062
vt 0.596021 0.978156
vt 0.010052 0.955421
vt 0.010799 0.933880
vt 0.014641 0.871822
vt 0.012472 0.902781
vt 0.019368 0.851573
vt 0.010000 0.978107
vt 0.010405 0.966224
vt 0.862392 0.914314
vt 0.462429 0.439537
vt 0.465740 0.450750
vt 0.837406 0.963103
vt 0.850411 0.950103
vt 0.825709 0.981899
vt 0.540221 0.111088
vt 0.528391 0.111591
vt 0.549045 0.117884
vt 0.552932 0.129085
vt 0.553504 0.140453
vt 0.553217 0.154638
vt 0.553101 0.167427
vt 0.517075 0.122026
vt 0.510269 0.139087
vt 0.505332 0.152859
vt 0.553005 0.183894
vt 0.553742 0.200635
vt 0.552556 0.215669
vt 0.547268 0.230393
vt 0.539247 0.241389
vt 0.527958 0.248465
vt 0.514542 0.248475
vt 0.504486 0.241136
vt 0.497069 0.230090
vt 0.492153 0.215351
vt 0.491374 0.200444
vt 0.494725 0.184997
vt 0.499708 0.169492
vt 0.336603 0.529884
vt 0.348314 0.531638
vt 0.327108 0.535706
vt 0.322103 0.546414
vt 0.320283 0.557678
vt 0.319065 0.571816
vt 0.317828 0.584546
vt 0.358461 0.543214
vt 0.363420 0.560900
vt 0.366871 0.575117
vt 0.316180 0.600932
vt 0.313676 0.617503
vt 0.313265 0.632580
vt 0.316967 0.647782
vt 0.323780 0.659566
vt 0.334259 0.667796
vt 0.347601 0.669225
vt 0.358377 0.662989
vt 0.366920 0.652787
vt 0.373366 0.638650
vt 0.375717 0.623909
vt 0.374018 0.608195
vt 0.370703 0.592251
vt 0.588486 0.544325
vt 0.586902 0.544681
vt 0.566613 0.548299
vt 0.552518 0.554716
vt 0.539511 0.562162
vt 0.933817 0.406439
vt 0.932240 0.406054
vt 0.954038 0.410434
vt 0.968013 0.417113
vt 0.980882 0.424801
vt 0.655553 0.402170
vt 0.631600 0.387426
vt 0.604417 0.371209
vt 0.586263 0.355939
vt 0.475091 0.397619
vt 0.499436 0.384120
vt 0.527195 0.369171
vt 0.545996 0.354675
vt 0.573699 0.328101
vt 0.560264 0.327707
vt 0.676868 0.419226
vt 0.452864 0.412716
vt 0.712075 0.813894
vt 0.709606 0.833585
vt 0.697277 0.858902
vt 0.681458 0.871094
vt 0.662735 0.879416
vt 0.639489 0.883942
vt 0.619107 0.890492
vt 0.594902 0.896271
vt 0.563580 0.901926
vt 0.724732 0.814231
vt 0.726106 0.834037
vt 0.737047 0.859884
vt 0.752174 0.872894
vt 0.773078 0.884549
vt 0.791982 0.889040
vt 0.807767 0.894935
vt 0.834747 0.899758
vt 0.865119 0.904619
f 3/2 2/3 1/4 4/1
f 5/5 6/6 3/2 4/1
f 8/8 6/6 5/5 7/7
f 10/10 8/8 7/7 9/9
f 12/12 10/1513 9/1512 11/11
f 13/13 14/14 12/12 11/11
f 16/16 14/14 13/13 15/15
f 17/17 18/18 16/16 15/15
f 19/19 20/20 18/18 17/17
f 21/21 22/22 20/1422 19/1421
f 24/24 22/22 21/21 23/23
f 25/25 26/26 24/24 23/23
f 2/3 26/26 25/25 1/4
f 28/28 498/29 499/30 27/27
f 29/31 157/32 156/33 30/34
f 30/34 156/33 168/35 31/36
f 31/1515 168/1514 167/37 32/38
f 32/38 167/37 166/39 33/40
f 33/40 166/39 165/41 34/42
f 34/42 165/41 573/43
f 35/44 164/45 163/46 36/47
f 163/1423 162/48 37/49 36/1424
f 508/51 509/52 39/53 38/50
f 28/28 39/53 509/52 498/29
f 526/55 522/56 521/57 40/54
f 532/58 520/59 535/60
f 42/61 520/59 519/62 43/63
f 43/63 519/62 518/64 44/65
f 518/1425 517/66 45/67 44/1426
f 517/66 556/68 558/69
f 566/71 567/72 571/73 562/70
f 48/74 559/75 561/76
f 514/77 513/78 49/79 48/74
f 513/1427 512/80 50/81 49/1428
f 511/82 527/83 534/84
f 511/82 510/85 529/86 527/83
f 526/55 529/86 510/85 522/56
f 52/87 53/88 171/89 170/90
f 170/90 169/91 54/92 52/87
f 169/91 181/93 55/94 617/95
f 55/94 181/93 180/96 56/97
f 56/97 180/96 179/98 57/99
f 57/1430 179/1429 178/100 58/101
f 177/102 59/103 601/104
f 59/103 177/102 176/105 60/106
f 60/106 176/105 602/107
f 175/109 174/110 62/111 61/108
f 174/1431 173/112 63/113 62/1432
f 173/112 172/114 618/115 63/113
f 528/116 51/117 184/118 185/119
f 65/120 66/121 400/122 399/123
f 65/120 399/123 411/124 67/125
f 67/125 411/124 410/126 68/127
f 68/127 410/126 409/128 69/129
f 409/1433 408/130 70/131 69/1434
f 408/130 407/132 71/133 70/131
f 407/132 406/134 72/135 71/133
f 406/134 405/136 73/137 72/135
f 405/136 404/138 74/139 73/137
f 404/1435 403/140 75/141 74/1436
f 403/140 402/142 76/143 75/141
f 402/142 401/144 77/145 76/143
f 66/121 77/145 401/144 400/122
f 387/147 386/148 79/149 80/146
f 79/149 386/148 643/150
f 78/151 398/152 397/153 90/154
f 90/154 397/153 396/155 89/156
f 89/1438 396/1437 395/157 88/158
f 88/158 395/157 394/159 636/160
f 394/159 393/162 86/163 87/161
f 86/163 393/162 639/164
f 392/166 391/167 84/168 85/165
f 391/1439 390/169 83/170 84/1440
f 390/169 389/171 82/172 83/170
f 389/171 388/173 81/174 82/172
f 388/173 387/147 80/146 81/174
f 367/176 366/177 92/178 93/175
f 92/178 642/179 365/180 91/181
f 365/180 364/182 103/183 91/181
f 103/183 364/182 363/184 102/185
f 363/1441 362/186 101/187 102/1442
f 101/187 362/186 635/188 100/189
f 361/190 360/191 99/192 100/189
f 99/192 360/191 638/193
f 98/194 372/195 371/196 97/197
f 97/1444 371/1443 370/198 96/199
f 96/199 370/198 369/200 95/201
f 369/200 368/202 94/203 95/201
f 368/202 367/176 93/175 94/203
f 681/205 680/206 108/207 109/204
f 680/206 692/208 107/209 108/207
f 692/208 691/210 106/211 107/209
f 106/211 691/210 690/212 105/213
f 105/213 690/212 689/214 104/215
f 104/1446 689/1445 688/216 116/217
f 688/216 687/218 115/219 116/217
f 115/219 687/218 686/220 114/221
f 114/221 686/220 685/222 113/223
f 685/222 684/224 112/225 113/223
f 684/1447 683/226 111/227 112/1448
f 683/226 682/228 110/229 111/227
f 672/230 673/231 110/229 109/204
f 374/233 373/234 501/235 502/232
f 122/236 385/237 384/238 121/239
f 384/238 383/240 120/241 121/239
f 383/1516 382/242 119/243 120/1449
f 382/242 381/244 118/245 119/243
f 118/245 381/244 380/246 117/247
f 117/247 572/248 379/249 129/250
f 379/249 378/251 128/252 129/250
f 128/1451 378/1450 377/253 127/254
f 376/256 375/257 503/258 504/255
f 375/257 374/233 502/232 503/258
f 130/259 131/260 449/261 448/262
f 448/262 447/263 132/264 130/259
f 132/264 447/263 446/265 133/266
f 446/1452 445/267 134/268 133/1453
f 445/267 444/269 135/270 134/268
f 444/269 456/271 136/272 135/270
f 456/271 455/273 137/274 136/272
f 455/273 454/275 138/276 137/274
f 138/276 454/275 453/277 139/278
f 139/278 453/277 452/279 140/280
f 140/280 452/279 451/281 141/282
f 451/1454 450/283 142/284 141/1455
f 70/131 71/133 449/261 450/283
f 143/285 144/286 491/287 492/288
f 490/290 491/287 144/286 145/289
f 489/292 490/290 145/289 146/291
f 488/294 489/292 146/291 147/293
f 148/295 487/296 488/294 147/293
f 149/297 486/298 487/296 148/295
f 485/300 486/298 149/297 150/299
f 151/301 484/302 485/300 150/299
f 152/303 483/304 484/1518 151/1517
f 153/305 482/306 483/304 152/303
f 154/307 481/308 482/306 153/305
f 155/309 493/310 481/308 154/307
f 155/309 143/1456 492/1457 493/310
f 2/3 3/2 158/312 159/311
f 3/2 6/6 157/32 158/312
f 157/32 6/6 8/8 156/33
f 156/33 8/8 10/10 168/35
f 168/1514 10/1513 12/12 167/37
f 167/37 12/12 14/14 166/39
f 166/39 14/14 16/16 165/41
f 16/16 18/18 164/45 165/41
f 164/45 18/18 20/20 163/46
f 20/1422 22/22 162/48 163/1423
f 22/22 24/24 161/313 162/48
f 24/24 26/26 160/314 161/313
f 26/26 2/3 159/311 160/314
f 672/230 671/315 170/90 171/89
f 671/315 670/316 169/91 170/90
f 670/316 669/317 181/93 169/91
f 181/93 669/317 668/318 180/96
f 180/96 668/318 667/319 179/98
f 179/1429 667/1458 679/320 178/100
f 178/100 679/320 678/321 177/102
f 177/102 678/321 677/322 176/105
f 176/105 677/322 676/323 175/109
f 676/323 675/324 174/110 175/109
f 675/1459 674/325 173/112 174/1431
f 674/325 673/231 172/114 173/112
f 53/88 64/326 172/114 171/89
f 681/205 682/228 185/119 184/118
f 51/117 41/327 183/328 184/118
f 41/327 525/329 182/330 183/328
f 182/330 525/329 42/61 194/331
f 194/331 42/61 43/63 193/332
f 193/332 43/63 44/65 192/333
f 192/1460 44/1426 45/67 191/334
f 557/335 46/336 190/337
f 46/336 47/338 189/339 190/337
f 189/339 559/75 48/74 188/340
f 48/74 49/79 187/341 188/340
f 49/1428 50/81 186/342 187/1461
f 50/81 528/116 185/119 186/342
f 195/343 196/344 144/1607 143/1606
f 197/345 145/1608 144/1607 196/344
f 143/1602 155/1597 693/346 195/1462
f 199/348 155/1597 154/1596 198/347
f 154/1596 153/1595 200/349 198/347
f 153/1595 152/1594 201/350 200/349
f 152/1594 151/1604 202/351 201/350
f 151/1614 150/1613 203/352 202/1519
f 150/1613 149/1612 204/353 203/352
f 204/353 149/1612 148/1611 205/354
f 148/1611 147/1610 206/355 205/354
f 206/355 147/1610 146/1609 207/356
f 146/1609 145/1608 208/357 207/356
f 145/1608 197/345 1052/358 208/357
f 213/359 207/356 208/357 209/360
f 213/359 209/360 480/361 479/362
f 538/364 539/365 216/366 215/363
f 217/367 206/355 207/356 213/359
f 217/367 213/359 479/362 478/368
f 215/363 219/369 537/370 538/364
f 215/363 216/366 220/371 219/369
f 221/372 205/354 206/355 217/367
f 217/367 478/368 477/373 221/372
f 537/370 219/369 220/371 536/374
f 225/375 204/353 205/354 221/372
f 221/372 477/373 476/376 225/375
f 226/377 222/378 223/379 227/380
f 227/380 223/379 224/381 228/382
f 229/383 203/352 204/353 225/375
f 225/375 476/376 475/384 229/383
f 226/377 227/380 231/386 230/385
f 227/380 228/382 232/387 231/386
f 233/388 202/1519 203/352 229/383
f 229/383 475/384 474/389 233/388
f 230/385 231/386 541/390
f 545/391 542/392 543/393 544/394
f 237/395 201/350 202/351 233/1520
f 233/1520 474/1521 473/396 237/395
f 234/398 235/399 547/400 238/397
f 235/399 236/401 546/402 547/400
f 241/403 200/349 201/350 237/395
f 237/395 473/396 472/404 241/403
f 238/397 239/406 243/407 242/405
f 239/406 240/408 244/409 243/407
f 245/410 198/347 200/349 241/403
f 241/403 472/404 471/411 245/410
f 242/405 243/407 247/413 246/412
f 247/413 243/407 244/409 248/414
f 249/415 199/348 198/347 245/410
f 245/410 471/411 470/416 249/415
f 246/412 247/413 251/418 250/417
f 552/420 553/421 554/422 555/419
f 253/423 254/424 457/425 458/426
f 253/423 458/426 459/427 255/428
f 255/428 459/427 460/429 256/430
f 256/430 460/429 461/431 257/432
f 461/431 462/433 258/434 257/432
f 462/433 463/435 259/436 258/434
f 259/436 463/435 464/437 260/438
f 464/437 465/439 261/440 260/438
f 465/439 466/441 262/442 261/440
f 466/441 467/443 263/444 262/442
f 467/1584 468/445 264/446 263/1585
f 468/445 469/447 265/448 264/446
f 133/1453 134/268 457/1395 469/1407
f 267/450 262/442 263/444 266/449
f 268/451 269/452 267/450 266/449
f 271/454 269/452 268/451 270/453
f 266/1586 263/1585 264/446 272/455
f 268/1587 266/1586 272/455 273/456
f 274/457 270/1588 268/1587 273/456
f 264/446 265/448 275/458 272/455
f 276/459 273/456 272/455 275/458
f 277/460 274/457 273/456 276/459
f 265/448 254/424 278/461 275/458
f 279/462 276/459 275/458 278/461
f 280/463 277/460 276/459 279/462
f 254/424 253/423 281/464 278/461
f 282/465 279/462 278/461 281/464
f 283/466 280/463 279/462 282/465
f 253/423 255/428 284/467 281/464
f 285/468 282/465 281/464 284/467
f 286/469 283/466 282/465 285/468
f 287/470 261/440 262/442 267/450
f 267/450 269/452 288/471 287/470
f 269/452 271/454 289/472 288/471
f 290/473 260/438 261/440 287/470
f 287/470 288/471 291/474 290/473
f 288/471 289/472 292/475 291/474
f 293/476 259/436 260/438 290/473
f 290/473 291/474 294/477 293/476
f 291/474 292/475 295/478 294/477
f 296/479 297/480 286/469 285/468
f 299/482 297/480 296/479 298/481
f 300/483 301/484 299/482 298/481
f 302/485 303/486 301/484 300/483
f 304/487 305/488 303/486 302/485
f 307/490 305/488 304/487 306/489
f 309/492 307/490 306/489 308/491
f 311/494 309/492 308/491 310/493
f 312/495 313/496 311/494 310/493
f 314/497 315/498 313/496 312/495
f 317/500 315/498 314/497 316/499
f 318/501 319/502 317/500 316/499
f 321/504 319/502 318/501 320/503
f 294/477 295/478 321/504 320/503
f 322/505 293/476 294/477 320/503
f 323/506 259/436 293/476 322/505
f 324/507 258/434 259/436 323/506
f 325/508 257/432 258/434 324/507
f 326/509 256/430 257/432 325/508
f 327/510 255/428 256/430 326/509
f 328/511 284/467 255/428 327/510
f 328/511 296/479 285/468 284/467
f 329/512 298/481 296/479 328/511
f 329/512 328/511 327/510 330/513
f 327/510 326/509 331/514 330/513
f 326/509 325/508 332/515 331/514
f 325/508 324/507 333/516 332/515
f 324/507 323/506 334/517 333/516
f 323/506 322/505 335/518 334/517
f 335/518 322/505 320/503 318/501
f 318/501 316/499 336/519 335/518
f 337/520 334/517 335/518 336/519
f 338/521 333/516 334/517 337/520
f 339/522 332/515 333/516 338/521
f 340/523 331/514 332/515 339/522
f 341/524 330/513 331/514 340/523
f 342/525 329/512 330/513 341/524
f 342/525 300/483 298/481 329/512
f 343/526 302/485 300/483 342/525
f 343/526 342/525 341/524 344/527
f 344/527 341/524 340/523 345/528
f 340/523 339/522 346/529 345/528
f 339/522 338/521 347/530 346/529
f 338/521 337/520 348/531 347/530
f 337/520 336/519 349/532 348/531
f 336/519 316/499 314/497 349/532
f 314/497 312/495 350/533 349/532
f 351/534 348/531 349/532 350/533
f 352/535 347/530 348/531 351/534
f 353/536 346/529 347/530 352/535
f 354/537 345/528 346/529 353/536
f 355/538 344/527 345/528 354/537
f 356/539 343/526 344/527 355/538
f 356/539 304/487 302/485 343/526
f 357/540 306/489 304/487 356/539
f 312/495 310/493 358/541 350/533
f 310/493 308/491 359/542 358/541
f 359/542 308/491 306/489 357/540
f 357/540 356/539 355/538 354/537
f 358/541 352/535 351/534 350/533
f 359/542 353/536 352/535 358/541
f 357/540 354/537 353/536 359/542
f 645/544 646/545 650/546 651/543
f 365/180 642/179 644/547
f 78/151 90/154 364/182 365/180
f 90/154 89/156 363/184 364/182
f 89/1438 88/158 362/186 363/1441
f 362/186 88/158 637/548
f 657/550 658/551 662/552 663/549
f 658/551 659/553 661/554 662/552
f 372/195 85/165 84/168 371/196
f 371/1443 84/1440 83/170 370/198
f 370/198 83/170 641/555
f 655/557 656/558 652/559 653/556
f 656/558 645/544 651/543 652/559
f 374/233 28/28 27/27 373/234
f 373/234 27/27 494/560
f 385/237 29/31 30/34 384/238
f 384/238 30/34 31/36 383/240
f 383/1516 31/1515 575/561
f 576/563 577/564 583/565 584/562
f 583/565 577/564 578/566 582/567
f 379/249 572/248 574/568
f 35/44 36/47 378/251 379/249
f 36/1424 37/49 377/253 378/1450
f 38/50 39/53 375/257 376/256
f 39/53 28/28 374/233 375/257
f 592/569 591/570 386/148 387/147
f 386/148 591/570 615/571
f 398/152 590/572 589/573 397/153
f 397/153 589/573 588/574 396/155
f 396/1437 588/1463 587/575 395/157
f 599/576 586/577 394/159
f 394/159 586/577 598/578 393/162
f 603/579 597/580 392/166 393/162
f 597/580 596/581 391/167 392/166
f 596/1464 595/582 390/169 391/1439
f 595/582 620/583 389/171 390/169
f 594/584 593/585 388/173 389/171
f 593/585 592/569 387/147 388/173
f 93/175 92/178 399/123 400/122
f 399/123 92/178 91/181 411/124
f 411/124 91/181 103/183 410/126
f 410/126 103/183 102/185 409/128
f 102/1442 101/187 408/130 409/1433
f 408/130 101/187 100/189 407/132
f 100/189 99/192 406/134 407/132
f 99/192 98/194 405/136 406/134
f 405/136 98/194 97/197 404/138
f 404/1435 97/1444 96/199 403/140
f 403/140 96/199 95/201 402/142
f 95/201 94/203 401/144 402/142
f 94/203 93/175 400/122 401/144
f 412/586 413/587 305/1552 307/1553
f 307/1553 309/1554 414/588 412/586
f 309/1554 311/1555 415/589 414/588
f 311/1555 313/1556 416/590 415/589
f 416/590 313/1556 315/1557 417/591
f 315/1557 317/1558 418/592 417/591
f 418/592 317/1558 319/1559 419/593
f 419/593 319/1559 321/1560 420/594
f 420/594 321/1560 295/1547 421/595
f 421/595 295/1547 292/1546 422/596
f 422/596 292/1546 289/1545 423/597
f 423/597 289/1545 271/1539 424/598
f 424/598 271/1539 270/1538 425/599
f 425/599 270/1538 274/1540 426/600
f 274/1540 277/1541 427/601 426/600
f 277/1541 280/1542 428/602 427/601
f 280/1542 283/1543 429/603 428/602
f 283/1543 286/1544 430/604 429/603
f 286/1544 297/1548 431/605 430/604
f 431/605 297/1548 299/1549 432/606
f 299/1549 301/1550 433/607 432/606
f 301/1550 303/1551 434/608 433/607
f 303/1551 305/1552 413/587 434/608
f 435/609 414/588 415/589 416/590
f 435/609 413/587 412/586 414/588
f 436/610 423/597 424/598 425/599
f 426/600 427/601 436/610 425/599
f 427/601 428/602 437/611 436/610
f 423/597 436/610 437/611 422/596
f 438/612 421/595 422/596 437/611
f 429/603 438/612 437/611 428/602
f 439/613 434/608 413/587 435/609
f 416/590 417/591 439/613 435/609
f 440/614 433/607 434/608 439/613
f 417/591 418/592 440/614 439/613
f 418/592 419/593 441/615 440/614
f 432/606 433/607 440/614 441/615
f 442/616 431/605 432/606 441/615
f 420/594 442/616 441/615 419/593
f 429/603 430/604 443/617 438/612
f 431/605 442/616 443/617 430/604
f 443/617 442/616 420/594
f 421/595 438/612 443/617 420/594
f 71/133 72/135 448/262 449/261
f 72/135 73/137 447/263 448/262
f 73/137 74/139 446/265 447/263
f 74/1436 75/141 445/267 446/1452
f 445/267 75/141 76/143 444/269
f 444/269 76/143 77/145 456/271
f 77/145 66/121 455/273 456/271
f 66/121 65/120 454/275 455/273
f 454/275 65/120 67/125 453/277
f 453/277 67/125 68/127 452/279
f 452/279 68/127 69/129 451/281
f 69/1434 70/131 450/283 451/1454
f 131/260 142/284 450/283 449/261
f 457/1395 134/268 135/270 458/1396
f 458/1396 135/270 136/272 459/1397
f 459/1397 136/272 137/274 460/1398
f 460/1398 137/274 138/276 461/1399
f 138/276 139/278 462/1400 461/1399
f 139/278 140/280 463/1401 462/1400
f 140/280 141/282 464/1402 463/1401
f 141/1455 142/284 465/1403 464/1508
f 142/284 131/260 466/1404 465/1403
f 131/260 130/259 467/1405 466/1404
f 130/259 132/264 468/1406 467/1405
f 132/264 133/266 469/1509 468/1406
f 254/424 265/448 469/447 457/425
f 480/361 209/360 695/618 1312/619
f 210/620 214/621 479/362 480/361
f 214/621 218/622 478/368 479/362
f 478/368 218/622 222/378 477/373
f 477/373 222/378 226/377 476/376
f 476/376 226/377 230/385 475/384
f 230/385 234/1522 474/389 475/384
f 474/1521 234/398 238/397 473/396
f 473/396 238/397 242/405 472/404
f 472/404 242/405 246/412 471/411
f 246/412 250/417 470/416 471/411
f 470/416 250/417 697/623 698/624
f 21/21 19/1421 492/288 491/287
f 23/23 21/21 491/287 490/290
f 25/25 23/23 490/290 489/292
f 1/4 25/25 489/292 488/294
f 4/1 1/4 488/294 487/296
f 486/298 5/5 4/1 487/296
f 7/7 5/5 486/298 485/300
f 484/302 9/9 7/7 485/300
f 483/304 11/11 9/1512 484/1518
f 482/306 13/13 11/11 483/304
f 481/308 15/15 13/13 482/306
f 493/310 17/17 15/15 481/308
f 19/19 17/17 493/310 492/1457
f 494/560 27/27 499/30 500/625
f 501/235 373/234 494/560 500/625
f 38/50 495/626 507/627 508/51
f 505/629 506/630 496/631 497/628
f 495/626 496/631 506/630 507/627
f 496/631 495/626 497/628
f 497/628 376/256 504/255 505/629
f 159/311 158/312 499/30 498/29
f 499/30 158/312 157/32
f 499/30 29/31 500/625
f 500/625 29/31 385/237 501/235
f 501/235 385/237 122/236
f 123/632 124/633 502/232 501/235
f 124/633 125/634 503/258 502/232
f 125/634 126/635 504/255 503/258
f 504/255 126/635 505/629
f 505/629 127/254 377/253
f 505/629 377/253 506/630
f 506/630 37/49 507/627
f 162/48 161/313 507/627
f 507/627 161/313 508/51
f 161/313 160/314 509/52 508/51
f 160/314 159/311 498/29 509/52
f 157/32 29/31 499/30
f 122/236 123/632 501/235
f 505/629 126/635 127/254
f 506/630 377/253 37/49
f 507/627 37/49 162/48
f 533/636 124/633 123/632 532/58
f 123/632 122/236 520/59 532/58
f 520/59 122/236 121/239 519/62
f 121/239 120/241 518/64 519/62
f 120/1449 119/243 517/66 518/1425
f 119/243 118/245 556/68 517/66
f 118/245 117/247 515/638 516/637
f 515/638 117/247 560/639
f 129/250 128/252 513/78 514/77
f 128/1451 127/254 512/80 513/1427
f 127/254 126/635 531/640 512/80
f 126/635 125/634 530/641 531/640
f 125/634 124/633 533/636 530/641
f 528/116 50/81 523/642
f 50/81 512/80 523/642
f 523/642 512/80 531/640
f 40/54 521/57 524/643
f 520/59 42/61 535/60
f 535/60 42/61 525/329
f 40/54 525/329 41/327 526/55
f 529/86 51/117 528/116 527/83
f 526/55 41/327 51/117 529/86
f 522/56 533/636 532/58 521/57
f 511/82 531/640 530/641 510/85
f 510/85 530/641 533/636 522/56
f 527/83 528/116 523/642 534/84
f 534/84 523/642 531/640 511/82
f 535/60 524/643 521/57 532/58
f 524/643 535/60 525/329 40/54
f 536/374 224/381 223/379 537/370
f 223/379 222/378 218/622 537/370
f 218/622 214/621 538/364 537/370
f 214/621 210/620 211/644 538/364
f 211/644 212/645 539/365 538/364
f 540/646 236/1524 235/1523 541/390
f 541/390 235/1523 234/1522 230/385
f 231/386 232/387 543/393 542/392
f 232/387 540/646 544/394 543/393
f 540/646 541/390 545/391 544/394
f 541/390 231/386 542/392 545/391
f 536/374 220/371 216/366 539/365
f 548/648 549/649 550/650 551/647
f 547/400 239/406 238/397
f 240/408 239/406 549/649 548/648
f 239/406 547/400 550/650 549/649
f 547/400 546/402 551/647 550/650
f 546/402 240/408 548/648 551/647
f 247/413 248/414 553/421 552/420
f 248/414 252/651 554/422 553/421
f 252/651 251/418 555/419 554/422
f 251/418 247/413 552/420 555/419
f 118/245 516/637 556/68
f 565/652 563/653 564/654
f 190/337 191/334 45/67 557/335
f 557/335 45/67 558/69
f 558/69 45/67 517/66
f 189/339 47/338 559/75
f 571/73 567/72 568/656 570/655
f 129/250 514/77 560/639 117/247
f 560/639 514/77 561/76
f 561/76 514/77 48/74
f 46/336 557/335 563/653 562/70
f 557/335 558/69 564/654 563/653
f 558/69 556/68 565/652 564/654
f 556/68 516/637 566/71 565/652
f 516/637 515/638 567/72 566/71
f 515/638 560/639 568/656 567/72
f 560/639 561/76 569/657 568/656
f 561/76 559/75 570/655 569/657
f 559/75 47/338 571/73 570/655
f 47/338 46/336 562/70 571/73
f 117/247 380/246 572/248
f 582/567 578/566 579/659 581/658
f 165/41 164/45 35/44 573/43
f 573/43 35/44 574/568
f 574/568 35/44 379/249
f 382/242 383/1516 575/561
f 31/1515 32/38 575/561
f 585/660 576/563 584/562
f 32/38 33/40 577/564 576/563
f 33/40 34/42 578/566 577/564
f 34/42 573/43 579/659 578/566
f 573/43 574/568 580/661 579/659
f 574/568 572/248 581/658 580/661
f 572/248 380/246 582/567 581/658
f 380/246 381/244 583/565 582/567
f 381/244 382/242 584/562 583/565
f 382/242 575/561 585/660 584/562
f 575/561 32/38 576/563 585/660
f 622/663 623/664 627/665 628/662
f 617/95 55/94 616/666
f 590/572 55/94 56/97 589/573
f 589/573 56/97 57/99 588/574
f 588/1463 57/1430 58/101 587/575
f 605/667 613/668 614/669
f 612/670 606/671 607/672 611/673
f 604/674 597/580 603/579
f 597/580 61/108 62/111 596/581
f 62/1432 63/113 595/582 596/1464
f 595/582 63/113 619/675
f 634/677 621/678 629/679 630/676
f 621/678 622/663 628/662 629/679
f 395/157 587/575 599/576 394/159
f 599/576 587/575 600/680
f 587/575 58/101 600/680
f 600/680 58/101 601/104
f 58/101 178/100 177/102 601/104
f 176/105 175/109 61/108 602/107
f 61/108 597/580 604/674
f 393/162 598/578 603/579
f 611/673 607/672 608/682 610/681
f 604/674 602/107 61/108
f 601/104 59/103 606/671 605/667
f 59/103 60/106 607/672 606/671
f 60/106 602/107 608/682 607/672
f 602/107 604/674 609/683 608/682
f 604/674 603/579 610/681 609/683
f 603/579 598/578 611/673 610/681
f 598/578 586/577 612/670 611/673
f 586/577 599/576 613/668 612/670
f 599/576 600/680 614/669 613/668
f 600/680 601/104 605/667 614/669
f 55/94 590/572 616/666
f 615/571 590/572 398/152 386/148
f 590/572 615/571 616/666
f 626/684 627/665 623/664 624/685
f 617/95 54/92 169/91
f 172/114 64/326 618/115
f 620/583 595/582 619/675
f 63/113 618/115 619/675
f 632/686 633/687 631/688
f 620/583 594/584 389/171
f 53/88 52/87 622/663 621/678
f 52/87 54/92 623/664 622/663
f 54/92 617/95 624/685 623/664
f 617/95 616/666 625/689 624/685
f 616/666 615/571 626/684 625/689
f 615/571 591/570 627/665 626/684
f 591/570 592/569 628/662 627/665
f 592/569 593/585 629/679 628/662
f 593/585 594/584 630/676 629/679
f 594/584 620/583 631/688 630/676
f 620/583 619/675 632/686 631/688
f 619/675 618/115 633/687 632/686
f 618/115 64/326 634/677 633/687
f 64/326 53/88 621/678 634/677
f 88/158 636/160 637/548
f 635/188 361/190 100/189
f 394/159 87/161 636/160
f 666/690 664/691 665/692
f 637/548 635/188 362/186
f 372/195 638/193 640/693
f 638/193 372/195 98/194 99/192
f 393/162 392/166 85/165 639/164
f 639/164 85/165 640/693
f 640/693 85/165 372/195
f 83/170 82/172 641/555
f 655/557 653/556 654/694
f 641/555 369/200 370/198
f 92/178 366/177 642/179
f 649/695 650/546 646/545 647/696
f 386/148 398/152 78/151 643/150
f 643/150 78/151 644/547
f 644/547 78/151 365/180
f 80/146 79/149 646/545 645/544
f 79/149 643/150 647/696 646/545
f 643/150 644/547 648/697 647/696
f 644/547 642/179 649/695 648/697
f 642/179 366/177 650/546 649/695
f 366/177 367/176 651/543 650/546
f 367/176 368/202 652/559 651/543
f 368/202 369/200 653/556 652/559
f 369/200 641/555 654/694 653/556
f 641/555 82/172 655/557 654/694
f 82/172 81/174 656/558 655/557
f 81/174 80/146 645/544 656/558
f 87/161 86/163 658/551 657/550
f 86/163 639/164 659/553 658/551
f 639/164 640/693 660/698 659/553
f 640/693 638/193 661/554 660/698
f 638/193 360/191 662/552 661/554
f 360/191 361/190 663/549 662/552
f 361/190 635/188 664/691 663/549
f 635/188 637/548 665/692 664/691
f 637/548 636/160 666/690 665/692
f 636/160 87/161 657/550 666/690
f 579/659 580/661 581/658
f 568/656 569/657 570/655
f 565/652 566/71 562/70 563/653
f 605/667 606/671 612/670 613/668
f 657/550 663/549 664/691 666/690
f 659/553 660/698 661/554
f 608/682 609/683 610/681
f 647/696 648/697 649/695
f 624/685 625/689 626/684
f 634/677 630/676 631/688 633/687
f 495/626 38/50 376/256 497/628
f 171/89 172/114 673/231 672/230
f 109/204 108/207 671/315 672/230
f 108/207 107/209 670/316 671/315
f 107/209 106/211 669/317 670/316
f 669/317 106/211 105/213 668/318
f 668/318 105/213 104/215 667/319
f 667/1458 104/1446 116/217 679/320
f 679/320 116/217 115/219 678/321
f 678/321 115/219 114/221 677/322
f 677/322 114/221 113/223 676/323
f 113/223 112/225 675/324 676/323
f 112/1448 111/227 674/325 675/1459
f 111/227 110/229 673/231 674/325
f 184/118 183/328 680/206 681/205
f 183/328 182/330 692/208 680/206
f 182/330 194/331 691/210 692/208
f 691/210 194/331 193/332 690/212
f 690/212 193/332 192/333 689/214
f 689/1445 192/1460 191/334 688/216
f 191/334 190/337 687/218 688/216
f 687/218 190/337 189/339 686/220
f 686/220 189/339 188/340 685/222
f 188/340 187/341 684/224 685/222
f 187/1461 186/342 683/226 684/1447
f 186/342 185/119 682/228 683/226
f 109/204 110/229 682/228 681/205
f 155/1597 199/348 694/699 693/346
f 695/618 209/360 208/357 1052/358
f 210/620 480/361 1312/619 696/700
f 211/644 210/620 696/700 1390/701
f 212/645 211/644 1390/701 1391/702
f 199/348 249/415 1392/703 694/699
f 249/415 470/416 698/624 1392/703
f 697/623 250/417 251/418 1393/704
f 1393/704 251/418 252/651 1394/705
f 702/707 701/708 700/709 699/706
f 703/710 699/706 700/709 704/711
f 703/710 704/711 706/713 705/712
f 705/712 706/713 708/715 707/714
f 707/1525 708/1526 710/717 709/716
f 711/718 709/716 710/717 712/719
f 711/718 712/719 714/721 713/720
f 715/722 713/720 714/721 716/723
f 717/724 715/722 716/723 718/725
f 719/726 717/1465 718/1466 720/727
f 719/726 720/727 722/729 721/728
f 723/730 721/728 722/729 724/731
f 723/730 724/731 701/708 702/707
f 728/733 727/734 726/735 725/732
f 729/736 732/737 731/738 730/739
f 732/737 734/740 733/741 731/738
f 734/1527 736/742 735/743 733/1528
f 736/742 738/744 737/745 735/743
f 738/744 740/746 739/747 737/745
f 740/746 741/748 739/747
f 742/749 745/750 744/751 743/752
f 747/753 746/754 744/1468 745/1467
f 751/756 750/757 749/758 748/755
f 726/735 727/734 750/757 751/756
f 755/760 754/761 753/762 752/759
f 756/763 758/764 757/765
f 759/766 761/767 760/768 757/765
f 761/767 763/769 762/770 760/768
f 765/771 764/772 762/1470 763/1469
f 764/772 767/773 766/774
f 771/776 770/777 769/778 768/775
f 772/779 774/780 773/781
f 777/782 776/783 775/784 772/779
f 779/785 778/786 776/1472 777/1471
f 780/787 782/788 781/789
f 784/790 783/791 780/787 781/789
f 753/762 754/761 783/791 784/790
f 785/792 788/793 787/794 786/795
f 790/796 789/797 788/793 785/792
f 789/797 793/798 792/799 791/800
f 792/799 795/801 794/802 791/800
f 795/801 797/803 796/804 794/802
f 797/1473 799/805 798/806 796/1474
f 800/807 802/808 801/809
f 801/809 804/810 803/811 800/807
f 804/810 805/812 803/811
f 809/814 808/815 807/816 806/813
f 811/817 810/818 808/1476 809/1475
f 813/819 812/820 810/818 811/817
f 814/821 817/822 816/823 815/824
f 818/825 821/826 820/827 819/828
f 818/825 823/829 822/830 821/826
f 823/829 825/831 824/832 822/830
f 825/831 827/833 826/834 824/832
f 829/835 828/836 826/1478 827/1477
f 831/837 830/838 828/836 829/835
f 833/839 832/840 830/838 831/837
f 835/841 834/842 832/840 833/839
f 837/843 836/844 834/842 835/841
f 839/845 838/846 836/1480 837/1479
f 841/847 840/848 838/846 839/845
f 843/849 842/850 840/848 841/847
f 819/828 820/827 842/850 843/849
f 847/852 846/853 845/854 844/851
f 847/852 848/855 846/853
f 849/856 852/857 851/858 850/859
f 852/857 854/860 853/861 851/858
f 854/1481 856/862 855/863 853/1482
f 856/862 858/864 857/865 855/863
f 861/867 860/868 857/865 859/866
f 861/867 862/869 860/868
f 866/871 865/872 864/873 863/870
f 868/874 867/875 865/1484 866/1483
f 870/876 869/877 867/875 868/874
f 872/878 871/879 869/877 870/876
f 844/851 845/854 871/879 872/878
f 876/881 875/882 874/883 873/880
f 876/881 879/884 878/885 877/886
f 881/887 880/888 878/885 879/884
f 881/887 883/889 882/890 880/888
f 885/891 884/892 882/1486 883/1485
f 885/891 887/893 886/894 884/892
f 890/895 889/896 888/897 887/893
f 890/895 891/898 889/896
f 892/899 895/900 894/901 893/902
f 895/1487 897/903 896/904 894/1488
f 897/903 899/905 898/906 896/904
f 901/907 900/908 898/906 899/905
f 873/880 874/883 900/908 901/907
f 905/910 904/911 903/912 902/909
f 907/913 906/914 904/911 905/910
f 909/915 908/916 906/914 907/913
f 909/915 911/917 910/918 908/916
f 911/917 913/919 912/920 910/918
f 913/1489 915/921 914/922 912/1490
f 917/923 916/924 914/922 915/921
f 917/923 919/925 918/926 916/924
f 919/925 921/927 920/928 918/926
f 923/929 922/930 920/928 921/927
f 925/931 924/932 922/1492 923/1491
f 927/933 926/934 924/932 925/931
f 927/933 929/935 928/936 902/909
f 933/938 932/939 931/940 930/937
f 934/941 937/942 936/943 935/944
f 939/945 938/946 936/943 937/942
f 941/947 940/948 938/1529 939/1493
f 943/949 942/950 940/948 941/947
f 943/949 945/951 944/952 942/950
f 945/951 948/953 947/954 946/955
f 950/956 949/957 947/954 948/953
f 950/1494 952/958 951/959 949/1495
f 956/961 955/962 954/963 953/960
f 930/937 931/940 955/962 956/961
f 957/964 960/965 959/966 958/967
f 962/968 961/969 960/965 957/964
f 962/968 964/970 963/971 961/969
f 966/972 965/973 963/1497 964/1496
f 968/974 967/975 965/973 966/972
f 970/976 969/977 967/975 968/974
f 972/978 971/979 969/977 970/976
f 974/980 973/981 971/979 972/978
f 974/980 976/982 975/983 973/981
f 976/982 978/984 977/985 975/983
f 978/984 980/986 979/987 977/985
f 982/988 981/989 979/1499 980/1498
f 829/835 981/989 959/966 831/837
f 983/990 986/991 985/992 984/993
f 984/993 985/992 988/995 987/994
f 987/994 988/995 990/997 989/996
f 989/996 990/997 992/999 991/998
f 993/1000 991/998 992/999 994/1001
f 995/1002 993/1000 994/1001 996/1003
f 995/1002 996/1003 998/1005 997/1004
f 999/1006 997/1004 998/1005 1000/1007
f 1001/1008 999/1530 1000/1531 1002/1009
f 1003/1010 1001/1008 1002/1009 1004/1011
f 1005/1012 1003/1010 1004/1011 1006/1013
f 1007/1014 1005/1012 1006/1013 1008/1015
f 1007/1014 1008/1015 986/1501 983/1500
f 1010/1017 700/709 701/708 1009/1016
f 730/739 704/711 700/709 1010/1017
f 730/739 731/738 706/713 704/711
f 731/738 733/741 708/715 706/713
f 733/1528 735/743 710/717 708/1526
f 735/743 737/745 712/719 710/717
f 737/745 739/747 714/721 712/719
f 743/752 716/723 714/721 739/747
f 743/752 744/751 718/725 716/723
f 746/754 720/727 718/1466 744/1468
f 1011/1018 722/729 720/727 746/754
f 1012/1019 724/731 722/729 1011/1018
f 1009/1016 701/708 724/731 1012/1019
f 788/793 1013/1020 928/936 787/794
f 789/797 1014/1021 1013/1020 788/793
f 791/800 1015/1022 1014/1021 789/797
f 791/800 794/802 1016/1023 1015/1022
f 794/802 796/804 1017/1024 1016/1023
f 796/1474 798/806 1018/1025 1017/1502
f 798/806 800/807 1019/1026 1018/1025
f 800/807 803/811 1020/1027 1019/1026
f 803/811 807/816 1021/1028 1020/1027
f 808/815 1022/1029 1021/1028 807/816
f 810/818 1023/1030 1022/1503 808/1476
f 812/820 929/935 1023/1030 810/818
f 812/820 1024/1031 786/795 787/794
f 817/822 926/934 903/912 816/823
f 1026/1032 1025/1033 815/824 816/823
f 1028/1034 1027/1035 1025/1033 1026/1032
f 1028/1034 1029/1036 759/766 1027/1035
f 1029/1036 1030/1037 761/767 759/766
f 1030/1037 1031/1038 763/769 761/767
f 1031/1504 1032/1039 765/771 763/1469
f 1033/1040 1035/1041 1034/1042
f 1037/1043 1036/1044 1034/1042 1035/1041
f 1037/1043 1038/1045 772/779 773/781
f 1039/1046 777/782 772/779 1038/1045
f 1040/1047 779/785 777/1471 1039/1505
f 817/822 814/821 779/785 1040/1047
f 195/343 983/1615 984/1616 196/344
f 197/345 196/344 984/1616 987/1617
f 693/346 1007/1601 983/1603 195/1462
f 1005/1600 1007/1601 1042/1049 1041/1048
f 1043/1050 1003/1599 1005/1600 1041/1048
f 1044/1051 1001/1598 1003/1599 1043/1050
f 1045/1052 999/1605 1001/1598 1044/1051
f 1046/1053 997/1622 999/1623 1045/1532
f 1047/1054 995/1621 997/1622 1046/1053
f 1047/1054 1048/1055 993/1620 995/1621
f 1049/1056 991/1619 993/1620 1048/1055
f 1049/1056 1050/1057 989/1618 991/1619
f 1051/1058 987/1617 989/1618 1050/1057
f 1052/358 197/345 987/1617 1051/1058
f 1053/1059 1054/1060 1051/1058 1050/1057
f 1053/1059 1056/1061 1055/1062 1054/1060
f 1060/1064 1059/1065 1058/1066 1057/1063
f 1061/1067 1053/1059 1050/1057 1049/1056
f 1061/1067 1062/1068 1056/1061 1053/1059
f 1064/1069 1063/1070 1057/1063 1058/1066
f 1065/1071 1060/1064 1057/1063 1063/1070
f 1066/1072 1061/1067 1049/1056 1048/1055
f 1067/1073 1062/1068 1061/1067 1066/1072
f 1064/1069 1068/1074 1065/1071 1063/1070
f 1069/1075 1066/1072 1048/1055 1047/1054
f 1070/1076 1067/1073 1066/1072 1069/1075
f 1071/1077 1074/1078 1073/1079 1072/1080
f 1074/1078 1076/1081 1075/1082 1073/1079
f 1077/1083 1069/1075 1047/1054 1046/1053
f 1078/1084 1070/1076 1069/1075 1077/1083
f 1080/1086 1074/1078 1071/1077 1079/1085
f 1081/1087 1076/1081 1074/1078 1080/1086
f 1082/1088 1077/1083 1046/1053 1045/1532
f 1083/1089 1078/1084 1077/1083 1082/1088
f 1079/1085 1084/1090 1080/1086
f 1085/1091 1088/1092 1087/1093 1086/1094
f 1089/1095 1082/1533 1045/1052 1044/1051
f 1090/1096 1083/1534 1082/1533 1089/1095
f 1094/1098 1093/1099 1092/1100 1091/1097
f 1096/1101 1095/1102 1093/1099 1094/1098
f 1097/1103 1089/1095 1044/1051 1043/1050
f 1098/1104 1090/1096 1089/1095 1097/1103
f 1101/1106 1100/1107 1091/1097 1099/1105
f 1103/1108 1102/1109 1100/1107 1101/1106
f 1104/1110 1097/1103 1043/1050 1041/1048
f 1105/1111 1098/1104 1097/1103 1104/1110
f 1107/1113 1101/1106 1099/1105 1106/1112
f 1107/1113 1108/1114 1103/1108 1101/1106
f 1109/1115 1104/1110 1041/1048 1042/1049
f 1110/1116 1105/1111 1104/1110 1109/1115
f 1112/1118 1107/1113 1106/1112 1111/1117
f 1116/1120 1115/1121 1114/1122 1113/1119
f 1117/1123 1120/1124 1119/1125 1118/1126
f 1117/1123 1122/1127 1121/1128 1120/1124
f 1122/1127 1124/1129 1123/1130 1121/1128
f 1124/1129 1126/1131 1125/1132 1123/1130
f 1128/1133 1127/1134 1125/1132 1126/1131
f 1130/1135 1129/1136 1127/1134 1128/1133
f 1130/1135 1132/1137 1131/1138 1129/1136
f 1134/1139 1133/1140 1131/1138 1132/1137
f 1136/1141 1135/1142 1133/1140 1134/1139
f 1138/1143 1137/1144 1135/1142 1136/1141
f 1140/1145 1139/1146 1137/1590 1138/1589
f 1142/1147 1141/1148 1139/1146 1140/1145
f 964/1496 1141/1420 1119/1409 966/972
f 1138/1143 1136/1141 1144/1150 1143/1149
f 1145/1151 1143/1149 1144/1150 1146/1152
f 1145/1151 1146/1152 1148/1154 1147/1153
f 1143/1591 1149/1155 1140/1145 1138/1589
f 1149/1155 1143/1591 1145/1592 1150/1156
f 1151/1157 1150/1156 1145/1592 1147/1593
f 1152/1158 1142/1147 1140/1145 1149/1155
f 1153/1159 1152/1158 1149/1155 1150/1156
f 1154/1160 1153/1159 1150/1156 1151/1157
f 1155/1161 1118/1126 1142/1147 1152/1158
f 1156/1162 1155/1161 1152/1158 1153/1159
f 1157/1163 1156/1162 1153/1159 1154/1160
f 1158/1164 1117/1123 1118/1126 1155/1161
f 1159/1165 1158/1164 1155/1161 1156/1162
f 1160/1166 1159/1165 1156/1162 1157/1163
f 1161/1167 1122/1127 1117/1123 1158/1164
f 1162/1168 1161/1167 1158/1164 1159/1165
f 1163/1169 1162/1168 1159/1165 1160/1166
f 1164/1170 1144/1150 1136/1141 1134/1139
f 1165/1171 1146/1152 1144/1150 1164/1170
f 1166/1172 1148/1154 1146/1152 1165/1171
f 1167/1173 1164/1170 1134/1139 1132/1137
f 1168/1174 1165/1171 1164/1170 1167/1173
f 1169/1175 1166/1172 1165/1171 1168/1174
f 1170/1176 1167/1173 1132/1137 1130/1135
f 1171/1177 1168/1174 1167/1173 1170/1176
f 1172/1178 1169/1175 1168/1174 1171/1177
f 1173/1179 1162/1168 1163/1169 1174/1180
f 1173/1179 1174/1180 1176/1182 1175/1181
f 1177/1183 1175/1181 1176/1182 1178/1184
f 1179/1185 1177/1183 1178/1184 1180/1186
f 1181/1187 1179/1185 1180/1186 1182/1188
f 1181/1187 1182/1188 1184/1190 1183/1189
f 1183/1189 1184/1190 1186/1192 1185/1191
f 1185/1191 1186/1192 1188/1194 1187/1193
f 1189/1195 1187/1193 1188/1194 1190/1196
f 1191/1197 1189/1195 1190/1196 1192/1198
f 1191/1197 1192/1198 1194/1200 1193/1199
f 1195/1201 1193/1199 1194/1200 1196/1202
f 1195/1201 1196/1202 1198/1204 1197/1203
f 1171/1177 1197/1203 1198/1204 1172/1178
f 1199/1205 1197/1203 1171/1177 1170/1176
f 1200/1206 1199/1205 1170/1176 1130/1135
f 1201/1207 1200/1206 1130/1135 1128/1133
f 1202/1208 1201/1207 1128/1133 1126/1131
f 1203/1209 1202/1208 1126/1131 1124/1129
f 1204/1210 1203/1209 1124/1129 1122/1127
f 1205/1211 1204/1210 1122/1127 1161/1167
f 1205/1211 1161/1167 1162/1168 1173/1179
f 1206/1212 1205/1211 1173/1179 1175/1181
f 1206/1212 1207/1213 1204/1210 1205/1211
f 1208/1214 1203/1209 1204/1210 1207/1213
f 1209/1215 1202/1208 1203/1209 1208/1214
f 1210/1216 1201/1207 1202/1208 1209/1215
f 1211/1217 1200/1206 1201/1207 1210/1216
f 1212/1218 1199/1205 1200/1206 1211/1217
f 1212/1218 1195/1201 1197/1203 1199/1205
f 1213/1219 1193/1199 1195/1201 1212/1218
f 1214/1220 1213/1219 1212/1218 1211/1217
f 1215/1221 1214/1220 1211/1217 1210/1216
f 1216/1222 1215/1221 1210/1216 1209/1215
f 1217/1223 1216/1222 1209/1215 1208/1214
f 1218/1224 1217/1223 1208/1214 1207/1213
f 1219/1225 1218/1224 1207/1213 1206/1212
f 1175/1181 1177/1183 1219/1225 1206/1212
f 1220/1226 1219/1225 1177/1183 1179/1185
f 1220/1226 1221/1227 1218/1224 1219/1225
f 1221/1227 1222/1228 1217/1223 1218/1224
f 1223/1229 1216/1222 1217/1223 1222/1228
f 1224/1230 1215/1221 1216/1222 1223/1229
f 1225/1231 1214/1220 1215/1221 1224/1230
f 1226/1232 1213/1219 1214/1220 1225/1231
f 1191/1197 1193/1199 1213/1219 1226/1232
f 1227/1233 1189/1195 1191/1197 1226/1232
f 1228/1234 1227/1233 1226/1232 1225/1231
f 1229/1235 1228/1234 1225/1231 1224/1230
f 1230/1236 1229/1235 1224/1230 1223/1229
f 1231/1237 1230/1236 1223/1229 1222/1228
f 1232/1238 1231/1237 1222/1228 1221/1227
f 1233/1239 1232/1238 1221/1227 1220/1226
f 1179/1185 1181/1187 1233/1239 1220/1226
f 1234/1240 1233/1239 1181/1187 1183/1189
f 1235/1241 1187/1193 1189/1195 1227/1233
f 1236/1242 1185/1191 1187/1193 1235/1241
f 1183/1189 1185/1191 1236/1242 1234/1240
f 1234/1240 1231/1237 1232/1238 1233/1239
f 1235/1241 1227/1233 1228/1234 1229/1235
f 1229/1235 1230/1236 1236/1242 1235/1241
f 1230/1236 1231/1237 1234/1240 1236/1242
f 1240/1244 1239/1245 1238/1246 1237/1243
f 878/885 1241/1247 877/886
f 880/888 852/857 849/856 878/885
f 882/890 854/860 852/857 880/888
f 884/892 856/862 854/1481 882/1486
f 884/892 1242/1248 856/862
f 1246/1250 1245/1251 1244/1252 1243/1249
f 1248/1253 1247/1254 1245/1251 1246/1250
f 893/902 894/901 866/871 863/870
f 894/1488 896/904 868/874 866/1483
f 896/904 1249/1255 868/874
f 1253/1257 1252/1258 1251/1259 1250/1256
f 1237/1243 1238/1246 1252/1258 1253/1257
f 931/940 932/939 725/732 726/735
f 932/939 1254/1260 725/732
f 935/944 936/943 732/737 729/736
f 936/943 938/946 734/740 732/737
f 938/1529 1255/1261 734/1527
f 1259/1263 1258/1264 1257/1265 1256/1262
f 1259/1263 1261/1266 1260/1267 1258/1264
f 947/954 1262/1268 946/955
f 949/957 745/750 742/749 947/954
f 951/959 747/753 745/1467 949/1495
f 955/962 751/756 748/755 954/963
f 931/940 726/735 751/756 955/962
f 846/853 1264/1269 1263/1270 845/854
f 846/853 1265/1271 1264/1269
f 850/859 851/858 1267/1272 1266/1273
f 851/858 853/861 1268/1274 1267/1272
f 853/1482 855/863 1269/1275 1268/1506
f 1270/1276 857/865 1271/1277
f 857/865 860/868 1272/1278 1271/1277
f 864/873 1274/1279 1273/1280 860/868
f 865/872 1275/1281 1274/1279 864/873
f 867/875 1276/1282 1275/1507 865/1484
f 869/877 1277/1283 1276/1282 867/875
f 871/879 1279/1284 1278/1285 869/877
f 845/854 1263/1270 1279/1284 871/879
f 821/826 876/881 873/880 820/827
f 821/826 822/830 879/884 876/881
f 822/830 824/832 881/887 879/884
f 824/832 826/834 883/889 881/887
f 828/836 885/891 883/1485 826/1478
f 828/836 830/838 887/893 885/891
f 832/840 890/895 887/893 830/838
f 834/842 892/899 890/895 832/840
f 834/842 836/844 895/900 892/899
f 836/1480 838/846 897/903 895/1487
f 838/846 840/848 899/905 897/903
f 842/850 901/907 899/905 840/848
f 820/827 873/880 901/907 842/850
f 1280/1286 1184/1576 1182/1575 1281/1287
f 1282/1288 1186/1577 1184/1576 1280/1286
f 1283/1289 1188/1578 1186/1577 1282/1288
f 1284/1290 1190/1579 1188/1578 1283/1289
f 1284/1290 1285/1291 1192/1580 1190/1579
f 1286/1292 1194/1581 1192/1580 1285/1291
f 1286/1292 1287/1293 1196/1582 1194/1581
f 1287/1293 1288/1294 1198/1583 1196/1582
f 1288/1294 1289/1295 1172/1570 1198/1583
f 1289/1295 1290/1296 1169/1569 1172/1570
f 1290/1296 1291/1297 1166/1568 1169/1569
f 1291/1297 1292/1298 1148/1562 1166/1568
f 1292/1298 1293/1299 1147/1561 1148/1562
f 1293/1299 1294/1300 1151/1563 1147/1561
f 1295/1301 1154/1564 1151/1563 1294/1300
f 1296/1302 1157/1565 1154/1564 1295/1301
f 1297/1303 1160/1566 1157/1565 1296/1302
f 1298/1304 1163/1567 1160/1566 1297/1303
f 1299/1305 1174/1571 1163/1567 1298/1304
f 1299/1305 1300/1306 1176/1572 1174/1571
f 1301/1307 1178/1573 1176/1572 1300/1306
f 1302/1308 1180/1574 1178/1573 1301/1307
f 1180/1574 1302/1308 1281/1287 1182/1575
f 1303/1309 1284/1290 1283/1289 1282/1288
f 1280/1286 1281/1287 1303/1309 1282/1288
f 1304/1310 1293/1299 1292/1298 1291/1297
f 1304/1310 1295/1301 1294/1300 1293/1299
f 1305/1311 1296/1302 1295/1301 1304/1310
f 1305/1311 1304/1310 1291/1297 1290/1296
f 1306/1312 1305/1311 1290/1296 1289/1295
f 1305/1311 1306/1312 1297/1303 1296/1302
f 1307/1313 1303/1309 1281/1287 1302/1308
f 1284/1290 1303/1309 1307/1313 1285/1291
f 1308/1314 1307/1313 1302/1308 1301/1307
f 1285/1291 1307/1313 1308/1314 1286/1292
f 1309/1315 1287/1293 1286/1292 1308/1314
f 1300/1306 1309/1315 1308/1314 1301/1307
f 1310/1316 1309/1315 1300/1306 1299/1305
f 1309/1315 1310/1316 1288/1294 1287/1293
f 1311/1317 1298/1304 1297/1303 1306/1312
f 1311/1317 1310/1316 1299/1305 1298/1304
f 1311/1317 1288/1294 1310/1316
f 1311/1317 1306/1312 1289/1295 1288/1294
f 960/965 833/839 831/837 959/966
f 961/969 835/841 833/839 960/965
f 963/971 837/843 835/841 961/969
f 965/973 839/845 837/1479 963/1497
f 965/973 967/975 841/847 839/845
f 967/975 969/977 843/849 841/847
f 971/979 819/828 843/849 969/977
f 973/981 818/825 819/828 971/979
f 973/981 975/983 823/829 818/825
f 975/983 977/985 825/831 823/829
f 977/985 979/987 827/833 825/831
f 981/989 829/835 827/1477 979/1499
f 981/989 982/988 958/967 959/966
f 1119/1409 1120/1408 968/974 966/972
f 1120/1408 1121/1410 970/976 968/974
f 1121/1410 1123/1411 972/978 970/976
f 1123/1411 1125/1412 974/980 972/978
f 1127/1413 976/982 974/980 1125/1412
f 1129/1414 978/984 976/982 1127/1413
f 1131/1415 980/986 978/984 1129/1414
f 1133/1416 982/988 980/1498 1131/1510
f 1135/1417 958/967 982/988 1133/1416
f 1137/1418 957/964 958/967 1135/1417
f 1139/1419 962/968 957/964 1137/1418
f 1141/1511 964/970 962/968 1139/1419
f 1141/1148 1142/1147 1118/1126 1119/1125
f 1055/1062 1312/619 695/618 1054/1060
f 1056/1061 1314/1318 1313/1319 1055/1062
f 1062/1068 1315/1320 1314/1318 1056/1061
f 1062/1068 1067/1073 1072/1080 1315/1320
f 1067/1073 1070/1076 1071/1077 1072/1080
f 1070/1076 1078/1084 1079/1085 1071/1077
f 1083/1089 1092/1536 1079/1085 1078/1084
f 1083/1534 1090/1096 1091/1097 1092/1100
f 1090/1096 1098/1104 1099/1105 1091/1097
f 1098/1104 1105/1111 1106/1112 1099/1105
f 1110/1116 1111/1117 1106/1112 1105/1111
f 1110/1116 698/624 697/623 1111/1117
f 986/991 717/1465 719/726 985/992
f 985/992 719/726 721/728 988/995
f 988/995 721/728 723/730 990/997
f 990/997 723/730 702/707 992/999
f 992/999 702/707 699/706 994/1001
f 996/1003 994/1001 699/706 703/710
f 996/1003 703/710 705/712 998/1005
f 1000/1007 998/1005 705/712 707/714
f 1002/1009 1000/1531 707/1525 709/716
f 1004/1011 1002/1009 709/716 711/718
f 1006/1013 1004/1011 711/718 713/720
f 1008/1015 1006/1013 713/720 715/722
f 1008/1015 715/722 717/724 986/1501
f 1254/1260 1316/1321 728/733 725/732
f 933/938 1316/1321 1254/1260 932/939
f 1318/1322 1317/1323 748/755 749/758
f 1322/1325 1321/1326 1320/1327 1319/1324
f 1321/1326 1322/1325 1317/1323 1318/1322
f 1322/1325 1319/1324 1317/1323
f 1319/1324 1320/1327 953/960 954/963
f 728/733 1010/1017 1009/1016 727/734
f 728/733 730/739 1010/1017
f 728/733 1316/1321 729/736
f 1316/1321 933/938 935/944 729/736
f 933/938 934/941 935/944
f 930/937 1324/1328 1323/1329 933/938
f 956/961 1325/1330 1324/1328 930/937
f 953/960 1326/1331 1325/1330 956/961
f 953/960 1320/1327 1326/1331
f 1320/1327 951/959 952/958
f 1320/1327 1321/1326 951/959
f 1321/1326 1318/1322 747/753
f 746/754 1318/1322 1011/1018
f 1318/1322 749/758 1011/1018
f 750/757 1012/1019 1011/1018 749/758
f 727/734 1009/1016 1012/1019 750/757
f 730/739 728/733 729/736
f 934/941 933/938 1323/1329
f 1320/1327 952/958 1326/1331
f 1321/1326 747/753 951/959
f 1318/1322 746/754 747/753
f 1327/1332 756/763 1323/1329 1324/1328
f 757/765 934/941 1323/1329 756/763
f 757/765 760/768 937/942 934/941
f 762/770 939/945 937/942 760/768
f 764/772 941/947 939/1493 762/1470
f 766/774 943/949 941/947 764/772
f 1329/1334 945/951 943/949 1328/1333
f 1329/1334 1330/1335 945/951
f 776/783 950/956 948/953 775/784
f 778/786 952/958 950/1494 776/1472
f 1331/1336 1326/1331 952/958 778/786
f 1332/1337 1325/1330 1326/1331 1331/1336
f 1327/1332 1324/1328 1325/1330 1332/1337
f 814/821 1333/1338 779/785
f 779/785 1333/1338 778/786
f 1333/1338 1331/1336 778/786
f 752/759 1334/1339 755/760
f 757/765 758/764 759/766
f 758/764 1027/1035 759/766
f 752/759 753/762 1025/1033 1027/1035
f 784/790 781/789 814/821 815/824
f 753/762 784/790 815/824 1025/1033
f 754/761 755/760 756/763 1327/1332
f 780/787 783/791 1332/1337 1331/1336
f 783/791 754/761 1327/1332 1332/1337
f 781/789 782/788 1333/1338 814/821
f 782/788 780/787 1331/1336 1333/1338
f 758/764 756/763 755/760 1334/1339
f 1334/1339 752/759 1027/1035 758/764
f 1068/1074 1064/1069 1073/1079 1075/1082
f 1315/1320 1072/1080 1073/1079 1064/1069
f 1058/1066 1314/1318 1315/1320 1064/1069
f 1335/1340 1313/1319 1314/1318 1058/1066
f 1059/1065 1336/1341 1335/1340 1058/1066
f 1337/1342 1084/1090 1093/1535 1095/1537
f 1084/1090 1079/1085 1092/1536 1093/1535
f 1080/1086 1086/1094 1087/1093 1081/1087
f 1081/1087 1087/1093 1088/1092 1337/1342
f 1337/1342 1088/1092 1085/1091 1084/1090
f 1084/1090 1085/1091 1086/1094 1080/1086
f 1060/1064 1065/1071 1068/1074 1059/1065
f 1341/1344 1340/1345 1339/1346 1338/1343
f 1094/1098 1091/1097 1100/1107
f 1102/1109 1339/1346 1340/1345 1100/1107
f 1100/1107 1340/1345 1341/1344 1094/1098
f 1094/1098 1341/1344 1338/1343 1096/1101
f 1096/1101 1338/1343 1339/1346 1102/1109
f 1107/1113 1114/1122 1115/1121 1108/1114
f 1108/1114 1115/1121 1116/1120 1342/1347
f 1342/1347 1116/1120 1113/1119 1112/1118
f 1112/1118 1113/1119 1114/1122 1107/1113
f 943/949 766/774 1328/1333
f 1343/1348 1345/1349 1344/1350
f 1035/1041 1033/1040 765/771 1032/1039
f 1033/1040 767/773 765/771
f 767/773 764/772 765/771
f 1037/1043 773/781 1036/1044
f 1347/1352 770/777 771/776 1346/1351
f 1330/1335 775/784 948/953 945/951
f 1330/1335 774/780 775/784
f 774/780 772/779 775/784
f 1034/1042 768/775 1344/1350 1033/1040
f 1033/1040 1344/1350 1345/1349 767/773
f 767/773 1345/1349 1343/1348 766/774
f 766/774 1343/1348 769/778 1328/1333
f 1328/1333 769/778 770/777 1329/1334
f 1329/1334 770/777 1347/1352 1330/1335
f 1330/1335 1347/1352 1348/1353 774/780
f 774/780 1348/1353 1346/1351 773/781
f 773/781 1346/1351 771/776 1036/1044
f 1036/1044 771/776 768/775 1034/1042
f 945/951 946/955 944/952
f 1350/1355 1260/1267 1261/1266 1349/1354
f 739/747 741/748 742/749 743/752
f 741/748 1262/1268 742/749
f 1262/1268 947/954 742/749
f 940/948 1255/1261 938/1529
f 734/1527 1255/1261 736/742
f 1351/1356 1256/1262 1257/1265
f 736/742 1257/1265 1258/1264 738/744
f 738/744 1258/1264 1260/1267 740/746
f 740/746 1260/1267 1350/1355 741/748
f 741/748 1350/1355 1352/1357 1262/1268
f 1262/1268 1352/1357 1349/1354 946/955
f 946/955 1349/1354 1261/1266 944/952
f 944/952 1261/1266 1259/1263 942/950
f 942/950 1259/1263 1256/1262 940/948
f 940/948 1256/1262 1351/1356 1255/1261
f 1255/1261 1351/1356 1257/1265 736/742
f 1356/1359 1355/1360 1354/1361 1353/1358
f 793/798 1357/1362 792/799
f 1266/1273 1267/1272 795/801 792/799
f 1267/1272 1268/1274 797/803 795/801
f 1268/1506 1269/1275 799/805 797/1473
f 1358/1363 1360/1364 1359/1365
f 1361/1366 1364/1367 1363/1368 1362/1369
f 1365/1370 1273/1280 1274/1279
f 1274/1279 1275/1281 809/814 806/813
f 1276/1282 811/817 809/1475 1275/1507
f 1276/1282 1366/1371 811/817
f 1370/1373 1369/1374 1368/1375 1367/1372
f 1353/1358 1354/1361 1369/1374 1370/1373
f 1270/1276 1269/1275 855/863 857/865
f 1270/1276 1371/1376 1269/1275
f 1269/1275 1371/1376 799/805
f 1371/1376 802/808 799/805
f 800/807 798/806 799/805 802/808
f 803/811 805/812 806/813 807/816
f 806/813 1365/1370 1274/1279
f 860/868 1273/1280 1272/1278
f 1373/1378 1363/1368 1364/1367 1372/1377
f 1365/1370 806/813 805/812
f 802/808 1358/1363 1362/1369 801/809
f 801/809 1362/1369 1363/1368 804/810
f 804/810 1363/1368 1373/1378 805/812
f 805/812 1373/1378 1374/1379 1365/1370
f 1365/1370 1374/1379 1372/1377 1273/1280
f 1273/1280 1372/1377 1364/1367 1272/1278
f 1272/1278 1364/1367 1361/1366 1271/1277
f 1271/1277 1361/1366 1359/1365 1270/1276
f 1270/1276 1359/1365 1360/1364 1371/1376
f 1371/1376 1360/1364 1358/1363 802/808
f 792/799 1357/1362 1266/1273
f 1265/1271 846/853 850/859 1266/1273
f 1266/1273 1357/1362 1265/1271
f 1375/1380 1376/1381 1355/1360 1356/1359
f 793/798 789/797 790/796
f 812/820 813/819 1024/1031
f 1277/1283 1366/1371 1276/1282
f 811/817 1366/1371 813/819
f 1377/1382 1379/1383 1378/1384
f 1277/1283 869/877 1278/1285
f 786/795 1369/1374 1354/1361 785/792
f 785/792 1354/1361 1355/1360 790/796
f 790/796 1355/1360 1376/1381 793/798
f 793/798 1376/1381 1380/1385 1357/1362
f 1357/1362 1380/1385 1375/1380 1265/1271
f 1265/1271 1375/1380 1356/1359 1264/1269
f 1264/1269 1356/1359 1353/1358 1263/1270
f 1263/1270 1353/1358 1370/1373 1279/1284
f 1279/1284 1370/1373 1367/1372 1278/1285
f 1278/1285 1367/1372 1379/1383 1277/1283
f 1277/1283 1379/1383 1377/1382 1366/1371
f 1366/1371 1377/1382 1378/1384 813/819
f 813/819 1378/1384 1368/1375 1024/1031
f 1024/1031 1368/1375 1369/1374 786/795
f 856/862 1242/1248 858/864
f 886/894 887/893 888/897
f 857/865 858/864 859/866
f 1381/1386 1383/1387 1382/1388
f 1242/1248 884/892 886/894
f 893/902 1384/1389 891/898
f 891/898 890/895 892/899 893/902
f 860/868 862/869 863/870 864/873
f 862/869 1384/1389 863/870
f 1384/1389 893/902 863/870
f 868/874 1249/1255 870/876
f 1251/1259 1385/1390 1250/1256
f 1249/1255 896/904 898/906
f 876/881 877/886 875/882
f 1386/1391 1387/1392 1239/1245 1240/1244
f 846/853 848/855 849/856 850/859
f 848/855 1241/1247 849/856
f 1241/1247 878/885 849/856
f 844/851 1238/1246 1239/1245 847/852
f 847/852 1239/1245 1387/1392 848/855
f 848/855 1387/1392 1388/1393 1241/1247
f 1241/1247 1388/1393 1386/1391 877/886
f 877/886 1386/1391 1240/1244 875/882
f 875/882 1240/1244 1237/1243 874/883
f 874/883 1237/1243 1253/1257 900/908
f 900/908 1253/1257 1250/1256 898/906
f 898/906 1250/1256 1385/1390 1249/1255
f 1249/1255 1385/1390 1251/1259 870/876
f 870/876 1251/1259 1252/1258 872/878
f 872/878 1252/1258 1238/1246 844/851
f 859/866 1244/1252 1245/1251 861/867
f 861/867 1245/1251 1247/1254 862/869
f 862/869 1247/1254 1389/1394 1384/1389
f 1384/1389 1389/1394 1248/1253 891/898
f 891/898 1248/1253 1246/1250 889/896
f 889/896 1246/1250 1243/1249 888/897
f 888/897 1243/1249 1382/1388 886/894
f 886/894 1382/1388 1383/1387 1242/1248
f 1242/1248 1383/1387 1381/1386 858/864
f 858/864 1381/1386 1244/1252 859/866
f 1350/1355 1349/1354 1352/1357
f 1347/1352 1346/1351 1348/1353
f 1343/1348 1344/1350 768/775 769/778
f 1358/1363 1359/1365 1361/1366 1362/1369
f 1382/1388 1243/1249 1244/1252 1381/1386
f 1247/1254 1248/1253 1389/1394
f 1373/1378 1372/1377 1374/1379
f 1387/1392 1386/1391 1388/1393
f 1376/1381 1375/1380 1380/1385
f 1379/1383 1367/1372 1368/1375 1378/1384
f 1317/1323 1319/1324 954/963 748/755
f 929/935 812/820 787/794 928/936
f 1013/1020 905/910 902/909 928/936
f 1014/1021 907/913 905/910 1013/1020
f 1015/1022 909/915 907/913 1014/1021
f 1015/1022 1016/1023 911/917 909/915
f 1016/1023 1017/1024 913/919 911/917
f 1017/1502 1018/1025 915/921 913/1489
f 1018/1025 1019/1026 917/923 915/921
f 1019/1026 1020/1027 919/925 917/923
f 1020/1027 1021/1028 921/927 919/925
f 1022/1029 923/929 921/927 1021/1028
f 1023/1030 925/931 923/1491 1022/1503
f 929/935 927/933 925/931 1023/1030
f 904/911 1026/1032 816/823 903/912
f 906/914 1028/1034 1026/1032 904/911
f 908/916 1029/1036 1028/1034 906/914
f 908/916 910/918 1030/1037 1029/1036
f 910/918 912/920 1031/1038 1030/1037
f 912/1490 914/922 1032/1039 1031/1504
f 916/924 1035/1041 1032/1039 914/922
f 916/924 918/926 1037/1043 1035/1041
f 918/926 920/928 1038/1045 1037/1043
f 922/930 1039/1046 1038/1045 920/928
f 924/932 1040/1047 1039/1505 922/1492
f 926/934 817/822 1040/1047 924/932
f 926/934 927/933 902/909 903/912
f 694/699 1042/1049 1007/1601 693/346
f 695/618 1052/358 1051/1058 1054/1060
f 1312/619 1055/1062 1313/1319 696/700
f 696/700 1313/1319 1335/1340 1390/701
f 1390/701 1335/1340 1336/1341 1391/702
f 1392/703 1109/1115 1042/1049 694/699
f 698/624 1110/1116 1109/1115 1392/703
f 697/623 1393/704 1112/1118 1111/1117
f 1393/704 1394/705 1342/1347 1112/1118
