# This file uses centimeters as units for non-parametric coordinates.

v 24.251442 45.709274 -1.477690
v 23.318594 47.634071 -1.819946
v 24.379572 47.634071 -1.819946
v 24.251442 45.341148 -2.420295
v 23.318590 46.988453 -3.473088
v 24.379570 46.988453 -3.473088
v 24.251442 44.640324 -3.150274
v 23.318584 45.759350 -4.753325
v 24.379570 45.759350 -4.753325
v 24.251442 43.713497 -3.556493
v 23.318577 44.133884 -5.465752
v 24.379570 44.133881 -5.465752
v 24.251442 42.701767 -3.577109
v 23.318571 42.359512 -5.501910
v 24.379570 42.359512 -5.501910
v 24.251442 41.759163 -3.208984
v 23.318567 40.706371 -4.856291
v 24.379570 40.706367 -4.856292
v 24.251442 41.029182 -2.508162
v 23.318562 39.426132 -3.627189
v 24.379568 39.426136 -3.627189
v 24.251442 40.622967 -1.581336
v 23.318560 38.713707 -2.001720
v 24.379568 38.713707 -2.001720
v 24.251442 40.602348 -0.569606
v 23.318562 38.677547 -0.227349
v 24.379568 38.677551 -0.227349
v 24.251442 40.970474 0.372999
v 23.318563 39.323170 1.425793
v 24.379570 39.323170 1.425793
v 24.251442 41.671295 1.102978
v 23.318569 40.552269 2.706029
v 24.379568 40.552273 2.706029
v 24.251442 42.598122 1.509197
v 23.318575 42.177738 3.418456
v 24.379568 42.177738 3.418456
v 24.251442 43.609852 1.529813
v 23.318583 43.952110 3.454614
v 24.379568 43.952106 3.454613
v 24.251442 44.552456 1.161688
v 23.318588 45.605251 2.808995
v 24.379570 45.605251 2.808995
v 24.251442 45.282436 0.460866
v 23.318592 46.885487 1.579893
v 24.379572 46.885487 1.579893
v 24.251444 45.688656 -0.465960
v 23.318594 47.597916 -0.045575
v 24.379570 47.597916 -0.045575
v 23.318590 46.865070 -1.683205
v 23.318588 46.330318 -3.052470
v 23.318584 45.312271 -4.112869
v 23.318579 43.965931 -4.702960
v 23.318573 42.496250 -4.732908
v 23.318567 41.126980 -4.198152
v 23.318565 40.066589 -3.180117
v 23.318563 39.476501 -1.833767
v 23.318563 39.446552 -0.364085
v 23.318565 39.981308 1.005185
v 23.318571 40.999344 2.065570
v 23.318575 42.345684 2.655662
v 23.318581 43.815369 2.685612
v 23.318586 45.184647 2.150854
v 23.318590 46.245029 1.132826
v 23.318592 46.835121 -0.213534
v 23.314766 47.644192 -4.102633
v 24.375748 47.644188 -4.102633
v 24.375748 46.415085 -5.382870
v 23.314762 46.415085 -5.382871
v 23.318817 44.152401 -6.374583
v 24.379808 44.152405 -6.374584
v 24.379808 42.378033 -6.410741
v 23.318811 42.378033 -6.410741
v 23.314264 40.076828 -5.512027
v 24.375267 40.076824 -5.512028
v 24.375267 38.796589 -4.282925
v 23.314259 38.796589 -4.282925
v 23.322025 37.804874 -2.020240
v 24.383034 37.804874 -2.020240
v 24.383034 37.768715 -0.245869
v 23.322027 37.768719 -0.245869
v 23.320475 38.667431 2.055338
v 24.381479 38.667435 2.055338
v 24.381481 39.896534 3.335575
v 23.320482 39.896534 3.335575
v 23.318457 42.159222 4.327287
v 24.379448 42.159218 4.327288
v 24.379450 43.933590 4.363444
v 23.318464 43.933590 4.363445
v 23.320023 46.234795 3.464731
v 24.381004 46.234795 3.464731
v 24.381004 47.515030 2.235629
v 23.320026 47.515030 2.235630
v 24.375927 48.542900 -1.801426
v 23.314949 48.542904 -1.801426
v 23.314949 48.506744 -0.027055
v 24.375927 48.506744 -0.027055
v 20.937624 45.709274 -1.477690
v 20.937624 45.341148 -2.420295
v 21.870476 47.634071 -1.819947
v 20.809498 47.634071 -1.819947
v 20.809498 46.988453 -3.473088
v 21.870478 46.988457 -3.473088
v 20.937622 44.640327 -3.150274
v 21.874302 47.644188 -4.102633
v 20.813320 47.644192 -4.102634
v 20.813322 46.415089 -5.382870
v 21.874308 46.415089 -5.382870
v 20.809498 45.759350 -4.753325
v 20.937622 43.713501 -3.556493
v 21.870483 45.759350 -4.753325
v 20.809498 44.133884 -5.465752
v 21.870487 44.133884 -5.465752
v 20.937622 42.701771 -3.577110
v 21.870251 44.152405 -6.374582
v 20.809258 44.152405 -6.374584
v 20.809258 42.378033 -6.410741
v 21.870255 42.378033 -6.410741
v 20.809496 42.359512 -5.501910
v 20.937624 41.759163 -3.208985
v 21.870495 42.359512 -5.501910
v 20.809496 40.706371 -4.856292
v 21.870499 40.706371 -4.856291
v 20.937622 41.029186 -2.508162
v 21.874800 40.076828 -5.512027
v 20.813797 40.076824 -5.512028
v 20.813797 38.796589 -4.282925
v 21.874802 38.796589 -4.282925
v 20.809494 39.426136 -3.627189
v 20.937622 40.622967 -1.581336
v 21.870502 39.426132 -3.627189
v 20.809494 38.713707 -2.001720
v 21.870502 38.713707 -2.001720
v 20.937622 40.602348 -0.569606
v 21.867037 37.804874 -2.020240
v 20.806028 37.804874 -2.020240
v 20.806030 37.768719 -0.245869
v 21.867037 37.768719 -0.245869
v 20.809494 38.677551 -0.227349
v 20.937624 40.970474 0.372999
v 21.870502 38.677547 -0.227349
v 20.809496 39.323170 1.425792
v 21.870499 39.323170 1.425793
v 20.937624 41.671299 1.102978
v 21.868587 38.667431 2.055338
v 20.807583 38.667431 2.055338
v 20.807583 39.896534 3.335575
v 21.868582 39.896538 3.335575
v 20.809496 40.552273 2.706029
v 20.937624 42.598125 1.509197
v 21.870495 40.552269 2.706029
v 20.809496 42.177742 3.418456
v 21.870487 42.177738 3.418456
v 20.937622 43.609852 1.529813
v 21.870609 42.159222 4.327287
v 20.809616 42.159218 4.327288
v 20.809616 43.933590 4.363444
v 21.870604 43.933590 4.363445
v 20.809496 43.952110 3.454613
v 20.937624 44.552460 1.161688
v 21.870483 43.952110 3.454614
v 20.809496 45.605251 2.808995
v 21.870478 45.605251 2.808995
v 20.937622 45.282436 0.460865
v 21.869045 46.234795 3.464731
v 20.808064 46.234795 3.464731
v 20.808064 47.515034 2.235629
v 21.869041 47.515030 2.235630
v 20.809498 46.885487 1.579893
v 20.937624 45.688656 -0.465961
v 21.870474 46.885487 1.579893
v 20.809498 47.597912 -0.045575
v 21.870474 47.597916 -0.045575
v 21.874119 48.506744 -0.027055
v 20.813141 48.506748 -0.027055
v 20.813143 48.542904 -1.801427
v 21.874119 48.542904 -1.801427
v 21.870480 46.330318 -3.052470
v 21.870478 46.865070 -1.683206
v 21.870483 45.312275 -4.112869
v 21.870489 43.965931 -4.702960
v 21.870493 42.496254 -4.732908
v 21.870497 41.126980 -4.198152
v 21.870501 40.066593 -3.180117
v 21.870502 39.476501 -1.833767
v 21.870501 39.446552 -0.364085
v 21.870497 39.981308 1.005185
v 21.870495 40.999348 2.065570
v 21.870489 42.345688 2.655661
v 21.870483 43.815369 2.685612
v 21.870480 45.184647 2.150854
v 21.870476 46.245029 1.132826
v 21.870476 46.835121 -0.213534
v 23.094543 69.413948 -6.622068
v 23.094543 69.060875 -7.057791
v 23.094543 68.864456 -5.747452
v 23.094543 68.558319 -6.587091
v 23.094543 67.290810 -3.198973
v 23.094543 67.080597 -4.978874
v 22.094534 69.413948 -6.622068
v 22.094536 69.060875 -7.057791
v 22.094534 68.864456 -5.747452
v 22.094534 68.558319 -6.587091
v 22.094534 67.290810 -3.198973
v 22.094534 67.080589 -4.978874
v 23.094543 16.216898 4.360094
v 23.094543 16.569138 4.796492
v 23.094543 16.768059 3.486530
v 23.094543 17.072594 4.326754
v 23.094542 18.346581 0.941063
v 23.094543 18.553391 2.721365
v 22.094532 16.216896 4.360094
v 22.094532 16.569138 4.796492
v 22.094532 16.768057 3.486530
v 22.094532 17.072592 4.326754
v 22.094532 18.346579 0.941063
v 22.094532 18.553389 2.721365
v 22.854532 45.554211 1.459840
v 22.854532 46.232368 -1.519202
v 22.854534 73.103859 -13.070095
v 22.854534 73.033760 -13.118164
v 22.854534 57.953045 2.571273
v 22.854534 58.018826 0.391959
v 22.854534 48.589661 -1.566233
v 22.854534 51.183838 -1.046118
v 22.854532 53.304241 -0.309707
v 22.854532 55.661533 0.441590
v 22.854532 55.544140 2.558036
v 22.854532 52.816067 3.227927
v 22.854534 50.710907 2.978884
v 22.854532 48.023880 1.579466
v 22.854532 49.768303 -1.470086
v 22.854532 49.324669 1.926696
v 22.854532 52.244038 -0.657218
v 22.854532 51.763489 3.337338
v 22.854534 71.464539 -8.833405
v 22.854534 69.257187 -4.364977
v 22.854534 66.876427 -2.654316
v 22.854534 64.068787 -0.591898
v 22.854534 61.321568 2.391906
v 22.854534 60.744850 -0.863535
v 22.854534 63.394459 -2.425253
v 22.854534 65.998993 -4.613583
v 22.854534 68.506798 -7.013348
v 22.854534 70.695435 -10.095228
v 22.854532 58.973274 0.041347
v 22.854532 59.820324 -0.378347
v 22.854532 60.297371 3.142764
v 22.854534 59.174526 3.202553
v 22.854534 56.748592 2.407264
v 22.854532 56.840179 0.489571
v 22.854534 58.433575 1.418953
v 22.854534 59.128777 0.796137
v 22.854534 59.946320 0.811101
v 22.854532 60.631832 1.458900
v 22.854534 60.610909 2.341372
v 22.854532 59.979244 2.948687
v 22.854534 59.137764 2.979230
v 22.854534 58.456367 2.366096
v 22.854534 50.492664 0.240770
v 22.854532 51.390148 0.252131
v 22.854534 51.958195 0.836908
v 22.854534 51.935295 1.889925
v 22.854532 51.239510 2.511821
v 22.854532 50.415272 2.468377
v 22.854534 49.796001 1.835994
v 22.854532 49.793568 0.911832
v 22.854534 70.554848 -9.081570
v 22.854534 69.566956 -7.161499
v 22.854534 69.349037 -7.251127
v 22.854534 70.448174 -9.123829
v 22.854534 71.063202 -8.020962
v 22.854534 70.661865 -7.208521
v 22.854534 69.658524 -5.177418
v 22.854534 69.004143 -7.724407
v 22.854534 69.515083 -8.489817
v 22.854534 70.091949 -9.285034
v 22.854534 70.597610 -8.971058
v 22.854534 70.556160 -8.869251
v 22.854534 70.451073 -8.824831
v 22.854534 70.179123 -8.456049
v 22.854534 70.239723 -8.308266
v 22.854534 70.183853 -8.153622
v 22.854534 70.037346 -8.095020
v 22.854534 69.793922 -7.706600
v 22.854534 69.889694 -7.479527
v 22.854534 69.791977 -7.249809
v 22.854534 69.252747 -7.484356
v 22.854534 69.351181 -7.707243
v 22.854534 69.573479 -7.795794
v 22.854534 69.879478 -8.155460
v 22.854534 69.813370 -8.305428
v 22.854534 69.879044 -8.457298
v 22.854534 70.030098 -8.519978
v 22.854534 70.344460 -8.868893
v 22.854534 70.300201 -8.974045
v 22.854534 70.344505 -9.082714
v 22.594536 69.257187 -4.364977
v 22.594536 66.876434 -2.654316
v 22.594534 65.850479 -5.308029
v 22.594536 68.263985 -7.366951
v 22.594532 55.661533 0.019346
v 22.594532 56.840179 0.088483
v 22.594534 56.748592 2.407264
v 22.594536 64.068794 -0.591898
v 22.594534 61.321571 2.391906
v 22.594534 60.563484 -1.432537
v 22.594534 63.255665 -3.340204
v 22.594536 70.594048 -10.157112
v 22.594536 73.064674 -13.244022
v 22.594536 73.188515 -13.094318
v 22.594536 71.464546 -8.833405
v 22.594534 58.018826 -0.157163
v 22.594534 57.953049 2.571273
v 22.594534 58.867046 -0.582287
v 22.594532 59.715267 -1.007412
v 22.594534 60.297375 3.142764
v 22.594532 59.174530 3.202553
v 22.594536 69.658524 -5.177418
v 22.594536 70.661865 -7.208521
v 22.594536 71.063210 -8.020962
v 22.594536 69.958580 -9.396160
v 22.594536 69.323105 -8.635204
v 22.594536 68.687637 -7.874252
v 22.594534 59.128780 0.796137
v 22.594532 58.433578 1.418953
v 22.594534 60.631836 1.458900
v 22.594534 59.979248 2.948687
v 22.594534 51.958199 0.836908
v 22.594534 51.935299 1.889925
v 22.594532 51.239513 2.511821
v 22.594532 50.415276 2.468377
v 22.594532 49.796005 1.835994
v 22.594532 49.793568 0.911832
v 22.594536 70.239731 -8.308266
v 22.594536 69.566963 -7.161499
v 22.594536 69.813377 -8.305428
v 22.594536 70.554855 -9.081570
v 22.594536 70.448181 -9.123829
v 22.594536 70.030106 -8.519978
v 22.594536 69.793930 -7.706600
v 22.594536 69.573486 -7.795794
v 22.594536 69.791985 -7.249809
v 22.594536 70.597618 -8.971058
v 22.594536 70.300209 -8.974045
v 22.594536 69.351189 -7.707243
v 22.334538 69.257187 -4.364977
v 22.334536 66.876427 -2.654316
v 22.334536 65.998993 -4.613583
v 22.334538 68.506798 -7.013348
v 22.334530 45.554207 1.459840
v 22.334532 46.232365 -1.519202
v 22.334532 48.589657 -1.566233
v 22.334530 48.023880 1.579466
v 22.334534 55.661533 0.441590
v 22.334532 56.840179 0.489571
v 22.334534 56.748592 2.407264
v 22.334532 55.544140 2.558036
v 22.334532 52.816071 3.227927
v 22.334532 53.304241 -0.309707
v 22.334532 49.768303 -1.470086
v 22.334532 49.324669 1.926696
v 22.334534 64.068787 -0.591898
v 22.334536 61.321571 2.391906
v 22.334534 60.744854 -0.863535
v 22.334536 63.394463 -2.425253
v 22.334538 70.695435 -10.095228
v 22.334538 73.033760 -13.118164
v 22.334538 73.103859 -13.070095
v 22.334538 71.464539 -8.833405
v 22.334534 58.018826 0.391959
v 22.334534 57.953045 2.571273
v 22.334534 58.973274 0.041347
v 22.334536 59.128780 0.796137
v 22.334534 58.433575 1.418953
v 22.334534 59.820328 -0.378347
v 22.334534 59.946323 0.811101
v 22.334534 60.631832 1.458900
v 22.334536 60.610912 2.341372
v 22.334534 60.297371 3.142764
v 22.334534 59.979248 2.948687
v 22.334534 59.174530 3.202553
v 22.334534 59.137768 2.979230
v 22.334534 58.456367 2.366096
v 22.334534 51.183842 -1.046118
v 22.334532 52.244041 -0.657218
v 22.334532 51.390152 0.252131
v 22.334532 50.492668 0.240770
v 22.334534 51.958199 0.836908
v 22.334532 51.935299 1.889925
v 22.334532 51.763493 3.337338
v 22.334532 51.239513 2.511821
v 22.334534 50.710911 2.978884
v 22.334532 50.415276 2.468377
v 22.334532 49.796005 1.835994
v 22.334532 49.793571 0.911832
v 22.334538 70.661865 -7.208521
v 22.334538 70.183853 -8.153622
v 22.334538 70.239723 -8.308266
v 22.334538 69.349037 -7.251127
v 22.334538 69.566956 -7.161499
v 22.334538 69.515083 -8.489817
v 22.334538 69.879044 -8.457298
v 22.334538 69.813370 -8.305428
v 22.334538 70.554848 -9.081570
v 22.334538 70.448174 -9.123829
v 22.334538 70.030098 -8.519978
v 22.334538 70.344460 -8.868893
v 22.334538 70.451073 -8.824831
v 22.334538 70.179123 -8.456049
v 22.334538 70.037346 -8.095020
v 22.334538 69.793922 -7.706600
v 22.334538 69.573479 -7.795794
v 22.334538 69.879478 -8.155460
v 22.334538 69.658524 -5.177418
v 22.334538 69.791977 -7.249809
v 22.334538 69.889694 -7.479527
v 22.334538 71.063202 -8.020962
v 22.334538 70.597610 -8.971058
v 22.334538 70.556160 -8.869251
v 22.334538 70.091949 -9.285034
v 22.334538 70.344505 -9.082714
v 22.334538 70.300201 -8.974045
v 22.334538 69.004143 -7.724407
v 22.334538 69.252747 -7.484356
v 22.334538 69.351181 -7.707243
v 22.594532 45.554207 1.459840
v 22.594532 46.232365 -1.519202
v 22.594532 48.589657 -1.566233
v 22.594532 48.023880 1.579466
v 22.594532 55.544140 2.558036
v 22.594532 52.816071 3.227927
v 22.594532 53.304241 -0.701979
v 22.594532 49.768303 -1.608688
v 22.594532 49.324669 1.926696
v 22.594534 59.946323 0.811101
v 22.594534 60.610912 2.341372
v 22.594534 59.137768 2.979230
v 22.594534 58.456367 2.366096
v 22.594532 51.183842 -1.333814
v 22.594532 52.244041 -1.017896
v 22.594532 51.390152 0.252131
v 22.594534 50.492668 0.240770
v 22.594532 51.763489 3.337338
v 22.594532 50.710911 2.978884
v 22.594536 70.183861 -8.153622
v 22.594536 69.349037 -7.251127
v 22.594536 69.879044 -8.457298
v 22.594536 70.344467 -8.868893
v 22.594536 70.451073 -8.824831
v 22.594536 70.179131 -8.456049
v 22.594536 69.879478 -8.155460
v 22.594536 70.037354 -8.095020
v 22.594536 69.889694 -7.479527
v 22.594536 70.556160 -8.869251
v 22.594536 70.344513 -9.082714
v 22.594536 69.252754 -7.484356
v 23.274544 45.554207 1.716585
v 23.274544 46.075516 0.234871
v 23.274544 57.953045 2.828018
v 23.274544 58.275337 0.731559
v 23.274542 48.485672 -0.699479
v 23.274542 50.852886 -0.562648
v 23.274542 54.158447 1.158433
v 23.274544 55.704300 1.143445
v 23.274544 55.544140 2.814780
v 23.274544 52.816067 3.484673
v 23.274542 50.710907 3.235629
v 23.274544 48.023880 1.836211
v 23.274542 49.664318 -0.741935
v 23.274544 49.324669 2.183441
v 23.274544 51.783451 -0.172228
v 23.274544 51.763489 3.594084
v 23.274544 67.290810 -3.198973
v 23.274544 66.574631 -2.383417
v 23.274544 64.068794 -0.335154
v 23.274544 61.321568 2.648651
v 23.274544 61.824814 -0.969036
v 23.274544 63.813427 -2.077850
v 23.274544 66.046562 -3.959629
v 23.274544 67.080597 -4.978874
v 23.274544 59.274708 0.284934
v 23.274544 60.046406 -0.032841
v 23.274544 60.297371 3.399508
v 23.274544 59.174526 3.459298
v 23.274544 56.748592 2.664009
v 23.274542 56.970142 1.051764
v 23.274542 58.557255 1.471586
v 23.274544 59.174786 0.918353
v 23.274544 59.900993 0.931645
v 23.274544 60.509914 1.507071
v 23.274544 60.491329 2.290950
v 23.274544 59.930241 2.830414
v 23.274544 59.182770 2.857545
v 23.274544 58.577499 2.312911
v 23.274544 50.549755 0.408031
v 23.274544 51.314125 0.417706
v 23.274542 51.797920 0.915750
v 23.274542 51.778416 1.812582
v 23.274544 51.185829 2.342239
v 23.274542 50.483841 2.305239
v 23.274544 49.956421 1.766651
v 23.274544 49.954350 0.979560
v 22.594536 66.574631 -2.383417
v 22.594534 66.046562 -3.959629
v 22.594536 67.080589 -4.978874
v 22.594532 46.075516 0.234871
v 22.594532 56.970146 1.051764
v 22.594532 52.816071 3.484673
v 22.594532 49.664318 -0.741935
v 22.594532 49.324669 2.183441
v 22.594536 61.824818 -0.969036
v 22.594534 63.813427 -2.077850
v 22.594534 58.275341 0.731559
v 22.594534 59.274712 0.284934
v 22.594534 59.174789 0.918353
v 22.594534 60.046410 -0.032841
v 22.594534 60.509918 1.507071
v 22.594534 60.491333 2.290950
v 22.594532 59.930244 2.830414
v 22.594534 59.174530 3.459298
v 22.594534 58.577503 2.312911
v 22.594532 51.797920 0.915750
v 22.594532 51.778419 1.812582
v 22.594532 51.763489 3.594084
v 22.594532 50.710911 3.235629
v 22.594532 50.483845 2.305239
v 22.594532 49.956425 1.766651
v 22.594532 49.954350 0.979560
v 21.914526 67.290810 -3.198973
v 21.914526 66.574631 -2.383417
v 21.914526 66.046562 -3.959629
v 21.914526 67.080589 -4.978874
v 21.914520 45.554207 1.716585
v 21.914520 46.075516 0.234871
v 21.914520 48.485672 -0.699479
v 21.914522 48.023880 1.836211
v 21.914524 55.704300 1.143445
v 21.914522 56.970142 1.051764
v 21.914524 56.748592 2.664009
v 21.914524 55.544140 2.814780
v 21.914524 52.816071 3.484673
v 21.914522 54.158451 1.158433
v 21.914520 49.664318 -0.741935
v 21.914520 49.324669 2.183441
v 21.914526 64.068787 -0.335154
v 21.914524 61.321571 2.648651
v 21.914526 61.824818 -0.969036
v 21.914524 63.813427 -2.077850
v 21.914524 58.275337 0.731559
v 21.914524 57.953045 2.828018
v 21.914524 59.274712 0.284934
v 21.914524 59.174789 0.918353
v 21.914524 58.557255 1.471586
v 21.914524 60.046406 -0.032841
v 21.914524 59.900993 0.931645
v 21.914524 60.509918 1.507071
v 21.914524 60.491333 2.290950
v 21.914524 60.297371 3.399508
v 21.914524 59.930241 2.830414
v 21.914524 59.174530 3.459298
v 21.914524 59.182774 2.857545
v 21.914524 58.577499 2.312911
v 21.914522 50.852890 -0.562648
v 21.914522 51.783455 -0.172228
v 21.914522 51.314129 0.417706
v 21.914522 50.549759 0.408031
v 21.914522 51.797924 0.915750
v 21.914522 51.778419 1.812582
v 21.914520 51.763493 3.594084
v 21.914522 51.185833 2.342239
v 21.914522 50.710911 3.235629
v 21.914520 50.483845 2.305239
v 21.914522 49.956425 1.766651
v 21.914522 49.954353 0.979560
v 22.594534 67.290810 -3.198973
v 22.594532 45.554207 1.716585
v 22.594532 48.485672 -0.699479
v 22.594532 48.023880 1.836211
v 22.594534 55.704304 1.143445
v 22.594532 56.748592 2.664009
v 22.594534 55.544140 2.814780
v 22.594532 54.158451 1.158433
v 22.594534 64.068794 -0.335154
v 22.594536 61.321571 2.648651
v 22.594532 57.953049 2.828018
v 22.594532 58.557259 1.471586
v 22.594534 59.900997 0.931645
v 22.594534 60.297375 3.399508
v 22.594534 59.182774 2.857545
v 22.594532 50.852890 -0.562648
v 22.594534 51.783451 -0.172228
v 22.594532 51.314125 0.417706
v 22.594532 50.549759 0.408031
v 22.594534 51.185833 2.342239
v 22.854532 40.092045 -3.676175
v 22.854532 39.408192 -0.698435
v 22.854530 12.514663 10.801052
v 22.854532 12.584662 10.849255
v 22.854530 27.695354 -4.811316
v 22.854530 27.625408 -2.632132
v 22.854530 37.050816 -0.655912
v 22.854532 34.457630 -1.180987
v 22.854530 32.338642 -1.921452
v 22.854532 29.982788 -2.677255
v 22.854532 30.104231 -4.793471
v 22.854530 32.833576 -5.458145
v 22.854530 34.938259 -5.205076
v 22.854530 37.622608 -3.800524
v 22.854530 35.872356 -0.754312
v 22.854532 36.322483 -4.150240
v 22.854532 33.398178 -1.571914
v 22.854532 33.886364 -5.565543
v 22.854532 14.162078 6.567501
v 22.854534 16.377970 2.103306
v 22.854532 18.761992 0.397200
v 22.854534 21.573572 -1.659845
v 22.854532 24.326494 -4.638391
v 22.854532 24.896984 -1.381853
v 22.854532 22.244394 0.174797
v 22.854532 19.635683 2.358139
v 22.854534 17.123291 4.753107
v 22.854534 14.928763 7.830799
v 22.854532 26.670288 -2.283344
v 22.854532 25.822437 -1.865273
v 22.854532 25.352125 -5.387288
v 22.854532 26.475080 -5.444930
v 22.854532 28.899492 -4.645003
v 22.854532 28.804237 -2.727489
v 22.854532 27.212622 -3.659917
v 22.854532 26.516230 -3.038430
v 22.854532 25.698715 -3.054958
v 22.854532 25.014446 -3.704068
v 22.854532 25.037056 -4.586496
v 22.854532 25.669878 -5.192603
v 22.854532 26.511415 -5.221537
v 22.854532 27.191643 -4.607100
v 22.854530 35.151264 -2.466551
v 22.854532 34.253803 -2.479628
v 22.854532 33.686878 -3.065490
v 22.854532 33.711788 -4.118461
v 22.854532 34.408764 -4.739026
v 22.854530 35.232918 -4.694006
v 22.854530 35.850975 -4.060440
v 22.854530 35.851643 -3.136274
v 22.854532 15.071290 6.817408
v 22.854534 16.062851 4.899231
v 22.854534 16.280600 4.989275
v 22.854532 15.177886 6.859871
v 22.854534 14.564967 5.755833
v 22.854534 14.967856 4.944160
v 22.854534 15.975080 2.914978
v 22.854534 16.624592 5.463213
v 22.854532 16.112186 6.227644
v 22.854534 15.533803 7.021757
v 22.854532 15.028741 6.706812
v 22.854534 15.070390 6.605089
v 22.854534 15.175559 6.560867
v 22.854534 15.448211 6.192608
v 22.854534 15.387893 6.044708
v 22.854532 15.444058 5.890173
v 22.854532 15.590678 5.831852
v 22.854532 15.834843 5.443895
v 22.854534 15.739509 5.216640
v 22.854534 15.837660 4.987110
v 22.854534 16.376444 5.222691
v 22.854534 16.277580 5.445387
v 22.854532 16.055113 5.533508
v 22.854534 15.748430 5.892593
v 22.854532 15.814253 6.042683
v 22.854532 15.748291 6.194429
v 22.854534 15.597114 6.256821
v 22.854534 15.282084 6.605137
v 22.854532 15.326140 6.710369
v 22.854534 15.281631 6.818958
v 22.594536 16.377970 2.103306
v 22.594534 18.761992 0.397200
v 22.594534 19.782869 3.052872
v 22.594536 17.365431 5.107174
v 22.594532 29.981983 -2.255012
v 22.594532 28.803471 -2.326402
v 22.594532 28.899492 -4.645003
v 22.594532 21.573574 -1.659845
v 22.594532 24.326496 -4.638391
v 22.594532 25.077267 -0.812506
v 22.594534 22.381445 1.090012
v 22.594536 15.030038 7.892874
v 22.594532 12.553515 10.975056
v 22.594536 12.429957 10.825115
v 22.594534 14.162078 6.567501
v 22.594532 27.624357 -2.083010
v 22.594532 27.695354 -4.811316
v 22.594532 26.775328 -1.659509
v 22.594532 25.926296 -1.236007
v 22.594532 25.352127 -5.387288
v 22.594532 26.475080 -5.444930
v 22.594536 15.975081 2.914978
v 22.594536 14.967856 4.944160
v 22.594536 14.564967 5.755833
v 22.594536 15.666961 7.133137
v 22.594534 16.303888 6.373402
v 22.594534 16.940813 5.613665
v 22.594532 26.516230 -3.038430
v 22.594532 27.212622 -3.659917
v 22.594532 25.014446 -3.704068
v 22.594532 25.669878 -5.192603
v 22.594530 33.686874 -3.065490
v 22.594532 33.711788 -4.118461
v 22.594532 34.408760 -4.739026
v 22.594532 35.232914 -4.694006
v 22.594530 35.850975 -4.060440
v 22.594532 35.851643 -3.136274
v 22.594536 15.387893 6.044708
v 22.594536 16.062851 4.899231
v 22.594534 15.814254 6.042683
v 22.594534 15.071290 6.817408
v 22.594534 15.177886 6.859871
v 22.594536 15.597115 6.256821
v 22.594534 15.834844 5.443895
v 22.594534 16.055113 5.533508
v 22.594536 15.837661 4.987110
v 22.594534 15.028741 6.706812
v 22.594534 15.326140 6.710369
v 22.594536 16.277580 5.445387
v 22.334536 16.377970 2.103306
v 22.334536 18.761993 0.397200
v 22.334534 19.635685 2.358139
v 22.334534 17.123291 4.753107
v 22.334530 40.092045 -3.676175
v 22.334530 39.408192 -0.698435
v 22.334530 37.050812 -0.655912
v 22.334530 37.622604 -3.800524
v 22.334532 29.982790 -2.677255
v 22.334532 28.804237 -2.727489
v 22.334532 28.899492 -4.645003
v 22.334532 30.104231 -4.793471
v 22.334530 32.833576 -5.458145
v 22.334530 32.338642 -1.921452
v 22.334530 35.872353 -0.754312
v 22.334532 36.322483 -4.150240
v 22.334534 21.573572 -1.659845
v 22.334534 24.326494 -4.638391
v 22.334534 24.896984 -1.381853
v 22.334534 22.244394 0.174797
v 22.334538 14.928763 7.830799
v 22.334536 12.584661 10.849255
v 22.334538 12.514662 10.801052
v 22.334536 14.162077 6.567501
v 22.334534 27.625410 -2.632132
v 22.334534 27.695354 -4.811316
v 22.334534 26.670290 -2.283344
v 22.334532 26.516232 -3.038430
v 22.334534 27.212622 -3.659917
v 22.334532 25.822439 -1.865273
v 22.334534 25.698717 -3.054958
v 22.334534 25.014446 -3.704068
v 22.334534 25.037056 -4.586496
v 22.334534 25.352127 -5.387288
v 22.334532 25.669880 -5.192603
v 22.334534 26.475082 -5.444930
v 22.334534 26.511417 -5.221537
v 22.334532 27.191643 -4.607100
v 22.334532 34.457630 -1.180987
v 22.334532 33.398178 -1.571914
v 22.334532 34.253803 -2.479628
v 22.334530 35.151264 -2.466551
v 22.334530 33.686878 -3.065490
v 22.334530 33.711788 -4.118461
v 22.334532 33.886364 -5.565543
v 22.334532 34.408764 -4.739026
v 22.334530 34.938259 -5.205076
v 22.334530 35.232918 -4.694006
v 22.334530 35.850975 -4.060440
v 22.334530 35.851643 -3.136274
v 22.334538 14.967856 4.944160
v 22.334536 15.444058 5.890173
v 22.334538 15.387893 6.044708
v 22.334538 16.280600 4.989275
v 22.334538 16.062851 4.899231
v 22.334536 16.112186 6.227644
v 22.334536 15.748292 6.194429
v 22.334536 15.814254 6.042683
v 22.334536 15.071290 6.817408
v 22.334536 15.177886 6.859871
v 22.334538 15.597114 6.256821
v 22.334538 15.282084 6.605137
v 22.334538 15.175559 6.560867
v 22.334538 15.448211 6.192608
v 22.334536 15.590678 5.831852
v 22.334536 15.834844 5.443895
v 22.334536 16.055113 5.533508
v 22.334538 15.748431 5.892593
v 22.334538 15.975080 2.914978
v 22.334538 15.837661 4.987110
v 22.334538 15.739509 5.216640
v 22.334538 14.564967 5.755833
v 22.334536 15.028741 6.706812
v 22.334538 15.070390 6.605089
v 22.334538 15.533803 7.021757
v 22.334538 15.281631 6.818958
v 22.334536 15.326140 6.710369
v 22.334538 16.624592 5.463213
v 22.334538 16.376444 5.222691
v 22.334538 16.277580 5.445387
v 22.594530 40.092045 -3.676175
v 22.594530 39.408192 -0.698435
v 22.594530 37.050812 -0.655912
v 22.594530 37.622604 -3.800524
v 22.594532 30.104231 -4.793471
v 22.594532 32.833576 -5.458145
v 22.594532 32.337891 -1.529181
v 22.594532 35.872089 -0.615710
v 22.594532 36.322483 -4.150240
v 22.594534 25.698715 -3.054958
v 22.594534 25.037058 -4.586496
v 22.594534 26.511415 -5.221537
v 22.594532 27.191643 -4.607100
v 22.594530 34.457077 -0.893291
v 22.594532 33.397484 -1.211236
v 22.594532 34.253803 -2.479628
v 22.594532 35.151260 -2.466551
v 22.594532 33.886364 -5.565543
v 22.594532 34.938255 -5.205076
v 22.594534 15.444058 5.890173
v 22.594536 16.280600 4.989275
v 22.594534 15.748292 6.194429
v 22.594536 15.282084 6.605137
v 22.594536 15.175559 6.560867
v 22.594536 15.448211 6.192608
v 22.594536 15.748431 5.892593
v 22.594534 15.590678 5.831852
v 22.594536 15.739509 5.216640
v 22.594536 15.070390 6.605089
v 22.594536 15.281631 6.818958
v 22.594536 16.376444 5.222691
v 23.274542 40.092537 -3.932919
v 23.274542 39.568394 -2.452205
v 23.274542 27.695845 -5.068060
v 23.274542 27.369545 -2.972220
v 23.274542 37.156456 -1.522465
v 23.274542 34.789509 -1.663823
v 23.274542 31.487242 -3.391221
v 23.274544 29.941364 -3.379190
v 23.274542 30.104723 -5.050216
v 23.274542 32.834068 -5.714890
v 23.274542 34.938751 -5.461821
v 23.274540 37.623096 -4.057268
v 23.274542 35.977734 -1.482263
v 23.274542 36.322975 -4.406985
v 23.274542 33.859692 -2.056021
v 23.274542 33.886856 -5.822288
v 23.274542 18.346579 0.941063
v 23.274544 19.064310 0.126879
v 23.274544 21.574064 -1.916590
v 23.274542 24.326984 -4.895135
v 23.274542 23.816820 -1.278418
v 23.274542 21.826094 -0.173407
v 23.274544 19.589367 1.704098
v 23.274544 18.553389 2.721365
v 23.274542 26.369320 -2.527508
v 23.274544 25.597017 -2.211210
v 23.274542 25.352617 -5.644032
v 23.274542 26.475571 -5.701674
v 23.274542 28.899982 -4.901748
v 23.274542 28.675348 -3.289929
v 23.274542 27.089041 -3.712787
v 23.274542 26.470453 -3.160735
v 23.274542 25.744274 -3.175416
v 23.274542 25.136454 -3.752006
v 23.274542 25.156538 -4.535846
v 23.274542 25.718658 -5.074237
v 23.274542 26.466177 -5.099937
v 23.274542 27.070406 -4.554149
v 23.274542 35.094494 -2.633920
v 23.274540 34.330147 -2.645058
v 23.274542 33.847305 -3.144025
v 23.274542 33.868523 -4.040819
v 23.274542 34.462120 -4.569341
v 23.274542 35.164036 -4.530999
v 23.274542 35.690426 -3.991403
v 23.274542 35.690994 -3.204310
v 22.594532 19.064310 0.126879
v 22.594534 19.589367 1.704098
v 22.594534 18.553391 2.721365
v 22.594530 39.568394 -2.452205
v 22.594532 28.675348 -3.289929
v 22.594532 32.834068 -5.714890
v 22.594530 35.977730 -1.482263
v 22.594532 36.322971 -4.406985
v 22.594532 23.816822 -1.278418
v 22.594534 21.826096 -0.173407
v 22.594532 27.369545 -2.972220
v 22.594534 26.369320 -2.527508
v 22.594532 26.470453 -3.160735
v 22.594532 25.597017 -2.211210
v 22.594532 25.136456 -3.752006
v 22.594532 25.156540 -4.535846
v 22.594532 25.718658 -5.074237
v 22.594532 26.475571 -5.701674
v 22.594532 27.070406 -4.554149
v 22.594532 33.847301 -3.144025
v 22.594530 33.868519 -4.040819
v 22.594530 33.886856 -5.822288
v 22.594532 34.938747 -5.461821
v 22.594532 35.164032 -4.530999
v 22.594530 35.690422 -3.991403
v 22.594532 35.690990 -3.204310
v 21.914524 18.346581 0.941063
v 21.914524 19.064312 0.126879
v 21.914526 19.589369 1.704098
v 21.914526 18.553391 2.721365
v 21.914520 40.092533 -3.932919
v 21.914520 39.568394 -2.452205
v 21.914520 37.156456 -1.522465
v 21.914520 37.623096 -4.057268
v 21.914520 29.941364 -3.379190
v 21.914522 28.675348 -3.289929
v 21.914522 28.899982 -4.901748
v 21.914522 30.104721 -5.050216
v 21.914522 32.834068 -5.714890
v 21.914520 31.487242 -3.391221
v 21.914520 35.977730 -1.482263
v 21.914520 36.322975 -4.406985
v 21.914526 21.574064 -1.916590
v 21.914524 24.326986 -4.895135
v 21.914524 23.816822 -1.278418
v 21.914524 21.826094 -0.173407
v 21.914522 27.369545 -2.972220
v 21.914522 27.695845 -5.068060
v 21.914524 26.369322 -2.527508
v 21.914524 26.470455 -3.160735
v 21.914522 27.089041 -3.712787
v 21.914524 25.597019 -2.211210
v 21.914522 25.744276 -3.175416
v 21.914524 25.136456 -3.752006
v 21.914522 25.156540 -4.535846
v 21.914524 25.352619 -5.644032
v 21.914524 25.718660 -5.074237
v 21.914522 26.475573 -5.701674
v 21.914524 26.466179 -5.099937
v 21.914522 27.070406 -4.554149
v 21.914520 34.789505 -1.663823
v 21.914520 33.859692 -2.056021
v 21.914520 34.330143 -2.645058
v 21.914520 35.094494 -2.633920
v 21.914520 33.847301 -3.144025
v 21.914520 33.868519 -4.040819
v 21.914520 33.886856 -5.822288
v 21.914520 34.462120 -4.569341
v 21.914520 34.938747 -5.461821
v 21.914520 35.164032 -4.530999
v 21.914520 35.690422 -3.991403
v 21.914520 35.690990 -3.204310
v 22.594534 18.346579 0.941063
v 22.594530 40.092537 -3.932919
v 22.594532 37.156456 -1.522465
v 22.594532 37.623096 -4.057268
v 22.594532 29.941364 -3.379190
v 22.594532 28.899982 -4.901748
v 22.594532 30.104723 -5.050216
v 22.594532 31.487242 -3.391221
v 22.594534 21.574066 -1.916590
v 22.594532 24.326986 -4.895135
v 22.594532 27.695845 -5.068060
v 22.594532 27.089041 -3.712787
v 22.594532 25.744274 -3.175416
v 22.594532 25.352619 -5.644032
v 22.594534 26.466177 -5.099937
v 22.594532 34.789505 -1.663823
v 22.594532 33.859692 -2.056021
v 22.594532 34.330143 -2.645058
v 22.594530 35.094490 -2.633920
v 22.594530 34.462116 -4.569341
vt 0.237503 0.992188
vt 0.237419 0.916075
vt 0.260662 0.916050
vt 0.260745 0.992162
vt 0.668299 0.362043
vt 0.443196 0.785271
vt 0.414532 0.814270
vt 0.639034 0.333670
vt 0.619871 0.341960
vt 0.395191 0.806391
vt 0.379807 0.844151
vt 0.603686 0.304548
vt 0.622848 0.296257
vt 0.399147 0.852031
vt 0.399384 0.892805
vt 0.622206 0.255499
vt 0.580954 0.033865
vt 0.580687 0.009513
vt 0.621422 0.009067
vt 0.621688 0.033420
vt 0.602793 0.247817
vt 0.380135 0.900909
vt 0.395957 0.938490
vt 0.617792 0.209916
vt 0.642555 0.033280
vt 0.642288 0.008926
vt 0.637205 0.217598
vt 0.415205 0.930386
vt 0.444205 0.959051
vt 0.665564 0.188323
vt 0.657270 0.169165
vt 0.436324 0.978393
vt 0.474086 0.993778
vt 0.694673 0.152972
vt 0.702967 0.172130
vt 0.481966 0.974437
vt 0.522742 0.974200
vt 0.743720 0.171487
vt 0.751406 0.152076
vt 0.530846 0.993450
vt 0.568426 0.977627
vt 0.789303 0.167080
vt 0.683028 0.008480
vt 0.683294 0.032837
vt 0.704162 0.032523
vt 0.703896 0.008164
vt 0.781618 0.186491
vt 0.560323 0.958378
vt 0.588988 0.929379
vt 0.810890 0.214858
vt 0.744643 0.007719
vt 0.744909 0.032080
vt 0.830052 0.206565
vt 0.608330 0.937258
vt 0.623715 0.899496
vt 0.846243 0.243975
vt 0.307230 0.992112
vt 0.307146 0.915999
vt 0.827081 0.252268
vt 0.604373 0.891616
vt 0.604136 0.850840
vt 0.827726 0.293029
vt 0.330390 0.915973
vt 0.330473 0.992086
vt 0.847141 0.300712
vt 0.623385 0.842736
vt 0.607562 0.805155
vt 0.832142 0.338617
vt 0.765781 0.031848
vt 0.765515 0.007485
vt 0.812726 0.330934
vt 0.588313 0.813259
vt 0.559313 0.784595
vt 0.784364 0.360215
vt 0.806269 0.007039
vt 0.806535 0.031405
vt 0.792659 0.379375
vt 0.567193 0.765253
vt 0.529431 0.749869
vt 0.755251 0.395570
vt 0.353632 0.915948
vt 0.353716 0.992061
vt 0.746956 0.376410
vt 0.521551 0.769210
vt 0.480776 0.769448
vt 0.706199 0.377052
vt 0.698511 0.396464
vt 0.472671 0.750200
vt 0.435092 0.766022
vt 0.660612 0.381455
vt 0.653795 0.323472
vt 0.678033 0.346974
vt 0.640387 0.292481
vt 0.639854 0.258720
vt 0.652277 0.227326
vt 0.675765 0.203077
vt 0.706744 0.189665
vt 0.740498 0.189133
vt 0.771887 0.201561
vt 0.796132 0.225058
vt 0.809542 0.256045
vt 0.810076 0.289808
vt 0.797652 0.321206
vt 0.774161 0.345458
vt 0.743178 0.358873
vt 0.709422 0.359405
vt 0.443324 0.860556
vt 0.490492 0.930259
vt 0.513712 0.930123
vt 0.133660 0.194981
vt 0.099903 0.194996
vt 0.099888 0.161741
vt 0.133646 0.161726
vt 0.538782 0.194850
vt 0.505013 0.194854
vt 0.505007 0.161590
vt 0.538777 0.161582
vt 0.699369 0.785249
vt 0.670719 0.814233
vt 0.701529 0.427648
vt 0.660756 0.428052
vt 0.827413 0.031182
vt 0.651387 0.806354
vt 0.636003 0.844096
vt 0.747156 0.423499
vt 0.709326 0.408273
vt 0.655335 0.851975
vt 0.655563 0.892733
vt 0.768475 0.471424
vt 0.739357 0.442876
vt 0.636319 0.900830
vt 0.652125 0.938401
vt 0.803667 0.500760
vt 0.787692 0.463242
vt 0.671369 0.930304
vt 0.700351 0.958967
vt 0.784851 0.549718
vt 0.784451 0.508943
vt 0.827145 0.006814
vt 0.692468 0.978301
vt 0.730212 0.993691
vt 0.788990 0.595346
vt 0.804225 0.557521
vt 0.867906 0.006364
vt 0.738095 0.974358
vt 0.778858 0.974132
vt 0.741066 0.616657
vt 0.769616 0.587542
vt 0.786955 0.993378
vt 0.824528 0.977569
vt 0.711730 0.651846
vt 0.749248 0.635874
vt 0.816431 0.958324
vt 0.845094 0.929339
vt 0.662775 0.633030
vt 0.703549 0.632630
vt 0.864430 0.937220
vt 0.879818 0.899472
vt 0.617150 0.637169
vt 0.654972 0.652402
vt 0.860482 0.891590
vt 0.860252 0.850825
vt 0.595839 0.589248
vt 0.624953 0.617796
vt 0.879497 0.842725
vt 0.863683 0.805152
vt 0.560651 0.559915
vt 0.576624 0.597430
vt 0.844437 0.813252
vt 0.815448 0.784590
vt 0.579465 0.510963
vt 0.579866 0.551734
vt 0.823329 0.765255
vt 0.785579 0.749869
vt 0.575325 0.465340
vt 0.560093 0.503161
vt 0.777699 0.769204
vt 0.736936 0.769436
vt 0.623243 0.444028
vt 0.594697 0.473141
vt 0.728837 0.750194
vt 0.691269 0.766007
vt 0.652574 0.408838
vt 0.615060 0.424813
vt 0.672948 0.855376
vt 0.673137 0.889136
vt 0.775260 0.956557
vt 0.806381 0.943463
vt 0.830122 0.919455
vt 0.842867 0.888189
vt 0.842676 0.854425
vt 0.829577 0.823304
vt 0.468406 0.822537
vt 0.669967 0.472092
vt 0.693186 0.471861
vt 0.452084 0.839052
vt 0.443461 0.883776
vt 0.731310 0.496786
vt 0.740409 0.518150
vt 0.452472 0.905176
vt 0.740638 0.541369
vt 0.468988 0.921499
vt 0.535113 0.921111
vt 0.694343 0.588588
vt 0.671123 0.588818
vt 0.551436 0.904596
vt 0.649583 0.580145
vt 0.560195 0.883090
vt 0.633002 0.563890
vt 0.560059 0.859870
vt 0.623904 0.542528
vt 0.551047 0.838470
vt 0.623675 0.519309
vt 0.534531 0.822148
vt 0.632347 0.497771
vt 0.513026 0.813388
vt 0.648603 0.481190
vt 0.489806 0.813524
vt 0.471248 0.194860
vt 0.471240 0.161599
vt 0.234933 0.194937
vt 0.201176 0.194952
vt 0.201162 0.161696
vt 0.234919 0.161682
vt 0.167418 0.194966
vt 0.167403 0.161711
vt 0.606326 0.194840
vt 0.606321 0.161570
vt 0.572554 0.194845
vt 0.572549 0.161576
vt 0.437485 0.194867
vt 0.437477 0.161608
vt 0.403724 0.194876
vt 0.403714 0.161618
vt 0.868175 0.030733
vt 0.889055 0.030602
vt 0.888786 0.006232
vt 0.685690 0.824113
vt 0.709420 0.800106
vt 0.710235 0.943997
vt 0.686230 0.920256
vt 0.741498 0.956744
vt 0.774299 0.786819
vt 0.805566 0.799564
vt 0.740536 0.787010
vt 0.714728 0.480532
vt 0.731964 0.562910
vt 0.715707 0.579490
vt 0.369993 0.194886
vt 0.369993 0.161629
vt 0.336205 0.194897
vt 0.336193 0.161641
vt 0.302446 0.194909
vt 0.302434 0.161654
vt 0.268690 0.194923
vt 0.268676 0.161668
vt 0.929550 0.005781
vt 0.929819 0.030151
vt 0.950698 0.029822
vt 0.950428 0.005451
vt 0.991193 0.005000
vt 0.991463 0.029371
vt 0.026184 0.040272
vt 0.025894 0.015885
vt 0.066687 0.015399
vt 0.066978 0.039787
vt 0.051566 0.992388
vt 0.051484 0.916277
vt 0.074726 0.916252
vt 0.074808 0.992363
vt 0.087873 0.039617
vt 0.087582 0.015229
vt 0.128375 0.014742
vt 0.128666 0.039129
vt 0.097968 0.916227
vt 0.098050 0.992338
vt 0.149560 0.038834
vt 0.149267 0.014449
vt 0.190054 0.013961
vt 0.190347 0.038343
vt 0.121210 0.916202
vt 0.121292 0.992313
vt 0.211237 0.038134
vt 0.210943 0.013754
vt 0.251721 0.013265
vt 0.252014 0.037642
vt 0.144451 0.916177
vt 0.144534 0.992288
vt 0.272897 0.037392
vt 0.272605 0.013019
vt 0.313372 0.012534
vt 0.313661 0.036903
vt 0.167693 0.916152
vt 0.167776 0.992263
vt 0.334536 0.036652
vt 0.334250 0.012287
vt 0.375004 0.011814
vt 0.375286 0.036175
vt 0.190979 0.916126
vt 0.190979 0.992238
vt 0.396155 0.035900
vt 0.395876 0.011542
vt 0.436620 0.011079
vt 0.436896 0.035435
vt 0.214177 0.916101
vt 0.214261 0.992213
vt 0.457761 0.035232
vt 0.457487 0.010878
vt 0.498231 0.010423
vt 0.498495 0.034775
vt 0.519359 0.034627
vt 0.519090 0.010276
vt 0.559824 0.009826
vt 0.560092 0.034178
vt 0.283904 0.916025
vt 0.283988 0.992137
vt 0.376874 0.915922
vt 0.376958 0.992035
vt 0.028242 0.916302
vt 0.028324 0.992413
vt 0.375003 0.078422
vt 0.334225 0.078240
vt 0.334333 0.053861
vt 0.375113 0.054044
vt 0.313337 0.078237
vt 0.272556 0.078061
vt 0.272661 0.053681
vt 0.313444 0.053857
vt 0.251669 0.077885
vt 0.210886 0.077712
vt 0.210989 0.053331
vt 0.251772 0.053504
vt 0.189997 0.077618
vt 0.149215 0.077445
vt 0.149319 0.053065
vt 0.190100 0.053238
vt 0.128327 0.077360
vt 0.087549 0.077182
vt 0.087655 0.052804
vt 0.128433 0.052981
vt 0.066663 0.077190
vt 0.025885 0.077012
vt 0.025992 0.052634
vt 0.066769 0.052811
vt 0.991215 0.081739
vt 0.950478 0.081502
vt 0.950620 0.057148
vt 0.991356 0.057385
vt 0.929614 0.081301
vt 0.888878 0.081064
vt 0.889019 0.056711
vt 0.929755 0.056947
vt 0.868013 0.081023
vt 0.827278 0.080788
vt 0.827418 0.056434
vt 0.868154 0.056669
vt 0.806413 0.080625
vt 0.765675 0.080392
vt 0.765814 0.056037
vt 0.806553 0.056270
vt 0.744808 0.080318
vt 0.704067 0.080089
vt 0.704204 0.055731
vt 0.744947 0.055962
vt 0.683198 0.079976
vt 0.642452 0.079751
vt 0.642585 0.055390
vt 0.683333 0.055616
vt 0.621580 0.079636
vt 0.580826 0.079420
vt 0.580955 0.055054
vt 0.621711 0.055273
vt 0.559951 0.079279
vt 0.519190 0.079073
vt 0.519313 0.054703
vt 0.560077 0.054912
vt 0.498311 0.079003
vt 0.457544 0.078805
vt 0.457661 0.054432
vt 0.498431 0.054631
vt 0.436661 0.078790
vt 0.395887 0.078601
vt 0.396000 0.054224
vt 0.436776 0.054415
vt 0.005000 0.916328
vt 0.005082 0.992438
vt 0.640098 0.194835
vt 0.640093 0.161565
vt 0.005000 0.016213
vt 0.005290 0.040601
vt 0.005000 0.076822
vt 0.005106 0.052444
vt 0.276613 0.772837
vt 0.292428 0.772837
vt 0.305308 0.772837
vt 0.329032 0.772837
vt 0.226451 0.772837
vt 0.397823 0.772837
vt 0.305308 0.749869
vt 0.292428 0.749869
vt 0.276613 0.749869
vt 0.329032 0.749869
vt 0.226451 0.749869
vt 0.397823 0.749869
vt 0.106947 0.693701
vt 0.102888 0.708986
vt 0.090708 0.704796
vt 0.090765 0.681073
vt 0.116157 0.644391
vt 0.090399 0.612282
vt 0.168036 0.301523
vt 0.155856 0.305713
vt 0.151796 0.290428
vt 0.167978 0.277800
vt 0.142587 0.241118
vt 0.168345 0.209009
vt 0.185287 0.772837
vt 0.185287 0.749869
vt 0.276613 0.772837
vt 0.292428 0.772837
vt 0.305308 0.772837
vt 0.329032 0.772837
vt 0.226451 0.772837
vt 0.397823 0.772837
vt 0.305308 0.749869
vt 0.292428 0.749869
vt 0.276613 0.749869
vt 0.329032 0.749869
vt 0.226451 0.749869
vt 0.397823 0.749869
vt 0.106947 0.693701
vt 0.102888 0.708986
vt 0.090708 0.704796
vt 0.090765 0.681073
vt 0.116157 0.644391
vt 0.090399 0.612282
vt 0.168036 0.301523
vt 0.155856 0.305713
vt 0.151796 0.290428
vt 0.167978 0.277800
vt 0.142587 0.241118
vt 0.168345 0.209009
vt 0.185287 0.772837
vt 0.185287 0.749869
vt 0.408273 0.479219
vt 0.418673 0.413717
vt 0.463810 0.430207
vt 0.463487 0.509216
vt 0.298758 0.797069
vt 0.285775 0.872047
vt 0.227321 0.876250
vt 0.236915 0.797738
vt 0.069488 0.860560
vt 0.042381 0.866857
vt 0.033420 0.822906
vt 0.059645 0.812835
vt 0.115632 0.782264
vt 0.126051 0.862279
vt 0.198137 0.875163
vt 0.204143 0.791534
vt 0.429845 0.337839
vt 0.425531 0.252633
vt 0.482793 0.291195
vt 0.468488 0.354944
vt 0.484916 0.608562
vt 0.494570 0.721957
vt 0.492057 0.722197
vt 0.443085 0.596529
vt 0.500749 0.243172
vt 0.477790 0.209009
vt 0.492858 0.257906
vt 0.481736 0.250188
vt 0.483935 0.232112
vt 0.487759 0.272980
vt 0.469704 0.258594
vt 0.449597 0.257083
vt 0.436294 0.243399
vt 0.429868 0.226772
vt 0.437530 0.224979
vt 0.449596 0.209894
vt 0.452809 0.213010
vt 0.472148 0.217348
vt 0.170414 0.868087
vt 0.148687 0.864383
vt 0.161904 0.841408
vt 0.181389 0.837002
vt 0.149033 0.831553
vt 0.142055 0.807935
vt 0.135080 0.774599
vt 0.152312 0.788135
vt 0.159512 0.773591
vt 0.171590 0.782572
vt 0.193717 0.794756
vt 0.196114 0.817091
vt 0.430773 0.549156
vt 0.456061 0.558683
vt 0.457891 0.562879
vt 0.454202 0.527357
vt 0.449022 0.529441
vt 0.474700 0.551518
vt 0.467484 0.558427
vt 0.465675 0.554299
vt 0.467289 0.584085
vt 0.470168 0.582807
vt 0.465941 0.562822
vt 0.467012 0.575862
vt 0.463819 0.576996
vt 0.462067 0.564585
vt 0.457542 0.554813
vt 0.454811 0.543419
vt 0.460139 0.540926
vt 0.461664 0.552955
vt 0.414934 0.498619
vt 0.446724 0.535044
vt 0.448776 0.540915
vt 0.436663 0.571866
vt 0.464024 0.582898
vt 0.462742 0.579918
vt 0.480808 0.578710
vt 0.471475 0.579909
vt 0.470106 0.576907
vt 0.468030 0.528869
vt 0.459689 0.529505
vt 0.462098 0.535052
vt 0.634328 0.121650
vt 0.566473 0.122115
vt 0.110103 0.474880
vt 0.114105 0.548128
vt 0.300427 0.893941
vt 0.229818 0.899409
vt 0.175365 0.903628
vt 0.062184 0.126096
vt 0.151131 0.210593
vt 0.134944 0.232683
vt 0.276600 0.124190
vt 0.248545 0.124423
vt 0.183641 0.124983
vt 0.063845 0.902468
vt 0.148158 0.905737
vt 0.093289 0.125804
vt 0.485812 0.122667
vt 0.391910 0.123319
vt 0.112569 0.323247
vt 0.110134 0.399551
vt 0.131310 0.630289
vt 0.151760 0.719118
vt 0.149773 0.723133
vt 0.749562 0.120852
vt 0.123909 0.258315
vt 0.304705 0.123965
vt 0.120127 0.279967
vt 0.478138 0.247957
vt 0.479464 0.233426
vt 0.116346 0.301611
vt 0.468554 0.254243
vt 0.451779 0.252500
vt 0.440858 0.241718
vt 0.362521 0.123529
vt 0.441833 0.227314
vt 0.336508 0.123721
vt 0.453887 0.217971
vt 0.469587 0.221378
vt 0.114830 0.905627
vt 0.089331 0.904019
vt 0.162937 0.836705
vt 0.178314 0.832382
vt 0.153107 0.828754
vt 0.147635 0.808511
vt 0.159192 0.125200
vt 0.155703 0.792424
vt 0.133501 0.125433
vt 0.170912 0.788507
vt 0.188622 0.798089
vt 0.190432 0.815626
vt 0.091021 0.575306
vt 0.090864 0.571557
vt 0.388532 0.466442
vt 0.388582 0.460993
vt 0.091650 0.590518
vt 0.091491 0.586695
vt 0.394536 0.495502
vt 0.394490 0.498155
vt 0.394720 0.484916
vt 0.394674 0.487518
vt 0.090711 0.567867
vt 0.090556 0.564121
vt 0.388740 0.443932
vt 0.388791 0.438433
vt 0.091334 0.582908
vt 0.091172 0.579002
vt 0.655292 0.121505
vt 0.388633 0.455403
vt 0.388687 0.449630
vt 0.707680 0.121143
vt 0.728626 0.120998
vt 0.394583 0.492762
vt 0.394628 0.490221
vt 0.126507 0.607925
vt 0.394814 0.479565
vt 0.394766 0.482278
vt 0.121706 0.585545
vt 0.117145 0.563099
vt 0.388478 0.472277
vt 0.388842 0.432900
vt 0.493672 0.448479
vt 0.550022 0.420656
vt 0.547260 0.499628
vt 0.501507 0.514345
vt 0.910371 0.407760
vt 0.911290 0.345919
vt 0.989842 0.336643
vt 0.985403 0.395080
vt 0.974786 0.178748
vt 0.927101 0.168713
vt 0.937278 0.142529
vt 0.981192 0.151666
vt 0.976278 0.235317
vt 0.896306 0.224576
vt 0.905219 0.313122
vt 0.988873 0.307454
vt 0.509711 0.590612
vt 0.548997 0.575025
vt 0.560808 0.639292
vt 0.502077 0.675599
vt 0.575311 0.322239
vt 0.533052 0.332619
vt 0.586900 0.209009
vt 0.589401 0.209348
vt 0.552606 0.721237
vt 0.576882 0.687987
vt 0.559648 0.698386
vt 0.558154 0.680234
vt 0.569570 0.672953
vt 0.546456 0.671363
vt 0.565062 0.657690
vt 0.526302 0.672090
vt 0.512474 0.685247
vt 0.512991 0.703705
vt 0.505403 0.701613
vt 0.527796 0.716264
vt 0.524462 0.719252
vt 0.547292 0.712682
vt 0.981908 0.279702
vt 0.950779 0.290551
vt 0.955263 0.271085
vt 0.978291 0.257961
vt 0.945461 0.258175
vt 0.921870 0.251103
vt 0.902028 0.261280
vt 0.888562 0.243993
vt 0.896388 0.280534
vt 0.887456 0.268421
vt 0.908483 0.302709
vt 0.930809 0.305196
vt 0.518892 0.379466
vt 0.546525 0.366818
vt 0.544533 0.370938
vt 0.536356 0.399881
vt 0.541537 0.402166
vt 0.562876 0.378825
vt 0.553967 0.375694
vt 0.555936 0.371640
vt 0.559569 0.347388
vt 0.556744 0.346000
vt 0.554566 0.367190
vt 0.550764 0.365276
vt 0.553001 0.352946
vt 0.556146 0.354204
vt 0.545861 0.374862
vt 0.549908 0.376880
vt 0.547914 0.388839
vt 0.542688 0.386140
vt 0.501087 0.429351
vt 0.534279 0.394192
vt 0.536560 0.388406
vt 0.553436 0.347058
vt 0.525669 0.357006
vt 0.552039 0.349984
vt 0.570038 0.351898
vt 0.560762 0.350335
vt 0.559277 0.353281
vt 0.547019 0.400233
vt 0.555328 0.401195
vt 0.549643 0.394785
vt 0.230736 0.105444
vt 0.298524 0.104875
vt 0.380150 0.454060
vt 0.383824 0.380807
vt 0.859664 0.101473
vt 0.930562 0.101177
vt 0.340041 0.434090
vt 0.802293 0.101714
vt 0.422111 0.717786
vt 0.405910 0.695835
vt 0.587840 0.102750
vt 0.615835 0.102591
vt 0.680633 0.102250
vt 0.339511 0.545696
vt 0.337507 0.461245
vt 0.771082 0.101844
vt 0.379071 0.104230
vt 0.472795 0.103515
vt 0.383255 0.605563
vt 0.380503 0.529342
vt 0.400615 0.298391
vt 0.420533 0.209009
vt 0.009283 0.107802
vt 0.115507 0.106516
vt 0.394818 0.670321
vt 0.559800 0.102920
vt 0.390964 0.648737
vt 0.554470 0.682323
vt 0.555230 0.696898
vt 0.387110 0.627151
vt 0.545137 0.675667
vt 0.528304 0.676755
vt 0.516970 0.687105
vt 0.502122 0.103302
vt 0.517383 0.701539
vt 0.528074 0.103125
vt 0.529066 0.711347
vt 0.544890 0.708555
vt 0.337107 0.494588
vt 0.338334 0.520141
vt 0.950557 0.272099
vt 0.946172 0.287458
vt 0.942646 0.262238
vt 0.922423 0.256685
vt 0.705070 0.102132
vt 0.906303 0.264688
vt 0.730783 0.102017
vt 0.902325 0.279881
vt 0.911836 0.297628
vt 0.929367 0.299509
vt 0.104910 0.218569
vt 0.103639 0.222152
vt 0.187844 0.248481
vt 0.189146 0.243203
vt 0.109979 0.204264
vt 0.108701 0.207872
vt 0.125038 0.692409
vt 0.125775 0.689862
vt 0.122096 0.702574
vt 0.122838 0.700013
vt 0.102405 0.225632
vt 0.101152 0.229165
vt 0.193539 0.226674
vt 0.194929 0.221346
vt 0.107435 0.211445
vt 0.106129 0.215129
vt 0.209784 0.105629
vt 0.190638 0.237788
vt 0.192098 0.232195
vt 0.157402 0.106110
vt 0.136453 0.106310
vt 0.124277 0.695040
vt 0.123571 0.697481
vt 0.395936 0.320861
vt 0.120609 0.707712
vt 0.121363 0.705107
vt 0.391249 0.343318
vt 0.386796 0.365814
vt 0.186366 0.254133
vt 0.196327 0.215986
vt 0.634286 0.115633
vt 0.566432 0.116096
vt 0.094063 0.467907
vt 0.102516 0.547726
vt 0.299961 0.887932
vt 0.229352 0.893403
vt 0.174900 0.897627
vt 0.062128 0.120089
vt 0.141522 0.204264
vt 0.125691 0.226581
vt 0.276551 0.118179
vt 0.248494 0.118414
vt 0.183588 0.118976
vt 0.061901 0.891785
vt 0.147570 0.898949
vt 0.093233 0.119797
vt 0.485770 0.116647
vt 0.391867 0.117300
vt 0.098239 0.318568
vt 0.090399 0.389299
vt 0.124969 0.632092
vt 0.145183 0.717851
vt 0.144471 0.719677
vt 0.749521 0.114846
vt 0.112225 0.250460
vt 0.304657 0.117952
vt 0.105833 0.273135
vt 0.101981 0.294687
vt 0.362477 0.117512
vt 0.336462 0.117706
vt 0.113486 0.896770
vt 0.087563 0.893908
vt 0.159138 0.119193
vt 0.133446 0.119425
vt 0.707639 0.115132
vt 0.113755 0.587488
vt 0.655250 0.115491
vt 0.728584 0.114989
vt 0.119453 0.609445
vt 0.107875 0.567055
vt 0.230685 0.099432
vt 0.372236 0.381263
vt 0.364148 0.461101
vt 0.298475 0.098863
vt 0.859639 0.095442
vt 0.802267 0.095684
vt 0.346027 0.434649
vt 0.930536 0.095143
vt 0.412564 0.724121
vt 0.615802 0.096594
vt 0.587804 0.096753
vt 0.396712 0.701949
vt 0.350189 0.547800
vt 0.680602 0.096249
vt 0.771056 0.095820
vt 0.344285 0.461938
vt 0.379024 0.098220
vt 0.360829 0.539669
vt 0.368963 0.610295
vt 0.472751 0.097509
vt 0.394237 0.296623
vt 0.115447 0.100506
vt 0.010461 0.101473
vt 0.413935 0.210329
vt 0.559763 0.096922
vt 0.383196 0.678198
vt 0.376731 0.655608
vt 0.372799 0.634119
vt 0.502080 0.097300
vt 0.528035 0.097124
vt 0.345951 0.496066
vt 0.348435 0.522061
vt 0.705041 0.096124
vt 0.730756 0.096001
vt 0.157346 0.100099
vt 0.383274 0.341415
vt 0.209730 0.099617
vt 0.136395 0.100299
vt 0.388854 0.319381
vt 0.377499 0.361902
vt 0.005057 0.126638
vt 0.855724 0.120379
vt 0.345120 0.379807
vt 0.005000 0.106454
vt 0.005000 0.120631
vt 0.854442 0.114121
vt 0.351106 0.380366
vt 0.008646 0.100816
vt 0.394544 0.466497
vt 0.394594 0.461048
vt 0.097658 0.590269
vt 0.097499 0.586446
vt 0.388524 0.495398
vt 0.388478 0.498051
vt 0.394645 0.455458
vt 0.388572 0.492658
vt 0.388616 0.490116
vt 0.388803 0.479460
vt 0.388755 0.482173
vt 0.394491 0.472332
vt 0.394854 0.432956
vt 0.183399 0.241681
vt 0.182019 0.246959
vt 0.114369 0.209881
vt 0.115648 0.206273
vt 0.119948 0.688192
vt 0.119266 0.690739
vt 0.184813 0.236266
vt 0.118505 0.693370
vt 0.117798 0.695810
vt 0.114838 0.706042
vt 0.115591 0.703437
vt 0.180542 0.252611
vt 0.190503 0.214467
vt 0.090399 0.560342
vt 0.394859 0.476987
vt 0.388895 0.427267
vt 0.099888 0.232728
vt 0.119948 0.710188
vt 0.197750 0.210527
vt 0.096406 0.560093
vt 0.388848 0.476881
vt 0.394907 0.427322
vt 0.105553 0.234738
vt 0.114121 0.708518
vt 0.191926 0.209009
vt 0.388709 0.484811
vt 0.388662 0.487518
vt 0.117065 0.698343
vt 0.116324 0.700904
vt 0.097029 0.575107
vt 0.096871 0.571308
vt 0.096562 0.563872
vt 0.096718 0.567618
vt 0.097180 0.578753
vt 0.097342 0.582658
vt 0.109305 0.224161
vt 0.110576 0.220578
vt 0.106817 0.231175
vt 0.108070 0.227642
vt 0.111796 0.217139
vt 0.113102 0.213454
vt 0.394751 0.443987
vt 0.394803 0.438489
vt 0.394699 0.449686
vt 0.189146 0.219827
vt 0.187715 0.225154
vt 0.186274 0.230674
vt 0.015687 0.876007
vt 0.005000 0.825872
vt 0.940358 0.114121
vt 0.990450 0.125010
vt 0.007109 0.898694
vt 0.005000 0.887456
vt 0.342472 0.602627
vt 0.353711 0.604903
vt 0.345966 0.720854
vt 0.331235 0.700745
vt 0.369201 0.696731
vt 0.386921 0.724979
vt 0.343642 0.209009
vt 0.374281 0.228052
vt 0.383273 0.286735
vt 0.328703 0.263796
vt 0.306121 0.439473
vt 0.301894 0.468316
vt 0.266838 0.455344
vt 0.269435 0.427585
vt 0.267951 0.363081
vt 0.313457 0.404730
vt 0.378376 0.313377
vt 0.314461 0.291243
vt 0.297749 0.634385
vt 0.244483 0.557967
vt 0.323106 0.587214
vt 0.338095 0.637312
vt 0.302596 0.499175
vt 0.257182 0.481541
vt 0.307650 0.523804
vt 0.293941 0.518419
vt 0.284601 0.501823
vt 0.310944 0.542687
vt 0.290038 0.534637
vt 0.274111 0.545435
vt 0.256626 0.541126
vt 0.232731 0.531273
vt 0.247314 0.525866
vt 0.236963 0.505799
vt 0.250416 0.508970
vt 0.265633 0.498101
vt 0.368457 0.339141
vt 0.355085 0.358072
vt 0.344184 0.344619
vt 0.348194 0.327526
vt 0.330614 0.352997
vt 0.310599 0.348109
vt 0.270721 0.338933
vt 0.301662 0.332191
vt 0.283984 0.317107
vt 0.305976 0.316633
vt 0.320672 0.307478
vt 0.338332 0.311338
vt 0.005197 0.714695
vt 0.005173 0.689770
vt 0.641062 0.133275
vt 0.674436 0.133098
vt 0.099888 0.136414
vt 0.135924 0.136192
vt 0.195233 0.135825
vt 0.005143 0.194646
vt 0.371067 0.134759
vt 0.400220 0.134589
vt 0.005003 0.407815
vt 0.005012 0.379933
vt 0.005045 0.315409
vt 0.335563 0.134970
vt 0.222298 0.135657
vt 0.005115 0.225576
vt 0.005103 0.615447
vt 0.005030 0.522305
vt 0.521608 0.133912
vt 0.573938 0.133631
vt 0.431093 0.134412
vt 0.005000 0.435734
vt 0.456244 0.134270
vt 0.242219 0.435713
vt 0.242453 0.416673
vt 0.475421 0.134163
vt 0.243801 0.306345
vt 0.243565 0.325587
vt 0.243346 0.343596
vt 0.005013 0.493139
vt 0.243128 0.361471
vt 0.005004 0.467314
vt 0.242918 0.378648
vt 0.242689 0.397346
vt 0.249887 0.135488
vt 0.273054 0.135346
vt 0.791146 0.149021
vt 0.773591 0.148715
vt 0.807092 0.149299
vt 0.827691 0.149657
vt 0.005061 0.291100
vt 0.845942 0.149976
vt 0.005080 0.265556
vt 0.862083 0.150262
vt 0.879393 0.150569
vt 0.897468 0.150890
vt 0.236859 0.213137
vt 0.277826 0.209009
vt 0.260102 0.237266
vt 0.222125 0.233252
vt 0.234533 0.724991
vt 0.219596 0.670212
vt 0.274158 0.647275
vt 0.265168 0.705950
vt 0.197011 0.494565
vt 0.160330 0.506453
vt 0.157731 0.478698
vt 0.192784 0.465726
vt 0.204348 0.529301
vt 0.158852 0.570947
vt 0.205356 0.642770
vt 0.269261 0.620637
vt 0.188634 0.299633
vt 0.228990 0.296703
vt 0.213999 0.346814
vt 0.135360 0.376073
vt 0.148073 0.452504
vt 0.193484 0.434868
vt 0.175490 0.432220
vt 0.184830 0.415624
vt 0.198540 0.410238
vt 0.180925 0.399403
vt 0.201835 0.391352
vt 0.164995 0.388605
vt 0.147507 0.392915
vt 0.138196 0.408178
vt 0.123610 0.402773
vt 0.141302 0.425075
vt 0.127849 0.428250
vt 0.156523 0.435943
vt 0.259343 0.594877
vt 0.239083 0.606490
vt 0.235073 0.589400
vt 0.245971 0.575949
vt 0.221505 0.581025
vt 0.201493 0.585913
vt 0.192559 0.601829
vt 0.161623 0.595090
vt 0.196872 0.617385
vt 0.174885 0.616911
vt 0.211566 0.626536
vt 0.229223 0.622677
vt 0.033475 0.178991
vt 0.033474 0.203910
vt 0.062570 0.678975
vt 0.061933 0.712278
vt 0.073122 0.137843
vt 0.072402 0.173940
vt 0.071217 0.233343
vt 0.033471 0.699015
vt 0.067747 0.409308
vt 0.067180 0.438459
vt 0.033466 0.485816
vt 0.033466 0.513699
vt 0.033467 0.578232
vt 0.068442 0.373797
vt 0.070678 0.260445
vt 0.033470 0.668078
vt 0.033472 0.278215
vt 0.033470 0.371337
vt 0.064849 0.559741
vt 0.063850 0.611985
vt 0.066582 0.469321
vt 0.033467 0.457896
vt 0.066098 0.494455
vt 0.981317 0.977599
vt 0.962271 0.977832
vt 0.065731 0.513613
vt 0.851944 0.979184
vt 0.871181 0.978950
vt 0.889184 0.978730
vt 0.033468 0.400497
vt 0.907057 0.978509
vt 0.033468 0.426318
vt 0.924236 0.978298
vt 0.942939 0.978068
vt 0.070131 0.288066
vt 0.069673 0.311253
vt 0.857561 0.948317
vt 0.840012 0.948869
vt 0.873500 0.947816
vt 0.894093 0.947170
vt 0.033467 0.602544
vt 0.912338 0.946597
vt 0.033468 0.628092
vt 0.928475 0.946091
vt 0.945780 0.945548
vt 0.963849 0.944982
vt 0.020813 0.714680
vt 0.020788 0.689755
vt 0.641145 0.148905
vt 0.674519 0.148729
vt 0.099984 0.152016
vt 0.136020 0.151794
vt 0.195329 0.151429
vt 0.020765 0.194661
vt 0.371158 0.150377
vt 0.400309 0.150209
vt 0.020621 0.407818
vt 0.020631 0.379940
vt 0.020665 0.315418
vt 0.335656 0.150586
vt 0.222394 0.151264
vt 0.020736 0.225590
vt 0.020718 0.615434
vt 0.020646 0.522295
vt 0.521692 0.149540
vt 0.574022 0.149261
vt 0.431181 0.150034
vt 0.020618 0.435735
vt 0.456330 0.149894
vt 0.475506 0.149790
vt 0.020629 0.493132
vt 0.020621 0.467310
vt 0.249982 0.151097
vt 0.273148 0.150958
vt 0.020682 0.291111
vt 0.020702 0.265569
vt 0.049087 0.178991
vt 0.077530 0.712577
vt 0.078168 0.679274
vt 0.049087 0.203910
vt 0.088749 0.138155
vt 0.049097 0.699014
vt 0.086844 0.233654
vt 0.088029 0.174251
vt 0.083366 0.409614
vt 0.049087 0.513698
vt 0.049086 0.485815
vt 0.082797 0.438762
vt 0.084063 0.374104
vt 0.049089 0.578231
vt 0.049095 0.668077
vt 0.086304 0.260756
vt 0.049085 0.278216
vt 0.079452 0.612284
vt 0.080454 0.560040
vt 0.049083 0.371338
vt 0.049085 0.457896
vt 0.082197 0.469623
vt 0.081710 0.494755
vt 0.081340 0.513913
vt 0.049083 0.400497
vt 0.049084 0.426318
vt 0.085755 0.288375
vt 0.085296 0.311561
vt 0.049090 0.602543
vt 0.049092 0.628090
vt 0.005238 0.755851
vt 0.005198 0.137843
vt 0.033476 0.137843
vt 0.033474 0.755833
vt 0.020853 0.755835
vt 0.020820 0.137858
vt 0.049088 0.137843
vt 0.049100 0.755832
vt 0.257836 0.435904
vt 0.258069 0.416864
vt 0.259419 0.306536
vt 0.259183 0.325778
vt 0.258963 0.343787
vt 0.258744 0.361662
vt 0.258534 0.378839
vt 0.258305 0.397537
vt 0.962462 0.993453
vt 0.981508 0.993221
vt 0.852134 0.994798
vt 0.871371 0.994564
vt 0.889374 0.994344
vt 0.907249 0.994126
vt 0.924427 0.993917
vt 0.943130 0.993689
vt 0.791418 0.133404
vt 0.773863 0.133098
vt 0.807364 0.133682
vt 0.827964 0.134041
vt 0.846216 0.134362
vt 0.862360 0.134647
vt 0.879671 0.134953
vt 0.897745 0.135274
vt 0.840503 0.964480
vt 0.858051 0.963928
vt 0.873990 0.963427
vt 0.894583 0.962780
vt 0.912828 0.962207
vt 0.928965 0.961701
vt 0.946270 0.961159
vt 0.964338 0.960593
vt 0.916420 0.151227
vt 0.982796 0.944389
vt 0.916697 0.135611
vt 0.983285 0.959999
vt 0.244006 0.289663
vt 0.835268 0.979387
vt 0.259624 0.289854
vt 0.835457 0.995000
vt 0.408273 0.479219
vt 0.418673 0.413717
vt 0.463810 0.430207
vt 0.463487 0.509216
vt 0.298758 0.797069
vt 0.285775 0.872047
vt 0.227321 0.876250
vt 0.236915 0.797738
vt 0.069488 0.860560
vt 0.042381 0.866857
vt 0.033420 0.822906
vt 0.059645 0.812835
vt 0.115632 0.782264
vt 0.126051 0.862279
vt 0.198137 0.875163
vt 0.204143 0.791534
vt 0.429845 0.337839
vt 0.425531 0.252633
vt 0.482793 0.291195
vt 0.468488 0.354944
vt 0.484916 0.608562
vt 0.494570 0.721957
vt 0.492057 0.722197
vt 0.443085 0.596529
vt 0.500749 0.243172
vt 0.477790 0.209009
vt 0.492858 0.257906
vt 0.481736 0.250188
vt 0.483935 0.232112
vt 0.487759 0.272980
vt 0.469704 0.258594
vt 0.449597 0.257083
vt 0.436294 0.243399
vt 0.429868 0.226772
vt 0.437530 0.224979
vt 0.449596 0.209894
vt 0.452809 0.213010
vt 0.472148 0.217348
vt 0.170414 0.868087
vt 0.148687 0.864383
vt 0.161904 0.841408
vt 0.181389 0.837002
vt 0.149033 0.831553
vt 0.142055 0.807935
vt 0.135080 0.774599
vt 0.152312 0.788135
vt 0.159512 0.773591
vt 0.171590 0.782572
vt 0.193717 0.794756
vt 0.196114 0.817091
vt 0.430773 0.549156
vt 0.456061 0.558683
vt 0.457891 0.562879
vt 0.454202 0.527357
vt 0.449022 0.529441
vt 0.474700 0.551518
vt 0.467484 0.558427
vt 0.465675 0.554299
vt 0.467289 0.584085
vt 0.470168 0.582807
vt 0.465941 0.562822
vt 0.467012 0.575862
vt 0.463819 0.576996
vt 0.462067 0.564585
vt 0.457542 0.554813
vt 0.454811 0.543419
vt 0.460139 0.540926
vt 0.461664 0.552955
vt 0.414934 0.498619
vt 0.446724 0.535044
vt 0.448776 0.540915
vt 0.436663 0.571866
vt 0.464024 0.582898
vt 0.462742 0.579918
vt 0.480808 0.578710
vt 0.471475 0.579909
vt 0.470106 0.576907
vt 0.468030 0.528869
vt 0.459689 0.529505
vt 0.462098 0.535052
vt 0.634328 0.121650
vt 0.566473 0.122115
vt 0.110103 0.474880
vt 0.114105 0.548128
vt 0.300427 0.893941
vt 0.229818 0.899409
vt 0.175365 0.903628
vt 0.062184 0.126096
vt 0.151131 0.210593
vt 0.134944 0.232683
vt 0.276600 0.124190
vt 0.248545 0.124423
vt 0.183641 0.124983
vt 0.063845 0.902468
vt 0.148158 0.905737
vt 0.093289 0.125804
vt 0.485812 0.122667
vt 0.391910 0.123319
vt 0.112569 0.323247
vt 0.110134 0.399551
vt 0.131310 0.630289
vt 0.151760 0.719118
vt 0.149773 0.723133
vt 0.749562 0.120852
vt 0.123909 0.258315
vt 0.304705 0.123965
vt 0.120127 0.279967
vt 0.478138 0.247957
vt 0.479464 0.233426
vt 0.116346 0.301611
vt 0.468554 0.254243
vt 0.451779 0.252500
vt 0.440858 0.241718
vt 0.362521 0.123529
vt 0.441833 0.227314
vt 0.336508 0.123721
vt 0.453887 0.217971
vt 0.469587 0.221378
vt 0.114830 0.905627
vt 0.089331 0.904019
vt 0.162937 0.836705
vt 0.178314 0.832382
vt 0.153107 0.828754
vt 0.147635 0.808511
vt 0.159192 0.125200
vt 0.155703 0.792424
vt 0.133501 0.125433
vt 0.170912 0.788507
vt 0.188622 0.798089
vt 0.190432 0.815626
vt 0.091021 0.575306
vt 0.090864 0.571557
vt 0.388532 0.466442
vt 0.388582 0.460993
vt 0.091650 0.590518
vt 0.091491 0.586695
vt 0.394536 0.495502
vt 0.394490 0.498155
vt 0.394720 0.484916
vt 0.394674 0.487518
vt 0.090711 0.567867
vt 0.090556 0.564121
vt 0.388740 0.443932
vt 0.388791 0.438433
vt 0.091334 0.582908
vt 0.091172 0.579002
vt 0.655292 0.121505
vt 0.388633 0.455403
vt 0.388687 0.449630
vt 0.707680 0.121143
vt 0.728626 0.120998
vt 0.394583 0.492762
vt 0.394628 0.490221
vt 0.126507 0.607925
vt 0.394814 0.479565
vt 0.394766 0.482278
vt 0.121706 0.585545
vt 0.117145 0.563099
vt 0.388478 0.472277
vt 0.388842 0.432900
vt 0.493672 0.448479
vt 0.550022 0.420656
vt 0.547260 0.499628
vt 0.501507 0.514345
vt 0.910371 0.407760
vt 0.911290 0.345919
vt 0.989842 0.336643
vt 0.985403 0.395080
vt 0.974786 0.178748
vt 0.927101 0.168713
vt 0.937278 0.142529
vt 0.981192 0.151666
vt 0.976278 0.235317
vt 0.896306 0.224576
vt 0.905219 0.313122
vt 0.988873 0.307454
vt 0.509711 0.590612
vt 0.548997 0.575025
vt 0.560808 0.639292
vt 0.502077 0.675599
vt 0.575311 0.322239
vt 0.533052 0.332619
vt 0.586900 0.209009
vt 0.589401 0.209348
vt 0.552606 0.721237
vt 0.576882 0.687987
vt 0.559648 0.698386
vt 0.558154 0.680234
vt 0.569570 0.672953
vt 0.546456 0.671363
vt 0.565062 0.657690
vt 0.526302 0.672090
vt 0.512474 0.685247
vt 0.512991 0.703705
vt 0.505403 0.701613
vt 0.527796 0.716264
vt 0.524462 0.719252
vt 0.547292 0.712682
vt 0.981908 0.279702
vt 0.950779 0.290551
vt 0.955263 0.271085
vt 0.978291 0.257961
vt 0.945461 0.258175
vt 0.921870 0.251103
vt 0.902028 0.261280
vt 0.888562 0.243993
vt 0.896388 0.280534
vt 0.887456 0.268421
vt 0.908483 0.302709
vt 0.930809 0.305196
vt 0.518892 0.379466
vt 0.546525 0.366818
vt 0.544533 0.370938
vt 0.536356 0.399881
vt 0.541537 0.402166
vt 0.562876 0.378825
vt 0.553967 0.375694
vt 0.555936 0.371640
vt 0.559569 0.347388
vt 0.556744 0.346000
vt 0.554566 0.367190
vt 0.550764 0.365276
vt 0.553001 0.352946
vt 0.556146 0.354204
vt 0.545861 0.374862
vt 0.549908 0.376880
vt 0.547914 0.388839
vt 0.542688 0.386140
vt 0.501087 0.429351
vt 0.534279 0.394192
vt 0.536560 0.388406
vt 0.553436 0.347058
vt 0.525669 0.357006
vt 0.552039 0.349984
vt 0.570038 0.351898
vt 0.560762 0.350335
vt 0.559277 0.353281
vt 0.547019 0.400233
vt 0.555328 0.401195
vt 0.549643 0.394785
vt 0.230736 0.105444
vt 0.298524 0.104875
vt 0.380150 0.454060
vt 0.383824 0.380807
vt 0.859664 0.101473
vt 0.930562 0.101177
vt 0.340041 0.434090
vt 0.802293 0.101714
vt 0.422111 0.717786
vt 0.405910 0.695835
vt 0.587840 0.102750
vt 0.615835 0.102591
vt 0.680633 0.102250
vt 0.339511 0.545696
vt 0.337507 0.461245
vt 0.771082 0.101844
vt 0.379071 0.104230
vt 0.472795 0.103515
vt 0.383255 0.605563
vt 0.380503 0.529342
vt 0.400615 0.298391
vt 0.420533 0.209009
vt 0.009283 0.107802
vt 0.115507 0.106516
vt 0.394818 0.670321
vt 0.559800 0.102920
vt 0.390964 0.648737
vt 0.554470 0.682323
vt 0.555230 0.696898
vt 0.387110 0.627151
vt 0.545137 0.675667
vt 0.528304 0.676755
vt 0.516970 0.687105
vt 0.502122 0.103302
vt 0.517383 0.701539
vt 0.528074 0.103125
vt 0.529066 0.711347
vt 0.544890 0.708555
vt 0.337107 0.494588
vt 0.338334 0.520141
vt 0.950557 0.272099
vt 0.946172 0.287458
vt 0.942646 0.262238
vt 0.922423 0.256685
vt 0.705070 0.102132
vt 0.906303 0.264688
vt 0.730783 0.102017
vt 0.902325 0.279881
vt 0.911836 0.297628
vt 0.929367 0.299509
vt 0.104910 0.218569
vt 0.103639 0.222152
vt 0.187844 0.248481
vt 0.189146 0.243203
vt 0.109979 0.204264
vt 0.108701 0.207872
vt 0.125038 0.692409
vt 0.125775 0.689862
vt 0.122096 0.702574
vt 0.122838 0.700013
vt 0.102405 0.225632
vt 0.101152 0.229165
vt 0.193539 0.226674
vt 0.194929 0.221346
vt 0.107435 0.211445
vt 0.106129 0.215129
vt 0.209784 0.105629
vt 0.190638 0.237788
vt 0.192098 0.232195
vt 0.157402 0.106110
vt 0.136453 0.106310
vt 0.124277 0.695040
vt 0.123571 0.697481
vt 0.395936 0.320861
vt 0.120609 0.707712
vt 0.121363 0.705107
vt 0.391249 0.343318
vt 0.386796 0.365814
vt 0.186366 0.254133
vt 0.196327 0.215986
vt 0.634286 0.115633
vt 0.566432 0.116096
vt 0.094063 0.467907
vt 0.102516 0.547726
vt 0.299961 0.887932
vt 0.229352 0.893403
vt 0.174900 0.897627
vt 0.062128 0.120089
vt 0.141522 0.204264
vt 0.125691 0.226581
vt 0.276551 0.118179
vt 0.248494 0.118414
vt 0.183588 0.118976
vt 0.061901 0.891785
vt 0.147570 0.898949
vt 0.093233 0.119797
vt 0.485770 0.116647
vt 0.391867 0.117300
vt 0.098239 0.318568
vt 0.090399 0.389299
vt 0.124969 0.632092
vt 0.145183 0.717851
vt 0.144471 0.719677
vt 0.749521 0.114846
vt 0.112225 0.250460
vt 0.304657 0.117952
vt 0.105833 0.273135
vt 0.101981 0.294687
vt 0.362477 0.117512
vt 0.336462 0.117706
vt 0.113486 0.896770
vt 0.087563 0.893908
vt 0.159138 0.119193
vt 0.133446 0.119425
vt 0.707639 0.115132
vt 0.113755 0.587488
vt 0.655250 0.115491
vt 0.728584 0.114989
vt 0.119453 0.609445
vt 0.107875 0.567055
vt 0.230685 0.099432
vt 0.372236 0.381263
vt 0.364148 0.461101
vt 0.298475 0.098863
vt 0.859639 0.095442
vt 0.802267 0.095684
vt 0.346027 0.434649
vt 0.930536 0.095143
vt 0.412564 0.724121
vt 0.615802 0.096594
vt 0.587804 0.096753
vt 0.396712 0.701949
vt 0.350189 0.547800
vt 0.680602 0.096249
vt 0.771056 0.095820
vt 0.344285 0.461938
vt 0.379024 0.098220
vt 0.360829 0.539669
vt 0.368963 0.610295
vt 0.472751 0.097509
vt 0.394237 0.296623
vt 0.115447 0.100506
vt 0.010461 0.101473
vt 0.413935 0.210329
vt 0.559763 0.096922
vt 0.383196 0.678198
vt 0.376731 0.655608
vt 0.372799 0.634119
vt 0.502080 0.097300
vt 0.528035 0.097124
vt 0.345951 0.496066
vt 0.348435 0.522061
vt 0.705041 0.096124
vt 0.730756 0.096001
vt 0.157346 0.100099
vt 0.383274 0.341415
vt 0.209730 0.099617
vt 0.136395 0.100299
vt 0.388854 0.319381
vt 0.377499 0.361902
vt 0.005057 0.126638
vt 0.855724 0.120379
vt 0.345120 0.379807
vt 0.005000 0.106454
vt 0.005000 0.120631
vt 0.854442 0.114121
vt 0.351106 0.380366
vt 0.008646 0.100816
vt 0.394544 0.466497
vt 0.394594 0.461048
vt 0.097658 0.590269
vt 0.097499 0.586446
vt 0.388524 0.495398
vt 0.388478 0.498051
vt 0.394645 0.455458
vt 0.388572 0.492658
vt 0.388616 0.490116
vt 0.388803 0.479460
vt 0.388755 0.482173
vt 0.394491 0.472332
vt 0.394854 0.432956
vt 0.183399 0.241681
vt 0.182019 0.246959
vt 0.114369 0.209881
vt 0.115648 0.206273
vt 0.119948 0.688192
vt 0.119266 0.690739
vt 0.184813 0.236266
vt 0.118505 0.693370
vt 0.117798 0.695810
vt 0.114838 0.706042
vt 0.115591 0.703437
vt 0.180542 0.252611
vt 0.190503 0.214467
vt 0.090399 0.560342
vt 0.394859 0.476987
vt 0.388895 0.427267
vt 0.099888 0.232728
vt 0.119948 0.710188
vt 0.197750 0.210527
vt 0.096406 0.560093
vt 0.388848 0.476881
vt 0.394907 0.427322
vt 0.105553 0.234738
vt 0.114121 0.708518
vt 0.191926 0.209009
vt 0.388709 0.484811
vt 0.388662 0.487518
vt 0.117065 0.698343
vt 0.116324 0.700904
vt 0.097029 0.575107
vt 0.096871 0.571308
vt 0.096562 0.563872
vt 0.096718 0.567618
vt 0.097180 0.578753
vt 0.097342 0.582658
vt 0.109305 0.224161
vt 0.110576 0.220578
vt 0.106817 0.231175
vt 0.108070 0.227642
vt 0.111796 0.217139
vt 0.113102 0.213454
vt 0.394751 0.443987
vt 0.394803 0.438489
vt 0.394699 0.449686
vt 0.189146 0.219827
vt 0.187715 0.225154
vt 0.186274 0.230674
vt 0.015687 0.876007
vt 0.005000 0.825872
vt 0.940358 0.114121
vt 0.990450 0.125010
vt 0.007109 0.898694
vt 0.005000 0.887456
vt 0.342472 0.602627
vt 0.353711 0.604903
vt 0.345966 0.720854
vt 0.331235 0.700745
vt 0.369201 0.696731
vt 0.386921 0.724979
vt 0.343642 0.209009
vt 0.374281 0.228052
vt 0.383273 0.286735
vt 0.328703 0.263796
vt 0.306121 0.439473
vt 0.301894 0.468316
vt 0.266838 0.455344
vt 0.269435 0.427585
vt 0.267951 0.363081
vt 0.313457 0.404730
vt 0.378376 0.313377
vt 0.314461 0.291243
vt 0.297749 0.634385
vt 0.244483 0.557967
vt 0.323106 0.587214
vt 0.338095 0.637312
vt 0.302596 0.499175
vt 0.257182 0.481541
vt 0.307650 0.523804
vt 0.293941 0.518419
vt 0.284601 0.501823
vt 0.310944 0.542687
vt 0.290038 0.534637
vt 0.274111 0.545435
vt 0.256626 0.541126
vt 0.232731 0.531273
vt 0.247314 0.525866
vt 0.236963 0.505799
vt 0.250416 0.508970
vt 0.265633 0.498101
vt 0.368457 0.339141
vt 0.355085 0.358072
vt 0.344184 0.344619
vt 0.348194 0.327526
vt 0.330614 0.352997
vt 0.310599 0.348109
vt 0.270721 0.338933
vt 0.301662 0.332191
vt 0.283984 0.317107
vt 0.305976 0.316633
vt 0.320672 0.307478
vt 0.338332 0.311338
vt 0.005197 0.714695
vt 0.005173 0.689770
vt 0.641062 0.133275
vt 0.674436 0.133098
vt 0.099888 0.136414
vt 0.135924 0.136192
vt 0.195233 0.135825
vt 0.005143 0.194646
vt 0.371067 0.134759
vt 0.400220 0.134589
vt 0.005003 0.407815
vt 0.005012 0.379933
vt 0.005045 0.315409
vt 0.335563 0.134970
vt 0.222298 0.135657
vt 0.005115 0.225576
vt 0.005103 0.615447
vt 0.005030 0.522305
vt 0.521608 0.133912
vt 0.573938 0.133631
vt 0.431093 0.134412
vt 0.005000 0.435734
vt 0.456244 0.134270
vt 0.242219 0.435713
vt 0.242453 0.416673
vt 0.475421 0.134163
vt 0.243801 0.306345
vt 0.243565 0.325587
vt 0.243346 0.343596
vt 0.005013 0.493139
vt 0.243128 0.361471
vt 0.005004 0.467314
vt 0.242918 0.378648
vt 0.242689 0.397346
vt 0.249887 0.135488
vt 0.273054 0.135346
vt 0.791146 0.149021
vt 0.773591 0.148715
vt 0.807092 0.149299
vt 0.827691 0.149657
vt 0.005061 0.291100
vt 0.845942 0.149976
vt 0.005080 0.265556
vt 0.862083 0.150262
vt 0.879393 0.150569
vt 0.897468 0.150890
vt 0.236859 0.213137
vt 0.277826 0.209009
vt 0.260102 0.237266
vt 0.222125 0.233252
vt 0.234533 0.724991
vt 0.219596 0.670212
vt 0.274158 0.647275
vt 0.265168 0.705950
vt 0.197011 0.494565
vt 0.160330 0.506453
vt 0.157731 0.478698
vt 0.192784 0.465726
vt 0.204348 0.529301
vt 0.158852 0.570947
vt 0.205356 0.642770
vt 0.269261 0.620637
vt 0.188634 0.299633
vt 0.228990 0.296703
vt 0.213999 0.346814
vt 0.135360 0.376073
vt 0.148073 0.452504
vt 0.193484 0.434868
vt 0.175490 0.432220
vt 0.184830 0.415624
vt 0.198540 0.410238
vt 0.180925 0.399403
vt 0.201835 0.391352
vt 0.164995 0.388605
vt 0.147507 0.392915
vt 0.138196 0.408178
vt 0.123610 0.402773
vt 0.141302 0.425075
vt 0.127849 0.428250
vt 0.156523 0.435943
vt 0.259343 0.594877
vt 0.239083 0.606490
vt 0.235073 0.589400
vt 0.245971 0.575949
vt 0.221505 0.581025
vt 0.201493 0.585913
vt 0.192559 0.601829
vt 0.161623 0.595090
vt 0.196872 0.617385
vt 0.174885 0.616911
vt 0.211566 0.626536
vt 0.229223 0.622677
vt 0.033475 0.178991
vt 0.033474 0.203910
vt 0.062570 0.678975
vt 0.061933 0.712278
vt 0.073122 0.137843
vt 0.072402 0.173940
vt 0.071217 0.233343
vt 0.033471 0.699015
vt 0.067747 0.409308
vt 0.067180 0.438459
vt 0.033466 0.485816
vt 0.033466 0.513699
vt 0.033467 0.578232
vt 0.068442 0.373797
vt 0.070678 0.260445
vt 0.033470 0.668078
vt 0.033472 0.278215
vt 0.033470 0.371337
vt 0.064849 0.559741
vt 0.063850 0.611985
vt 0.066582 0.469321
vt 0.033467 0.457896
vt 0.066098 0.494455
vt 0.981317 0.977599
vt 0.962271 0.977832
vt 0.065731 0.513613
vt 0.851944 0.979184
vt 0.871181 0.978950
vt 0.889184 0.978730
vt 0.033468 0.400497
vt 0.907057 0.978509
vt 0.033468 0.426318
vt 0.924236 0.978298
vt 0.942939 0.978068
vt 0.070131 0.288066
vt 0.069673 0.311253
vt 0.857561 0.948317
vt 0.840012 0.948869
vt 0.873500 0.947816
vt 0.894093 0.947170
vt 0.033467 0.602544
vt 0.912338 0.946597
vt 0.033468 0.628092
vt 0.928475 0.946091
vt 0.945780 0.945548
vt 0.963849 0.944982
vt 0.020813 0.714680
vt 0.020788 0.689755
vt 0.641145 0.148905
vt 0.674519 0.148729
vt 0.099984 0.152016
vt 0.136020 0.151794
vt 0.195329 0.151429
vt 0.020765 0.194661
vt 0.371158 0.150377
vt 0.400309 0.150209
vt 0.020621 0.407818
vt 0.020631 0.379940
vt 0.020665 0.315418
vt 0.335656 0.150586
vt 0.222394 0.151264
vt 0.020736 0.225590
vt 0.020718 0.615434
vt 0.020646 0.522295
vt 0.521692 0.149540
vt 0.574022 0.149261
vt 0.431181 0.150034
vt 0.020618 0.435735
vt 0.456330 0.149894
vt 0.475506 0.149790
vt 0.020629 0.493132
vt 0.020621 0.467310
vt 0.249982 0.151097
vt 0.273148 0.150958
vt 0.020682 0.291111
vt 0.020702 0.265569
vt 0.049087 0.178991
vt 0.077530 0.712577
vt 0.078168 0.679274
vt 0.049087 0.203910
vt 0.088749 0.138155
vt 0.049097 0.699014
vt 0.086844 0.233654
vt 0.088029 0.174251
vt 0.083366 0.409614
vt 0.049087 0.513698
vt 0.049086 0.485815
vt 0.082797 0.438762
vt 0.084063 0.374104
vt 0.049089 0.578231
vt 0.049095 0.668077
vt 0.086304 0.260756
vt 0.049085 0.278216
vt 0.079452 0.612284
vt 0.080454 0.560040
vt 0.049083 0.371338
vt 0.049085 0.457896
vt 0.082197 0.469623
vt 0.081710 0.494755
vt 0.081340 0.513913
vt 0.049083 0.400497
vt 0.049084 0.426318
vt 0.085755 0.288375
vt 0.085296 0.311561
vt 0.049090 0.602543
vt 0.049092 0.628090
vt 0.005238 0.755851
vt 0.005198 0.137843
vt 0.033476 0.137843
vt 0.033474 0.755833
vt 0.020853 0.755835
vt 0.020820 0.137858
vt 0.049088 0.137843
vt 0.049100 0.755832
vt 0.257836 0.435904
vt 0.258069 0.416864
vt 0.259419 0.306536
vt 0.259183 0.325778
vt 0.258963 0.343787
vt 0.258744 0.361662
vt 0.258534 0.378839
vt 0.258305 0.397537
vt 0.962462 0.993453
vt 0.981508 0.993221
vt 0.852134 0.994798
vt 0.871371 0.994564
vt 0.889374 0.994344
vt 0.907249 0.994126
vt 0.924427 0.993917
vt 0.943130 0.993689
vt 0.791418 0.133404
vt 0.773863 0.133098
vt 0.807364 0.133682
vt 0.827964 0.134041
vt 0.846216 0.134362
vt 0.862360 0.134647
vt 0.879671 0.134953
vt 0.897745 0.135274
vt 0.840503 0.964480
vt 0.858051 0.963928
vt 0.873990 0.963427
vt 0.894583 0.962780
vt 0.912828 0.962207
vt 0.928965 0.961701
vt 0.946270 0.961159
vt 0.964338 0.960593
vt 0.916420 0.151227
vt 0.982796 0.944389
vt 0.916697 0.135611
vt 0.983285 0.959999
vt 0.244006 0.289663
vt 0.835268 0.979387
vt 0.259624 0.289854
vt 0.835457 0.995000
f 1/1 97/2 98/3 4/4
f 2/17 3/18 6/19 5/20
f 65/25 66/26 67/43 68/44
f 8/45 9/46 12/51 11/52
f 10/57 109/58 113/63 13/64
f 69/69 70/70 71/75 72/76
f 113/63 119/81 16/82 13/64
f 14/122 15/139 18/144 17/235
f 73/236 74/237 75/257 76/258
f 20/259 21/260 24/261 23/262
f 77/263 78/264 79/265 80/266
f 25/267 133/268 139/269 28/270
f 26/271 27/272 30/273 29/274
f 28/270 139/269 143/275 31/276
f 81/277 82/278 83/279 84/280
f 31/276 143/275 149/281 34/282
f 32/283 33/284 36/285 35/286
f 34/282 149/281 153/287 37/288
f 85/289 86/290 87/291 88/292
f 37/288 153/287 159/293 40/294
f 38/295 39/296 42/297 41/298
f 40/294 159/293 163/299 43/300
f 89/301 90/302 91/303 92/304
f 43/300 163/299 169/305 46/306
f 44/307 45/308 48/309 47/310
f 46/306 169/305 97/2 1/1
f 95/311 96/312 93/313 94/314
f 2/5 5/8 50/91 49/92
f 5/8 8/13 51/93 50/91
f 8/13 11/16 52/94 51/93
f 11/16 14/27 53/95 52/94
f 14/27 17/30 54/96 53/95
f 17/30 20/35 55/97 54/96
f 20/35 23/38 56/98 55/97
f 23/38 26/47 57/99 56/98
f 26/47 29/50 58/100 57/99
f 29/50 32/59 59/101 58/100
f 32/59 35/62 60/102 59/101
f 35/62 38/71 61/103 60/102
f 38/71 41/74 62/104 61/103
f 41/74 44/83 63/105 62/104
f 44/83 47/86 64/106 63/105
f 47/86 2/5 49/92 64/106
f 5/20 6/19 66/26 65/25
f 6/7 9/14 67/11 66/10
f 9/46 8/45 68/44 67/43
f 8/13 5/8 65/9 68/12
f 11/52 12/51 70/70 69/69
f 12/15 15/28 71/23 70/22
f 15/139 14/122 72/76 71/75
f 14/27 11/16 69/21 72/24
f 17/235 18/144 74/237 73/236
f 18/29 21/36 75/33 74/32
f 21/260 20/259 76/258 75/257
f 20/35 17/30 73/31 76/34
f 23/390 24/389 78/264 77/263
f 24/37 27/48 79/41 78/40
f 27/272 26/271 80/266 79/265
f 26/47 23/38 77/39 80/42
f 29/274 30/273 82/278 81/277
f 30/49 33/60 83/55 82/54
f 33/284 32/283 84/280 83/279
f 32/59 29/50 81/53 84/56
f 35/286 36/285 86/290 85/289
f 36/61 39/72 87/67 86/66
f 39/296 38/295 88/292 87/291
f 38/71 35/62 85/65 88/68
f 41/298 42/297 90/302 89/301
f 42/73 45/84 91/79 90/78
f 45/308 44/307 92/304 91/303
f 44/83 41/74 89/77 92/80
f 3/18 2/17 94/314 93/313
f 2/5 47/86 95/87 94/90
f 47/310 48/309 96/312 95/311
f 48/85 3/6 93/89 96/88
f 1/193 4/196 6/7 3/6
f 4/196 7/107 9/14 6/7
f 7/107 10/197 12/15 9/14
f 10/197 13/200 15/28 12/15
f 13/200 16/202 18/29 15/28
f 16/202 19/108 21/36 18/29
f 19/108 22/109 24/37 21/36
f 22/109 25/203 27/48 24/37
f 25/203 28/206 30/49 27/48
f 28/206 31/208 33/60 30/49
f 31/208 34/210 36/61 33/60
f 34/210 37/212 39/72 36/61
f 37/212 40/214 42/73 39/72
f 40/214 43/216 45/84 42/73
f 43/216 46/218 48/85 45/84
f 46/218 1/193 3/6 48/85
f 49/110 50/111 177/112 178/113
f 53/114 54/115 182/116 181/117
f 55/219 183/220 182/116 54/115
f 62/221 63/222 191/223 190/224
f 63/222 64/225 192/226 191/223
f 64/225 49/110 178/113 192/226
f 99/321 102/322 101/323 100/324
f 98/3 103/315 7/316 4/4
f 104/325 107/326 106/327 105/328
f 109/58 10/57 7/316 103/315
f 110/329 112/330 111/331 108/332
f 114/333 117/334 116/335 115/336
f 120/337 122/338 121/339 118/340
f 119/81 123/317 19/318 16/82
f 124/341 127/342 126/343 125/344
f 123/385 129/319 22/320 19/386
f 130/345 132/346 131/347 128/348
f 133/268 25/267 22/320 129/319
f 134/349 137/350 136/351 135/352
f 140/353 142/354 141/355 138/356
f 144/357 147/358 146/359 145/360
f 150/361 152/362 151/363 148/364
f 154/365 157/366 156/367 155/368
f 160/369 162/370 161/371 158/372
f 164/373 167/374 166/375 165/376
f 170/377 172/378 171/379 168/380
f 173/381 176/382 175/383 174/384
f 99/118 178/239 177/238 102/119
f 102/119 177/238 179/185 110/127
f 110/127 179/185 180/186 112/128
f 112/128 180/186 181/241 120/135
f 120/135 181/241 182/240 122/136
f 122/136 182/240 183/242 130/145
f 130/145 183/242 184/187 132/146
f 132/146 184/187 185/188 140/153
f 140/153 185/188 186/189 142/154
f 142/154 186/189 187/190 150/161
f 150/161 187/190 188/191 152/162
f 152/162 188/191 189/192 160/169
f 160/169 189/192 190/244 162/170
f 162/170 190/244 191/243 170/177
f 170/177 191/243 192/245 172/178
f 172/178 192/245 178/239 99/118
f 102/322 104/325 105/328 101/323
f 101/120 105/126 106/125 108/130
f 108/332 106/327 107/326 110/329
f 110/127 107/124 104/123 102/119
f 112/330 114/333 115/336 111/331
f 111/129 115/134 116/133 118/138
f 118/340 116/335 117/334 120/337
f 120/135 117/132 114/131 112/128
f 122/338 124/341 125/344 121/339
f 121/137 125/143 126/142 128/148
f 128/392 126/343 127/342 130/391
f 130/145 127/141 124/140 122/136
f 132/346 134/349 135/352 131/347
f 131/147 135/152 136/151 138/156
f 138/356 136/351 137/350 140/353
f 140/153 137/150 134/149 132/146
f 142/354 144/357 145/360 141/355
f 141/155 145/160 146/159 148/164
f 148/364 146/359 147/358 150/361
f 150/161 147/158 144/157 142/154
f 152/362 154/365 155/368 151/363
f 151/163 155/168 156/167 158/172
f 158/372 156/367 157/366 160/369
f 160/169 157/166 154/165 152/162
f 162/370 164/373 165/376 161/371
f 161/171 165/176 166/175 168/180
f 168/380 166/375 167/374 170/377
f 170/177 167/174 164/173 162/170
f 100/324 175/383 176/382 99/321
f 99/118 176/182 173/181 172/178
f 172/378 173/381 174/384 171/379
f 171/179 174/184 175/183 100/121
f 101/120 98/195 97/194 100/121
f 108/130 103/246 98/195 101/120
f 111/129 109/198 103/246 108/130
f 118/138 113/199 109/198 111/129
f 121/137 119/201 113/199 118/138
f 128/148 123/247 119/201 121/137
f 131/147 129/248 123/247 128/148
f 138/156 133/204 129/248 131/147
f 141/155 139/205 133/204 138/156
f 148/164 143/207 139/205 141/155
f 151/163 149/209 143/207 148/164
f 158/172 153/211 149/209 151/163
f 161/171 159/213 153/211 158/172
f 168/180 163/215 159/213 161/171
f 171/179 169/217 163/215 168/180
f 100/121 97/194 169/217 171/179
f 51/227 179/228 177/388 50/387
f 52/229 180/230 179/228 51/227
f 52/229 53/114 181/117 180/230
f 56/231 184/232 183/220 55/219
f 57/233 185/234 184/232 56/231
f 58/249 186/250 185/234 57/233
f 58/249 59/251 187/252 186/250
f 60/253 188/254 187/252 59/251
f 61/255 189/256 188/254 60/253
f 62/221 190/224 189/256 61/255
f 196/405 194/406 193/407 195/408
f 198/409 196/405 195/408 197/410
f 199/411 200/412 202/413 201/414
f 201/414 202/413 204/415 203/416
f 194/394 196/393 202/401 200/400
f 193/395 194/394 200/400 199/399
f 195/396 193/395 199/399 201/402
f 196/393 198/397 204/403 202/401
f 197/398 195/396 201/402 203/404
f 198/397 197/417 203/418 204/403
f 208/431 206/432 205/433 207/434
f 210/435 208/431 207/434 209/436
f 211/437 212/438 214/439 213/440
f 213/440 214/439 216/441 215/442
f 206/420 208/419 214/427 212/426
f 205/421 206/420 212/426 211/425
f 207/422 205/421 211/425 213/428
f 208/419 210/423 216/429 214/427
f 209/424 207/422 213/428 215/430
f 210/423 209/443 215/444 216/429
f 236/445 237/446 242/447 243/448
f 217/449 218/450 223/451 230/452
f 226/453 250/454 249/455 227/456
f 226/453 227/456 228/457 225/458
f 230/452 223/451 231/459 232/460
f 238/461 239/462 240/463 241/464
f 237/446 238/461 241/464 242/447
f 244/465 220/466 219/467 235/468
f 250/454 222/913 221/914 249/455
f 222/469 245/471 252/472 251/473
f 245/471 246/474 253/475 252/472
f 246/474 240/463 254/476 253/475
f 254/476 240/463 239/462 255/477
f 239/462 247/478 256/479 255/477
f 247/478 248/480 257/481 256/479
f 248/480 221/470 258/482 257/481
f 221/470 222/469 251/473 258/482
f 224/483 233/484 260/485 259/486
f 233/484 225/458 261/487 260/485
f 225/458 228/457 262/488 261/487
f 228/457 234/489 263/490 262/488
f 234/489 229/491 264/492 263/490
f 229/491 232/460 265/493 264/492
f 232/460 231/459 266/494 265/493
f 231/459 224/483 259/486 266/494
f 272/495 282/496 281/497
f 236/445 243/448 269/498 268/499
f 275/500 292/501 291/502
f 244/465 235/468 267/503 270/504
f 293/505 294/506 279/507 280/508
f 283/509 284/510 289/511 290/512
f 273/513 236/445 268/499 286/514
f 273/513 286/514 285/515
f 285/515 272/495 273/513
f 272/495 284/510 283/509
f 272/495 283/509 282/496
f 267/503 235/468 271/516 277/517
f 278/518 277/517 271/516
f 279/507 278/518 271/516
f 271/516 272/495 281/497 280/508
f 276/519 244/465 270/504 296/520
f 276/519 296/520 295/521
f 276/519 295/521 294/506
f 275/500 276/519 294/506 293/505
f 275/500 293/505 292/501
f 269/498 243/448 274/522 287/523
f 288/524 287/523 274/522
f 288/524 274/522 275/500 289/511
f 290/512 289/511 275/500
f 291/502 290/512 275/500
f 280/508 279/507 271/516
f 236/765 297/525 298/526 237/766
f 242/767 299/527 300/528 243/768
f 217/769 426/529 427/530 218/770
f 218/770 427/530 428/531 223/771
f 230/772 429/532 426/845 217/849
f 226/773 301/533 302/534 250/774
f 249/775 303/535 430/536 227/776
f 227/776 430/536 431/537 228/777
f 225/778 432/538 301/917 226/918
f 223/771 428/531 433/539 231/779
f 232/780 434/540 429/532 230/772
f 238/781 304/541 305/542 239/782
f 240/783 306/543 307/544 241/784
f 237/766 298/526 304/541 238/781
f 241/784 307/544 299/527 242/767
f 244/785 308/545 309/546 220/786
f 220/786 309/546 310/547 219/787
f 219/850 310/846 311/548 235/788
f 250/774 302/534 312/549 222/789
f 221/790 313/550 303/535 249/775
f 222/789 312/549 314/551 245/791
f 252/472 324/552 325/553 251/473
f 245/791 314/551 315/554 246/792
f 253/475 435/555 324/552 252/472
f 246/792 315/554 306/543 240/783
f 254/476 326/556 435/555 253/475
f 255/477 436/557 326/556 254/476
f 239/782 305/542 316/558 247/793
f 256/479 327/559 436/557 255/477
f 247/793 316/558 317/560 248/794
f 257/481 437/561 327/559 256/479
f 248/794 317/560 313/550 221/790
f 258/482 438/562 437/561 257/481
f 251/473 325/553 438/562 258/482
f 224/795 439/563 440/564 233/796
f 260/485 441/565 442/566 259/486
f 233/796 440/564 432/538 225/778
f 261/487 328/567 441/565 260/485
f 262/488 329/568 328/567 261/487
f 228/777 431/537 443/569 234/797
f 263/490 330/570 329/568 262/488
f 234/797 443/569 444/571 229/798
f 264/492 331/572 330/570 263/490
f 229/798 444/571 434/540 232/780
f 265/493 332/573 331/572 264/492
f 266/494 333/574 332/573 265/493
f 231/779 433/539 439/563 224/795
f 259/486 442/566 333/574 266/494
f 282/895 445/575 334/576 281/896
f 269/853 446/577 335/578 268/854
f 292/855 447/579 336/580 291/856
f 267/857 337/581 338/582 270/858
f 294/891 448/583 449/584 279/892
f 280/898 450/585 339/586 293/897
f 284/907 340/587 341/588 289/908
f 290/900 451/589 452/590 283/899
f 273/801 318/591 297/525 236/765
f 268/854 335/578 342/592 286/859
f 286/859 342/592 453/593 285/909
f 285/909 453/593 340/587 284/907
f 272/799 319/594 318/591 273/801
f 283/899 452/590 445/575 282/895
f 235/788 311/548 320/595 271/802
f 277/860 343/596 337/581 267/857
f 278/861 454/597 343/596 277/860
f 279/892 449/584 454/597 278/861
f 271/802 320/595 319/594 272/799
f 281/896 334/576 450/585 280/898
f 276/803 321/598 308/545 244/785
f 270/886 338/880 455/599 296/862
f 296/862 455/599 344/600 295/863
f 295/863 344/600 448/583 294/891
f 275/800 322/601 321/598 276/803
f 293/897 339/586 447/879 292/885
f 243/768 300/528 323/602 274/804
f 287/864 456/603 446/577 269/853
f 288/865 345/604 456/881 287/887
f 274/804 323/602 322/601 275/800
f 289/908 341/588 345/604 288/865
f 291/856 336/580 451/589 290/900
f 346/605 349/606 348/607 347/608
f 350/609 353/610 352/611 351/612
f 354/613 357/614 356/615 355/616
f 354/613 359/617 358/618 357/614
f 353/610 361/619 360/620 352/611
f 362/621 365/622 364/623 363/624
f 347/608 348/607 365/622 362/621
f 366/625 369/626 368/627 367/628
f 355/616 356/615 371/915 370/916
f 370/630 374/631 373/632 372/633
f 372/633 373/632 376/634 375/635
f 375/635 376/634 377/636 364/623
f 377/636 378/637 363/624 364/623
f 363/624 378/637 380/638 379/639
f 379/639 380/638 382/640 381/641
f 381/641 382/640 383/642 371/629
f 371/629 383/642 374/631 370/630
f 384/643 387/644 386/645 385/646
f 385/646 386/645 388/647 359/617
f 359/617 388/647 389/648 358/618
f 358/618 389/648 391/649 390/650
f 390/650 391/649 393/651 392/652
f 392/652 393/651 394/653 361/619
f 361/619 394/653 395/654 360/620
f 360/620 395/654 387/644 384/643
f 396/655 398/656 397/657
f 346/605 400/658 399/659 349/606
f 401/660 403/661 402/662
f 366/625 405/663 404/664 369/626
f 406/665 409/666 408/667 407/668
f 410/669 413/670 412/671 411/672
f 414/673 415/674 400/658 346/605
f 414/673 416/675 415/674
f 416/675 396/655 411/672
f 396/655 410/669 411/672
f 396/655 397/657 410/669
f 404/664 418/676 417/677 369/626
f 419/678 417/677 418/676
f 408/667 417/677 419/678
f 417/677 409/666 398/656 396/655
f 420/679 421/680 405/663 366/625
f 420/679 422/681 421/680
f 420/679 407/668 422/681
f 401/660 406/665 407/668 420/679
f 401/660 402/662 406/665
f 399/659 424/682 423/683 349/606
f 425/684 423/683 424/682
f 425/684 412/671 401/660 423/683
f 413/670 401/660 412/671
f 403/661 401/660 413/670
f 409/666 417/677 408/667
f 298/686 297/685 346/805 347/808
f 300/688 299/687 348/807 349/806
f 427/690 426/689 350/809 351/812
f 428/691 427/847 351/851 352/811
f 426/689 429/692 353/810 350/809
f 302/694 301/693 354/813 355/816
f 430/696 303/695 356/815 357/814
f 431/697 430/696 357/814 358/818
f 301/919 432/698 359/817 354/920
f 433/699 428/691 352/811 360/820
f 429/692 434/700 361/819 353/810
f 305/702 304/701 362/821 363/824
f 307/704 306/703 364/823 365/822
f 304/701 298/686 347/808 362/821
f 299/687 307/704 365/822 348/807
f 309/706 308/705 366/825 367/828
f 310/707 309/848 367/852 368/827
f 311/708 310/707 368/827 369/826
f 312/709 302/694 355/816 370/830
f 303/695 313/710 371/829 356/815
f 314/711 312/709 370/830 372/831
f 325/713 324/712 373/632 374/631
f 315/714 314/711 372/831 375/832
f 324/712 435/715 376/634 373/632
f 306/703 315/714 375/832 364/823
f 435/715 326/716 377/636 376/634
f 326/716 436/717 378/637 377/636
f 316/718 305/702 363/824 379/833
f 436/717 327/719 380/638 378/637
f 317/720 316/718 379/833 381/834
f 327/719 437/721 382/640 380/638
f 313/710 317/720 381/834 371/829
f 437/721 438/722 383/642 382/640
f 438/722 325/713 374/631 383/642
f 440/724 439/723 384/835 385/836
f 442/726 441/725 386/645 387/644
f 432/698 440/724 385/836 359/817
f 441/725 328/727 388/647 386/645
f 328/727 329/728 389/648 388/647
f 443/729 431/697 358/818 390/837
f 329/728 330/730 391/649 389/648
f 444/731 443/729 390/837 392/838
f 330/730 331/732 393/651 391/649
f 434/700 444/731 392/838 361/819
f 331/732 332/733 394/653 393/651
f 332/733 333/734 395/654 394/653
f 439/723 433/699 360/820 384/835
f 333/734 442/726 387/644 395/654
f 334/736 445/735 397/902 398/901
f 335/738 446/737 399/867 400/866
f 336/740 447/739 402/869 403/868
f 338/742 337/741 404/871 405/870
f 449/744 448/743 407/894 408/893
f 339/746 450/745 409/904 406/903
f 341/748 340/747 411/911 412/910
f 452/750 451/749 413/906 410/905
f 297/685 318/751 414/841 346/805
f 342/752 335/738 400/866 415/872
f 453/753 342/752 415/872 416/912
f 340/747 453/753 416/912 411/911
f 318/751 319/754 396/839 414/841
f 445/735 452/750 410/905 397/902
f 320/755 311/708 369/826 417/842
f 337/741 343/756 418/873 404/871
f 343/756 454/757 419/874 418/873
f 454/757 449/744 408/893 419/874
f 319/754 320/755 417/842 396/839
f 450/745 334/736 398/901 409/904
f 308/705 321/758 420/843 366/825
f 455/759 338/883 405/889 421/875
f 344/760 455/759 421/875 422/876
f 448/743 344/760 422/876 407/894
f 321/758 322/761 401/840 420/843
f 447/882 339/746 406/903 402/888
f 323/762 300/688 349/806 423/844
f 446/737 456/763 424/877 399/867
f 456/884 345/764 425/878 424/890
f 322/761 323/762 423/844 401/840
f 345/764 341/748 412/910 425/878
f 451/749 336/740 403/868 413/906
f 285/515 284/510 272/495
f 416/675 414/673 396/655
f 473/921 474/922 479/923 480/924
f 457/925 458/926 461/927 468/928
f 464/929 486/930 485/931 465/932
f 464/929 465/932 466/933 463/934
f 468/928 461/927 469/935 470/936
f 475/937 476/938 477/939 478/940
f 474/922 475/937 478/940 479/923
f 486/930 460/941 459/942 485/931
f 460/941 481/943 488/944 487/945
f 481/943 482/946 489/947 488/944
f 482/946 477/939 490/948 489/947
f 490/948 477/939 476/938 491/949
f 476/938 483/950 492/951 491/949
f 483/950 484/952 493/953 492/951
f 484/952 459/942 494/954 493/953
f 459/942 460/941 487/945 494/954
f 462/955 471/956 496/957 495/958
f 471/956 463/934 497/959 496/957
f 463/934 466/933 498/960 497/959
f 466/933 472/961 499/962 498/960
f 472/961 467/963 500/964 499/962
f 467/963 470/936 501/965 500/964
f 470/936 469/935 502/966 501/965
f 469/935 462/955 495/958 502/966
f 473/1105 575/967 503/968 474/1106
f 479/1107 504/969 505/970 480/1108
f 480/1169 505/1165 575/967 473/1105
f 457/1109 576/971 506/972 458/1110
f 458/1110 506/972 577/973 461/1111
f 468/1112 578/974 576/1166 457/1170
f 464/1113 579/975 507/976 486/1114
f 485/1115 580/977 581/978 465/1116
f 465/1116 581/978 508/979 466/1117
f 463/1118 582/980 579/975 464/1113
f 461/1111 577/973 509/981 469/1119
f 470/1120 510/982 578/974 468/1112
f 475/1121 583/983 584/984 476/1122
f 477/1123 511/985 512/986 478/1124
f 474/1106 503/968 583/983 475/1121
f 478/1124 512/986 504/969 479/1107
f 486/1114 507/976 513/987 460/1125
f 459/1126 585/988 580/977 485/1115
f 460/1125 513/987 514/989 481/1127
f 488/1173 515/990 586/991 487/1174
f 481/1127 514/989 516/992 482/1128
f 489/1175 587/993 515/1209 488/1211
f 482/1128 516/992 511/985 477/1123
f 490/1176 517/994 587/993 489/1175
f 491/1177 518/995 517/994 490/1176
f 476/1122 584/984 588/996 483/1129
f 492/1178 519/997 518/995 491/1177
f 483/1129 588/996 520/998 484/1130
f 493/1179 589/999 519/997 492/1178
f 484/1130 520/998 585/988 459/1126
f 494/1180 521/1000 589/999 493/1179
f 487/1174 586/991 521/1000 494/1180
f 462/1131 590/1001 591/1002 471/1132
f 496/1189 592/1003 593/1004 495/1190
f 471/1132 591/1002 582/980 463/1118
f 497/1191 522/1005 592/1003 496/1189
f 498/1192 523/1006 522/1005 497/1191
f 466/1117 508/979 524/1007 472/1133
f 499/1193 594/1008 523/1006 498/1192
f 472/1133 524/1007 525/1009 467/1134
f 500/1194 526/1010 594/1008 499/1193
f 467/1134 525/1009 510/982 470/1120
f 501/1195 527/1011 526/1010 500/1194
f 502/1196 528/1012 527/1011 501/1195
f 469/1119 509/981 590/1001 462/1131
f 495/1207 593/1205 528/1012 502/1196
f 529/1013 532/1014 531/1015 530/1016
f 533/1017 536/1018 535/1019 534/1020
f 537/1021 540/1022 539/1023 538/1024
f 537/1021 542/1025 541/1026 540/1022
f 536/1018 544/1027 543/1028 535/1019
f 545/1029 548/1030 547/1031 546/1032
f 530/1016 531/1015 548/1030 545/1029
f 538/1024 539/1023 550/1033 549/1034
f 549/1034 553/1035 552/1036 551/1037
f 551/1037 552/1036 555/1038 554/1039
f 554/1039 555/1038 556/1040 547/1031
f 556/1040 557/1041 546/1032 547/1031
f 546/1032 557/1041 559/1042 558/1043
f 558/1043 559/1042 561/1044 560/1045
f 560/1045 561/1044 562/1046 550/1033
f 550/1033 562/1046 553/1035 549/1034
f 563/1047 566/1048 565/1049 564/1050
f 564/1050 565/1049 567/1051 542/1025
f 542/1025 567/1051 568/1052 541/1026
f 541/1026 568/1052 570/1053 569/1054
f 569/1054 570/1053 572/1055 571/1056
f 571/1056 572/1055 573/1057 544/1027
f 544/1027 573/1057 574/1058 543/1028
f 543/1028 574/1058 566/1048 563/1047
f 503/1060 575/1059 529/1135 530/1138
f 505/1062 504/1061 531/1137 532/1136
f 575/1059 505/1167 532/1171 529/1135
f 506/1064 576/1063 533/1139 534/1142
f 577/1065 506/1064 534/1142 535/1141
f 576/1168 578/1066 536/1140 533/1172
f 507/1068 579/1067 537/1143 538/1146
f 581/1070 580/1069 539/1145 540/1144
f 508/1071 581/1070 540/1144 541/1148
f 579/1067 582/1072 542/1147 537/1143
f 509/1073 577/1065 535/1141 543/1150
f 578/1066 510/1074 544/1149 536/1140
f 584/1076 583/1075 545/1151 546/1154
f 512/1078 511/1077 547/1153 548/1152
f 583/1075 503/1060 530/1138 545/1151
f 504/1061 512/1078 548/1152 531/1137
f 513/1079 507/1068 538/1146 549/1156
f 580/1069 585/1080 550/1155 539/1145
f 514/1081 513/1079 549/1156 551/1157
f 586/1083 515/1082 552/1182 553/1181
f 516/1084 514/1081 551/1157 554/1158
f 515/1210 587/1085 555/1183 552/1212
f 511/1077 516/1084 554/1158 547/1153
f 587/1085 517/1086 556/1184 555/1183
f 517/1086 518/1087 557/1185 556/1184
f 588/1088 584/1076 546/1154 558/1159
f 518/1087 519/1089 559/1186 557/1185
f 520/1090 588/1088 558/1159 560/1160
f 519/1089 589/1091 561/1187 559/1186
f 585/1080 520/1090 560/1160 550/1155
f 589/1091 521/1092 562/1188 561/1187
f 521/1092 586/1083 553/1181 562/1188
f 591/1094 590/1093 563/1161 564/1162
f 593/1096 592/1095 565/1198 566/1197
f 582/1072 591/1094 564/1162 542/1147
f 592/1095 522/1097 567/1199 565/1198
f 522/1097 523/1098 568/1200 567/1199
f 524/1099 508/1071 541/1148 569/1163
f 523/1098 594/1100 570/1201 568/1200
f 525/1101 524/1099 569/1163 571/1164
f 594/1100 526/1102 572/1202 570/1201
f 510/1074 525/1101 571/1164 544/1149
f 526/1102 527/1103 573/1203 572/1202
f 527/1103 528/1104 574/1204 573/1203
f 590/1093 509/1073 543/1150 563/1161
f 528/1104 593/1206 566/1208 574/1204
f 614/1213 615/1214 620/1215 621/1216
f 595/1217 596/1218 601/1219 608/1220
f 604/1221 628/1222 627/1223 605/1224
f 604/1221 605/1224 606/1225 603/1226
f 608/1220 601/1219 609/1227 610/1228
f 616/1229 617/1230 618/1231 619/1232
f 615/1214 616/1229 619/1232 620/1215
f 622/1233 598/1234 597/1235 613/1236
f 628/1222 600/1681 599/1682 627/1223
f 600/1237 623/1239 630/1240 629/1241
f 623/1239 624/1242 631/1243 630/1240
f 624/1242 618/1231 632/1244 631/1243
f 632/1244 618/1231 617/1230 633/1245
f 617/1230 625/1246 634/1247 633/1245
f 625/1246 626/1248 635/1249 634/1247
f 626/1248 599/1238 636/1250 635/1249
f 599/1238 600/1237 629/1241 636/1250
f 602/1251 611/1252 638/1253 637/1254
f 611/1252 603/1226 639/1255 638/1253
f 603/1226 606/1225 640/1256 639/1255
f 606/1225 612/1257 641/1258 640/1256
f 612/1257 607/1259 642/1260 641/1258
f 607/1259 610/1228 643/1261 642/1260
f 610/1228 609/1227 644/1262 643/1261
f 609/1227 602/1251 637/1254 644/1262
f 650/1263 660/1264 659/1265
f 614/1213 621/1216 647/1266 646/1267
f 653/1268 670/1269 669/1270
f 622/1233 613/1236 645/1271 648/1272
f 671/1273 672/1274 657/1275 658/1276
f 661/1277 662/1278 667/1279 668/1280
f 651/1281 614/1213 646/1267 664/1282
f 651/1281 664/1282 663/1283
f 663/1283 650/1263 651/1281
f 650/1263 662/1278 661/1277
f 650/1263 661/1277 660/1264
f 645/1271 613/1236 649/1284 655/1285
f 656/1286 655/1285 649/1284
f 657/1275 656/1286 649/1284
f 649/1284 650/1263 659/1265 658/1276
f 654/1287 622/1233 648/1272 674/1288
f 654/1287 674/1288 673/1289
f 654/1287 673/1289 672/1274
f 653/1268 654/1287 672/1274 671/1273
f 653/1268 671/1273 670/1269
f 647/1266 621/1216 652/1290 665/1291
f 666/1292 665/1291 652/1290
f 666/1292 652/1290 653/1268 667/1279
f 668/1280 667/1279 653/1268
f 669/1270 668/1280 653/1268
f 658/1276 657/1275 649/1284
f 614/1533 675/1293 676/1294 615/1534
f 620/1535 677/1295 678/1296 621/1536
f 595/1537 804/1297 805/1298 596/1538
f 596/1538 805/1298 806/1299 601/1539
f 608/1540 807/1300 804/1613 595/1617
f 604/1541 679/1301 680/1302 628/1542
f 627/1543 681/1303 808/1304 605/1544
f 605/1544 808/1304 809/1305 606/1545
f 603/1546 810/1306 679/1685 604/1686
f 601/1539 806/1299 811/1307 609/1547
f 610/1548 812/1308 807/1300 608/1540
f 616/1549 682/1309 683/1310 617/1550
f 618/1551 684/1311 685/1312 619/1552
f 615/1534 676/1294 682/1309 616/1549
f 619/1552 685/1312 677/1295 620/1535
f 622/1553 686/1313 687/1314 598/1554
f 598/1554 687/1314 688/1315 597/1555
f 597/1618 688/1614 689/1316 613/1556
f 628/1542 680/1302 690/1317 600/1557
f 599/1558 691/1318 681/1303 627/1543
f 600/1557 690/1317 692/1319 623/1559
f 630/1240 702/1320 703/1321 629/1241
f 623/1559 692/1319 693/1322 624/1560
f 631/1243 813/1323 702/1320 630/1240
f 624/1560 693/1322 684/1311 618/1551
f 632/1244 704/1324 813/1323 631/1243
f 633/1245 814/1325 704/1324 632/1244
f 617/1550 683/1310 694/1326 625/1561
f 634/1247 705/1327 814/1325 633/1245
f 625/1561 694/1326 695/1328 626/1562
f 635/1249 815/1329 705/1327 634/1247
f 626/1562 695/1328 691/1318 599/1558
f 636/1250 816/1330 815/1329 635/1249
f 629/1241 703/1321 816/1330 636/1250
f 602/1563 817/1331 818/1332 611/1564
f 638/1253 819/1333 820/1334 637/1254
f 611/1564 818/1332 810/1306 603/1546
f 639/1255 706/1335 819/1333 638/1253
f 640/1256 707/1336 706/1335 639/1255
f 606/1545 809/1305 821/1337 612/1565
f 641/1258 708/1338 707/1336 640/1256
f 612/1565 821/1337 822/1339 607/1566
f 642/1260 709/1340 708/1338 641/1258
f 607/1566 822/1339 812/1308 610/1548
f 643/1261 710/1341 709/1340 642/1260
f 644/1262 711/1342 710/1341 643/1261
f 609/1547 811/1307 817/1331 602/1563
f 637/1254 820/1334 711/1342 644/1262
f 660/1663 823/1343 712/1344 659/1664
f 647/1621 824/1345 713/1346 646/1622
f 670/1623 825/1347 714/1348 669/1624
f 645/1625 715/1349 716/1350 648/1626
f 672/1659 826/1351 827/1352 657/1660
f 658/1666 828/1353 717/1354 671/1665
f 662/1675 718/1355 719/1356 667/1676
f 668/1668 829/1357 830/1358 661/1667
f 651/1569 696/1359 675/1293 614/1533
f 646/1622 713/1346 720/1360 664/1627
f 664/1627 720/1360 831/1361 663/1677
f 663/1677 831/1361 718/1355 662/1675
f 650/1567 697/1362 696/1359 651/1569
f 661/1667 830/1358 823/1343 660/1663
f 613/1556 689/1316 698/1363 649/1570
f 655/1628 721/1364 715/1349 645/1625
f 656/1629 832/1365 721/1364 655/1628
f 657/1660 827/1352 832/1365 656/1629
f 649/1570 698/1363 697/1362 650/1567
f 659/1664 712/1344 828/1353 658/1666
f 654/1571 699/1366 686/1313 622/1553
f 648/1654 716/1648 833/1367 674/1630
f 674/1630 833/1367 722/1368 673/1631
f 673/1631 722/1368 826/1351 672/1659
f 653/1568 700/1369 699/1366 654/1571
f 671/1665 717/1354 825/1647 670/1653
f 621/1536 678/1296 701/1370 652/1572
f 665/1632 834/1371 824/1345 647/1621
f 666/1633 723/1372 834/1649 665/1655
f 652/1572 701/1370 700/1369 653/1568
f 667/1676 719/1356 723/1372 666/1633
f 669/1624 714/1348 829/1357 668/1668
f 724/1373 727/1374 726/1375 725/1376
f 728/1377 731/1378 730/1379 729/1380
f 732/1381 735/1382 734/1383 733/1384
f 732/1381 737/1385 736/1386 735/1382
f 731/1378 739/1387 738/1388 730/1379
f 740/1389 743/1390 742/1391 741/1392
f 725/1376 726/1375 743/1390 740/1389
f 744/1393 747/1394 746/1395 745/1396
f 733/1384 734/1383 749/1683 748/1684
f 748/1398 752/1399 751/1400 750/1401
f 750/1401 751/1400 754/1402 753/1403
f 753/1403 754/1402 755/1404 742/1391
f 755/1404 756/1405 741/1392 742/1391
f 741/1392 756/1405 758/1406 757/1407
f 757/1407 758/1406 760/1408 759/1409
f 759/1409 760/1408 761/1410 749/1397
f 749/1397 761/1410 752/1399 748/1398
f 762/1411 765/1412 764/1413 763/1414
f 763/1414 764/1413 766/1415 737/1385
f 737/1385 766/1415 767/1416 736/1386
f 736/1386 767/1416 769/1417 768/1418
f 768/1418 769/1417 771/1419 770/1420
f 770/1420 771/1419 772/1421 739/1387
f 739/1387 772/1421 773/1422 738/1388
f 738/1388 773/1422 765/1412 762/1411
f 774/1423 776/1424 775/1425
f 724/1373 778/1426 777/1427 727/1374
f 779/1428 781/1429 780/1430
f 744/1393 783/1431 782/1432 747/1394
f 784/1433 787/1434 786/1435 785/1436
f 788/1437 791/1438 790/1439 789/1440
f 792/1441 793/1442 778/1426 724/1373
f 792/1441 794/1443 793/1442
f 794/1443 774/1423 789/1440
f 774/1423 788/1437 789/1440
f 774/1423 775/1425 788/1437
f 782/1432 796/1444 795/1445 747/1394
f 797/1446 795/1445 796/1444
f 786/1435 795/1445 797/1446
f 795/1445 787/1434 776/1424 774/1423
f 798/1447 799/1448 783/1431 744/1393
f 798/1447 800/1449 799/1448
f 798/1447 785/1436 800/1449
f 779/1428 784/1433 785/1436 798/1447
f 779/1428 780/1430 784/1433
f 777/1427 802/1450 801/1451 727/1374
f 803/1452 801/1451 802/1450
f 803/1452 790/1439 779/1428 801/1451
f 791/1438 779/1428 790/1439
f 781/1429 779/1428 791/1438
f 787/1434 795/1445 786/1435
f 676/1454 675/1453 724/1573 725/1576
f 678/1456 677/1455 726/1575 727/1574
f 805/1458 804/1457 728/1577 729/1580
f 806/1459 805/1615 729/1619 730/1579
f 804/1457 807/1460 731/1578 728/1577
f 680/1462 679/1461 732/1581 733/1584
f 808/1464 681/1463 734/1583 735/1582
f 809/1465 808/1464 735/1582 736/1586
f 679/1687 810/1466 737/1585 732/1688
f 811/1467 806/1459 730/1579 738/1588
f 807/1460 812/1468 739/1587 731/1578
f 683/1470 682/1469 740/1589 741/1592
f 685/1472 684/1471 742/1591 743/1590
f 682/1469 676/1454 725/1576 740/1589
f 677/1455 685/1472 743/1590 726/1575
f 687/1474 686/1473 744/1593 745/1596
f 688/1475 687/1616 745/1620 746/1595
f 689/1476 688/1475 746/1595 747/1594
f 690/1477 680/1462 733/1584 748/1598
f 681/1463 691/1478 749/1597 734/1583
f 692/1479 690/1477 748/1598 750/1599
f 703/1481 702/1480 751/1400 752/1399
f 693/1482 692/1479 750/1599 753/1600
f 702/1480 813/1483 754/1402 751/1400
f 684/1471 693/1482 753/1600 742/1591
f 813/1483 704/1484 755/1404 754/1402
f 704/1484 814/1485 756/1405 755/1404
f 694/1486 683/1470 741/1592 757/1601
f 814/1485 705/1487 758/1406 756/1405
f 695/1488 694/1486 757/1601 759/1602
f 705/1487 815/1489 760/1408 758/1406
f 691/1478 695/1488 759/1602 749/1597
f 815/1489 816/1490 761/1410 760/1408
f 816/1490 703/1481 752/1399 761/1410
f 818/1492 817/1491 762/1603 763/1604
f 820/1494 819/1493 764/1413 765/1412
f 810/1466 818/1492 763/1604 737/1585
f 819/1493 706/1495 766/1415 764/1413
f 706/1495 707/1496 767/1416 766/1415
f 821/1497 809/1465 736/1586 768/1605
f 707/1496 708/1498 769/1417 767/1416
f 822/1499 821/1497 768/1605 770/1606
f 708/1498 709/1500 771/1419 769/1417
f 812/1468 822/1499 770/1606 739/1587
f 709/1500 710/1501 772/1421 771/1419
f 710/1501 711/1502 773/1422 772/1421
f 817/1491 811/1467 738/1588 762/1603
f 711/1502 820/1494 765/1412 773/1422
f 712/1504 823/1503 775/1670 776/1669
f 713/1506 824/1505 777/1635 778/1634
f 714/1508 825/1507 780/1637 781/1636
f 716/1510 715/1509 782/1639 783/1638
f 827/1512 826/1511 785/1662 786/1661
f 717/1514 828/1513 787/1672 784/1671
f 719/1516 718/1515 789/1679 790/1678
f 830/1518 829/1517 791/1674 788/1673
f 675/1453 696/1519 792/1609 724/1573
f 720/1520 713/1506 778/1634 793/1640
f 831/1521 720/1520 793/1640 794/1680
f 718/1515 831/1521 794/1680 789/1679
f 696/1519 697/1522 774/1607 792/1609
f 823/1503 830/1518 788/1673 775/1670
f 698/1523 689/1476 747/1594 795/1610
f 715/1509 721/1524 796/1641 782/1639
f 721/1524 832/1525 797/1642 796/1641
f 832/1525 827/1512 786/1661 797/1642
f 697/1522 698/1523 795/1610 774/1607
f 828/1513 712/1504 776/1669 787/1672
f 686/1473 699/1526 798/1611 744/1593
f 833/1527 716/1651 783/1657 799/1643
f 722/1528 833/1527 799/1643 800/1644
f 826/1511 722/1528 800/1644 785/1662
f 699/1526 700/1529 779/1608 798/1611
f 825/1650 717/1514 784/1671 780/1656
f 701/1530 678/1456 727/1574 801/1612
f 824/1505 834/1531 802/1645 777/1635
f 834/1652 723/1532 803/1646 802/1658
f 700/1529 701/1530 801/1612 779/1608
f 723/1532 719/1516 790/1678 803/1646
f 829/1517 714/1508 781/1636 791/1674
f 663/1283 662/1278 650/1263
f 794/1443 792/1441 774/1423
f 851/1689 852/1690 857/1691 858/1692
f 835/1693 836/1694 839/1695 846/1696
f 842/1697 864/1698 863/1699 843/1700
f 842/1697 843/1700 844/1701 841/1702
f 846/1696 839/1695 847/1703 848/1704
f 853/1705 854/1706 855/1707 856/1708
f 852/1690 853/1705 856/1708 857/1691
f 864/1698 838/1709 837/1710 863/1699
f 838/1709 859/1711 866/1712 865/1713
f 859/1711 860/1714 867/1715 866/1712
f 860/1714 855/1707 868/1716 867/1715
f 868/1716 855/1707 854/1706 869/1717
f 854/1706 861/1718 870/1719 869/1717
f 861/1718 862/1720 871/1721 870/1719
f 862/1720 837/1710 872/1722 871/1721
f 837/1710 838/1709 865/1713 872/1722
f 840/1723 849/1724 874/1725 873/1726
f 849/1724 841/1702 875/1727 874/1725
f 841/1702 844/1701 876/1728 875/1727
f 844/1701 850/1729 877/1730 876/1728
f 850/1729 845/1731 878/1732 877/1730
f 845/1731 848/1704 879/1733 878/1732
f 848/1704 847/1703 880/1734 879/1733
f 847/1703 840/1723 873/1726 880/1734
f 851/1873 953/1735 881/1736 852/1874
f 857/1875 882/1737 883/1738 858/1876
f 858/1937 883/1933 953/1735 851/1873
f 835/1877 954/1739 884/1740 836/1878
f 836/1878 884/1740 955/1741 839/1879
f 846/1880 956/1742 954/1934 835/1938
f 842/1881 957/1743 885/1744 864/1882
f 863/1883 958/1745 959/1746 843/1884
f 843/1884 959/1746 886/1747 844/1885
f 841/1886 960/1748 957/1743 842/1881
f 839/1879 955/1741 887/1749 847/1887
f 848/1888 888/1750 956/1742 846/1880
f 853/1889 961/1751 962/1752 854/1890
f 855/1891 889/1753 890/1754 856/1892
f 852/1874 881/1736 961/1751 853/1889
f 856/1892 890/1754 882/1737 857/1875
f 864/1882 885/1744 891/1755 838/1893
f 837/1894 963/1756 958/1745 863/1883
f 838/1893 891/1755 892/1757 859/1895
f 866/1941 893/1758 964/1759 865/1942
f 859/1895 892/1757 894/1760 860/1896
f 867/1943 965/1761 893/1977 866/1979
f 860/1896 894/1760 889/1753 855/1891
f 868/1944 895/1762 965/1761 867/1943
f 869/1945 896/1763 895/1762 868/1944
f 854/1890 962/1752 966/1764 861/1897
f 870/1946 897/1765 896/1763 869/1945
f 861/1897 966/1764 898/1766 862/1898
f 871/1947 967/1767 897/1765 870/1946
f 862/1898 898/1766 963/1756 837/1894
f 872/1948 899/1768 967/1767 871/1947
f 865/1942 964/1759 899/1768 872/1948
f 840/1899 968/1769 969/1770 849/1900
f 874/1957 970/1771 971/1772 873/1958
f 849/1900 969/1770 960/1748 841/1886
f 875/1959 900/1773 970/1771 874/1957
f 876/1960 901/1774 900/1773 875/1959
f 844/1885 886/1747 902/1775 850/1901
f 877/1961 972/1776 901/1774 876/1960
f 850/1901 902/1775 903/1777 845/1902
f 878/1962 904/1778 972/1776 877/1961
f 845/1902 903/1777 888/1750 848/1888
f 879/1963 905/1779 904/1778 878/1962
f 880/1964 906/1780 905/1779 879/1963
f 847/1887 887/1749 968/1769 840/1899
f 873/1975 971/1973 906/1780 880/1964
f 907/1781 910/1782 909/1783 908/1784
f 911/1785 914/1786 913/1787 912/1788
f 915/1789 918/1790 917/1791 916/1792
f 915/1789 920/1793 919/1794 918/1790
f 914/1786 922/1795 921/1796 913/1787
f 923/1797 926/1798 925/1799 924/1800
f 908/1784 909/1783 926/1798 923/1797
f 916/1792 917/1791 928/1801 927/1802
f 927/1802 931/1803 930/1804 929/1805
f 929/1805 930/1804 933/1806 932/1807
f 932/1807 933/1806 934/1808 925/1799
f 934/1808 935/1809 924/1800 925/1799
f 924/1800 935/1809 937/1810 936/1811
f 936/1811 937/1810 939/1812 938/1813
f 938/1813 939/1812 940/1814 928/1801
f 928/1801 940/1814 931/1803 927/1802
f 941/1815 944/1816 943/1817 942/1818
f 942/1818 943/1817 945/1819 920/1793
f 920/1793 945/1819 946/1820 919/1794
f 919/1794 946/1820 948/1821 947/1822
f 947/1822 948/1821 950/1823 949/1824
f 949/1824 950/1823 951/1825 922/1795
f 922/1795 951/1825 952/1826 921/1796
f 921/1796 952/1826 944/1816 941/1815
f 881/1828 953/1827 907/1903 908/1906
f 883/1830 882/1829 909/1905 910/1904
f 953/1827 883/1935 910/1939 907/1903
f 884/1832 954/1831 911/1907 912/1910
f 955/1833 884/1832 912/1910 913/1909
f 954/1936 956/1834 914/1908 911/1940
f 885/1836 957/1835 915/1911 916/1914
f 959/1838 958/1837 917/1913 918/1912
f 886/1839 959/1838 918/1912 919/1916
f 957/1835 960/1840 920/1915 915/1911
f 887/1841 955/1833 913/1909 921/1918
f 956/1834 888/1842 922/1917 914/1908
f 962/1844 961/1843 923/1919 924/1922
f 890/1846 889/1845 925/1921 926/1920
f 961/1843 881/1828 908/1906 923/1919
f 882/1829 890/1846 926/1920 909/1905
f 891/1847 885/1836 916/1914 927/1924
f 958/1837 963/1848 928/1923 917/1913
f 892/1849 891/1847 927/1924 929/1925
f 964/1851 893/1850 930/1950 931/1949
f 894/1852 892/1849 929/1925 932/1926
f 893/1978 965/1853 933/1951 930/1980
f 889/1845 894/1852 932/1926 925/1921
f 965/1853 895/1854 934/1952 933/1951
f 895/1854 896/1855 935/1953 934/1952
f 966/1856 962/1844 924/1922 936/1927
f 896/1855 897/1857 937/1954 935/1953
f 898/1858 966/1856 936/1927 938/1928
f 897/1857 967/1859 939/1955 937/1954
f 963/1848 898/1858 938/1928 928/1923
f 967/1859 899/1860 940/1956 939/1955
f 899/1860 964/1851 931/1949 940/1956
f 969/1862 968/1861 941/1929 942/1930
f 971/1864 970/1863 943/1966 944/1965
f 960/1840 969/1862 942/1930 920/1915
f 970/1863 900/1865 945/1967 943/1966
f 900/1865 901/1866 946/1968 945/1967
f 902/1867 886/1839 919/1916 947/1931
f 901/1866 972/1868 948/1969 946/1968
f 903/1869 902/1867 947/1931 949/1932
f 972/1868 904/1870 950/1970 948/1969
f 888/1842 903/1869 949/1932 922/1917
f 904/1870 905/1871 951/1971 950/1970
f 905/1871 906/1872 952/1972 951/1971
f 968/1861 887/1841 921/1918 941/1929
f 906/1872 971/1974 944/1976 952/1972
