# This file uses centimeters as units for non-parametric coordinates.

v -3.160228 166.822617 17.622503
v -3.739190 166.777069 17.539572
v -3.240762 167.151031 17.745993
v -3.781231 167.129761 17.658300
v -4.307847 167.227600 17.436453
v -4.304029 166.889923 17.329763
v -4.706962 167.414291 17.152014
v -4.759108 167.139191 17.058065
v -4.956560 167.639786 16.877935
v -5.059306 167.448563 16.758627
v -5.021475 167.819321 16.663717
v -5.193959 167.718323 16.549795
v -5.031917 167.931778 16.521551
v -5.265696 167.911972 16.411932
v -2.634385 166.985809 17.625387
v -2.719895 167.264328 17.709799
v -2.166114 167.124176 17.583151
v -2.297736 167.348160 17.614920
v -1.852412 167.288605 17.547369
v -2.044491 167.423874 17.490957
v -5.022523 168.008774 16.451666
v -5.276727 168.004578 16.372686
v -5.026021 168.023239 16.511282
v -5.267127 168.112900 16.450644
v -5.040442 168.119965 16.719290
v -5.223499 168.265884 16.629065
v -4.972565 168.243439 16.937368
v -5.133253 168.407990 16.876501
v -4.784774 168.367523 17.163656
v -4.906340 168.542786 17.127401
v -4.558871 168.471375 17.367559
v -4.640271 168.639465 17.345037
v -4.252615 168.539810 17.545385
v -4.286561 168.732910 17.573660
v -3.901413 168.558960 17.679785
v -3.891237 168.751877 17.737478
v -3.470629 168.548920 17.768286
v -3.424178 168.716324 17.852377
v -3.051211 168.458130 17.845800
v -2.948098 168.589325 17.898520
v -2.648461 168.251465 17.787878
v -2.512728 168.363113 17.832266
v -2.342936 168.004013 17.636251
v -2.193729 168.072540 17.707327
v -2.084767 167.738785 17.451376
v -1.913958 167.723785 17.565344
v -1.942639 167.578217 17.392187
v -1.762796 167.518616 17.551245
v -1.929978 167.509705 17.405249
v -1.732903 167.412201 17.492788
v -4.865973 167.943802 16.618643
v -4.878564 168.014816 16.529470
v -4.839186 167.851517 16.730642
v -4.767083 167.738586 16.875570
v -4.559029 167.569656 17.097174
v -4.214197 167.409241 17.372854
v -3.730719 167.334503 17.576620
v -4.873631 168.015015 16.502905
v -4.878210 168.092590 16.666265
v -4.823141 168.209702 16.881628
v -4.657436 168.304016 17.067831
v -4.442660 168.403229 17.241552
v -4.169775 168.464615 17.400518
v -3.852520 168.499863 17.528418
v -3.222697 167.360611 17.645651
v -2.766954 167.427521 17.586584
v -2.419788 167.471191 17.484411
v -2.205899 167.513046 17.381475
v -2.082150 167.564941 17.309835
v -2.047642 167.616302 17.278448
v -2.144796 167.731552 17.355871
v -2.376496 167.976944 17.528265
v -2.663815 168.213791 17.655294
v -3.030398 168.412827 17.695578
v -3.445607 168.508713 17.631796
v -3.786151 169.058823 17.693640
v -4.297794 169.041580 17.539526
v -4.801095 168.937500 17.334539
v -5.153112 168.818573 17.070837
v -5.452870 168.690155 16.779776
v -5.595659 168.504150 16.490484
v -5.642660 168.293930 16.268591
v -5.634615 168.052185 16.144934
v -5.536800 167.811279 16.207006
v -5.388029 167.464676 16.405081
v -5.151837 167.105164 16.678549
v -4.767426 166.781342 16.977728
v -4.249687 166.541550 17.234686
v -3.659708 166.439819 17.417089
v -3.069735 166.513519 17.526327
v -2.519924 166.703629 17.599051
v -1.998524 166.861282 17.635839
v -1.638705 167.093002 17.611471
v -1.490925 167.296066 17.576651
v -1.436737 167.536346 17.581289
v -1.536296 167.831055 17.611486
v -1.830666 168.221512 17.729223
v -2.210483 168.555435 17.843451
v -2.690337 168.810974 17.902899
v -3.239261 168.988922 17.834494
v -2.319849 170.270615 19.087240
v -3.096708 170.491837 18.875128
v -3.882427 170.660721 18.538473
v -4.671400 170.828751 18.133093
v -5.446542 170.899826 17.657263
v -6.075340 170.616531 17.051046
v -6.586987 170.129425 16.372549
v -6.871094 169.440948 15.795614
v -6.916812 168.719559 15.427816
v -6.813709 167.956711 15.253927
v -6.622909 166.958130 15.311911
v -5.987036 166.465057 16.084402
v -5.466538 166.126740 16.586187
v -4.908680 165.824371 16.959005
v -4.274246 165.595947 17.253286
v -3.586089 165.468948 17.433722
v -2.936526 165.465149 17.667028
v -2.201615 165.474411 18.069220
v -1.573971 165.961807 18.341925
v -1.198904 166.512527 18.446096
v -0.909493 167.127075 18.483114
v -0.855552 167.779083 18.286047
v -0.934192 168.381897 18.319571
v -1.554003 169.976578 19.139578
v -1.180455 169.078171 18.634573
v -5.736891 169.513184 17.139059
v -5.230789 169.682022 17.570929
v -4.536989 169.719803 17.905935
v -3.851049 169.669601 18.084326
v -3.197508 169.586670 18.275839
v -2.517264 169.446259 18.390539
v -1.919071 169.159485 18.315619
v -1.481738 168.651306 18.059134
v -1.169744 168.122406 17.876486
v -1.091243 167.647964 17.847342
v -1.172258 167.206924 17.881826
v -1.390886 166.833420 17.908972
v -1.781071 166.478653 17.879400
v -2.347151 166.252655 17.730520
v -2.960958 166.080612 17.566046
v -3.589576 166.016357 17.436529
v -4.215637 166.130920 17.230795
v -4.794019 166.368759 16.960104
v -5.260363 166.692398 16.625555
v -5.650173 167.078430 16.280691
v -5.954997 167.577103 15.945150
v -6.166550 168.092056 15.801550
v -6.315541 168.523575 15.941504
v -6.305576 168.908463 16.254919
v -6.101754 169.257050 16.705389
v -1.946218 163.363235 18.927128
v -1.664043 163.286514 19.144779
v -1.597146 163.021927 18.834400
v -1.432441 163.174164 19.041874
v -1.699265 163.466293 19.342533
v -1.994827 163.654846 19.334433
v -1.560348 163.597900 19.541325
v -1.739027 163.817841 19.655691
v -1.281449 163.595718 19.683170
v -1.321901 163.785904 19.902426
v -0.926716 163.463898 19.755802
v -0.860095 163.543167 20.042942
v -0.703543 163.292206 19.661228
v -0.541464 163.231140 19.925220
v -0.685540 163.162613 19.432209
v -0.447983 162.951248 19.508854
v -1.143933 163.147110 19.076893
v -1.139607 162.930588 19.051258
v -2.073939 163.986816 19.243689
v -2.102853 163.772598 18.794149
v -1.979953 163.648621 18.389639
v -1.862691 163.273102 18.540882
v -1.765837 164.114914 19.626822
v -1.307881 164.110184 19.962179
v -0.721686 163.801880 20.268042
v -0.333584 163.320587 20.128254
v -0.224508 162.871506 19.572941
v -0.335128 163.785355 20.407507
v -0.389853 164.300705 20.387762
v -0.398626 164.845398 20.118612
v -0.341770 165.426239 19.712652
v -0.303531 166.070511 19.433615
v -0.323635 166.702515 19.119802
v -0.776360 164.299698 20.265829
v -1.374339 164.461212 19.735067
v -1.654273 164.391830 19.503271
v -1.938727 164.347565 19.137899
v -2.047490 164.139740 18.703787
v -1.968337 164.039322 18.339941
v -1.077850 164.327484 20.089636
v -1.107509 164.619949 19.891150
v -0.773095 164.758270 20.017355
v -1.297204 164.768097 19.415411
v -1.514129 164.616959 19.332739
v -1.317841 164.922821 19.036871
v -1.584838 164.686432 19.114523
v -1.596389 164.733322 18.643988
v -1.770000 164.623016 18.860540
v -1.914180 164.426132 18.659979
v -1.843307 164.399475 18.416327
v -1.054786 165.033371 19.544836
v -0.713891 165.281952 19.650839
v -0.990341 165.465363 19.259573
v -0.648158 165.859833 19.364569
v -0.690409 166.607849 18.954824
v -0.323090 167.318192 18.876211
v -0.632373 167.256668 18.735388
v -0.305226 167.929016 18.705664
v -0.593487 167.881668 18.571630
v -0.316020 168.578949 18.692434
v -0.649237 168.532791 18.596167
v -0.813189 169.280350 18.906210
v -0.416502 169.311172 18.935568
v -0.970357 170.092194 19.220739
v -0.551019 170.114090 19.189260
v -1.396956 165.448914 18.773962
v -1.806410 165.000015 18.495184
v -1.014034 165.985413 18.908285
v -2.093583 164.500610 18.295416
v -2.480179 164.670227 18.038122
v -3.056236 164.795868 17.763678
v -2.192701 164.031097 18.220739
v -2.578485 164.082367 18.012960
v -3.128703 164.156052 17.768744
v -0.848809 163.133621 19.210346
v -0.730321 162.924774 19.244587
v -0.432418 162.653290 19.239048
v -0.228823 162.612778 19.257221
v -0.697831 162.677582 19.152958
v -1.158566 162.697952 19.002186
v -1.607709 162.809006 18.727619
v -1.989320 163.052078 18.401691
v -2.160928 163.589615 18.237858
v -0.243091 161.984436 19.313877
v -0.000005 161.937485 19.309940
v -0.281171 161.636703 19.536091
v -0.787793 162.103958 19.236683
v -0.884589 161.736267 19.381641
v -1.328204 161.939133 19.103672
v -1.393651 161.618011 19.199543
v -1.940554 161.726257 18.759022
v -1.977661 161.388092 18.802753
v -2.546716 161.421799 18.256504
v -2.548999 161.064041 18.277103
v -2.992679 161.172943 17.701542
v -2.950015 160.842911 17.734776
v -3.358466 160.939819 17.260807
v -3.219930 160.706131 17.319492
v -3.590311 160.687729 16.944340
v -3.407403 160.577591 16.998539
v -3.572356 160.371552 16.800098
v -3.390877 160.429352 16.856022
v -3.382867 159.943420 16.807835
v -3.212574 160.106750 16.924351
v -0.230484 162.307632 19.199528
v -0.448075 162.377731 19.192783
v -0.471239 162.079132 19.289204
v -0.532449 161.716156 19.467533
v -0.705476 162.423264 19.140537
v -1.280309 162.346039 18.974155
v -1.926005 162.063248 18.640812
v -2.496337 161.845169 18.173740
v -3.017940 161.600006 17.630192
v -3.508671 161.316925 17.149998
v -3.805518 160.942093 16.822407
v -3.814954 160.356400 16.669712
v -3.599174 159.783844 16.608021
v -3.066874 159.617996 16.904194
v -2.912522 159.848068 17.124622
v -2.630060 159.388351 17.171696
v -2.488655 159.570786 17.473942
v -2.081179 159.065674 17.574802
v -1.979076 159.198502 17.904194
v -1.576339 158.784332 17.868183
v -1.542987 158.934647 18.201923
v -0.873569 158.575516 18.173374
v -0.896351 158.720459 18.520466
v -0.488478 158.543961 18.268085
v -0.482829 158.704895 18.654026
v -0.458052 158.278656 17.838657
v -0.866230 158.317780 17.771030
v -1.674026 158.559189 17.484348
v -2.237275 158.815353 17.230183
v -2.793461 159.099091 16.878483
v -3.253622 159.376282 16.653797
v -0.356851 160.873230 19.465214
v -0.000023 160.837296 19.503208
v -0.355033 160.360367 18.892338
v -0.379549 159.533112 18.950397
v -0.300386 160.404221 18.630787
v -0.750373 159.530396 18.874622
v -0.675096 160.403946 18.637501
v -0.678040 160.906921 19.295750
v -0.754689 160.379929 18.779179
v -1.069925 160.855682 19.097523
v -1.143625 160.348434 18.630558
v -1.544398 160.729401 18.850620
v -1.580489 160.323105 18.417622
v -1.444520 160.381348 18.371754
v -1.459133 159.594238 18.554050
v -2.052735 160.623917 18.470936
v -2.012080 160.341568 18.138401
v -2.521024 160.550735 18.005939
v -2.443169 160.394302 17.778797
v -2.845416 160.510712 17.584919
v -2.782373 160.449524 17.443333
v -1.877323 159.715637 18.232349
v -1.871255 160.420609 18.093845
v -2.370738 159.993622 17.809086
v -2.274243 160.487442 17.680241
v -2.735905 160.298157 17.365635
v -2.610597 160.529404 17.287174
v -3.084382 160.489807 17.278324
v -3.232496 160.480850 17.024601
v -3.016717 160.383835 17.088947
v -3.216121 160.487503 16.940647
v -2.895423 160.539383 17.072285
v -3.099978 160.572525 17.012211
v -3.120145 160.523132 17.048557
v -2.994281 160.477753 17.200428
v -1.244769 158.409058 17.654072
v -1.227448 158.660294 18.030231
v -1.237557 158.805679 18.363743
v -1.141516 159.557358 18.736744
v -1.070969 160.381104 18.544285
v -0.314008 160.025589 18.870457
v -0.695233 159.991257 18.843815
v -1.120802 159.982132 18.705479
v -1.472820 159.978073 18.544163
v -1.898648 160.065842 18.261753
v -2.350355 160.307755 17.807133
v -2.665831 160.464630 17.372898
v -2.953350 160.503067 17.125034
v -3.158913 160.519226 16.989292
v -3.166272 160.480179 17.037739
v -3.035506 160.458862 17.247746
v -2.808997 160.456223 17.517597
v -2.477823 160.406387 17.889713
v -2.023273 160.384506 18.269901
v -1.591219 160.413864 18.632389
v -1.120269 160.502258 18.883854
v -0.716281 160.568832 19.071293
v -0.385883 160.528824 19.235081
v -0.298464 161.261444 19.533436
v -0.609434 161.303833 19.423374
v -0.996284 161.314255 19.310505
v -1.448272 161.217636 19.072147
v -1.997475 161.029694 18.621830
v -2.538149 160.769363 18.147739
v -2.902333 160.619385 17.682560
v -3.139084 160.558502 17.309177
v -3.301424 160.514069 17.013248
v -3.287562 160.458496 16.899570
v -3.105167 160.241745 17.008839
v -2.822636 160.077850 17.281162
v -2.408022 159.757141 17.677433
v -1.918618 159.413391 18.119160
v -1.496689 159.217209 18.424747
v -1.186517 159.126694 18.610355
v -0.843996 159.067627 18.768986
v -0.429929 159.066803 18.855412
v 0.000021 159.044586 18.842106
v -8.683635 169.199753 8.062353
v -9.039598 169.644897 8.297384
v -9.421459 169.544357 7.662329
v -8.996154 169.084320 7.543203
v -9.773348 169.040863 7.121206
v -9.242743 168.701523 7.136938
v -9.965459 168.289322 6.774893
v -9.435221 168.125458 6.921209
v -10.036284 167.328445 6.624060
v -9.514381 167.338608 6.891577
v -9.958110 166.491821 6.732244
v -9.471926 166.615341 6.987768
v -9.689925 165.755936 7.038412
v -9.298312 165.967834 7.254156
v -9.320276 165.117157 7.370077
v -9.020022 165.428452 7.557379
v -8.992772 164.619965 7.723349
v -8.798714 165.035431 7.900869
v -8.971032 170.066208 8.328909
v -9.391238 169.951126 7.573355
v -9.844600 169.361786 6.843954
v -10.088905 168.485123 6.386404
v -10.163880 167.368134 6.243887
v -10.057798 166.400864 6.369055
v -9.786408 165.570374 6.662573
v -9.351601 164.848404 7.025564
v -8.970025 164.294205 7.375937
v -8.684847 165.450638 8.123434
v -8.903011 165.776352 7.883062
v -9.101177 166.205383 7.716497
v -9.202261 166.711914 7.596991
v -9.211412 167.338699 7.579687
v -9.228221 168.006653 7.356237
v -9.119457 168.388229 7.446814
v -8.932638 168.607071 7.697821
v -8.654310 168.690918 8.048544
v -8.354457 168.996170 8.465841
v -8.688561 169.375900 8.804419
v -8.091723 168.592850 8.689077
v -8.359724 168.805389 9.131247
v -7.972939 168.023834 8.727102
v -8.076605 167.998917 9.083258
v -7.732789 167.605286 8.516348
v -7.858772 167.521790 8.889166
v -7.629318 167.303482 8.128180
v -7.766562 167.133133 8.616674
v -7.666713 166.758865 8.021704
v -8.007783 166.631180 8.604055
v -7.777791 166.248291 8.221914
v -8.032219 166.239288 8.642950
v -7.783016 165.793839 8.529226
v -7.953346 165.943588 8.750433
v -7.773657 165.509003 8.950735
v -7.949561 165.735367 9.114370
v -7.726781 165.141998 9.215918
v -7.833369 165.305740 9.658957
v -7.613276 164.626007 9.258276
v -7.633868 164.617828 9.761724
v -7.431552 164.119781 9.160971
v -7.456509 163.964890 9.690985
v -8.712672 169.821899 8.917181
v -8.209882 167.947632 9.517019
v -8.364586 168.691391 9.519156
v -8.159897 167.391312 9.424719
v -8.134476 166.930954 9.296530
v -8.148635 166.500381 9.179708
v -8.110896 166.084473 9.143850
v -8.005747 165.851837 9.792898
v -8.082752 166.336792 9.849096
v -8.110637 166.839966 9.871832
v -8.157698 167.356506 9.914129
v -8.195129 167.898331 9.959082
v -8.275523 168.763458 9.913412
v -8.633488 163.870163 7.687460
v -8.683161 164.240326 8.030325
v -8.243994 163.575714 8.056600
v -8.341867 163.986618 8.328451
v -7.243962 163.729965 8.902792
v -7.183450 163.374313 9.301229
v -6.956940 163.607376 8.500386
v -6.705456 163.139053 8.595845
v -7.576591 163.592300 8.598989
v -7.347608 163.512482 8.253301
v -7.889512 163.502579 8.339574
v -7.738304 163.444260 8.006581
v -8.407009 163.848587 7.423056
v -8.045890 163.527664 7.783696
v -8.023688 163.928268 8.600271
v -7.705205 164.007980 8.874395
v -8.583114 164.744629 8.207083
v -8.322332 164.553696 8.477957
v -8.058195 164.488846 8.721350
v -7.801019 164.536209 8.972662
v -8.452222 165.208618 8.343557
v -8.222208 165.039719 8.532476
v -7.993889 164.990692 8.734243
v -7.809800 165.025864 8.949560
v -7.783285 165.324692 8.843832
v -7.856837 165.380310 8.650869
v -7.982534 165.448700 8.476995
v -8.144602 165.580368 8.265356
v -8.293344 165.775040 8.038900
v -8.425307 166.024429 7.797842
v -8.487323 166.335037 7.613180
v -8.542995 166.756454 7.546209
v -8.589285 167.185699 7.679510
v -8.631961 167.440353 7.884680
v -8.960402 167.677444 7.954062
v -8.344291 167.546051 8.039267
v -8.584969 167.875854 8.214743
v -8.004925 167.629868 8.283072
v -8.241352 167.971252 8.480902
v -8.239588 168.406296 8.342520
v -8.358908 168.706024 8.261038
v -8.580892 168.300049 8.069067
v -8.992336 168.188431 7.722738
v -8.135632 167.213242 7.846991
v -8.033932 166.782181 7.772238
v -8.085375 166.320343 7.849905
v -7.942619 166.089584 8.057837
v -7.842811 165.958664 8.242208
v -8.501686 170.248169 8.853537
v -8.585904 170.371429 8.051428
v -9.067346 170.034821 7.377813
v -9.560655 169.431046 6.641272
v -9.834851 168.531296 6.180410
v -9.894368 167.418640 6.048635
v -9.788303 166.424362 6.173773
v -9.519727 165.557816 6.440908
v -9.093208 164.848221 6.775763
v -8.723731 164.303665 7.096014
v -8.412847 164.635406 7.055700
v -8.063531 164.213318 7.316366
v -8.016161 165.118057 7.168921
v -7.697244 164.702911 7.389639
v -8.746939 165.133194 6.788610
v -8.296882 165.525543 6.904791
v -9.111988 165.766647 6.487585
v -8.540117 166.049850 6.663778
v -9.361640 166.510117 6.252615
v -8.737726 166.683167 6.465170
v -9.474978 167.398209 6.123617
v -8.853284 167.460388 6.364218
v -9.406112 168.376617 6.237112
v -8.834739 168.286484 6.487432
v -9.167768 169.246704 6.636419
v -8.708993 169.088165 6.878500
v -8.873267 169.823975 7.164160
v -8.508375 169.983719 7.272314
v -8.589855 171.277023 7.767416
v -8.495053 171.193649 6.153433
v -8.495485 171.030640 8.923391
v -8.244011 169.870132 5.442205
v -8.306852 169.307556 6.645178
v -8.208832 168.527298 6.202871
v -7.997095 168.794739 5.098623
v -8.049185 167.709396 6.051733
v -7.832380 166.938690 6.154989
v -7.728461 167.807419 5.038855
v -7.399853 166.912964 5.253958
v -7.610855 166.276764 6.418875
v -7.066254 166.142029 5.669806
v -7.412169 164.431747 7.596838
v -7.690593 163.865753 7.630316
v -6.918317 164.510834 7.477560
v -6.798025 164.178772 7.702307
v -7.051090 164.854721 7.242346
v -7.262144 165.279724 6.994223
v -7.407861 165.720779 6.724066
v -6.814312 165.534836 6.124487
v -6.655288 165.105301 6.472860
v -6.511890 164.586426 6.938208
v -6.459348 164.166443 7.362738
v -7.191822 163.844879 7.946676
v -6.782580 163.800491 8.076040
v -6.415294 163.507675 7.942723
v -7.131756 164.228882 7.798056
v -8.533308 169.277725 9.351416
v -8.386317 169.613022 9.573492
v -8.273886 170.191330 10.179968
v -8.111488 168.819397 10.573126
v -8.108144 167.658524 10.505148
v -8.067366 166.825165 10.604254
v -8.005595 166.180771 10.618979
v -7.898258 165.579590 10.570135
v -7.783257 164.980392 10.496344
v -7.611292 164.334808 10.467688
v -7.454328 163.472382 10.426015
v -7.354008 167.819397 14.239660
v -7.336313 166.833374 14.118521
v -7.707128 167.752731 12.997976
v -7.681865 166.772034 12.886236
v -7.947658 167.703964 11.663794
v -7.940952 166.808563 11.651983
v -0.555883 157.655167 17.632252
v -0.703978 156.882111 17.465305
v -0.776493 156.074295 16.952000
v -0.769180 155.573151 16.050175
v -0.760384 155.605850 14.940129
v -1.192562 155.968460 13.711202
v -0.918913 156.113190 11.951619
v -2.512041 156.543259 13.045644
v -2.064165 156.504669 11.569478
v -3.754104 157.355316 12.277196
v -3.022902 157.096069 10.958608
v -4.731987 158.258987 11.256474
v -3.950700 157.810486 10.322774
v -5.571219 159.133911 10.485295
v -4.729845 158.490479 9.651372
v -6.209423 160.330490 9.438268
v -5.335786 159.387283 8.849309
v -6.372110 161.906967 8.673924
v -5.660886 160.511719 8.057546
v -6.012199 162.861557 7.707677
v -5.649159 161.722946 7.244222
v -6.043221 163.956818 6.775686
v -5.573693 162.807800 6.262868
v -6.158737 164.970566 5.481176
v -5.408675 163.701431 5.005880
v -5.662594 165.573639 3.661779
v -4.925046 164.316528 3.659674
v -4.385361 165.878967 2.046972
v -3.975205 164.713058 2.436483
v -2.965629 166.049789 1.071295
v -2.670801 164.828400 1.621939
v -1.438295 166.150665 0.508108
v -1.269973 164.866714 1.203711
v -1.492214 148.556625 9.703725
v -2.640364 149.768204 9.057469
v -3.589968 150.469009 8.475545
v -4.259622 151.252625 7.779546
v -4.852989 151.947388 7.008718
v -5.398662 152.599106 6.176824
v -5.765909 153.368805 5.278249
v -5.817443 154.039932 4.350255
v -5.667469 154.594223 3.381215
v -5.260182 154.985657 2.373494
v -4.591078 155.237122 1.399022
v -3.617927 155.441879 0.661641
v -2.405222 155.432953 0.249471
v -1.102785 155.233459 0.160649
v -1.098610 162.359329 1.714269
v -2.363272 162.329544 1.985600
v -3.505589 162.197769 2.561391
v -4.454389 161.940582 3.422750
v -5.064760 161.422104 4.495732
v -5.319108 160.689224 5.555943
v -5.370378 159.811234 6.532048
v -5.296089 158.845505 7.412786
v -4.997533 157.873398 8.208455
v -4.489090 156.998260 8.948201
v -3.810259 156.238327 9.616857
v -2.895494 155.655579 10.213155
v -1.911238 155.145142 10.614156
v -0.891499 154.702332 11.026464
v -1.007296 157.361984 0.984044
v -2.248847 157.503281 1.108495
v -3.369417 157.492065 1.522389
v -4.298636 157.277100 2.256780
v -4.949607 156.923752 3.136449
v -5.288923 156.424271 4.074956
v -5.386522 155.829483 5.006932
v -5.285448 155.089249 5.881948
v -4.932163 154.346771 6.730641
v -4.474262 153.573837 7.552236
v -3.899639 152.769821 8.318761
v -3.190563 152.053253 8.998296
v -2.241136 151.375397 9.374318
v -1.135646 150.876831 9.277440
v -0.991146 159.705139 1.597920
v -2.220183 159.758835 1.795171
v -3.333956 159.699539 2.275441
v -4.253244 159.479843 2.992497
v -4.891414 159.058563 3.876729
v -5.209403 158.490005 4.863042
v -5.284682 157.767670 5.766759
v -5.172405 156.948303 6.637578
v -4.867371 156.100433 7.434773
v -4.420228 155.309662 8.237660
v -3.803336 154.537964 9.015691
v -3.021073 153.803223 9.608541
v -2.028677 153.254028 9.922063
v -0.971538 152.876984 10.007314
v -1.095551 157.686188 17.524265
v -1.574214 157.778290 17.325123
v -2.008061 157.950699 17.086140
v -2.440625 158.249481 16.820515
v -2.944195 158.609985 16.521381
v -3.463045 159.055618 16.281651
v -3.889406 159.658676 16.229008
v -4.142285 160.447998 16.337559
v -4.161113 161.500732 16.570423
v -3.624650 161.942062 17.099308
v -3.023427 162.202209 17.611530
v -2.453523 162.379623 18.100437
v -1.952056 162.491959 18.489063
v -1.620687 162.554825 18.738773
v -2.460939 162.974304 18.060154
v -2.542259 163.525818 18.007725
v -3.100910 163.511688 17.745518
v -3.031252 162.867432 17.678028
v -3.644656 162.719467 17.253574
v -3.715615 163.479355 17.403873
v -3.735328 164.206848 17.471075
v -3.669726 164.859222 17.454840
v -4.332444 164.972443 17.165319
v -4.361772 164.264938 17.100836
v -4.335197 163.458786 17.007374
v -4.256767 162.570175 16.802082
v -5.022970 165.158310 16.898321
v -4.999805 164.376678 16.733068
v -4.955895 163.466995 16.567204
v -4.864995 162.517136 16.290012
v -4.730496 161.541290 15.949605
v -4.531331 160.509033 15.720708
v -4.185211 159.534882 15.670720
v -3.684814 158.707275 15.812093
v -3.166663 158.063126 16.090046
v -2.701957 157.586563 16.388432
v -2.320387 157.256454 16.694141
v -1.903036 157.027832 16.986820
v -1.370871 156.903076 17.275105
v -1.497290 156.141556 16.657887
v -2.048687 156.350311 16.362949
v -2.507155 156.645981 16.080601
v -2.938259 157.038849 15.782735
v -3.449269 157.601517 15.454106
v -3.988595 158.347641 15.148885
v -4.490517 159.349030 14.936986
v -4.923162 160.480026 14.971929
v -5.249753 161.545227 15.240438
v -5.433254 162.523270 15.630971
v -5.527162 163.534409 15.992528
v -5.646913 164.521210 16.318853
v -5.647244 165.381989 16.499685
v -1.425566 155.727737 15.757344
v -1.978283 155.973709 15.487996
v -2.505949 156.299805 15.202245
v -3.052519 156.716385 14.888509
v -3.678268 157.274353 14.516820
v -4.323362 158.019501 14.114232
v -4.884699 159.177719 13.827992
v -5.426329 160.461014 13.996358
v -5.819646 161.583008 14.348180
v -5.995302 162.608734 14.777028
v -6.111914 163.633667 15.248587
v -6.245539 164.655655 15.654257
v -6.232911 165.607635 15.896536
v -1.297161 155.728226 14.796254
v -1.794290 155.938995 14.532735
v -2.425630 156.255157 14.225575
v -3.021090 156.620087 13.909673
v -3.740863 157.145142 13.473760
v -4.427074 157.779266 13.000569
v -5.477290 159.047272 12.099492
v -6.127655 160.610413 12.858739
v -6.446426 161.816254 13.366979
v -6.604677 162.846970 13.757939
v -6.694232 163.808746 14.250067
v -6.771593 164.775085 14.691183
v -6.815361 165.775879 15.021215
v -7.173073 162.447067 9.808232
v -6.899683 161.063934 10.220677
v -6.392149 160.051651 11.029241
v -6.787642 161.123550 11.797292
v -7.406941 163.531723 11.123891
v -7.529900 164.186752 11.207876
v -7.654687 164.710938 11.287085
v -7.758931 165.339691 11.462637
v -7.845397 166.038818 11.602026
v -7.297359 165.837952 13.908972
v -7.623278 165.914169 12.751455
v -7.207634 164.923615 13.596334
v -7.525109 165.100510 12.493002
v -7.449667 164.276749 12.030462
v -7.128994 164.036972 13.176596
v -7.042712 163.142273 12.788182
v -7.267471 163.395721 11.879949
v -6.919771 162.225525 12.402959
v -7.214053 162.602509 11.536931
v -7.177617 161.804886 11.003652
v -7.364557 162.963562 10.910466
v -7.308137 162.402222 10.577062
v -7.905231 168.844177 11.730581
v -7.641740 168.890915 13.119482
v -7.349752 168.856232 14.466345
v -7.985839 170.280243 11.773077
v -7.610096 170.169907 13.385748
v -7.276890 169.949066 14.814947
v -0.894578 170.897354 19.220663
v -0.937737 172.192215 19.123205
v -0.945045 173.631470 18.932211
v -0.969834 174.954788 18.549109
v -1.019138 176.041656 18.027060
v -1.110250 177.062195 17.322531
v -1.204473 178.051865 16.384527
v -1.295870 178.835327 15.302252
v -1.368964 179.470825 14.175924
v -1.425900 179.981186 13.053656
v -1.453401 180.400024 11.908773
v -1.506150 180.722397 10.739126
v -1.576785 180.911682 9.566290
v -1.567686 180.963242 8.368979
v -0.000059 181.001480 7.204123
v -1.560005 180.880112 7.180166
v 0.000019 180.818314 5.999075
v -1.548933 180.680222 5.963842
v -1.343525 179.964584 3.596884
v -1.645604 167.265472 -0.171122
v -1.771046 168.526978 -0.642374
v -1.884761 169.904541 -0.871103
v -1.947327 171.316620 -0.929941
v -1.973814 172.795013 -0.846491
v -1.966055 174.303940 -0.615854
v -1.916934 175.774750 -0.186121
v -1.792695 177.119247 0.454214
v -1.631910 178.317261 1.373709
v -1.457816 179.261429 2.457602
v -8.496926 172.526627 9.070532
v -8.592206 172.870377 7.643850
v -8.325176 174.229111 9.224020
v -8.395599 174.529572 7.705496
v -7.880982 175.869446 9.351110
v -7.872084 176.188721 7.845846
v -7.095994 177.353775 9.508291
v -7.011719 177.629150 8.040136
v -6.003927 178.605423 9.598959
v -5.911128 178.839142 8.202398
v -4.669069 179.663177 9.623892
v -4.623466 179.828827 8.329382
v -3.151064 180.471222 9.605764
v -3.185091 180.549805 8.366247
v -3.268784 167.095901 0.483053
v -4.762909 166.904312 1.494116
v -6.043353 166.756393 2.782843
v -6.527703 165.870941 4.688955
v -6.894379 166.772003 4.065969
v -7.269415 167.858826 3.687170
v -6.383848 167.952438 2.283590
v -5.110769 168.102768 1.028692
v -3.502191 168.329254 -0.000971
v -7.570582 169.025208 3.614157
v -6.668953 169.281784 2.080297
v -5.359383 169.476410 0.769720
v -3.707142 169.682602 -0.249842
v -7.803816 170.297318 3.747992
v -6.882129 170.655563 2.117529
v -5.542082 170.924713 0.733496
v -3.841727 171.137604 -0.315454
v -3.897742 172.662918 -0.218454
v -5.593503 172.499969 0.842016
v -7.001822 172.158051 2.315329
v -7.976724 171.784241 4.072973
v -3.849154 174.258621 0.042990
v -5.541951 174.059631 1.122793
v -6.873558 173.828339 2.523611
v -7.883307 173.462433 4.203482
v -8.464453 173.107269 6.023993
v -3.694182 175.752045 0.453543
v -5.318682 175.631653 1.514853
v -6.615776 175.431305 2.878180
v -7.580858 175.146393 4.435766
v -8.176474 174.860977 6.114752
v -3.442457 177.163696 1.100805
v -4.931491 177.074829 2.055944
v -6.120553 176.910980 3.292181
v -7.019332 176.696854 4.770498
v -7.617617 176.444504 6.334600
v -3.101628 178.342102 1.946386
v -4.395679 178.279785 2.774343
v -5.448742 178.180023 3.860373
v -6.240349 178.039642 5.166815
v -6.757957 177.836151 6.585028
v -2.704499 179.216156 2.884069
v -3.766143 179.166260 3.555029
v -4.635294 179.116379 4.423040
v -5.294749 179.084229 5.554815
v -5.699483 178.997070 6.847601
v -2.278813 179.866043 3.833609
v -3.189938 179.755585 4.255743
v -3.787553 179.747910 4.852880
v -4.189845 179.849884 5.835714
v -4.465160 179.898224 7.042242
v -3.064612 180.519150 7.101019
v -1.643625 180.315475 4.634558
v -2.908561 180.094635 4.920401
v -2.937565 180.357468 5.945318
v -3.121886 180.240707 10.841528
v -3.030648 179.903824 12.069677
v -2.902828 179.493530 13.234686
v -2.764594 178.983139 14.398794
v -2.594168 178.362122 15.485754
v -2.387237 177.595871 16.493170
v -2.258491 176.590271 17.370291
v -1.907990 175.863373 17.956549
v -1.877418 174.897858 18.402487
v -1.870817 173.675842 18.726248
v -1.877759 172.302994 18.975149
v -1.922596 170.980972 19.206884
v -2.932083 171.430756 18.899481
v -3.818249 171.712814 18.485540
v -4.660631 171.947845 17.973577
v -5.484005 172.077637 17.325140
v -6.200454 171.883331 16.542730
v -6.939711 171.385788 15.367147
v -7.602852 171.738083 13.550482
v -8.011224 171.887192 11.947454
v -8.293375 172.095352 10.457708
v -8.134602 173.871811 10.672400
v -7.848668 173.604340 12.130362
v -7.430556 173.404022 13.575079
v -6.877160 173.193665 14.989416
v -6.182156 173.199432 16.139791
v -5.419636 173.248428 17.009878
v -4.595765 173.095779 17.686834
v -3.734099 172.843750 18.239477
v -2.816386 172.564484 18.655050
v -7.734381 175.520676 10.806494
v -7.459149 175.206726 12.194876
v -7.060811 174.917664 13.565939
v -6.563208 174.697281 14.792471
v -5.958568 174.532013 15.895239
v -5.227917 174.400299 16.787970
v -4.447277 174.223816 17.461386
v -3.607459 173.997482 18.007315
v -2.757852 173.777878 18.416296
v -7.028211 177.020020 10.899679
v -6.794740 176.692245 12.227011
v -6.443656 176.331467 13.492239
v -6.023093 176.022766 14.659002
v -5.468045 175.721817 15.749807
v -4.825239 175.436996 16.629095
v -4.146729 175.194351 17.280767
v -3.435304 175.028259 17.747183
v -2.683329 174.920334 18.120672
v -5.962157 178.322906 10.923910
v -5.770081 177.995346 12.225821
v -5.515239 177.613800 13.424170
v -5.158421 177.223633 14.587927
v -4.723579 176.810455 15.656881
v -4.212078 176.341339 16.520437
v -3.726373 175.945480 17.135656
v -3.232181 175.804260 17.494558
v -2.564445 175.802261 17.779821
v -4.619118 179.416397 10.902380
v -4.509460 179.078323 12.156988
v -4.298505 178.696365 13.343008
v -4.055663 178.215973 14.528326
v -3.729507 177.686386 15.595129
v -3.422019 177.046890 16.494040
v -3.178944 176.382660 17.149359
v -1.446992 145.850250 10.673100
v -1.473773 143.521927 12.172948
v -1.439501 141.370224 13.627918
v -1.507124 139.172501 14.916187
v -1.463065 137.132904 15.899036
v -1.613965 134.541687 16.834431
v -1.280424 131.756989 16.701061
v -1.277128 129.208649 16.637241
v -1.347565 126.486633 16.928921
v -1.462338 123.144463 17.170773
v -2.111867 100.293396 15.058742
v -1.450694 150.205811 -2.514766
v -1.496681 148.497238 -3.421870
v -1.516384 146.401703 -4.340983
v -1.453817 144.072205 -5.078563
v -1.424326 141.588379 -5.433514
v -1.420697 138.949951 -5.501293
v -1.484023 136.310806 -5.274197
v -1.570964 133.607742 -4.763012
v -1.563142 130.888184 -4.038082
v -1.516444 128.371231 -3.231792
v -1.456477 125.855278 -2.321026
v -1.450692 108.588730 -2.442204
v -13.477904 141.123672 7.417942
v -13.465720 138.654892 7.139179
v -22.596090 135.400299 5.728138
v -21.651924 134.142090 5.945347
v -20.824821 132.944061 5.430988
v -13.594450 136.592316 5.690968
v -20.307642 131.992630 4.337070
v -14.329409 135.433731 4.203449
v -20.056719 131.438217 2.934544
v -14.876845 134.668945 2.889164
v -20.045071 131.163361 1.423374
v -15.054757 134.414474 1.364460
v -20.251209 131.215561 -0.134319
v -14.876846 134.883820 -0.220577
v -20.725204 131.539017 -1.605297
v -14.527790 135.926727 -1.480114
v -21.505213 132.280777 -2.857265
v -13.687784 137.322189 -2.927181
v -13.215093 144.692123 6.865956
v -23.548599 136.481140 4.899158
v -14.103934 146.766449 4.985555
v -24.404568 137.378281 3.609669
v -22.514254 133.432220 -3.597851
v -13.256139 139.671066 -4.040493
v -23.494240 134.873138 -3.655453
v -13.342470 142.138901 -4.371165
v -24.420818 136.279877 -2.952190
v -13.836171 144.656937 -3.830104
v -25.045101 137.318939 -1.617962
v -14.201023 146.757965 -2.132197
v -25.249819 137.876251 0.150455
v -14.540554 147.880188 0.302785
v -25.040491 137.922714 2.008457
v -14.512444 147.839691 2.774114
v -24.892403 129.759552 -2.537853
v -24.175461 128.954224 -1.356052
v -23.639853 128.574661 0.031239
v -23.402960 128.514450 1.539135
v -23.407885 128.782578 3.058544
v -23.736107 129.244125 4.499973
v -24.331011 130.134567 5.641590
v -25.245308 131.313660 6.175053
v -26.237787 132.583817 5.876072
v -27.214371 133.635635 4.962788
v -28.016912 134.458466 3.645512
v -28.595921 134.917709 2.011127
v -28.756493 134.891373 0.231647
v -28.506340 134.352524 -1.451794
v -27.826008 133.361389 -2.700893
v -26.875879 132.084808 -3.322445
v -25.833620 130.813873 -3.245861
v -33.145023 123.291550 -1.966564
v -32.346504 122.565094 -0.740513
v -31.800034 122.251633 0.760380
v -31.680134 122.346649 2.269093
v -31.904860 122.843567 3.559727
v -32.320381 123.610817 4.586636
v -32.994049 124.364952 5.325550
v -33.753662 125.336571 5.600277
v -34.572792 126.253204 5.281384
v -35.312263 126.997505 4.576420
v -35.879433 127.621025 3.604275
v -36.341396 127.936607 2.404224
v -36.593765 127.933289 1.085682
v -36.462940 127.540833 -0.244732
v -35.932903 126.715553 -1.394939
v -35.189026 125.635818 -2.265751
v -34.173977 124.414551 -2.597301
v -35.863190 123.779175 5.349911
v -36.601685 124.616119 5.086926
v -37.298210 125.395485 4.652004
v -37.976330 126.032532 3.861706
v -38.530899 126.445480 2.760815
v -38.833298 126.566406 1.405224
v -38.829506 126.138290 -0.038357
v -38.355846 125.184273 -1.275593
v -37.564537 123.924019 -2.189022
v -36.474705 122.538879 -2.460918
v -35.333549 121.338478 -1.746868
v -34.403778 120.589775 -0.368473
v -33.862438 120.316628 1.192112
v -33.721001 120.507355 2.767788
v -33.975452 121.149094 4.006039
v -34.552250 122.005844 4.766766
v -35.201981 122.862320 5.216732
v -40.155857 120.693558 6.900921
v -40.874790 121.669304 6.881702
v -41.725014 122.562767 6.492420
v -42.499393 123.206467 5.593464
v -43.156929 123.474289 4.330769
v -43.507290 123.364731 2.854809
v -43.521091 122.729973 1.382931
v -43.053822 121.664452 0.164616
v -42.223461 120.356339 -0.470890
v -41.175106 119.048698 -0.470014
v -40.108025 117.925629 0.170047
v -39.215919 117.215332 1.328952
v -38.583088 116.953659 2.766582
v -38.320675 117.209663 4.220981
v -38.448490 117.872086 5.458957
v -38.897682 118.780876 6.258830
v -39.499619 119.703590 6.668994
v -44.632141 117.396042 8.943851
v -45.419350 118.255333 8.969729
v -46.183456 119.121841 8.497195
v -47.033325 119.650650 7.634463
v -47.605659 119.813591 6.402598
v -47.896431 119.558784 5.025477
v -47.854538 118.907097 3.709758
v -47.465382 117.985748 2.641170
v -46.765884 116.857605 2.053599
v -45.851723 115.740494 2.059390
v -44.943104 114.834953 2.636607
v -44.194416 114.288521 3.665606
v -43.702187 114.212578 4.894076
v -43.545639 114.516670 6.117167
v -43.524845 115.036766 7.133220
v -43.740818 115.707458 7.979686
v -44.108105 116.486084 8.607280
v -46.935116 115.664314 9.920306
v -47.594570 116.479965 9.899554
v -48.364758 117.219719 9.442508
v -49.107880 117.756363 8.620807
v -49.708084 117.924194 7.491130
v -49.993542 117.709099 6.187755
v -49.920395 117.105072 4.945437
v -49.533371 116.279884 3.967387
v -48.894203 115.247726 3.422252
v -48.084419 114.273590 3.436450
v -47.283642 113.498505 4.022357
v -46.629234 113.061325 4.969531
v -46.219967 113.026001 6.079226
v -46.059612 113.274544 7.160884
v -46.009541 113.691116 8.103419
v -46.158100 114.228287 8.935252
v -46.439003 114.885628 9.565547
v -51.490376 112.262245 11.850421
v -51.982246 113.002731 11.963016
v -52.688053 113.692238 11.620692
v -53.405354 114.027496 10.962497
v -53.959129 114.119446 9.993602
v -54.201328 114.057480 8.669620
v -54.137249 113.655090 7.468745
v -53.801907 112.971054 6.602435
v -53.170071 112.119934 6.132701
v -52.466167 111.390694 6.195651
v -51.906845 110.872917 6.762462
v -51.481712 110.630234 7.597590
v -51.221184 110.678711 8.476520
v -51.128567 110.843880 9.376391
v -51.101696 111.061981 10.223208
v -51.102692 111.329071 10.869853
v -51.228924 111.698273 11.421748
v -31.277700 130.463654 4.993549
v -30.409676 129.489014 5.896687
v -29.441917 128.334366 6.179417
v -28.522663 127.243881 5.675365
v -27.880360 126.416489 4.593288
v -27.483278 125.866074 3.243778
v -27.391197 125.555481 1.764484
v -27.623915 125.606720 0.309551
v -28.146475 126.045609 -1.020924
v -28.931318 126.808258 -2.076397
v -29.862341 127.831245 -2.658047
v -30.841116 128.949265 -2.636662
v -31.686537 130.034485 -1.963299
v -32.279659 130.886978 -0.807186
v -32.463566 131.383987 0.630451
v -32.394699 131.411728 2.189442
v -31.958714 131.130188 3.655521
v -43.959080 120.923744 7.526325
v -43.141098 120.034767 7.976200
v -42.373039 119.073166 7.966594
v -41.749817 118.119751 7.641093
v -41.256855 117.249054 7.069125
v -40.992989 116.419991 6.219539
v -40.907612 115.831314 5.081302
v -41.104515 115.533653 3.769992
v -41.670628 115.684868 2.421924
v -42.536594 116.320602 1.355914
v -43.550617 117.338646 0.757876
v -44.516357 118.568108 0.742290
v -45.281208 119.789719 1.348247
v -45.695061 120.795052 2.488819
v -45.714386 121.458496 3.877041
v -45.354488 121.703804 5.307095
v -44.735821 121.508347 6.606304
v -49.458565 115.021584 10.698932
v -48.849358 114.265610 10.700229
v -48.492348 113.522705 10.342586
v -48.250134 112.996719 9.717334
v -48.167343 112.563194 8.964648
v -48.193241 112.231255 8.092265
v -48.338051 112.033516 7.079371
v -48.679295 112.050682 6.066188
v -49.238621 112.400047 5.176829
v -49.937679 113.062210 4.616061
v -50.697212 113.943810 4.556056
v -51.282948 114.886360 5.080974
v -51.675323 115.633987 6.024478
v -51.725666 116.154762 7.229228
v -51.445618 116.319450 8.455989
v -50.891430 116.160561 9.519786
v -50.185528 115.710419 10.289874
v -38.729965 123.169937 5.793911
v -38.019821 122.244476 5.822025
v -37.343945 121.306786 5.720982
v -36.637062 120.351959 5.446522
v -36.071064 119.429314 4.714648
v -35.916012 118.695786 3.463252
v -36.140293 118.498764 1.917895
v -36.764332 118.823143 0.381228
v -37.706413 119.604874 -0.900563
v -38.817310 120.779198 -1.618946
v -39.888294 122.200653 -1.521099
v -40.739956 123.524765 -0.756199
v -41.241341 124.554832 0.478077
v -41.242466 125.086250 1.991184
v -40.830441 125.063789 3.438068
v -40.188686 124.689697 4.610683
v -39.488178 124.001930 5.419750
v -32.937519 127.336693 -2.334324
v -33.709328 128.405136 -1.621853
v -34.235943 129.214706 -0.509808
v -34.417427 129.645706 0.849697
v -34.264641 129.721161 2.282703
v -33.869907 129.423721 3.631802
v -33.283943 128.796738 4.798000
v -32.503841 127.879021 5.638371
v -31.623518 126.828255 5.935963
v -30.790951 125.804466 5.527637
v -30.142654 124.946518 4.588734
v -29.710121 124.334335 3.377224
v -29.544304 123.985794 1.968647
v -29.755604 123.971710 0.514591
v -30.262884 124.402199 -0.866520
v -31.065557 125.144547 -1.960804
v -32.002335 126.173721 -2.518948
v -28.823948 130.538666 -2.973827
v -29.727070 131.695145 -2.360714
v -30.340521 132.619080 -1.164486
v -30.573328 133.176315 0.423466
v -30.455887 133.233856 2.104267
v -29.955091 132.824219 3.678776
v -29.204250 132.116364 4.988438
v -28.280407 131.092758 5.955860
v -27.258198 129.849167 6.241566
v -26.340670 128.696213 5.707378
v -25.711035 127.853706 4.550846
v -25.386431 127.339699 3.118992
v -25.293707 127.087791 1.639042
v -25.572338 127.147163 0.136723
v -26.110085 127.584129 -1.197910
v -26.871378 128.323288 -2.248760
v -27.848568 129.339325 -2.924282
v -24.082308 132.195221 -3.475124
v -25.111650 133.504456 -3.548000
v -26.019022 134.883026 -2.896481
v -26.723705 135.919220 -1.602535
v -27.006445 136.423965 0.128925
v -26.786263 136.481232 1.971943
v -26.189514 135.923264 3.606098
v -25.364653 135.108200 4.901539
v -24.363049 134.003189 5.786427
v -23.353745 132.736328 6.070286
v -22.494392 131.567337 5.549290
v -21.912624 130.700195 4.414600
v -21.644808 130.186447 3.008091
v -21.619625 129.919571 1.465199
v -21.874409 129.927948 -0.054440
v -22.348629 130.295486 -1.541180
v -23.074995 131.069229 -2.738796
v -15.771793 145.670364 5.156697
v -15.247402 143.346863 6.668248
v -14.989497 140.495682 7.045811
v -14.824572 138.412399 6.488636
v -14.793084 136.748108 5.336857
v -15.099126 135.419754 4.156513
v -15.449184 134.555908 2.874165
v -15.620596 134.285965 1.361454
v -15.618403 134.697357 -0.240246
v -15.490909 135.687943 -1.610485
v -15.132694 136.916901 -2.985973
v -14.932154 138.692139 -4.236202
v -15.257969 141.210876 -4.587978
v -15.921050 143.974258 -3.897639
v -16.319349 146.013489 -2.197566
v -16.433073 147.067917 0.309056
v -16.233915 146.967499 2.884892
v -19.417648 140.001007 5.692738
v -18.611755 138.453827 6.056721
v -17.953667 136.927658 5.984303
v -17.407022 135.492142 5.390430
v -17.086134 134.345169 4.328846
v -16.940765 133.623108 2.925449
v -16.990620 133.392578 1.370350
v -17.141592 133.606628 -0.169567
v -17.452209 134.235001 -1.634411
v -18.003912 135.234802 -2.886517
v -18.731863 136.550110 -3.683819
v -19.623510 138.305786 -3.801662
v -20.547899 140.291428 -3.018368
v -21.097057 141.882034 -1.556224
v -21.236559 142.801331 0.482762
v -20.873356 142.700027 2.697545
v -20.194048 141.560852 4.589558
v -11.469893 140.231339 -4.195324
v -11.676817 137.787247 -3.958202
v -9.642666 140.455124 -4.730068
v -9.724996 137.988922 -4.652615
v -7.574138 140.725082 -5.090069
v -7.590370 138.168488 -5.036343
v -5.454156 141.032898 -5.115749
v -5.466020 138.419235 -5.105083
v -3.414298 141.273590 -5.273312
v -3.359371 138.724762 -5.384930
v -12.028374 139.737534 9.441761
v -11.780752 141.957687 8.674718
v -10.390326 140.695877 10.984409
v -10.101018 142.626602 9.881703
v -8.759563 141.208588 12.031086
v -8.444984 143.002609 10.777913
v -6.999198 141.479980 12.790394
v -6.736158 143.277573 11.381383
v -5.153672 141.600037 13.299183
v -5.034074 143.464508 11.799687
v -3.316914 141.539963 13.571262
v -3.225022 143.569046 12.092000
v -11.276804 144.482330 7.879842
v -9.654659 144.579666 8.817952
v -8.095144 144.742355 9.534093
v -6.463093 145.035233 10.051229
v -4.812499 145.269211 10.391484
v -3.125942 145.636627 10.646825
v -3.157906 147.690979 9.814382
v -4.687790 147.238388 9.401708
v -6.247539 146.812210 9.033620
v -7.727618 146.515076 8.551717
v -9.119428 146.374710 7.953389
v -10.486701 146.440277 7.130879
v -11.703730 146.962219 6.175344
v -12.439553 147.901855 4.632268
v -12.806672 148.738083 2.715779
v -12.585617 148.774643 0.499150
v -11.595170 147.627213 -1.828074
v -11.650043 145.097015 -3.649226
v -11.450596 142.650909 -4.267024
v -9.584693 142.930206 -4.477962
v -7.529337 143.211319 -4.758601
v -5.431060 143.486755 -4.831767
v -3.345039 143.800217 -4.959727
v -3.369385 146.146805 -4.335765
v -5.359796 145.783936 -4.180629
v -7.368005 145.540039 -3.950007
v -9.463423 145.284775 -3.734111
v -3.301144 148.264740 -3.498500
v -5.219037 147.964600 -3.309199
v -7.103979 147.697250 -3.012630
v -9.156125 147.573303 -2.586696
v -3.170668 150.126694 -2.539500
v -4.938244 149.952347 -2.278560
v -6.727097 149.656738 -1.856822
v -8.392707 149.401581 -1.407298
v -9.842365 149.504440 -0.500911
v -10.748422 149.801102 1.075658
v -11.061384 149.541016 2.836934
v -10.844294 148.820908 4.336415
v -10.413267 148.167480 5.605824
v -9.695574 147.907639 6.594579
v -8.658734 147.911209 7.266683
v -7.376779 148.063370 7.710515
v -6.042918 148.356506 8.095525
v -4.440184 148.975967 8.393071
v -3.318611 148.802429 9.017507
v -6.525748 152.999893 2.745015
v -6.737447 152.527039 3.847157
v -7.726759 151.720978 2.175069
v -7.982658 151.325073 3.409825
v -9.118646 150.717789 1.653676
v -9.407623 150.334885 3.059209
v -9.378778 149.682266 4.285954
v -8.002975 150.623840 4.493169
v -6.721743 151.780701 4.849111
v -9.171972 149.007538 5.323644
v -7.937098 149.780701 5.466802
v -6.432005 150.730423 5.943181
v -4.972918 150.023911 7.497869
v -5.843932 149.484833 7.197865
v -6.937760 149.194855 6.709859
v -8.145844 148.838852 6.312627
v -9.007778 148.570465 6.052281
v -5.469265 150.532532 6.837987
v -6.025986 153.275009 1.633840
v -5.256205 153.394470 0.530263
v -4.039144 153.596100 -0.265239
v -2.644230 153.604706 -0.665324
v -1.238609 153.365845 -0.726893
v -8.496944 150.686172 0.352025
v -7.149492 151.841080 0.952519
v -7.779576 150.511337 -0.525615
v -6.374242 151.464935 -0.438212
v -4.600894 151.761810 -1.242427
v -2.944108 151.910797 -1.569713
v -1.357287 151.839493 -1.560969
v -21.531416 140.275391 4.221149
v -20.637440 138.976791 5.247959
v -19.762630 137.580688 5.774754
v -19.018108 136.185654 5.872120
v -18.367161 134.836166 5.353733
v -17.923857 133.780167 4.307682
v -17.745201 133.095398 2.926105
v -17.732817 132.868759 1.362141
v -17.925047 133.021423 -0.169674
v -18.337257 133.497711 -1.650799
v -18.987099 134.393921 -2.897350
v -19.883944 135.733215 -3.603130
v -20.845110 137.299820 -3.554455
v -21.682272 138.867493 -2.813091
v -22.225237 140.209183 -1.374493
v -22.422190 141.043259 0.429585
v -22.205858 141.152756 2.499027
v -21.932156 137.871353 4.928822
v -21.070202 136.574356 5.672993
v -20.202957 135.255051 5.857471
v -19.450621 134.025482 5.349461
v -18.974545 133.004517 4.284977
v -18.760509 132.390594 2.901615
v -18.730547 132.154938 1.397541
v -18.919809 132.252060 -0.142437
v -19.412910 132.618225 -1.662975
v -20.149530 133.403091 -2.917507
v -21.097017 134.617844 -3.644527
v -22.091541 136.131973 -3.626278
v -22.951595 137.577667 -2.860607
v -23.486799 138.706680 -1.454189
v -23.707569 139.379913 0.329166
v -23.516907 139.510925 2.215916
v -22.860119 138.922745 3.841969
v -18.819553 142.960236 4.871465
v -18.133917 141.111267 6.122105
v -17.459385 139.282089 6.452579
v -16.948578 137.572113 6.153660
v -16.568052 135.994064 5.431034
v -16.373505 134.773697 4.304020
v -16.353888 134.007950 2.933796
v -16.430391 133.758453 1.351749
v -16.554707 134.038269 -0.176662
v -16.750206 134.795853 -1.598858
v -17.058331 135.845169 -2.923702
v -17.534105 137.203842 -3.957989
v -18.398417 139.271942 -4.233913
v -19.357040 141.729050 -3.402142
v -19.832102 143.565033 -1.817058
v -19.880148 144.542145 0.431142
v -19.431847 144.319351 2.842565
v -17.359789 144.439026 5.073750
v -16.793337 142.171448 6.457082
v -16.324701 139.931335 6.795887
v -15.920691 138.088287 6.323689
v -15.732546 136.394791 5.403294
v -15.750141 135.113373 4.250736
v -15.905079 134.270203 2.892841
v -16.024519 134.017548 1.358494
v -16.103563 134.369003 -0.207104
v -16.146570 135.244141 -1.582775
v -16.147938 136.360718 -2.965008
v -16.316145 137.888611 -4.197369
v -16.966352 140.202499 -4.552898
v -17.856247 142.985840 -3.744716
v -18.222174 144.974426 -2.055018
v -18.266485 146.031723 0.340764
v -17.915798 145.857483 2.912389
v -12.553410 135.264862 7.697224
v -12.448196 136.993668 9.030811
v -11.998905 133.007568 9.396366
v -12.037852 134.912048 10.796818
v -11.415071 130.788788 10.909412
v -11.849252 132.718765 12.473209
v -10.555896 129.010818 12.450748
v -11.294588 131.047241 14.109104
v -9.405616 128.097397 14.033146
v -10.261918 130.132034 15.646328
v -7.932994 127.796692 15.452648
v -8.831244 129.848465 16.971081
v -6.092921 128.087387 16.537159
v -7.045535 130.170502 17.981319
v -4.226736 128.998489 17.091618
v -5.113388 131.109985 18.456387
v -2.632765 130.526535 17.177456
v -3.361502 132.643326 18.168507
v -2.471273 128.330948 16.823833
v -3.934330 127.242798 16.820522
v -5.723304 126.470520 16.362881
v -7.640480 126.116768 15.350620
v -9.402082 126.252022 13.852283
v -11.004852 127.216263 11.715549
v -11.545190 129.505066 10.425297
v -12.376190 131.004852 8.775318
v -12.716508 133.566086 7.438129
v -13.366153 133.967682 6.223133
v -14.102507 133.598526 4.751698
v -14.631997 133.098801 3.153446
v -14.732568 132.892700 1.590199
v -14.495020 133.235275 0.086414
v -13.962206 133.993271 -1.313381
v -12.971634 134.625366 -2.561062
v -11.383216 134.978699 -3.607876
v -9.499342 135.245148 -4.314083
v -7.519191 135.495605 -4.684643
v -5.420496 135.770294 -4.929226
v -3.399795 136.020813 -5.240520
v -3.401320 133.340179 -4.771496
v -5.330504 133.060043 -4.471798
v -7.280641 132.801712 -4.064419
v -9.196199 132.508911 -3.646420
v -10.872194 132.159653 -2.987148
v -12.302795 131.814941 -2.010983
v -13.338675 131.409454 -0.817181
v -13.985106 130.967422 0.539219
v -14.317332 130.646408 2.021854
v -14.345904 130.658539 3.575382
v -14.035284 130.919327 5.363163
v -13.361398 131.042435 7.040653
v -13.200598 127.940582 7.671940
v -12.317565 127.589424 9.630772
v -13.663533 128.100143 5.812305
v -13.766726 128.151016 4.084187
v -13.637042 128.201492 2.491016
v -13.271474 128.461014 1.040363
v -12.568275 128.714386 -0.240170
v -11.565045 129.094894 -1.368938
v -10.278701 129.453903 -2.258587
v -8.739137 129.804230 -2.913311
v -7.004364 130.073288 -3.352108
v -5.172824 130.381378 -3.763134
v -3.319624 130.656219 -4.035381
v -2.757389 125.665154 17.095669
v -4.343698 124.773071 16.939808
v -6.036413 124.255096 16.283871
v -7.870331 123.958633 15.222767
v -9.619044 124.011292 13.753025
v -11.075724 124.364517 11.941570
v -12.096599 124.666977 9.947231
v -12.688547 125.018883 8.000683
v -12.921243 125.243919 6.184872
v -12.879208 125.482643 4.508907
v -12.732667 125.696030 3.015484
v -12.386422 125.862389 1.614498
v -11.755046 126.127716 0.416172
v -10.821692 126.521347 -0.648609
v -9.593233 126.768707 -1.466038
v -8.170876 127.113922 -2.113712
v -6.611074 127.430527 -2.585064
v -4.915407 127.749733 -2.951115
v -3.178804 128.070724 -3.200146
v -3.008757 122.743408 17.118473
v -4.633524 122.089027 16.677677
v -6.275774 121.681709 15.811253
v -7.919719 121.463005 14.691059
v -9.510091 121.498741 13.358776
v -10.866430 121.655525 11.750027
v -11.718396 121.973198 9.955311
v -12.081271 122.270157 8.115536
v -12.176732 122.599472 6.385792
v -12.056234 122.876389 4.852848
v -11.830458 123.200706 3.465611
v -11.445890 123.426109 2.185390
v -10.860417 123.689041 1.071522
v -10.011103 123.972176 0.125713
v -8.905388 124.338936 -0.682873
v -7.632788 124.695129 -1.315983
v -6.204041 124.974350 -1.780094
v -4.647548 125.277298 -2.124187
v -3.028096 125.570450 -2.320210
v -3.273314 108.554436 -2.527768
v -5.120896 108.585533 -2.479527
v -6.717221 108.518860 -2.213834
v -8.021366 108.348816 -1.799344
v -9.290865 108.236168 -1.246579
v -10.422601 107.943306 -0.541844
v -11.397115 107.479149 0.336955
v -12.012237 107.077675 1.282977
v -12.396805 106.746933 2.352984
v -12.717845 106.210236 3.513392
v -12.989312 105.501663 5.005534
v -13.137034 104.749115 6.469943
v -13.166990 103.982079 7.928309
v -12.895564 103.136757 9.791507
v -12.143002 102.193863 11.797069
v -10.915210 101.355408 13.443767
v -9.023927 100.821815 14.567668
v -6.740693 100.570648 14.926341
v -4.348720 100.406555 15.004306
v -1.957431 104.328743 15.633288
v -4.082239 104.405952 15.623385
v -6.230141 104.632462 15.359660
v -8.270454 104.875854 14.791705
v -10.055838 105.322479 13.760165
v -11.321508 105.897194 12.203334
v -12.029785 106.478615 10.389628
v -12.261170 107.040421 8.549762
v -12.229713 107.607895 6.947200
v -12.091850 108.288467 5.460399
v -11.817357 108.861435 4.129367
v -11.393364 109.335228 3.019870
v -10.884313 109.718880 2.079684
v -10.219542 110.085823 1.256968
v -9.372633 110.427734 0.532603
v -8.383111 110.680931 -0.092214
v -7.236019 110.925331 -0.625806
v -5.957630 111.152641 -1.024472
v -4.524976 111.321991 -1.284192
v -2.966951 111.388153 -1.287404
v -1.360526 111.365059 -1.056569
v -1.771057 109.293388 16.133930
v -3.750193 109.335327 16.169468
v -5.698689 109.430458 15.804034
v -7.521571 109.520462 15.001964
v -9.134553 109.720581 13.868785
v -10.399323 110.103233 12.438197
v -11.143103 110.576355 10.810313
v -11.469034 111.049500 9.107387
v -11.506478 111.544571 7.463473
v -11.315125 112.076859 6.013095
v -10.967328 112.570343 4.738109
v -10.566982 112.980103 3.680583
v -10.057266 113.332108 2.768855
v -9.460521 113.676849 1.962687
v -8.702601 113.994049 1.256495
v -7.800529 114.254089 0.640101
v -6.731730 114.518661 0.152797
v -5.502247 114.760262 -0.166364
v -4.176422 114.949081 -0.300183
v -2.768130 115.092346 -0.212987
v -1.303440 115.207703 0.145663
v -1.674648 114.608498 16.705288
v -3.474253 114.492744 16.592327
v -5.311055 114.238007 16.120312
v -6.980085 114.099533 15.247355
v -8.501913 114.140640 14.057994
v -9.674857 114.428917 12.640727
v -10.476206 114.720299 11.061877
v -10.935064 115.037567 9.454860
v -11.104381 115.413719 7.879519
v -10.983106 115.814980 6.420779
v -10.696367 116.228264 5.168902
v -10.314008 116.674019 4.072520
v -9.847181 117.032028 3.103671
v -9.258389 117.326843 2.249949
v -8.543287 117.633797 1.535686
v -7.647357 117.976837 0.915301
v -6.597882 118.331650 0.442660
v -5.402528 118.623795 0.115596
v -4.112264 118.845360 -0.093816
v -2.721371 119.014206 -0.140866
v -1.301545 119.100922 0.051585
v -1.531861 120.084656 17.167072
v -3.205199 119.823677 16.979694
v -4.840893 119.419640 16.402607
v -6.461612 119.072685 15.467937
v -7.980077 118.917336 14.281108
v -9.372639 118.978737 12.946048
v -10.598075 119.189072 11.435733
v -11.367283 119.446739 9.803500
v -11.641889 119.737663 8.120875
v -11.625618 120.088142 6.506718
v -11.463490 120.491463 5.069584
v -11.158217 120.826393 3.792217
v -10.719901 121.140892 2.633419
v -10.121290 121.422104 1.660412
v -9.273897 121.732727 0.797932
v -8.303359 122.098541 0.097607
v -7.146364 122.451004 -0.488392
v -5.839035 122.748184 -0.952236
v -4.402354 122.992287 -1.283825
v -2.890239 123.212769 -1.417057
v -1.413156 123.388412 -1.359592
v -3.385352 139.566177 14.970387
v -3.435922 137.696625 16.237720
v -3.754275 135.942322 17.464710
v -4.716294 134.347778 18.475262
v -6.058856 133.124207 18.854923
v -7.609271 132.344147 18.591236
v -9.174524 132.038651 17.800343
v -10.432156 132.212463 16.711658
v -11.305133 133.002838 15.418751
v -11.678706 134.367432 13.971363
v -11.708206 136.189514 12.420429
v -11.773202 138.078415 10.841755
v -5.301488 139.789902 14.720341
v -5.468959 138.040054 16.111515
v -5.643445 136.472336 17.302479
v -6.007473 135.250854 18.106724
v -6.780103 134.440201 18.425396
v -7.894538 133.946930 18.243206
v -9.072869 133.665192 17.684498
v -10.027139 133.715759 16.946697
v -10.586109 134.328033 16.101658
v -10.727787 135.510513 15.138248
v -10.667283 137.124725 13.799595
v -10.536387 138.852921 12.349461
v -7.202838 139.725952 14.204975
v -7.357140 138.030914 15.595478
v -7.434094 136.223694 16.999897
v -6.856093 135.531952 17.772076
v -7.168445 135.068878 17.979496
v -7.912738 135.044876 17.660297
v -9.010214 134.817795 17.205982
v -9.674562 134.542374 16.898739
v -9.920633 134.923477 16.482883
v -9.322701 135.872467 16.232594
v -9.128222 137.702057 14.842365
v -8.975704 139.437363 13.413334
v -1.599562 117.287758 16.980679
v -3.349219 117.055206 16.809498
v -5.075484 116.764549 16.239529
v -6.718378 116.526154 15.335322
v -8.205362 116.474762 14.147822
v -9.424280 116.602402 12.725513
v -10.378224 116.886978 11.256900
v -11.052472 117.149063 9.635127
v -11.311272 117.417526 8.030345
v -11.246838 117.806732 6.505649
v -11.015610 118.255524 5.177974
v -10.656144 118.633415 3.987803
v -10.185961 119.009949 2.953891
v -9.577331 119.312515 2.068988
v -8.786162 119.637047 1.315997
v -7.862077 119.988716 0.689181
v -6.762591 120.326210 0.176273
v -5.537334 120.635719 -0.203800
v -4.210550 120.873360 -0.484432
v -2.783007 121.059578 -0.606510
v -1.340372 121.151451 -0.508968
v -1.716163 111.894615 16.398212
v -3.624796 111.862961 16.367413
v -5.493699 111.785446 15.956813
v -7.213188 111.823921 15.138171
v -8.821010 111.941399 13.971141
v -10.053571 112.231461 12.567058
v -10.808866 112.603996 10.954295
v -11.123386 112.997223 9.271007
v -11.197245 113.457176 7.681026
v -11.018879 113.914421 6.239230
v -10.696395 114.370216 5.020030
v -10.287191 114.770729 3.963336
v -9.815441 115.142784 3.022510
v -9.250843 115.457344 2.211482
v -8.520456 115.796646 1.482783
v -7.637259 116.111542 0.854899
v -6.598042 116.401596 0.381114
v -5.408885 116.650696 0.069201
v -4.107229 116.865242 -0.089917
v -2.724169 117.024513 -0.053144
v -1.287037 117.109688 0.232181
v -1.817920 106.822548 15.848887
v -3.905847 106.884682 15.905810
v -5.927617 107.000320 15.588771
v -7.844894 107.186111 14.848475
v -9.513974 107.578140 13.747966
v -10.800005 108.014473 12.268352
v -11.539293 108.547112 10.600528
v -11.844897 109.070221 8.867999
v -11.864567 109.644844 7.228976
v -11.696305 110.162910 5.694514
v -11.370145 110.688660 4.420657
v -10.939448 111.130600 3.325610
v -10.431309 111.510124 2.433337
v -9.783191 111.885841 1.661403
v -8.967572 112.212044 0.942485
v -8.025225 112.469643 0.332088
v -6.921225 112.696381 -0.170087
v -5.684412 112.926796 -0.529790
v -4.309939 113.101280 -0.713483
v -2.849760 113.201859 -0.656026
v -1.315844 113.235695 -0.354390
v -2.037018 101.838364 15.342357
v -4.243653 102.005898 15.280955
v -6.572245 102.169823 15.109996
v -8.749616 102.447746 14.713328
v -10.604217 102.960518 13.637271
v -11.844550 103.642441 11.982379
v -12.546793 104.395622 10.029498
v -12.769349 105.136627 8.198474
v -12.735105 105.866333 6.638080
v -12.613097 106.509727 5.219600
v -12.361781 107.171501 3.767955
v -12.003352 107.705582 2.628345
v -11.550602 108.090134 1.607234
v -10.900751 108.468796 0.721225
v -9.977980 108.843315 -0.088132
v -8.902708 109.124977 -0.734448
v -7.676385 109.315536 -1.263173
v -6.368481 109.505333 -1.684773
v -4.849684 109.630943 -1.961812
v -3.138341 109.666656 -2.018353
v -1.415063 109.653015 -1.884854
v -51.056568 113.776718 11.488765
v -50.543354 113.008293 11.421176
v -50.258263 112.371536 11.025455
v -50.055111 111.958725 10.421428
v -49.977127 111.645874 9.719104
v -50.015724 111.370003 8.869395
v -50.150005 111.187515 7.955874
v -50.430103 111.183250 7.014499
v -50.902042 111.464668 6.170161
v -51.538544 112.021439 5.607387
v -52.269955 112.799042 5.555408
v -52.861130 113.675049 6.037784
v -53.205250 114.392403 6.948001
v -53.240028 114.867096 8.097903
v -52.979996 115.000504 9.368709
v -52.430817 114.860245 10.388179
v -51.746552 114.463364 11.112933
v -1.094612 163.547150 19.054157
v -1.422380 163.435608 19.055836
v -1.244161 163.535156 19.000385
v -1.269067 163.398270 18.959965
v -1.153701 163.509079 18.952274
v -1.466189 163.515991 19.202518
v -1.273947 163.564362 19.076633
v -1.389916 163.573212 19.341221
v -1.246734 163.578598 19.173405
v -1.213768 163.565063 19.423542
v -1.161685 163.570816 19.227177
v -0.993373 163.493912 19.465275
v -1.048075 163.544266 19.231754
v -0.829701 163.392868 19.402348
v -0.934584 163.507233 19.176060
v -0.792372 163.347137 19.226871
v -0.911443 163.494720 19.094334
v -1.087107 163.374084 18.958729
v -1.070893 163.494629 18.958378
v -0.899540 163.372726 19.051777
v -0.973525 163.487045 19.007496
v -0.000008 162.835190 19.557804
v -0.000000 163.762222 20.433371
v 0.000003 164.311142 20.437994
v -0.000018 160.306168 18.885044
v 0.000003 157.653259 17.677143
v 0.000001 156.898804 17.548862
v -0.002798 154.584900 11.169774
v -0.000033 173.633591 19.015539
v -0.000025 174.987442 18.609930
v 0.000106 179.662674 14.020117
v 0.004598 172.827988 -1.044321
v 0.001372 138.961411 14.868366
v 0.001239 132.008087 16.458263
v -0.026676 146.530273 -4.215846
v -0.015153 144.100357 -5.048305
v 0.003498 139.044739 -5.435848
v -0.004153 126.064018 -2.243954
v -0.017103 151.818176 -1.438914
v 0.000006 111.351593 -0.936070
v 0.000297 117.144882 0.421901
v -0.000005 106.677910 15.769671
v 0.000050 113.247818 -0.222257
v 0.000001 101.770210 15.361293
v -0.000006 170.141525 19.155783
v 0.000014 162.589661 19.231297
v -0.000006 158.278183 17.875019
v 0.000001 161.220154 19.582523
v -0.000007 159.511368 18.900410
v 0.001162 155.551071 15.015599
v 0.002936 150.723572 9.318334
v 0.002969 155.016525 0.138646
v -0.011793 164.829941 1.129797
v -0.002368 167.383392 -0.400858
v 0.004720 171.385452 -1.125147
v 0.000067 179.235565 2.250250
v 0.002655 143.412186 12.189000
v -0.000766 141.211487 13.629139
v -0.010356 100.249802 15.082454
v -0.006577 153.205338 -0.698894
v -0.000005 164.871353 20.143972
v -0.000000 166.108459 19.458029
v -0.000005 160.383530 18.627949
v -0.000021 172.167892 19.161016
v -0.000016 177.240738 17.284521
v -0.000106 179.137650 14.992041
v -0.001994 141.581009 -5.413433
v 0.009232 130.997116 -3.929531
v 0.000409 108.614349 -2.389722
v 0.000006 112.007347 16.366718
v 0.000022 117.412186 16.983433
v -5.001243 167.805862 16.262854
v -5.000766 167.988068 16.219091
v -4.990062 167.628479 16.322409
v -4.878017 167.391846 16.305059
v -4.576699 167.098785 16.271368
v -4.121439 166.789795 16.306173
v -3.538722 166.586945 16.426474
v -5.016314 168.085938 16.186255
v -5.026942 168.413895 16.190969
v -4.982994 168.822189 16.204107
v -4.806111 169.163147 16.206884
v -4.585153 169.400925 16.250799
v -4.238969 169.569687 16.347296
v -3.817070 169.657318 16.460821
v -2.907910 166.568573 16.457159
v -2.368752 166.628235 16.459021
v -1.931126 166.748154 16.468054
v -1.643777 166.871506 16.465918
v -1.464076 166.995682 16.464849
v -1.372168 167.222244 16.457647
v -1.447289 167.630661 16.442709
v -1.756891 168.270355 16.424795
v -2.183857 168.899048 16.489157
v -2.703867 169.387558 16.515585
v -3.272144 169.614136 16.513586
v -4.963447 167.731918 15.250631
v -5.025646 167.951263 15.244711
v -4.888441 167.526794 15.265005
v -4.771004 167.298141 15.308218
v -4.537491 166.981461 15.354940
v -4.115212 166.644791 15.378073
v -3.559018 166.455856 15.410498
v -5.063865 168.144684 15.247076
v -5.057640 168.504547 15.248449
v -4.963188 168.944870 15.307226
v -4.781565 169.283218 15.359304
v -4.536062 169.552994 15.380636
v -4.187941 169.725464 15.395437
v -3.779604 169.824951 15.430395
v -2.932794 166.462555 15.417074
v -2.397803 166.546722 15.420034
v -1.967407 166.689758 15.424383
v -1.686749 166.820831 15.429663
v -1.511334 166.945572 15.430105
v -1.420450 167.178833 15.427328
v -1.496213 167.603012 15.420919
v -1.798128 168.288895 15.414633
v -2.204501 168.960251 15.429022
v -2.708144 169.487518 15.435873
v -3.256610 169.763245 15.438726
v -4.442182 167.760986 14.418142
v -4.473567 167.901672 14.412268
v -4.398986 167.636810 14.425558
v -4.329206 167.505066 14.439184
v -4.179462 167.339767 14.450644
v -3.916980 167.170395 14.459829
v -3.576960 167.068192 14.469427
v -4.486690 168.047653 14.411154
v -4.473956 168.280609 14.417135
v -4.417909 168.552963 14.442846
v -4.310503 168.757385 14.459387
v -4.163909 168.918854 14.471762
v -3.952456 169.021545 14.472494
v -3.706113 169.069168 14.472754
v -3.203559 167.073029 14.473303
v -2.886785 167.123718 14.472219
v -2.638576 167.210510 14.475500
v -2.478753 167.292236 14.471197
v -2.378959 167.368744 14.469702
v -2.320772 167.503952 14.471029
v -2.363409 167.750122 14.474524
v -2.543754 168.147858 14.480322
v -2.782011 168.541122 14.480871
v -3.076300 168.852234 14.483038
v -3.396045 169.025940 14.473852
v -3.581714 167.953339 14.276587
v 3.240762 167.151062 17.746008
v 3.781222 167.129730 17.658316
v 3.739197 166.777069 17.539602
v 3.160215 166.822617 17.622488
v 4.307860 167.227585 17.436438
v 4.303992 166.889923 17.329779
v 4.707008 167.414368 17.152014
v 4.759095 167.139175 17.058065
v 4.956581 167.639801 16.877920
v 5.059303 167.448578 16.758642
v 5.021406 167.819366 16.663687
v 5.193951 167.718338 16.549810
v 5.031959 167.931793 16.521521
v 5.265767 167.911987 16.411886
v 2.634377 166.985809 17.625387
v 2.719886 167.264313 17.709799
v 2.166111 167.124191 17.583151
v 2.297711 167.348175 17.614920
v 1.852388 167.288651 17.547323
v 2.044498 167.423874 17.490942
v 5.022383 168.008804 16.451666
v 5.276638 168.004578 16.372686
v 5.026052 168.023209 16.511312
v 5.267089 168.112976 16.450628
v 5.040421 168.119949 16.719290
v 5.223502 168.265900 16.629065
v 4.972588 168.243439 16.937414
v 5.133246 168.407974 16.876501
v 4.784770 168.367554 17.163687
v 4.906353 168.542755 17.127386
v 4.558813 168.471420 17.367590
v 4.640269 168.639465 17.345037
v 4.252621 168.539795 17.545324
v 4.286562 168.732895 17.573675
v 3.901371 168.558914 17.679754
v 3.891220 168.751877 17.737478
v 3.470394 168.548874 17.768332
v 3.424187 168.716354 17.852392
v 3.051140 168.458084 17.845785
v 2.948100 168.589264 17.898520
v 2.648395 168.251389 17.787802
v 2.512733 168.363113 17.832281
v 2.342881 168.003876 17.636190
v 2.193785 168.072540 17.707342
v 2.084802 167.738831 17.451361
v 1.913921 167.723785 17.565359
v 1.942601 167.578140 17.392187
v 1.762741 167.518616 17.551291
v 1.929964 167.509659 17.405264
v 1.732882 167.412155 17.492804
v 4.865955 167.943787 16.618567
v 4.878578 168.014954 16.529593
v 4.839173 167.851471 16.730688
v 4.767131 167.738602 16.875525
v 4.559082 167.569672 17.097158
v 4.214175 167.409256 17.372763
v 3.730698 167.334549 17.576529
v 4.873569 168.014984 16.502966
v 4.878241 168.092606 16.666250
v 4.823061 168.209686 16.881628
v 4.657402 168.304047 17.067831
v 4.442746 168.403244 17.241522
v 4.169757 168.464630 17.400564
v 3.852573 168.499832 17.528387
v 3.222764 167.360641 17.645605
v 2.766944 167.427582 17.586508
v 2.419860 167.471237 17.484381
v 2.205913 167.513062 17.381491
v 2.082198 167.564941 17.309866
v 2.047644 167.616348 17.278479
v 2.144850 167.731613 17.355871
v 2.376531 167.976944 17.528311
v 2.663792 168.213791 17.655233
v 3.030416 168.412766 17.695593
v 3.445652 168.508667 17.631659
v 3.786144 169.058853 17.693624
v 4.297750 169.041534 17.539526
v 4.801076 168.937546 17.334539
v 5.153131 168.818634 17.070837
v 5.452855 168.690201 16.779806
v 5.595571 168.504105 16.490515
v 5.642647 168.293900 16.268591
v 5.634567 168.052139 16.144979
v 5.536823 167.811279 16.207006
v 5.388029 167.464676 16.405066
v 5.151846 167.105133 16.678534
v 4.767427 166.781311 16.977728
v 4.249701 166.541595 17.234671
v 3.659708 166.439804 17.417089
v 3.069734 166.513519 17.526327
v 2.519921 166.703659 17.599035
v 1.998512 166.861298 17.635839
v 1.638713 167.092972 17.611486
v 1.490920 167.296051 17.576712
v 1.436764 167.536362 17.581305
v 1.536294 167.831070 17.611517
v 1.830675 168.221512 17.729208
v 2.210449 168.555389 17.843466
v 2.690306 168.810989 17.902914
v 3.239273 168.988876 17.834494
v 2.319854 170.270645 19.087286
v 3.096706 170.491821 18.875143
v 3.197514 169.586746 18.275839
v 2.517265 169.446213 18.390524
v 3.882457 170.660721 18.538458
v 3.851050 169.669571 18.084326
v 4.671409 170.828735 18.133093
v 4.536985 169.719772 17.905905
v 5.446576 170.899841 17.657293
v 5.230775 169.682083 17.570913
v 6.075347 170.616501 17.051046
v 5.736883 169.513184 17.139059
v 6.586987 170.129456 16.372534
v 6.101737 169.257111 16.705374
v 6.871076 169.440918 15.795599
v 6.305599 168.908447 16.254919
v 6.916808 168.719559 15.427832
v 6.315524 168.523575 15.941504
v 6.813710 167.956726 15.253942
v 6.166541 168.092041 15.801565
v 6.622910 166.958115 15.311926
v 5.955007 167.577103 15.945135
v 5.987039 166.465057 16.084402
v 5.650164 167.078369 16.280691
v 5.466529 166.126709 16.586172
v 5.260363 166.692429 16.625555
v 4.908679 165.824387 16.959005
v 4.794025 166.368759 16.960104
v 4.274250 165.595932 17.253302
v 4.215638 166.130905 17.230795
v 3.586096 165.468903 17.433706
v 3.589563 166.016327 17.436529
v 2.936532 165.465149 17.667028
v 2.960958 166.080597 17.566031
v 2.201615 165.474411 18.069220
v 2.347148 166.252625 17.730536
v 1.573967 165.961731 18.341925
v 1.781087 166.478668 17.879416
v 1.198900 166.512527 18.446112
v 1.390885 166.833420 17.908972
v 0.909491 167.127060 18.483114
v 1.172264 167.206879 17.881857
v 0.855547 167.779083 18.286047
v 1.091239 167.647995 17.847342
v 0.934173 168.381912 18.319555
v 1.169760 168.122406 17.876486
v 1.919074 169.159485 18.315619
v 1.554003 169.976639 19.139593
v 1.481736 168.651321 18.059134
v 1.180459 169.078201 18.634573
v 1.597149 163.021912 18.834354
v 1.432431 163.174164 19.041874
v 1.664142 163.286530 19.144779
v 1.946234 163.363281 18.927128
v 1.699285 163.466293 19.342503
v 1.994833 163.654831 19.334372
v 1.560306 163.597900 19.541340
v 1.739014 163.817886 19.655691
v 1.281283 163.595673 19.683140
v 1.321833 163.785904 19.902487
v 0.926597 163.463821 19.755787
v 0.860060 163.543198 20.042896
v 0.703599 163.292297 19.661243
v 0.541587 163.231277 19.925236
v 0.685539 163.162689 19.432209
v 0.447936 162.951248 19.508900
v 1.139573 162.930542 19.051243
v 1.143952 163.147049 19.076893
v 2.073944 163.986816 19.243704
v 2.102859 163.772614 18.794180
v 1.979948 163.648605 18.389639
v 1.862712 163.273193 18.540897
v 1.765782 164.114944 19.626837
v 1.307880 164.110184 19.962179
v 0.721688 163.801880 20.268042
v 0.333598 163.320587 20.128284
v 0.224519 162.871582 19.573017
v 0.335128 163.785339 20.407507
v 0.389854 164.300766 20.387762
v 0.776355 164.299667 20.265860
v 1.654285 164.391815 19.503286
v 1.374328 164.461273 19.735052
v 1.938743 164.347534 19.137915
v 2.047497 164.139725 18.703817
v 1.968295 164.039444 18.339880
v 1.077852 164.327438 20.089621
v 1.107497 164.619965 19.891134
v 0.773109 164.758255 20.017355
v 0.398644 164.845459 20.118612
v 1.297190 164.768112 19.415442
v 1.514145 164.616959 19.332739
v 1.317845 164.922836 19.036856
v 1.584844 164.686401 19.114508
v 1.596404 164.733307 18.643942
v 1.770011 164.623016 18.860662
v 1.914133 164.426208 18.659842
v 1.843276 164.399582 18.416388
v 1.054781 165.033371 19.544867
v 0.713885 165.281967 19.650839
v 0.341775 165.426208 19.712652
v 0.990311 165.465408 19.259588
v 0.648159 165.859787 19.364584
v 0.303545 166.070511 19.433615
v 0.323638 166.702484 19.119802
v 0.690408 166.607849 18.954809
v 0.632374 167.256668 18.735403
v 0.323087 167.318237 18.876211
v 0.305227 167.928970 18.705664
v 0.593477 167.881668 18.571630
v -0.000001 167.346817 18.901663
v -0.000003 167.927200 18.733755
v 0.649225 168.532791 18.596151
v 0.316019 168.578949 18.692434
v 0.813183 169.280334 18.906210
v 0.416506 169.311172 18.935568
v 0.000000 168.554550 18.716009
v 0.000002 169.300217 18.923834
v 0.970368 170.092194 19.220755
v 0.551031 170.114105 19.189276
v 1.396964 165.448898 18.773962
v 1.806416 165.000015 18.495169
v 1.014032 165.985428 18.908285
v 2.093585 164.500656 18.295416
v 2.480181 164.670212 18.038122
v 3.056239 164.795853 17.763678
v 2.192694 164.031113 18.220755
v 2.578485 164.082352 18.012960
v 3.128702 164.156082 17.768744
v 0.848806 163.133652 19.210346
v 0.730310 162.924759 19.244587
v 0.432420 162.653305 19.239079
v 0.228824 162.612686 19.257191
v 0.697843 162.677628 19.152943
v 1.158560 162.697998 19.002201
v 1.607714 162.808975 18.727634
v 1.989309 163.052155 18.401691
v 2.160926 163.589630 18.237858
v 0.281159 161.636688 19.536182
v 0.000003 161.588867 19.545933
v 0.243101 161.984467 19.313877
v 1.328169 161.939133 19.103687
v 1.393658 161.618057 19.199543
v 0.884591 161.736267 19.381626
v 0.787754 162.103928 19.236698
v 1.940545 161.726242 18.759037
v 1.977738 161.388123 18.802723
v 2.546718 161.421860 18.256504
v 2.549017 161.064041 18.277088
v 2.992681 161.172913 17.701527
v 2.950011 160.842911 17.734760
v 3.358476 160.939804 17.260792
v 3.219917 160.706085 17.319508
v 3.590315 160.687729 16.944340
v 3.407401 160.577576 16.998524
v 3.572356 160.371536 16.800083
v 3.390877 160.429352 16.856022
v 3.382866 159.943451 16.807835
v 3.212570 160.106766 16.924351
v 0.230476 162.307632 19.199528
v 0.000007 162.275482 19.181232
v 0.448079 162.377731 19.192783
v 0.471258 162.079132 19.289204
v 0.532467 161.716171 19.467533
v 0.705482 162.423264 19.140537
v 1.280305 162.346008 18.974186
v 1.926010 162.063248 18.640812
v 2.496334 161.845200 18.173725
v 3.017944 161.600006 17.630192
v 3.508666 161.316910 17.150013
v 3.805520 160.942108 16.822392
v 3.814956 160.356384 16.669727
v 3.599176 159.783844 16.608021
v 3.066871 159.618011 16.904194
v 2.912531 159.848038 17.124607
v 2.630051 159.388351 17.171711
v 2.488629 159.570831 17.473988
v 2.081163 159.065689 17.574894
v 1.979166 159.198532 17.904087
v 1.576128 158.784256 17.868336
v 1.543058 158.934662 18.201923
v 0.873547 158.575500 18.173466
v 0.896192 158.720490 18.520618
v 1.237614 158.805664 18.363621
v 1.226978 158.660126 18.030338
v 0.488577 158.543976 18.268208
v 0.482827 158.704819 18.653934
v 0.458035 158.278717 17.838688
v -0.000022 158.536270 18.308949
v 0.866242 158.317810 17.771030
v 1.244799 158.409164 17.654133
v 2.237305 158.815353 17.230183
v 2.793455 159.099060 16.878483
v 3.253631 159.376282 16.653797
v 0.356823 160.873169 19.465153
v 0.298462 161.261459 19.533421
v 0.355034 160.360336 18.892292
v -0.000003 160.474533 19.303211
v 0.385883 160.528824 19.235065
v 0.000003 158.694443 18.700382
v 0.429942 159.066788 18.855427
v 0.750352 159.530350 18.874622
v 0.844048 159.067673 18.769001
v 0.379620 159.533066 18.950428
v 0.314026 160.025620 18.870472
v 0.695193 159.991287 18.843815
v 0.609443 161.303818 19.423374
v 0.678016 160.906906 19.295750
v 0.754680 160.379913 18.779209
v 0.716149 160.568909 19.071369
v 0.996299 161.314240 19.310490
v 1.069934 160.855515 19.097446
v 1.143575 160.348434 18.630558
v 1.120337 160.502213 18.883808
v 1.448337 161.217529 19.072071
v 1.544672 160.729431 18.850498
v 1.580486 160.323135 18.417637
v 1.591252 160.413910 18.632420
v 1.444517 160.381348 18.371769
v 1.472752 159.978165 18.544178
v 1.120785 159.982071 18.705509
v 1.071006 160.381073 18.544331
v 1.186435 159.126801 18.610447
v 1.496567 159.217255 18.424854
v 1.997504 161.029572 18.621799
v 2.052726 160.623932 18.470951
v 2.012091 160.341537 18.138401
v 2.023316 160.384521 18.269825
v 2.537992 160.769440 18.147861
v 2.521033 160.550720 18.005939
v 2.443156 160.394333 17.778767
v 2.477826 160.406387 17.889698
v 2.902334 160.619324 17.682560
v 2.845427 160.510666 17.584949
v 2.782365 160.449539 17.443348
v 2.809009 160.456238 17.517551
v 1.877274 159.715607 18.232365
v 1.918587 159.413391 18.119190
v 1.459140 159.594315 18.554050
v 1.898600 160.065872 18.261768
v 2.370714 159.993607 17.809086
v 2.408066 159.757156 17.677387
v 2.350346 160.307770 17.807117
v 2.735900 160.298172 17.365650
v 2.822629 160.077881 17.281178
v 2.665838 160.464645 17.372898
v 3.139099 160.558502 17.309162
v 3.084397 160.489792 17.278294
v 3.301446 160.514130 17.013218
v 3.232495 160.480865 17.024601
v 3.016716 160.383835 17.088947
v 3.105170 160.241776 17.008839
v 3.216193 160.487579 16.940586
v 3.287550 160.458557 16.899570
v 2.953365 160.503082 17.125019
v 3.099957 160.572815 17.012089
v 3.159026 160.519287 16.989201
v 2.895449 160.539474 17.072300
v 3.120060 160.523270 17.048557
v 3.166244 160.480270 17.037800
v 2.994270 160.477753 17.200443
v 3.035514 160.458847 17.247761
v 1.674071 158.559204 17.484348
v 1.141442 159.557343 18.736805
v 0.000020 160.004379 18.809711
v 0.300349 160.404221 18.630741
v 0.675052 160.403961 18.637486
v 1.871276 160.420578 18.093830
v 2.274218 160.487457 17.680195
v 2.610630 160.529388 17.287235
v 8.996167 169.084320 7.543249
v 8.683616 169.199768 8.062384
v 9.039580 169.644882 8.297415
v 9.421435 169.544250 7.662283
v 9.773421 169.040817 7.121176
v 9.242749 168.701508 7.136953
v 9.965473 168.289429 6.774923
v 9.435226 168.125412 6.921209
v 10.036266 167.328445 6.624075
v 9.514380 167.338593 6.891592
v 9.958110 166.491882 6.732244
v 9.471931 166.615326 6.987753
v 9.689930 165.755981 7.038412
v 9.298312 165.967819 7.254156
v 9.320274 165.117157 7.370077
v 9.020025 165.428406 7.557379
v 8.992767 164.619934 7.723364
v 8.798716 165.035385 7.900869
v 8.970991 170.066208 8.328985
v 9.391245 169.951157 7.573278
v 9.844638 169.361710 6.843939
v 10.088929 168.485214 6.386511
v 10.163938 167.368317 6.243933
v 10.057783 166.400803 6.369070
v 9.786396 165.570419 6.662603
v 9.351592 164.848404 7.025473
v 8.970020 164.294220 7.375891
v 8.684842 165.450607 8.123419
v 8.903015 165.776337 7.883062
v 9.101229 166.205414 7.716482
v 9.202214 166.711884 7.596930
v 9.211423 167.338684 7.579702
v 9.228227 168.006683 7.356222
v 9.119448 168.388229 7.446829
v 8.932628 168.607071 7.697821
v 8.654301 168.690933 8.048544
v 8.354430 168.996185 8.465918
v 8.688539 169.375946 8.804388
v 8.091738 168.592789 8.689016
v 8.359712 168.805374 9.131231
v 7.972939 168.023849 8.727118
v 8.076612 167.998947 9.083258
v 7.732869 167.605362 8.516348
v 7.858781 167.521729 8.889181
v 7.629318 167.303482 8.128180
v 7.766597 167.133118 8.616705
v 7.666626 166.758804 8.021643
v 8.007782 166.631180 8.604055
v 7.777791 166.248276 8.221914
v 8.032201 166.239273 8.642950
v 7.783016 165.793854 8.529226
v 7.953365 165.943604 8.750448
v 7.773656 165.509003 8.950720
v 7.949513 165.735306 9.114416
v 7.726773 165.142044 9.215902
v 7.833369 165.305710 9.658957
v 7.613307 164.626007 9.258337
v 7.633868 164.617828 9.761709
v 7.431591 164.119766 9.160986
v 7.456503 163.964813 9.690985
v 8.712695 169.821869 8.917135
v 8.209882 167.947586 9.516973
v 8.364604 168.691422 9.519140
v 8.159883 167.391342 9.424704
v 8.134468 166.930969 9.296515
v 8.148639 166.500381 9.179739
v 8.110888 166.084503 9.143881
v 8.005746 165.851852 9.792883
v 8.082749 166.336823 9.849112
v 8.110632 166.839966 9.871817
v 8.157697 167.356506 9.914114
v 8.195128 167.898315 9.959082
v 8.275520 168.763428 9.913412
v 8.633475 163.870148 7.687490
v 8.683159 164.240311 8.030325
v 8.243987 163.575714 8.056600
v 8.341876 163.986633 8.328451
v 7.243968 163.730026 8.902822
v 7.183439 163.374359 9.301213
v 6.956995 163.607437 8.500371
v 6.705456 163.139053 8.595830
v 7.576611 163.592377 8.599050
v 7.347636 163.512497 8.253346
v 7.889574 163.502548 8.339604
v 7.738252 163.444351 8.006581
v 8.407131 163.848801 7.422873
v 8.045852 163.527695 7.783696
v 8.023682 163.928299 8.600286
v 7.705148 164.007965 8.874411
v 8.583107 164.744629 8.207083
v 8.322330 164.553696 8.477957
v 8.058192 164.488846 8.721350
v 7.801014 164.536209 8.972662
v 8.452229 165.208603 8.343573
v 8.222215 165.039719 8.532492
v 7.993891 164.990631 8.734243
v 7.809780 165.025879 8.949575
v 7.783286 165.324692 8.843801
v 7.856833 165.380341 8.650854
v 7.982544 165.448700 8.476995
v 8.144655 165.580353 8.265356
v 8.293358 165.775040 8.038900
v 8.425289 166.024445 7.797827
v 8.487267 166.335037 7.613165
v 8.542995 166.756454 7.546209
v 8.589260 167.185715 7.679495
v 8.632096 167.440445 7.884756
v 8.960393 167.677383 7.954031
v 8.344206 167.546051 8.039206
v 8.584978 167.875885 8.214758
v 8.004865 167.629837 8.283072
v 8.241337 167.971283 8.480917
v 8.239557 168.406281 8.342520
v 8.358895 168.705978 8.261023
v 8.580901 168.300049 8.069067
v 8.992333 168.188446 7.722754
v 8.135651 167.213242 7.846975
v 8.033908 166.782242 7.772253
v 8.085387 166.320328 7.849905
v 7.942608 166.089584 8.057837
v 7.842827 165.958603 8.242224
v 8.501682 170.248138 8.853552
v 8.585916 170.371384 8.051413
v 9.067314 170.034836 7.377844
v 9.560629 169.431061 6.641287
v 9.834905 168.531342 6.180456
v 9.894376 167.418747 6.048635
v 9.788298 166.424362 6.173788
v 9.519750 165.557785 6.440908
v 9.093174 164.848206 6.775763
v 8.723748 164.303665 7.095922
v 8.412842 164.635345 7.055685
v 8.063528 164.213318 7.316366
v 8.016216 165.118011 7.168921
v 7.697252 164.702911 7.389608
v 8.746947 165.133194 6.788626
v 8.296874 165.525589 6.904791
v 9.111993 165.766632 6.487585
v 8.540110 166.049896 6.663763
v 9.361611 166.510162 6.252630
v 8.737726 166.683167 6.465170
v 9.475017 167.398254 6.123587
v 8.853274 167.460419 6.364233
v 9.406110 168.376648 6.237097
v 8.834722 168.286453 6.487448
v 9.167800 169.246811 6.636435
v 8.708957 169.088165 6.878500
v 8.873306 169.823975 7.164114
v 8.508374 169.983719 7.272314
v 8.589862 171.276993 7.767431
v 8.495056 171.193695 6.153448
v 8.495482 171.030670 8.923407
v 8.244005 169.870117 5.442190
v 8.306865 169.307587 6.645239
v 8.208838 168.527298 6.202871
v 7.997125 168.794769 5.098654
v 8.049188 167.709427 6.051718
v 7.832380 166.938721 6.154989
v 7.728461 167.807419 5.038916
v 7.399781 166.913010 5.253881
v 7.610879 166.276764 6.418875
v 7.066259 166.142075 5.669699
v 7.412191 164.431747 7.596838
v 7.690554 163.865646 7.630362
v 6.918091 164.510788 7.477560
v 7.050974 164.854630 7.242270
v 7.262144 165.279724 6.994223
v 7.407861 165.720779 6.724066
v 6.814362 165.534882 6.124517
v 6.655343 165.105225 6.472845
v 6.511945 164.586426 6.938223
v 6.459287 164.166382 7.362722
v 7.191800 163.844879 7.946661
v 6.782526 163.800446 8.075918
v 6.415294 163.507660 7.942693
v 6.797943 164.178848 7.702307
v 7.131861 164.229080 7.798010
v 8.533308 169.277740 9.351416
v 8.386322 169.613022 9.573477
v 8.273886 170.191360 10.179953
v 8.111482 168.819351 10.573141
v 8.108143 167.658493 10.505163
v 8.067376 166.825211 10.604254
v 8.005590 166.180725 10.618963
v 7.898264 165.579590 10.570105
v 7.783255 164.980408 10.496344
v 7.611292 164.334808 10.467688
v 7.454328 163.472382 10.426015
v 7.354024 167.819427 14.239660
v 7.336316 166.833359 14.118521
v 7.707126 167.752731 12.997961
v 7.681870 166.772018 12.886251
v 7.947665 167.703979 11.663794
v 7.940947 166.808548 11.651999
v 0.555890 157.655197 17.632252
v 0.703990 156.882202 17.465305
v 0.776473 156.074173 16.951923
v -0.000016 156.068573 17.085529
v 0.769175 155.573151 16.050251
v 0.000441 155.537842 16.210117
v 0.760406 155.605865 14.940114
v 1.192589 155.968399 13.711186
v -0.002082 155.909882 13.566472
v 0.918896 156.113190 11.951619
v 0.003173 155.987579 12.021855
v 2.512041 156.543259 13.045690
v 2.064165 156.504669 11.569463
v 3.754176 157.355377 12.277150
v 3.022897 157.096176 10.958623
v 4.731959 158.258942 11.256368
v 3.950628 157.810425 10.322804
v 5.571357 159.134033 10.485250
v 4.729828 158.490326 9.651357
v 6.209472 160.330444 9.438283
v 5.335830 159.387329 8.849309
v 6.372182 161.906891 8.673970
v 5.660886 160.511719 8.057546
v 6.012199 162.861618 7.707662
v 5.649209 161.722977 7.244206
v 6.043149 163.956787 6.775702
v 5.573709 162.807816 6.262914
v 6.158798 164.970718 5.481176
v 5.408708 163.701462 5.005926
v 5.662484 165.574371 3.661215
v 4.925035 164.316803 3.659628
v 4.385708 165.883087 2.045797
v 3.975266 164.715607 2.435751
v 2.966929 166.054321 1.070532
v 2.671193 164.831360 1.621283
v 1.440763 166.153351 0.507788
v 1.270837 164.868469 1.203421
v 1.492214 148.556625 9.703740
v 0.006560 148.316132 9.598546
v 1.135542 150.876755 9.277440
v 2.241091 151.375443 9.374333
v 2.640265 149.768234 9.057469
v 3.190563 152.053253 8.998326
v 3.589924 150.468964 8.475560
v 3.899639 152.769821 8.318776
v 4.259661 151.252548 7.779561
v 4.474262 153.573837 7.552236
v 4.852989 151.947388 7.008718
v 4.932135 154.346878 6.730641
v 5.398678 152.599075 6.176839
v 5.285448 155.089264 5.881948
v 5.765909 153.368805 5.278234
v 5.386549 155.829483 5.006932
v 5.817460 154.039871 4.350240
v 5.288940 156.424240 4.074956
v 5.667469 154.594223 3.381261
v 4.949563 156.923721 3.136464
v 5.260083 154.985657 2.373418
v 4.298664 157.277145 2.256780
v 4.591074 155.237183 1.399007
v 3.369412 157.492294 1.522267
v 3.618032 155.442047 0.661534
v 2.248836 157.503860 1.108296
v 2.405332 155.433624 0.249303
v 1.007296 157.362335 0.983998
v 1.102680 155.233749 0.160573
v 0.009700 157.259384 0.987065
v 0.891516 154.702469 11.026479
v 1.911310 155.145096 10.614156
v 2.895510 155.655746 10.213170
v 3.810309 156.238235 9.616841
v 4.489090 156.998260 8.948247
v 4.997583 157.873489 8.208470
v 5.296134 158.845428 7.412786
v 5.370378 159.811234 6.532048
v 5.319075 160.689117 5.555928
v 5.064760 161.422104 4.495732
v 4.454389 161.940582 3.422734
v 3.505628 162.198639 2.561147
v 2.363333 162.330887 1.985188
v 1.098665 162.360184 1.714040
v 0.013539 162.366135 1.654042
v 0.971609 152.877106 10.007329
v 2.028622 153.253952 9.922048
v 3.021018 153.803162 9.608541
v 3.803330 154.537888 9.015721
v 4.420261 155.309631 8.237630
v 4.867371 156.100433 7.434789
v 5.172405 156.948303 6.637578
v 5.284682 157.767670 5.766759
v 5.209408 158.490112 4.863057
v 4.891419 159.058670 3.876714
v 4.253326 159.479828 2.992497
v 3.333978 159.699661 2.275365
v 2.220188 159.759476 1.794957
v 0.991174 159.705444 1.597798
v -0.013225 159.693863 1.571157
v 1.095560 157.686172 17.524281
v 1.574217 157.778305 17.325123
v 2.008056 157.950699 17.086155
v 2.440626 158.249481 16.820515
v 2.944198 158.609985 16.521381
v 3.463040 159.055634 16.281651
v 3.889402 159.658676 16.229008
v 4.142293 160.448013 16.337574
v 4.161120 161.500763 16.570454
v 3.624653 161.942032 17.099308
v 3.023427 162.202209 17.611530
v 2.453521 162.379623 18.100437
v 1.952060 162.491959 18.489063
v 1.620682 162.554825 18.738789
v 2.460930 162.974258 18.060154
v 2.542263 163.525833 18.007725
v 3.100908 163.511688 17.745518
v 3.031242 162.867401 17.678043
v 3.644663 162.719437 17.253574
v 3.715619 163.479370 17.403873
v 3.735322 164.206863 17.471075
v 3.669729 164.859207 17.454840
v 4.332445 164.972443 17.165319
v 4.361776 164.264923 17.100821
v 4.335198 163.458801 17.007374
v 4.256770 162.570160 16.802067
v 5.022973 165.158325 16.898336
v 4.999809 164.376678 16.733084
v 4.955896 163.466995 16.567204
v 4.864995 162.517090 16.289997
v 4.730492 161.541260 15.949590
v 4.531325 160.509033 15.720708
v 4.185207 159.534866 15.670705
v 3.684811 158.707245 15.812108
v 3.166642 158.063126 16.090061
v 2.701948 157.586563 16.388432
v 2.320378 157.256485 16.694126
v 1.903044 157.027847 16.986835
v 1.370864 156.903061 17.275089
v 1.497265 156.141510 16.657871
v 2.048674 156.350357 16.362980
v 2.507232 156.645966 16.080570
v 2.938270 157.038757 15.782735
v 3.449241 157.601486 15.454122
v 3.988595 158.347641 15.148900
v 4.490517 159.349030 14.936986
v 4.923146 160.479996 14.971929
v 5.249752 161.545227 15.240438
v 5.433255 162.523254 15.630971
v 5.527160 163.534424 15.992528
v 5.646907 164.521210 16.318838
v 5.647240 165.381989 16.499685
v 1.425511 155.727737 15.757314
v 1.978283 155.973709 15.487996
v 2.505955 156.299805 15.202260
v 3.052519 156.716385 14.888494
v 3.678235 157.274307 14.516789
v 4.323346 158.019577 14.114202
v 4.884622 159.177612 13.827947
v 5.426312 160.460983 13.996373
v 5.819646 161.583008 14.348180
v 5.995302 162.608734 14.777028
v 6.111919 163.633667 15.248587
v 6.245560 164.655640 15.654272
v 6.232926 165.607635 15.896536
v 1.297194 155.728043 14.796330
v 1.794290 155.938995 14.532704
v 2.425564 156.255188 14.225606
v 3.021084 156.619980 13.909673
v 3.740863 157.145142 13.473805
v 4.427058 157.779236 13.000569
v 5.477306 159.047302 12.099492
v 6.127611 160.610458 12.858754
v 6.446393 161.816223 13.366994
v 6.604672 162.847000 13.757939
v 6.694205 163.808777 14.250082
v 6.771585 164.775085 14.691168
v 6.815370 165.775879 15.021231
v 7.173128 162.446976 9.808263
v 6.899744 161.063980 10.220723
v 6.392127 160.051620 11.029347
v 6.787621 161.123611 11.797292
v 7.406941 163.531723 11.123876
v 7.529899 164.186752 11.207876
v 7.654688 164.710938 11.287085
v 7.758932 165.339661 11.462652
v 7.845401 166.038818 11.602026
v 7.297360 165.837936 13.908972
v 7.623271 165.914200 12.751440
v 7.207634 164.923615 13.596334
v 7.525114 165.100540 12.493002
v 7.449661 164.276733 12.030462
v 7.129004 164.036972 13.176580
v 7.042712 163.142273 12.788182
v 7.267471 163.395721 11.879964
v 6.919771 162.225525 12.402959
v 7.214053 162.602509 11.536916
v 7.177617 161.804886 11.003713
v 7.364557 162.963562 10.910451
v 7.308208 162.402222 10.577031
v 7.905223 168.844177 11.730612
v 7.641745 168.890930 13.119482
v 7.349747 168.856232 14.466330
v 7.985839 170.280258 11.773092
v 7.610095 170.169952 13.385763
v 7.276895 169.949081 14.814962
v -0.000003 171.052902 19.188040
v 0.894602 170.897263 19.220678
v 0.937811 172.192215 19.123190
v 0.000036 180.145447 12.957159
v 1.426132 179.981125 13.053808
v 1.369141 179.470779 14.175924
v 0.000024 180.491226 12.018118
v 1.453374 180.400024 11.908895
v 0.000240 181.043793 9.536413
v 1.576612 180.911774 9.565969
v 1.506355 180.722382 10.739141
v -0.000003 180.857254 10.672628
v 0.000031 181.084198 8.385077
v 1.568014 180.963150 8.368917
v 1.560142 180.880096 7.180151
v 1.549395 180.680191 5.963751
v 0.000160 180.511017 4.745642
v 1.643795 180.315842 4.634436
v 1.650468 167.269257 -0.171534
v -0.007006 166.185959 0.353903
v 1.778228 168.531723 -0.642832
v 0.001311 168.687378 -0.870752
v 1.893166 169.909958 -0.871607
v 0.003492 170.019943 -1.081354
v 1.956179 171.322433 -0.930490
v 1.982080 172.800949 -0.847101
v 1.972930 174.309753 -0.616541
v 0.003849 174.371185 -0.805964
v 1.921540 175.780014 -0.186899
v 0.002721 175.739639 -0.426020
v 1.794872 177.123642 0.453451
v 0.001420 177.037384 0.198370
v 1.632224 178.320496 1.372854
v 0.000322 178.214218 1.109961
v 1.457737 179.263550 2.457037
v 8.496933 172.526627 9.070532
v 8.592199 172.870392 7.643866
v 8.325176 174.229065 9.224020
v 8.395589 174.529587 7.705511
v 7.881039 175.869385 9.351034
v 7.872046 176.188782 7.845953
v 7.095953 177.353851 9.508230
v 7.011609 177.629288 8.040213
v 6.003830 178.605515 9.598867
v 5.911236 178.839050 8.202459
v 4.669178 179.663116 9.623785
v 4.623601 179.828720 8.329290
v 3.150995 180.471222 9.605917
v 3.185070 180.549866 8.366095
v 3.271549 167.102097 0.482183
v 4.764116 166.910706 1.492819
v 6.043414 166.759781 2.781881
v 6.527731 165.870865 4.688986
v 6.894346 166.772400 4.065847
v 7.269437 167.860275 3.686758
v 6.384421 167.958282 2.282141
v 5.112906 168.111359 1.027182
v 3.506845 168.337021 -0.001902
v 7.570574 169.027176 3.613546
v 6.669824 169.289307 2.078436
v 5.362247 169.486511 0.768133
v 3.712865 169.691925 -0.250879
v 7.803821 170.299500 3.747396
v 6.883060 170.663651 2.115545
v 5.545051 170.935837 0.731665
v 3.847830 171.147720 -0.316584
v 3.903359 172.673218 -0.219721
v 5.596225 172.511307 0.839987
v 7.002498 172.166153 2.313223
v 7.976727 171.785965 4.072470
v 3.853555 174.268570 0.041586
v 5.544025 174.070358 1.120611
v 6.873964 173.836121 2.521475
v 7.883301 173.464233 4.203009
v 8.464480 173.107224 6.024130
v 3.696925 175.760941 0.452002
v 5.319849 175.641159 1.512594
v 6.615886 175.437851 2.876257
v 7.580841 175.147797 4.435339
v 8.176446 174.860977 6.114737
v 3.443707 177.170868 1.099249
v 4.931992 177.082352 2.053915
v 6.120547 176.916061 3.290716
v 7.019316 176.697693 4.770269
v 7.617692 176.444321 6.334692
v 3.101803 178.347214 1.944906
v 4.395615 178.284851 2.772696
v 5.448780 178.182968 3.859564
v 6.240304 178.039856 5.166708
v 6.757865 177.836258 6.584982
v 2.704500 179.219284 2.883108
v 3.766207 179.169174 3.554159
v 4.635401 179.117538 4.422598
v 5.294710 179.084229 5.554800
v 5.699413 178.997177 6.847494
v 2.278770 179.867554 3.833166
v 1.343340 179.965668 3.596594
v 3.189995 179.756851 4.255331
v 3.787560 179.748322 4.852850
v 4.189793 179.849930 5.835806
v 4.465186 179.898178 7.042044
v 3.064560 180.519180 7.101034
v 2.908445 180.094864 4.920340
v 2.937683 180.357468 5.945379
v 3.122381 180.240494 10.841360
v 3.030441 179.904007 12.069448
v 2.902678 179.493561 13.234671
v 2.764466 178.983124 14.398825
v 2.593793 178.362183 15.485983
v 1.295887 178.835327 15.302237
v 2.387308 177.595871 16.493124
v 1.204232 178.051743 16.384726
v 2.258476 176.590317 17.370230
v 1.110345 177.062408 17.322348
v 1.907989 175.863373 17.956549
v 1.019110 176.041916 18.027060
v 1.877412 174.897903 18.402472
v 0.969799 174.954758 18.549109
v 1.870839 173.675842 18.726233
v 0.944978 173.631470 18.932226
v 1.877725 172.302994 18.975164
v 1.922618 170.980942 19.206884
v 2.932076 171.430725 18.899481
v 3.818251 171.712814 18.485540
v 4.660629 171.947861 17.973532
v 5.483995 172.077728 17.325155
v 6.200456 171.883408 16.542715
v 6.939705 171.385818 15.367147
v 7.602851 171.738129 13.550482
v 8.011215 171.887177 11.947439
v 8.293371 172.095306 10.457754
v 8.134590 173.871796 10.672384
v 7.848683 173.604370 12.130270
v 7.430532 173.404083 13.575109
v 6.877178 173.193604 14.989401
v 6.182195 173.199402 16.139730
v 5.419641 173.248474 17.009878
v 4.595749 173.095734 17.686834
v 3.734069 172.843842 18.239492
v 2.816395 172.564453 18.655081
v 7.734392 175.520706 10.806448
v 7.459136 175.206787 12.194891
v 7.060836 174.917557 13.565969
v 6.563202 174.697220 14.792501
v 5.958567 174.532074 15.895239
v 5.227902 174.400299 16.788015
v 4.447286 174.223907 17.461279
v 3.607455 173.997467 18.007315
v 2.757853 173.777878 18.416311
v 7.028242 177.019958 10.899740
v 6.794725 176.692276 12.227026
v 6.443681 176.331406 13.492346
v 6.023149 176.022888 14.658850
v 5.468102 175.721817 15.749716
v 4.825210 175.436935 16.629217
v 4.146778 175.194199 17.280798
v 3.435371 175.028275 17.747152
v 2.683371 174.920410 18.120657
v 5.962157 178.322891 10.923925
v 5.770036 177.995346 12.225958
v 5.515223 177.613815 13.424200
v 5.158454 177.223663 14.587927
v 4.723421 176.810364 15.656988
v 4.212020 176.341400 16.520437
v 3.726443 175.945374 17.135702
v 3.232245 175.804321 17.494558
v 2.564427 175.802246 17.779852
v 4.619058 179.416412 10.902411
v 4.509450 179.078308 12.156973
v 4.298471 178.696411 13.342962
v 4.055748 178.215912 14.528372
v 3.729615 177.686279 15.595144
v 3.422149 177.046936 16.493948
v 3.178907 176.382690 17.149328
v 1.447047 145.850235 10.673116
v 0.006775 145.774536 10.592275
v 1.473773 143.521988 12.172902
v 1.439556 141.370071 13.627995
v 1.507064 139.172546 14.916187
v 1.463120 137.132904 15.899052
v -0.001999 136.846832 15.706852
v 1.613990 134.541687 16.834446
v -0.001787 134.523041 16.300861
v 1.280402 131.757034 16.701069
v 1.277064 129.208694 16.637226
v -0.000799 129.367142 16.548832
v 1.347576 126.486649 16.928928
v 0.000402 126.695602 16.809940
v 1.462316 123.144508 17.170773
v -0.000028 123.362762 17.116787
v 2.117884 100.295059 15.058589
v 2.037037 101.838402 15.342357
v 22.596121 135.400299 5.728153
v 21.651924 134.142090 5.945347
v 20.202957 135.255051 5.857471
v 21.070175 136.574310 5.672993
v 20.824835 132.944046 5.431004
v 19.450607 134.025436 5.349461
v 20.307680 131.992584 4.337070
v 18.974525 133.004547 4.284962
v 20.056767 131.438110 2.934498
v 18.760532 132.390594 2.901630
v 20.045206 131.163269 1.423130
v 18.730429 132.155090 1.397511
v 20.251251 131.215500 -0.134274
v 18.919773 132.252106 -0.142437
v 20.725176 131.539017 -1.605236
v 19.412910 132.618179 -1.662914
v 21.505217 132.280869 -2.857281
v 20.149504 133.403183 -2.917507
v 13.215087 144.692017 6.865987
v 15.247434 143.346832 6.668279
v 14.989470 140.495697 7.045811
v 13.477904 141.123672 7.417927
v 14.103890 146.766403 4.985585
v 15.771758 145.670288 5.156880
v 22.514235 133.432251 -3.597851
v 21.097017 134.617844 -3.644543
v 23.494246 134.873108 -3.655468
v 22.091499 136.131927 -3.626293
v 24.420876 136.279770 -2.952206
v 22.951511 137.577713 -2.860653
v 25.045158 137.318832 -1.617992
v 23.486732 138.706787 -1.454189
v 25.249744 137.876419 0.150501
v 23.707602 139.379913 0.329166
v 25.040461 137.922699 2.008427
v 23.516890 139.510941 2.215900
v 14.512385 147.839645 2.774297
v 16.233921 146.967453 2.884892
v 22.348618 130.295425 -1.541088
v 23.074949 131.069321 -2.738796
v 21.874414 129.927979 -0.054531
v 21.619446 129.919754 1.465275
v 21.644857 130.186432 3.008106
v 21.912613 130.700195 4.414585
v 22.494364 131.567337 5.549259
v 23.353752 132.736282 6.070286
v 24.363066 134.003204 5.786411
v 23.548578 136.481155 4.899143
v 25.364613 135.108200 4.901539
v 24.404568 137.378281 3.609669
v 26.189486 135.923294 3.606068
v 26.786158 136.481247 1.971943
v 27.006416 136.424011 0.128971
v 26.723646 135.919250 -1.602581
v 26.019022 134.883041 -2.896481
v 25.111645 133.504440 -3.548000
v 24.082325 132.195251 -3.475124
v 24.892391 129.759521 -2.537838
v 24.175472 128.954208 -1.356045
v 26.110159 127.583954 -1.197857
v 26.871332 128.323257 -2.248753
v 23.639853 128.574646 0.031231
v 25.572393 127.147141 0.136738
v 23.402937 128.514465 1.539051
v 25.293648 127.087830 1.639027
v 23.407864 128.782562 3.058598
v 25.386431 127.339668 3.118931
v 23.736071 129.244125 4.499958
v 25.711128 127.853638 4.550846
v 24.330986 130.134537 5.641575
v 26.340611 128.696228 5.707378
v 25.245335 131.313660 6.175053
v 27.258226 129.849121 6.241581
v 26.237787 132.583817 5.876072
v 28.280462 131.092728 5.955860
v 27.214365 133.635620 4.962772
v 29.204250 132.116364 4.988438
v 28.016918 134.458450 3.645451
v 29.955036 132.824356 3.678806
v 28.595903 134.917816 2.011112
v 30.455765 133.233917 2.104282
v 28.756536 134.891312 0.231602
v 30.573284 133.176300 0.423389
v 28.506369 134.352524 -1.451763
v 30.340551 132.619019 -1.164486
v 27.825998 133.361404 -2.700893
v 29.727076 131.695084 -2.360729
v 26.875874 132.084869 -3.322445
v 28.823948 130.538681 -2.973827
v 25.833620 130.813873 -3.245876
v 27.848558 129.339417 -2.924290
v 33.753654 125.336571 5.600277
v 34.572807 126.253189 5.281384
v 36.601685 124.616119 5.086926
v 35.863190 123.779175 5.349911
v 35.312279 126.997513 4.576405
v 37.298248 125.395531 4.652004
v 35.879513 127.621025 3.604298
v 37.976288 126.032547 3.861691
v 36.341492 127.936539 2.404156
v 38.531033 126.445457 2.760731
v 36.593792 127.933243 1.085712
v 38.833298 126.566414 1.405209
v 36.462978 127.540810 -0.244678
v 38.829491 126.138237 -0.038372
v 35.932850 126.715645 -1.394939
v 38.355972 125.184097 -1.275524
v 35.189037 125.635696 -2.265774
v 37.564537 123.924011 -2.189022
v 34.173992 124.414520 -2.597317
v 36.474705 122.538879 -2.460918
v 33.145092 123.291565 -1.966557
v 35.333527 121.338455 -1.746883
v 32.346550 122.564926 -0.740475
v 34.403835 120.589760 -0.368504
v 31.800058 122.251648 0.760273
v 33.862473 120.316635 1.192112
v 31.680141 122.346672 2.269100
v 33.720921 120.507294 2.767689
v 31.904804 122.843582 3.559696
v 33.975452 121.149094 4.006046
v 32.320286 123.610886 4.586636
v 34.552208 122.005905 4.766781
v 32.994122 124.364922 5.325558
v 35.201965 122.862289 5.216724
v 38.730049 123.169930 5.793926
v 38.019760 122.244461 5.822018
v 39.488285 124.001892 5.419773
v 40.188843 124.689590 4.610760
v 40.830612 125.063728 3.438122
v 41.242470 125.086273 1.991161
v 41.241310 124.554825 0.478100
v 40.739922 123.524734 -0.756191
v 39.888290 122.200668 -1.521107
v 38.817268 120.779236 -1.618969
v 37.706520 119.604828 -0.900578
v 36.764374 118.823151 0.381175
v 36.140266 118.498734 1.917941
v 35.916012 118.695786 3.463176
v 36.071030 119.429237 4.714618
v 36.637024 120.352074 5.446514
v 37.343956 121.306808 5.720974
v 40.155830 120.693626 6.900913
v 40.874798 121.669327 6.881702
v 43.141098 120.034767 7.976200
v 42.373039 119.073166 7.966594
v 41.725014 122.562759 6.492435
v 43.959000 120.923782 7.526333
v 42.499435 123.206482 5.593426
v 44.735760 121.508293 6.606319
v 43.157001 123.474236 4.330830
v 45.354492 121.703812 5.307194
v 43.507481 123.364624 2.854809
v 45.714336 121.458534 3.876949
v 43.521145 122.729942 1.382923
v 45.695198 120.794937 2.488873
v 43.053780 121.664505 0.164623
v 45.281250 119.789673 1.348262
v 42.223461 120.356346 -0.470867
v 44.516380 118.568077 0.742305
v 41.175125 119.048828 -0.470029
v 43.550541 117.338715 0.757846
v 40.108009 117.925583 0.170093
v 42.536594 116.320618 1.355899
v 39.216255 117.215446 1.328998
v 41.670567 115.684898 2.421870
v 38.583164 116.953659 2.766521
v 41.104652 115.533600 3.769862
v 38.320679 117.209518 4.220881
v 40.907635 115.831367 5.081264
v 38.448555 117.872093 5.458941
v 40.992989 116.419991 6.219531
v 38.897682 118.780876 6.258838
v 41.256824 117.249062 7.069125
v 39.499744 119.703506 6.669002
v 41.749832 118.119705 7.641101
v 44.632141 117.396042 8.943851
v 45.419350 118.255318 8.969722
v 47.594536 116.479980 9.899554
v 46.935139 115.664436 9.920306
v 46.183434 119.121872 8.497172
v 48.364758 117.219711 9.442492
v 47.033188 119.650749 7.634418
v 49.107914 117.756371 8.620807
v 47.605637 119.813568 6.402621
v 49.708096 117.924309 7.491023
v 47.896526 119.558800 5.025500
v 49.993542 117.709106 6.187770
v 47.854553 118.907043 3.709704
v 49.920395 117.105064 4.945498
v 47.465424 117.985756 2.641215
v 49.533283 116.279900 3.967349
v 46.765877 116.857574 2.053599
v 48.894173 115.247803 3.422252
v 45.851616 115.740509 2.059337
v 48.084412 114.273636 3.436404
v 44.943214 114.834831 2.636706
v 47.283672 113.498474 4.022365
v 44.194366 114.288483 3.665729
v 46.629234 113.061302 4.969485
v 43.702049 114.212730 4.894084
v 46.220108 113.025940 6.079158
v 43.545517 114.516708 6.117061
v 46.059708 113.274597 7.160899
v 43.524723 115.036827 7.133128
v 46.009594 113.691002 8.103473
v 43.740849 115.707413 7.979732
v 46.158165 114.228279 8.935321
v 44.108116 116.486130 8.607287
v 46.438972 114.885689 9.565539
v 49.458576 115.021576 10.698932
v 48.849358 114.265610 10.700229
v 50.185432 115.710480 10.289897
v 50.891354 116.160576 9.519778
v 51.445557 116.319542 8.455997
v 51.725632 116.154770 7.229091
v 51.675339 115.634041 6.024531
v 51.282948 114.886368 5.080958
v 50.697250 113.943756 4.556056
v 49.937645 113.062180 4.616069
v 49.238644 112.399940 5.176829
v 48.679295 112.050690 6.066203
v 48.337925 112.033600 7.079219
v 48.193821 112.230957 8.092349
v 48.167007 112.563354 8.964557
v 48.250103 112.996651 9.717303
v 48.492382 113.522690 10.342570
v 28.146448 126.045647 -1.020947
v 30.262703 124.402382 -0.866650
v 31.065569 125.144531 -1.960812
v 28.931395 126.808281 -2.076397
v 27.623846 125.606674 0.309566
v 29.755636 123.971664 0.514530
v 27.391218 125.555466 1.764507
v 29.544382 123.985756 1.968693
v 27.483278 125.866081 3.243771
v 29.710016 124.334480 3.377178
v 27.880211 126.416641 4.593227
v 30.142698 124.946465 4.588726
v 28.522701 127.243919 5.675365
v 30.790951 125.804466 5.527622
v 29.441917 128.334366 6.179417
v 31.623543 126.828209 5.935955
v 30.409620 129.489014 5.896694
v 32.503872 127.878990 5.638386
v 31.277782 130.463654 4.993504
v 33.283882 128.796753 4.797993
v 31.958679 131.130295 3.655491
v 33.869938 129.423584 3.631855
v 32.394714 131.411743 2.189472
v 34.264656 129.721130 2.282635
v 32.463604 131.383896 0.630421
v 34.417419 129.645706 0.849682
v 32.279697 130.886932 -0.807201
v 34.235977 129.214722 -0.509808
v 31.686548 130.034561 -1.963299
v 33.709358 128.405090 -1.621845
v 30.841124 128.949265 -2.636654
v 32.937576 127.336670 -2.334301
v 29.862360 127.831169 -2.658054
v 32.002312 126.173676 -2.518948
v 51.056530 113.776711 11.488772
v 50.543354 113.008293 11.421168
v 51.746349 114.463371 11.112926
v 52.430759 114.860237 10.388141
v 52.979935 115.000534 9.368709
v 53.240040 114.867119 8.097919
v 53.205097 114.392548 6.947970
v 52.861217 113.674980 6.037791
v 52.269978 112.799019 5.555415
v 51.538544 112.021446 5.607387
v 50.902042 111.464668 6.170207
v 50.430157 111.183273 7.014522
v 50.150280 111.187294 7.955997
v 50.015644 111.370003 8.869258
v 49.977127 111.645882 9.719127
v 50.055023 111.958939 10.421481
v 50.258263 112.371536 11.025455
v 14.824553 138.412445 6.488651
v 13.465720 138.654892 7.139179
v 14.793071 136.748123 5.336903
v 13.594453 136.592331 5.690937
v 15.099107 135.419724 4.156483
v 14.329409 135.433731 4.203449
v 15.449122 134.556046 2.874454
v 14.876848 134.668930 2.889164
v 15.620602 134.286011 1.361439
v 15.054753 134.414474 1.364475
v 15.618490 134.697266 -0.240154
v 14.876861 134.883804 -0.220562
v 15.490932 135.687897 -1.610485
v 14.527795 135.926743 -1.480099
v 15.132694 136.916885 -2.985973
v 13.687797 137.322174 -2.927181
v 16.793337 142.171448 6.457097
v 16.324701 139.931335 6.795872
v 17.359898 144.439117 5.073689
v 14.932148 138.692139 -4.236217
v 13.256153 139.671082 -4.040493
v 15.258060 141.210846 -4.587948
v 13.342738 142.138824 -4.371043
v 15.921554 143.974274 -3.897365
v 13.837113 144.656906 -3.829646
v 16.319548 146.013275 -2.197581
v 14.201284 146.757950 -2.132014
v 16.432892 147.067917 0.308324
v 14.540733 147.880112 0.302892
v 17.915714 145.857574 2.912496
v 17.953667 136.927658 5.984303
v 16.948601 137.572159 6.153675
v 17.459385 139.282135 6.452595
v 18.611761 138.453796 6.056721
v 17.407036 135.492142 5.390430
v 16.568054 135.994141 5.431065
v 17.086147 134.345123 4.328846
v 16.373484 134.773621 4.303944
v 16.940767 133.623062 2.925343
v 16.353868 134.007950 2.933826
v 16.990639 133.392639 1.370243
v 16.430323 133.758530 1.351704
v 17.141590 133.606644 -0.169613
v 16.554707 134.038330 -0.176754
v 17.452244 134.234940 -1.634365
v 16.750214 134.795898 -1.598858
v 18.003887 135.234833 -2.886532
v 17.058355 135.845200 -2.923733
v 18.731802 136.550110 -3.683819
v 17.534119 137.203934 -3.957989
v 19.623487 138.305801 -3.801678
v 18.398422 139.271881 -4.233913
v 20.547899 140.291428 -3.018368
v 19.356998 141.729065 -3.402126
v 21.097111 141.882050 -1.556178
v 19.832161 143.564911 -1.817119
v 21.236561 142.801254 0.482732
v 19.880127 144.542114 0.431142
v 20.873337 142.700119 2.697438
v 19.431738 144.319397 2.842549
v 19.417669 140.001007 5.692722
v 20.637465 138.976852 5.247944
v 19.762630 137.580688 5.774754
v 20.194002 141.560928 4.589573
v 21.531511 140.275253 4.221195
v 22.205883 141.152725 2.499043
v 11.469902 140.231323 -4.195324
v 11.676779 137.787247 -3.958202
v 9.642688 140.455154 -4.730068
v 9.724996 137.988922 -4.652615
v 7.574171 140.725159 -5.090038
v 7.590375 138.168549 -5.036343
v 5.454183 141.032852 -5.115734
v 5.465987 138.419281 -5.105083
v 3.414325 141.273636 -5.273281
v 3.359349 138.724762 -5.384945
v 1.424348 141.588318 -5.433514
v 1.420724 138.949966 -5.501293
v 12.028374 139.737518 9.441761
v 11.780755 141.957687 8.674687
v 10.390326 140.695877 10.984394
v 10.101069 142.626465 9.881703
v 8.759539 141.208694 12.031116
v 8.445081 143.002579 10.777898
v 6.999204 141.480011 12.790348
v 6.736103 143.277588 11.381398
v 5.153584 141.600113 13.299152
v 5.034074 143.464508 11.799718
v 3.316980 141.539932 13.571247
v 3.225083 143.569031 12.091985
v 11.276875 144.482285 7.879796
v 9.654668 144.579590 8.818059
v 8.095109 144.742462 9.534047
v 6.463171 145.035187 10.051244
v 4.812422 145.269272 10.391438
v 3.125810 145.636719 10.646825
v 3.157889 147.690979 9.814366
v 4.687751 147.238297 9.401769
v 6.247577 146.812119 9.033650
v 7.727561 146.515152 8.551686
v 9.119461 146.374664 7.953404
v 10.486701 146.440277 7.130956
v 11.703744 146.962189 6.175374
v 12.439399 147.901901 4.632268
v 12.806757 148.738052 2.715886
v 12.585515 148.774704 0.499150
v 11.595589 147.627228 -1.827861
v 11.650956 145.097031 -3.648707
v 11.450971 142.650940 -4.266841
v 9.585307 142.930191 -4.477672
v 7.530169 143.211334 -4.758189
v 5.431726 143.486771 -4.831401
v 3.345683 143.800262 -4.959392
v 1.454412 144.072205 -5.078349
v 3.370690 146.147461 -4.335322
v 1.517634 146.402100 -4.340800
v 5.361080 145.784286 -4.180095
v 7.369311 145.540054 -3.949428
v 9.464527 145.284653 -3.733607
v 3.302681 148.266052 -3.498195
v 1.497992 148.497879 -3.421748
v 5.220425 147.965561 -3.308757
v 7.105279 147.697647 -3.012095
v 9.157032 147.573303 -2.586268
v 3.171786 150.128006 -2.539363
v 1.451647 150.206512 -2.514674
v 4.939500 149.953400 -2.278285
v 6.727918 149.657135 -1.856517
v 8.393136 149.401642 -1.406978
v 9.842606 149.504379 -0.500987
v 10.748439 149.801102 1.075597
v 11.061412 149.541061 2.836751
v 10.844365 148.820847 4.336446
v 10.413320 148.167450 5.605870
v 9.695637 147.907486 6.594609
v 8.658801 147.911209 7.266667
v 7.376702 148.063431 7.710423
v 6.042846 148.356506 8.095555
v 4.440184 148.975967 8.393071
v 3.318611 148.802429 9.017507
v 6.525897 152.999756 2.744939
v 6.737386 152.527069 3.847203
v 7.726729 151.720993 2.175115
v 7.982765 151.325104 3.409780
v 9.118450 150.717911 1.653691
v 9.407527 150.335022 3.059224
v 9.378860 149.682251 4.285893
v 8.002864 150.623856 4.493230
v 6.721898 151.780594 4.849126
v 9.172074 149.007462 5.323720
v 7.937098 149.780701 5.466832
v 6.432077 150.730453 5.943151
v 4.972990 150.023834 7.497899
v 5.843866 149.484985 7.197850
v 6.937827 149.194824 6.709874
v 8.145844 148.838852 6.312612
v 9.007814 148.570419 6.052266
v 5.469331 150.532532 6.838002
v 6.026058 153.274841 1.633824
v 5.256227 153.394501 0.530232
v 4.039353 153.596710 -0.265269
v 2.644572 153.605591 -0.665431
v 1.238758 153.366455 -0.726909
v 8.496944 150.686172 0.352071
v 7.149531 151.840927 0.952428
v 7.779736 150.511337 -0.525523
v 6.374380 151.464783 -0.438273
v 4.601494 151.762665 -1.242381
v 2.944946 151.912170 -1.569682
v 1.357618 151.840210 -1.560908
v 19.018105 136.185654 5.872120
v 18.367184 134.836197 5.353733
v 17.923855 133.780212 4.307667
v 17.745199 133.095352 2.926014
v 17.732809 132.868790 1.362171
v 17.925076 133.021439 -0.169750
v 18.337252 133.497711 -1.650799
v 18.987144 134.393890 -2.897350
v 19.883921 135.733185 -3.603130
v 20.845116 137.299789 -3.554455
v 21.682253 138.867355 -2.813152
v 22.225189 140.209381 -1.374462
v 22.422165 141.043213 0.429478
v 21.932133 137.871338 4.928837
v 22.860174 138.922684 3.841953
v 18.133932 141.111298 6.122135
v 18.819563 142.960251 4.871465
v 15.920698 138.088287 6.323689
v 15.732569 136.394714 5.403263
v 15.750187 135.113434 4.250828
v 15.905072 134.270172 2.892719
v 16.024534 134.017517 1.358738
v 16.103571 134.368988 -0.207058
v 16.146570 135.244156 -1.582790
v 16.147955 136.360703 -2.964993
v 16.316143 137.888611 -4.197353
v 16.966339 140.202515 -4.552883
v 17.856241 142.985794 -3.744716
v 18.222075 144.974487 -2.055018
v 18.266546 146.031708 0.340734
v 12.553402 135.264877 7.697239
v 12.448169 136.993698 9.030857
v 11.998922 133.007614 9.396336
v 12.037852 134.912048 10.796787
v 11.415081 130.788895 10.909397
v 11.849257 132.718781 12.473209
v 10.555890 129.010773 12.450756
v 11.294586 131.047256 14.109104
v 9.405641 128.097443 14.033146
v 10.261992 130.132034 15.646275
v 7.932977 127.796631 15.452625
v 8.831244 129.848541 16.971157
v 6.092921 128.087402 16.537167
v 7.045532 130.170547 17.981335
v 4.226741 128.998444 17.091602
v 5.113336 131.109985 18.456379
v 2.632721 130.526535 17.177464
v 3.361486 132.643341 18.168499
v 2.471292 128.330902 16.823849
v 3.934332 127.242828 16.820522
v 5.723310 126.470528 16.362865
v 7.640488 126.116768 15.350613
v 9.402093 126.252014 13.852276
v 11.004852 127.216263 11.715557
v 11.545169 129.504990 10.425312
v 12.376203 131.004822 8.775303
v 12.716511 133.566055 7.438114
v 13.366141 133.967682 6.223118
v 14.102517 133.598541 4.751698
v 14.631983 133.098770 3.153431
v 14.732579 132.892700 1.590092
v 14.495018 133.235275 0.086430
v 13.962198 133.993225 -1.313396
v 12.971634 134.625366 -2.561062
v 11.383193 134.978790 -3.607876
v 9.499352 135.245163 -4.314068
v 7.519252 135.495514 -4.684612
v 5.420490 135.770340 -4.929226
v 3.399690 136.020691 -5.240505
v 1.484112 136.310822 -5.274197
v 1.570914 133.607773 -4.763012
v 3.401320 133.340195 -4.771511
v 5.330504 133.060043 -4.471798
v 7.280932 132.801804 -4.064388
v 9.196233 132.508820 -3.646389
v 10.872163 132.159637 -2.987148
v 12.302800 131.814926 -2.010983
v 13.338678 131.409531 -0.817211
v 13.985128 130.967407 0.539249
v 14.317320 130.646423 2.021824
v 14.345896 130.658569 3.575336
v 14.035275 130.919296 5.363163
v 13.361398 131.042557 7.040592
v 13.200587 127.940697 7.671940
v 12.317547 127.589439 9.630787
v 13.663521 128.100128 5.812290
v 13.766721 128.150925 4.084202
v 13.637045 128.201462 2.491001
v 13.271467 128.461014 1.040333
v 12.568295 128.714447 -0.240170
v 11.565045 129.094879 -1.368938
v 10.278703 129.453918 -2.258602
v 8.739059 129.804214 -2.913326
v 7.004161 130.073120 -3.352093
v 5.172840 130.381500 -3.763165
v 3.319630 130.656174 -4.035381
v 1.563147 130.888275 -4.038082
v 2.757400 125.665230 17.095669
v 4.343698 124.773079 16.939800
v 6.036424 124.255226 16.283871
v 7.870326 123.958595 15.222759
v 9.619044 124.011269 13.753017
v 11.075710 124.364563 11.941586
v 12.096590 124.666916 9.947208
v 12.688544 125.018921 8.000675
v 12.921258 125.243942 6.184841
v 12.879195 125.482506 4.508915
v 12.732660 125.696037 3.015507
v 12.386422 125.862389 1.614491
v 11.755013 126.127571 0.416164
v 10.821708 126.521278 -0.648609
v 9.593283 126.768784 -1.466045
v 8.170903 127.113785 -2.113682
v 6.611129 127.430443 -2.585026
v 4.915496 127.749756 -2.951115
v 3.178826 128.070663 -3.200146
v 1.516433 128.371384 -3.231823
v 3.008796 122.743454 17.118473
v 4.633491 122.088989 16.677677
v 6.275757 121.681755 15.811253
v 7.919717 121.462982 14.691059
v 9.510075 121.498779 13.358784
v 10.866430 121.655518 11.750034
v 11.718396 121.973190 9.955280
v 12.081271 122.270157 8.115543
v 12.176734 122.599472 6.385777
v 12.056234 122.876404 4.852856
v 11.830441 123.200699 3.465618
v 11.445890 123.426102 2.185398
v 10.860434 123.689056 1.071552
v 10.011045 123.972183 0.125652
v 8.905344 124.338791 -0.682865
v 7.632865 124.695114 -1.315990
v 6.203887 124.974403 -1.780117
v 4.647564 125.277344 -2.124187
v 3.028107 125.570404 -2.320217
v 1.456444 125.855309 -2.321018
v 1.413106 123.388336 -1.359577
v 2.890283 123.212776 -1.417065
v 5.121358 108.585602 -2.479459
v 4.849695 109.630920 -1.961820
v 3.138391 109.666641 -2.018346
v 3.274093 108.554138 -2.527852
v 6.718042 108.518814 -2.213574
v 6.368481 109.505333 -1.684758
v 8.022325 108.345421 -1.801564
v 7.676385 109.315536 -1.263181
v 9.290936 108.236694 -1.247060
v 8.902802 109.124947 -0.734433
v 10.424248 107.943054 -0.540631
v 9.977920 108.843346 -0.088170
v 11.396994 107.479012 0.337253
v 10.900751 108.468803 0.721210
v 12.011663 107.078613 1.282153
v 11.550602 108.090134 1.607234
v 12.394235 106.749603 2.349109
v 12.003307 107.705688 2.628253
v 12.717771 106.210266 3.517184
v 12.361812 107.171478 3.768069
v 12.989334 105.501534 5.005725
v 12.613078 106.509758 5.219569
v 13.136979 104.750214 6.470119
v 12.735094 105.866364 6.638080
v 13.166759 103.982635 7.926532
v 12.769351 105.136604 8.198459
v 12.895052 103.136368 9.792590
v 12.546793 104.395630 10.029483
v 12.143041 102.193916 11.797221
v 11.844562 103.642395 11.982364
v 10.915068 101.355339 13.443484
v 10.604217 102.960495 13.637271
v 9.024055 100.821838 14.567660
v 8.749616 102.447746 14.713328
v 6.740669 100.570259 14.926311
v 6.572232 102.169868 15.110003
v 4.353131 100.411804 15.005168
v 4.243678 102.005928 15.280948
v 3.205199 119.823677 16.979687
v 1.531861 120.084679 17.167065
v 1.360554 111.365059 -1.056539
v 1.315844 113.235695 -0.354390
v 1.415028 109.653122 -1.884786
v 2.966885 111.388107 -1.287404
v 4.524998 111.321953 -1.284192
v 4.309978 113.101257 -0.713498
v 2.849760 113.201859 -0.656026
v 5.957658 111.152603 -1.024487
v 5.684412 112.926796 -0.529805
v 7.235882 110.925369 -0.625821
v 6.921330 112.696617 -0.170033
v 8.383178 110.681015 -0.092175
v 8.025225 112.469612 0.332118
v 9.372633 110.427734 0.532588
v 8.967572 112.212044 0.942492
v 10.219497 110.085815 1.256968
v 9.783191 111.885841 1.661403
v 10.884313 109.718796 2.079677
v 10.431290 111.510078 2.433291
v 11.393304 109.335243 3.019824
v 10.939407 111.130653 3.325633
v 11.817307 108.861450 4.129367
v 11.370164 110.688477 4.420695
v 12.091865 108.288460 5.460467
v 11.696305 110.162903 5.694530
v 12.229713 107.607887 6.947192
v 11.864567 109.644814 7.229014
v 12.261181 107.040527 8.549815
v 11.844894 109.070267 8.867976
v 12.029757 106.478615 10.389651
v 11.539315 108.547096 10.600459
v 11.321508 105.897247 12.203334
v 10.800014 108.014458 12.268344
v 10.055882 105.322472 13.760150
v 9.513990 107.578072 13.747966
v 8.270446 104.875893 14.791705
v 7.844894 107.186111 14.848475
v 6.230164 104.632484 15.359660
v 5.927617 107.000320 15.588771
v 4.082210 104.405930 15.623385
v 3.905842 106.884659 15.905818
v 1.957301 104.328522 15.633258
v 1.303440 115.207695 0.145656
v 2.768174 115.092323 -0.212987
v 3.750182 109.335327 16.169468
v 1.817908 106.822548 15.848887
v 1.771013 109.293434 16.133930
v 1.287037 117.109688 0.232181
v 0.000121 115.297638 0.353152
v 4.176405 114.949081 -0.300191
v 4.107218 116.865196 -0.089917
v 2.724175 117.024590 -0.053136
v 5.502269 114.760162 -0.166379
v 5.408885 116.650703 0.069209
v 6.731730 114.518654 0.152797
v 6.598042 116.401543 0.381099
v 7.800521 114.254150 0.640086
v 7.637338 116.111572 0.854899
v 8.702601 113.994057 1.256495
v 8.520467 115.796692 1.482783
v 9.460521 113.676880 1.962680
v 9.250843 115.457344 2.211482
v 10.057269 113.332153 2.768863
v 9.815460 115.142754 3.022510
v 10.566949 112.980080 3.680591
v 10.287197 114.770782 3.963336
v 10.967328 112.570351 4.738109
v 10.696395 114.370216 5.020030
v 11.315125 112.076859 6.013110
v 11.018884 113.914429 6.239230
v 11.506478 111.544571 7.463473
v 11.197245 113.457176 7.681026
v 11.469032 111.049576 9.107394
v 11.123386 112.997223 9.271014
v 11.143084 110.576561 10.810351
v 10.808866 112.604004 10.954295
v 10.399343 110.103210 12.438197
v 10.053571 112.231453 12.567042
v 9.134553 109.720581 13.868777
v 8.820985 111.941467 13.971141
v 7.521582 109.520493 15.001948
v 7.213232 111.823906 15.138156
v 5.698689 109.430458 15.804034
v 5.493682 111.785469 15.956813
v 3.624807 111.862938 16.367420
v 1.301523 119.100922 0.051593
v 2.721366 119.014328 -0.140866
v 3.474220 114.492767 16.592327
v 1.716163 111.894615 16.398212
v 1.674637 114.608521 16.705296
v 1.340361 121.151489 -0.508968
v 0.000022 121.179619 -0.366459
v 0.000468 119.095222 0.223430
v 4.112242 118.845299 -0.093816
v 4.210567 120.873322 -0.484425
v 2.782969 121.059494 -0.606510
v 5.402528 118.623795 0.115596
v 5.537350 120.635666 -0.203777
v 6.597882 118.331612 0.442660
v 6.762630 120.326157 0.176296
v 7.647357 117.976837 0.915301
v 7.862085 119.988739 0.689189
v 8.543299 117.633850 1.535693
v 8.786129 119.637161 1.315997
v 9.258389 117.326851 2.249957
v 9.577295 119.312477 2.068988
v 9.847181 117.032028 3.103671
v 10.185961 119.009956 2.953876
v 10.314016 116.674065 4.072528
v 10.656164 118.633423 3.987811
v 10.696367 116.228271 5.168918
v 11.015613 118.255508 5.177966
v 10.983109 115.814995 6.420779
v 11.246829 117.806747 6.505641
v 11.104381 115.413712 7.879504
v 11.311272 117.417526 8.030345
v 10.935064 115.037567 9.454860
v 11.052472 117.149063 9.635127
v 10.476206 114.720299 11.061877
v 10.378224 116.886986 11.256900
v 9.674857 114.428925 12.640719
v 9.424282 116.602432 12.725513
v 8.501913 114.140656 14.058009
v 8.205362 116.474770 14.147838
v 6.980085 114.099525 15.247340
v 6.718383 116.526207 15.335322
v 5.311055 114.238029 16.120319
v 5.075468 116.764633 16.239529
v 3.349203 117.055229 16.809505
v 1.599567 117.287804 16.980679
v 0.001658 123.541893 -1.257854
v 4.402327 122.992325 -1.283833
v 5.838964 122.748070 -0.952198
v 7.146435 122.451096 -0.488430
v 8.303384 122.098564 0.097645
v 9.273850 121.732674 0.797932
v 10.121277 121.422035 1.660419
v 10.719907 121.140915 2.633427
v 11.158208 120.826378 3.792210
v 11.463493 120.491455 5.069584
v 11.625622 120.088181 6.506702
v 11.641889 119.737663 8.120875
v 11.367283 119.446739 9.803500
v 10.598072 119.189049 11.435725
v 9.372608 118.978745 12.946055
v 7.980077 118.917343 14.281093
v 6.461590 119.072609 15.467937
v 4.840893 119.419640 16.402607
v 3.385352 139.566177 14.970387
v 3.435922 137.696625 16.237736
v 3.754267 135.942291 17.464710
v 4.716300 134.347794 18.475269
v 6.058845 133.124207 18.854923
v 7.609271 132.344116 18.591236
v 9.174424 132.038757 17.800396
v 10.432162 132.212387 16.711651
v 11.305127 133.002884 15.418766
v 11.678701 134.367432 13.971378
v 11.708187 136.189438 12.420444
v 11.773191 138.078400 10.841755
v 5.301427 139.789902 14.720310
v 5.469009 138.040131 16.111469
v 5.643547 136.472321 17.302509
v 6.007484 135.250809 18.106716
v 6.780105 134.440201 18.425396
v 7.894530 133.946884 18.243206
v 9.072866 133.665192 17.684498
v 10.027087 133.715775 16.946690
v 10.586106 134.328064 16.101658
v 10.727830 135.510498 15.138203
v 10.667283 137.124725 13.799534
v 10.536416 138.852951 12.349415
v 7.202860 139.725876 14.204990
v 7.357112 138.030975 15.595478
v 7.434042 136.223740 16.999836
v 6.856109 135.531982 17.772091
v 7.168438 135.068848 17.979496
v 7.912730 135.044846 17.660282
v 9.010157 134.817795 17.206066
v 9.674562 134.542435 16.898716
v 9.920636 134.923508 16.482914
v 9.322701 135.872391 16.232624
v 9.128213 137.702042 14.842381
v 8.975729 139.437286 13.413334
v -0.000024 109.655136 -1.782147
v 1.459994 108.587418 -2.443463
v 51.982124 113.002823 11.963214
v 51.490253 112.261505 11.850101
v 52.688232 113.692505 11.621165
v 53.405323 114.027603 10.962413
v 53.959118 114.119400 9.993655
v 54.201328 114.057480 8.669597
v 54.137173 113.655174 7.468776
v 53.801834 112.971077 6.602412
v 53.170071 112.119934 6.132693
v 52.466167 111.390694 6.195567
v 51.906898 110.872810 6.762645
v 51.481194 110.629059 7.597323
v 51.221336 110.678345 8.477153
v 51.128532 110.843880 9.376033
v 51.101818 111.061905 10.223048
v 51.102699 111.328964 10.869594
v 51.228836 111.698532 11.421664
v 1.269002 163.398224 18.959934
v 1.153931 163.509064 18.952457
v 1.244233 163.535004 19.000401
v 1.422334 163.435608 19.055775
v 1.273917 163.564529 19.076908
v 1.466313 163.516052 19.202717
v 1.246737 163.578598 19.173267
v 1.389637 163.573380 19.341343
v 1.161786 163.570816 19.227726
v 1.213363 163.564957 19.423725
v 1.048079 163.544266 19.231647
v 0.993197 163.493820 19.465061
v 0.934436 163.507248 19.175770
v 0.829640 163.392746 19.402378
v 0.911359 163.494568 19.094410
v 0.792327 163.347107 19.226856
v 1.087065 163.374023 18.958775
v 1.070921 163.494629 18.958393
v 0.973609 163.487244 19.007618
v 0.898767 163.371521 19.052265
v 1.094693 163.547165 19.054111
v 0.000001 163.250061 20.116627
v 0.000001 165.456970 19.732367
v 0.000001 166.736740 19.157644
v -0.000666 152.675262 10.168141
v 0.000029 176.124741 18.049276
v -0.000253 178.226837 16.305609
v -0.028918 148.593277 -3.270518
v -0.024875 150.196548 -2.413417
v 0.008042 136.446060 -5.174435
v -0.009645 133.738953 -4.639187
v -0.007034 128.590469 -3.161770
v 0.000008 104.186607 15.583484
v 0.000003 109.235779 16.071888
v -0.000083 114.764053 16.688793
v 0.000039 120.157616 17.178928
v 5.001252 167.805908 16.262854
v 5.000765 167.988220 16.219091
v 4.990118 167.628601 16.322500
v 4.878036 167.391861 16.305090
v 4.576803 167.098877 16.271399
v 4.121531 166.789810 16.306051
v 3.538774 166.586945 16.426413
v 5.016325 168.086014 16.186285
v 5.026959 168.413895 16.191046
v 4.983007 168.822235 16.204062
v 4.806135 169.163208 16.206884
v 4.585145 169.400848 16.250769
v 4.239038 169.569672 16.347265
v 3.817067 169.657150 16.461096
v 2.908006 166.568558 16.457159
v 2.368740 166.628235 16.459021
v 1.931125 166.748062 16.468008
v 1.643760 166.871689 16.466177
v 1.464108 166.995636 16.464773
v 1.372162 167.222260 16.457663
v 1.447285 167.630676 16.442724
v 1.756874 168.270309 16.424810
v 2.183847 168.899017 16.489157
v 2.703840 169.387543 16.515585
v 3.272141 169.614212 16.513449
v 4.963469 167.731873 15.250799
v 5.025657 167.951248 15.244741
v 4.888439 167.526703 15.265295
v 4.770928 167.298050 15.308050
v 4.537421 166.981415 15.354971
v 4.115175 166.644760 15.378164
v 3.558974 166.455887 15.410452
v 5.063863 168.144684 15.247091
v 5.057584 168.504501 15.248281
v 4.963118 168.944901 15.307302
v 4.781562 169.283218 15.359365
v 4.536096 169.553070 15.380667
v 4.187839 169.725494 15.395468
v 3.779633 169.824951 15.430304
v 2.932780 166.462585 15.416998
v 2.397678 166.546768 15.420050
v 1.967428 166.689713 15.424444
v 1.686585 166.820847 15.429861
v 1.511326 166.945724 15.430059
v 1.420465 167.178787 15.427313
v 1.496186 167.602997 15.420919
v 1.798106 168.288940 15.414618
v 2.204477 168.960190 15.428976
v 2.708105 169.487457 15.435873
v 3.256523 169.763199 15.438711
v 4.442173 167.760986 14.418142
v 4.473628 167.901688 14.412298
v 4.399020 167.636841 14.425573
v 4.329261 167.505020 14.439215
v 4.179448 167.339737 14.450598
v 3.916944 167.170471 14.459784
v 3.576959 167.068161 14.469473
v 4.486718 168.047638 14.411169
v 4.474032 168.280594 14.417135
v 4.417890 168.552933 14.442785
v 4.310487 168.757568 14.459478
v 4.163828 168.918961 14.471792
v 3.952568 169.021500 14.472570
v 3.706129 169.069107 14.472662
v 3.203533 167.073029 14.473257
v 2.886835 167.123657 14.472219
v 2.638607 167.210464 14.475531
v 2.478583 167.292206 14.471319
v 2.378996 167.368759 14.469671
v 2.320789 167.503967 14.471029
v 2.363409 167.750122 14.474508
v 2.543773 168.147858 14.480337
v 2.781974 168.541046 14.480856
v 3.076272 168.852219 14.483007
v 3.396057 169.025940 14.473913
v 3.581885 167.953461 14.276587
v -0.000005 180.045731 3.548437
v -0.305626 161.359161 16.346226
v -0.297983 159.810776 16.278248
v -0.622589 159.826294 16.284260
v -0.645067 161.415955 16.332172
v -0.909334 161.428574 16.312382
v -1.230202 161.417740 16.256550
v -1.205923 159.804382 16.195881
v -1.545655 161.408203 16.168491
v -1.890392 161.418533 16.013004
v -2.236461 161.477417 15.902028
v -1.537641 159.799515 16.058170
v -1.892496 159.800934 15.943471
v -2.238816 159.856003 15.838155
v -2.509791 159.938934 15.779073
v -2.751098 160.252304 15.712148
v -2.722857 161.311172 15.710118
v -2.504635 161.541214 15.814412
v -0.917438 159.815125 16.277470
v 0.000049 161.321991 16.316517
v -0.000098 159.770889 16.245518
v 0.305598 161.359207 16.345982
v 0.645071 161.416000 16.331730
v 0.909355 161.428528 16.312565
v 1.230213 161.417801 16.256397
v 1.206013 159.804535 16.196903
v 0.917413 159.815323 16.277546
v 1.545693 161.408203 16.168461
v 1.890382 161.418335 16.013813
v 2.236470 161.477463 15.901601
v 2.751103 160.252274 15.712148
v 2.510019 159.939072 15.779775
v 2.722844 161.311203 15.710103
v 2.504568 161.541122 15.814641
v 0.297877 159.810760 16.278751
v 0.622486 159.826202 16.283985
v 1.537748 159.799576 16.058689
v 1.892417 159.800720 15.943440
v 2.238498 159.855896 15.837773
v -0.262443 161.504684 12.506841
v -0.258213 159.795380 12.743810
v -0.516837 159.860489 12.748525
v -0.549891 161.548813 12.503896
v -0.769816 161.557297 12.505971
v -1.031127 161.542419 12.513249
v -0.958559 159.912323 12.712102
v -1.281405 161.530609 12.509313
v -1.567312 161.541504 12.519231
v -1.865205 161.589127 12.513341
v -1.218864 159.904587 12.672414
v -1.513067 159.910049 12.628102
v -1.804331 159.957489 12.588933
v -2.059973 160.020676 12.580525
v -2.292405 160.344864 12.572164
v -2.313473 161.388458 12.538655
v -2.122351 161.639862 12.526830
v -0.739097 159.902161 12.738957
v -0.000048 161.475555 12.537068
v -0.000031 159.761520 12.751988
v 0.262294 161.504700 12.507100
v 0.550162 161.549072 12.503758
v 0.769976 161.557312 12.506383
v 1.030671 161.542435 12.513051
v 0.958546 159.912231 12.712880
v 0.738992 159.902115 12.739537
v 1.280975 161.530548 12.508840
v 1.567061 161.541504 12.518666
v 1.862681 161.588425 12.506444
v 2.292374 160.344818 12.572011
v 2.059756 160.021072 12.578893
v 2.313449 161.388428 12.538548
v 2.119383 161.639053 12.525334
v 0.258290 159.795349 12.743932
v 0.517056 159.860672 12.748677
v 1.218801 159.904312 12.672704
v 1.512836 159.910141 12.626805
v 1.803997 159.957718 12.587972
v -0.000070 160.683548 11.223424
v -0.334174 160.539536 18.387074
v -0.000091 160.500137 18.366108
v -0.287572 160.362289 18.121037
v -0.658147 160.412399 18.119755
v -0.741449 160.636536 18.293812
v -1.095972 160.652283 18.171757
v -1.544413 160.598984 17.993671
v -1.023090 160.412735 18.050556
v -1.958070 160.554230 17.779804
v -2.367073 160.571609 17.482121
v -2.704280 160.630127 17.213825
v -1.381010 160.407852 17.878651
v -1.785172 160.408875 17.633747
v -2.191653 160.444107 17.300312
v -2.551956 160.410995 17.005558
v -2.846081 160.383987 16.874561
v -3.060263 160.510574 16.868809
v -3.068826 160.719925 16.910664
v -2.909645 160.724731 17.016987
v 0.000186 160.326248 18.126560
v 0.334162 160.539383 18.387272
v 0.741352 160.636566 18.293781
v 1.096102 160.652130 18.171894
v 1.544819 160.598541 17.994022
v 1.380853 160.407715 17.878468
v 1.023036 160.412674 18.050480
v 1.958152 160.554016 17.779972
v 2.367140 160.571625 17.482105
v 2.704307 160.629990 17.213917
v 3.060265 160.510559 16.868824
v 2.846084 160.384018 16.874546
v 3.068820 160.719940 16.910679
v 2.909689 160.724655 17.017033
v 0.658181 160.412247 18.119312
v 0.288334 160.362289 18.120777
v 1.785100 160.408859 17.633732
v 2.191714 160.444107 17.300312
v 2.551971 160.411011 17.005619
v -4.859684 167.898193 16.572805
v -4.882010 168.008987 16.488043
v -4.831932 167.781540 16.653296
v -4.767948 167.647141 16.754629
v -4.610343 167.437073 16.942984
v -4.231136 167.198212 17.168631
v -3.661173 167.094772 17.270559
v -4.883311 168.025116 16.458700
v -4.893816 168.171738 16.581457
v -4.832669 168.366287 16.728796
v -4.663267 168.527313 16.853964
v -4.444592 168.675095 16.978018
v -4.153772 168.771927 17.103430
v -3.824819 168.822250 17.200079
v -3.107366 167.139252 17.242025
v -2.652268 167.210815 17.221899
v -2.286687 167.259613 17.163260
v -2.054036 167.332565 17.100302
v -1.911249 167.408295 17.062063
v -1.852075 167.514084 17.038275
v -1.951745 167.688995 17.088934
v -2.215540 168.043564 17.217794
v -2.533017 168.395584 17.309591
v -2.926192 168.674103 17.329351
v -3.383766 168.815140 17.277914
v 4.882047 168.008774 16.488043
v 4.859735 167.898117 16.572714
v 4.831937 167.781540 16.653280
v 4.767965 167.647171 16.754599
v 4.610324 167.437012 16.942968
v 4.231137 167.198135 17.168676
v 3.661193 167.094772 17.270620
v 4.883276 168.025070 16.458776
v 4.893821 168.171768 16.581411
v 4.832665 168.366302 16.728811
v 4.663303 168.527359 16.853933
v 4.444591 168.674988 16.978033
v 4.153788 168.771774 17.103506
v 3.824903 168.822250 17.200064
v 3.107383 167.139297 17.242025
v 2.652235 167.210754 17.221869
v 2.286613 167.259552 17.163198
v 2.054063 167.332550 17.100332
v 1.911185 167.408234 17.062017
v 1.852055 167.514084 17.038244
v 1.951799 167.689072 17.088964
v 2.215429 168.043472 17.217642
v 2.532947 168.395630 17.309530
v 2.926202 168.674088 17.329412
v 3.383709 168.815033 17.277990
v -58.314583 102.415268 18.180134
v -61.719448 105.946213 14.936809
v -62.257492 105.948761 13.868297
v -61.362988 105.860634 13.033450
v -62.015587 105.973984 11.592212
v -61.744003 105.703140 9.407802
v -64.592361 102.247070 9.389209
v -61.604607 105.775932 10.799121
v -58.849480 102.642036 17.217449
v -57.554462 108.409912 15.979251
v -67.027557 101.512970 16.121288
v -67.009430 101.816811 16.011402
v -56.861992 109.470810 15.215053
v -62.681271 107.071747 14.235026
v -66.835800 100.870300 12.141437
v -62.344833 107.872551 11.658626
v -62.849422 106.978172 11.988009
v -67.075371 101.473412 11.828372
v -66.431953 100.804863 11.682017
v -62.072464 107.314064 9.609759
v -64.894516 102.172951 9.898364
v -65.297966 102.303391 9.588252
v -58.914040 102.415169 17.845219
v -58.664799 102.769035 18.319645
v -57.522541 107.068741 15.028819
v -53.272495 110.019424 10.698504
v -61.832249 108.336388 13.785113
v -62.459568 106.634163 9.761744
v -67.151619 100.920074 11.469928
v -65.227470 102.760605 9.494746
v -66.539162 101.434746 16.560772
v -66.311043 101.308151 15.970965
v -67.908180 100.992104 13.769580
v -67.582443 100.680397 14.481982
v -67.445679 100.323921 13.773646
v -67.927017 100.489403 13.714793
v -58.106155 102.624557 18.094463
v -58.226501 102.801476 18.191189
v -58.439991 102.510933 18.254620
v -58.547157 102.451797 18.126820
v -58.385841 102.373878 18.031948
v -58.073860 102.364319 17.967808
v -62.043961 105.868927 15.077365
v -62.247673 105.948471 14.785533
v -62.165798 106.092453 14.683375
v -61.565746 106.044296 15.441134
v -61.958000 105.904427 15.451884
v -60.884079 106.159660 14.992808
v -60.845478 106.324150 15.411807
v -61.596542 105.989464 14.457316
v -60.870590 106.137825 14.547732
v -62.084373 106.042412 14.353885
v -62.763226 105.700783 13.735080
v -62.655254 105.633507 13.492816
v -62.160736 105.899994 13.503604
v -61.408463 105.881226 13.584514
v -61.525597 105.975571 14.009555
v -62.597519 106.086288 13.952678
v -62.935188 105.830383 13.906291
v -62.379932 106.173538 14.293132
v -61.131794 106.014183 12.476230
v -60.514400 106.261230 12.516482
v -60.569443 106.153870 13.087276
v -62.135647 105.871147 13.191066
v -60.684959 106.150078 13.606303
v -61.813000 105.925041 12.662646
v -61.640514 106.018661 12.353923
v -62.226059 105.867424 12.872317
v -62.281548 106.119347 11.831592
v -62.463547 105.966759 11.652263
v -62.340786 105.834229 11.436030
v -61.977989 106.076721 11.984172
v -62.245354 106.235268 11.992969
v -61.586807 105.855957 11.483943
v -61.596119 106.004433 11.968005
v -62.283722 105.731949 11.156611
v -61.965805 105.827995 11.098857
v -61.960838 105.816528 9.630656
v -62.247131 105.475601 9.496577
v -62.120865 105.354004 9.268085
v -62.061981 105.283531 8.988711
v -61.630459 105.602402 9.009082
v -61.215923 105.701553 9.061847
v -61.307568 105.724571 9.532107
v -61.425144 105.795738 10.124225
v -61.740158 105.849960 10.057849
v -61.936451 105.963737 10.060260
v -64.619423 102.172523 9.556888
v -64.819412 102.108238 9.495662
v -64.710915 102.235954 9.296153
v -64.407799 102.453094 9.324328
v -64.379524 102.422485 9.538692
v -64.502304 102.481033 9.162227
v -62.027401 105.811470 10.711589
v -61.848164 105.862091 10.444186
v -60.923138 105.894012 10.114207
v -60.991104 105.828018 10.741389
v -61.044556 105.882217 11.386043
v -58.768963 102.959389 16.971783
v -58.515034 102.778999 16.934185
v -58.690773 102.469765 17.263622
v -58.995846 102.690865 17.364079
v -58.984039 103.123444 17.105061
v -58.848797 102.426353 17.502094
v -57.242222 107.735207 16.423656
v -56.893471 107.846443 16.655743
v -56.928604 108.449074 16.252590
v -56.937283 108.956482 15.752322
v -57.651062 108.970451 15.575747
v -57.743771 108.022011 15.938693
v -57.452461 107.547295 16.245686
v -67.022743 101.603416 16.215672
v -67.045265 101.626244 16.077824
v -67.008347 101.553535 16.000446
v -66.945847 101.436363 15.948283
v -66.993111 101.425362 16.136616
v -67.008064 101.528793 16.300831
v -66.876450 102.028214 15.965693
v -66.850822 101.916267 15.776591
v -67.017387 101.705315 15.902095
v -67.040024 101.789543 16.150936
v -66.891983 102.066719 16.181332
v -57.339592 109.897530 14.676120
v -58.004414 109.660088 14.764689
v -57.765831 109.333488 15.192073
v -56.176476 109.947380 14.869487
v -56.751022 110.222153 14.452815
v -62.647732 107.440666 14.345485
v -62.465103 107.702095 14.026866
v -62.717068 107.466164 13.914874
v -62.833492 106.858894 14.480800
v -62.929676 107.161423 14.611491
v -62.646774 106.669540 14.334544
v -62.728859 106.564560 14.467395
v -62.794056 106.906158 14.020755
v -62.678219 106.611633 14.156695
v -62.985703 107.281242 13.848193
v -66.651840 100.986237 12.211581
v -66.803017 101.112488 12.244456
v -66.951790 100.935097 12.128505
v -66.968925 100.798050 11.943202
v -66.803276 100.785072 12.007663
v -66.550446 100.878281 12.068057
v -62.736855 107.615211 12.022517
v -62.727383 107.995659 12.474826
v -62.190552 108.228485 12.330989
v -62.326889 108.006340 10.855433
v -62.755039 107.790581 10.879558
v -62.754635 107.553520 11.494647
v -62.841347 107.273895 11.814105
v -62.993538 107.087074 11.699412
v -62.815838 106.821701 11.912890
v -62.701908 106.601440 12.016414
v -62.783634 106.568222 12.090358
v -62.985714 106.887627 12.147609
v -63.002087 107.458450 12.149913
v -63.248783 107.289978 12.301196
v -62.690239 106.564835 11.992740
v -66.948517 101.740715 11.806819
v -66.970673 101.678902 11.638347
v -67.118179 101.360992 11.702014
v -67.195808 101.162491 11.830859
v -67.083740 101.380753 11.943004
v -66.920303 101.705536 11.953685
v -66.219330 100.951904 11.606601
v -66.199875 101.001732 11.844111
v -66.483025 100.813461 11.857493
v -66.568748 100.767319 11.577807
v -66.321648 100.935432 11.404513
v -66.723656 100.725952 11.794269
v -62.488613 107.121193 9.896678
v -62.646152 107.586845 10.259379
v -62.201580 107.769356 10.165042
v -62.420605 106.888611 9.465137
v -61.649208 108.064148 10.043986
v -61.502274 107.769684 9.417239
v -61.972248 107.373230 8.919131
v -62.414612 107.062111 8.930255
v -61.445995 107.711029 8.777179
v -65.037048 102.223198 9.912478
v -65.052528 102.114380 9.688052
v -64.871178 102.094696 9.739276
v -64.739182 102.287888 9.957965
v -64.886505 102.421417 10.028834
v -64.661331 102.182411 9.794322
v -65.298302 102.334114 9.413196
v -65.162666 102.215759 9.390582
v -65.203468 102.203392 9.635386
v -65.192711 102.324272 9.848842
v -65.323647 102.403770 9.744082
v -65.306114 102.499893 9.556430
v -58.884956 102.406227 17.941677
v -59.071568 102.628578 17.937405
v -59.051849 102.580383 17.798847
v -58.975357 102.495377 17.663067
v -58.819664 102.338654 17.750858
v -58.720707 102.287346 17.854565
v -58.563511 102.630051 18.308613
v -58.402634 102.932976 18.256054
v -58.592464 103.037949 18.270466
v -58.796459 103.042595 18.278439
v -58.813881 102.707916 18.305042
v -58.700401 102.525108 18.149250
v -57.506580 107.076202 14.498668
v -56.890797 106.950745 14.409839
v -56.942787 106.779442 14.855144
v -58.170185 107.185852 14.995578
v -58.126644 107.207504 14.575030
v -57.396782 106.723145 15.378718
v -57.507187 106.926445 15.655368
v -57.710331 107.250084 15.422717
v -57.021652 106.476608 15.171962
v -58.241699 107.277290 15.347140
v -52.636124 110.534607 10.489421
v -52.487049 110.781952 11.084147
v -52.908760 110.463921 11.392055
v -53.137638 110.225487 11.823947
v -53.512608 109.738121 11.370486
v -53.370792 109.915237 9.929851
v -52.757381 110.419426 9.908885
v -62.492947 107.938332 13.640475
v -62.173485 107.978539 14.299464
v -61.857559 108.213417 14.735942
v -61.312561 108.562767 14.390216
v -60.699299 108.980499 14.087718
v -61.125923 108.893364 13.488147
v -61.483322 108.928291 12.843608
v -62.108734 108.563721 12.973605
v -62.655651 108.251534 13.065364
v -62.545345 106.573822 9.905757
v -62.802811 106.969734 10.001285
v -62.320671 106.315956 9.952891
v -62.348438 106.298546 9.965365
v -62.701111 106.591003 9.347774
v -62.560036 106.323410 9.544017
v -62.388565 106.128036 9.714580
v -67.045914 101.071465 11.339816
v -66.964294 100.923828 11.287845
v -67.084305 100.886192 11.530330
v -67.168106 100.942253 11.771136
v -67.219673 100.988800 11.633037
v -67.109100 101.222122 11.507388
v -65.238762 102.624725 9.397265
v -65.229652 102.735588 9.619182
v -65.117928 103.043076 9.613032
v -65.142166 103.020195 9.430194
v -65.113571 102.932037 9.265262
v -66.694199 101.452377 16.565365
v -66.709061 101.326332 16.397106
v -66.496353 101.351868 16.444736
v -66.166977 101.538727 16.505825
v -66.292221 101.616547 16.645382
v -66.471710 101.687263 16.722363
v -66.439308 101.302055 15.881885
v -66.189903 101.475082 15.747005
v -66.082420 101.456238 15.924808
v -66.359138 101.285088 16.115276
v -66.569092 101.247025 16.056614
v -66.057739 101.458496 16.126278
v -67.969688 100.901184 13.886065
v -67.791985 101.262047 13.911799
v -67.771233 101.265549 13.763545
v -67.728485 101.213051 13.619235
v -67.899956 100.892197 13.667804
v -68.047073 100.706924 13.806994
v -67.721573 100.671310 14.392230
v -67.737938 100.512192 14.344119
v -67.501060 100.567924 14.436084
v -67.218712 100.765930 14.508395
v -67.405632 100.888466 14.536723
v -67.559143 100.966934 14.475612
v -67.483704 100.329758 13.901355
v -67.681702 100.361763 13.841090
v -67.564560 100.364067 13.693240
v -67.356041 100.432449 13.567340
v -67.258125 100.365929 13.735240
v -67.232071 100.358635 13.932406
v -67.850197 100.558174 13.575641
v -67.716522 100.442490 13.606570
v -67.836578 100.418282 13.772647
v -68.000839 100.538940 13.792537
v -67.921852 100.616020 13.632609
v -67.921036 100.450920 13.905566
v -67.976334 100.523315 14.021609
v -68.024673 100.614754 13.886119
v -67.766762 100.387810 13.992427
v -67.845871 100.444405 14.136958
v -67.884300 100.563812 14.230212
v -67.979515 100.632599 14.109462
v -67.548264 100.360504 14.072024
v -67.645004 100.411057 14.236209
v -67.267174 100.403206 14.134151
v -67.367386 100.473534 14.312076
v -66.956474 100.541779 14.177630
v -67.058907 100.644264 14.373904
v -66.606621 100.855209 14.166087
v -66.727539 100.946213 14.394061
v -66.922043 101.058762 14.535823
v -67.151550 101.175636 14.564548
v -66.312416 101.444374 14.317988
v -66.512512 101.557220 14.484050
v -66.749016 101.679329 14.555682
v -66.976196 101.819916 14.500667
v -67.360367 101.327560 14.436931
v -66.094513 102.168320 14.352542
v -66.296387 102.260582 14.451228
v -66.538826 102.376427 14.472178
v -66.799385 102.496567 14.424945
v -67.176704 101.953453 14.361491
v -65.938545 102.781876 14.407405
v -66.198067 102.913055 14.401263
v -66.439262 103.032684 14.324191
v -66.639565 103.115799 14.177783
v -67.001106 102.575745 14.273234
v -65.880745 103.425423 14.325145
v -66.117195 103.553490 14.185481
v -66.281326 103.623062 13.993159
v -66.365761 103.632034 13.760821
v -66.744492 103.128296 13.909862
v -65.734566 104.068970 14.125339
v -65.908813 104.146675 13.933864
v -66.008461 104.159012 13.707881
v -66.033806 104.119225 13.467677
v -66.385132 103.594940 13.513637
v -65.417793 104.655823 14.030597
v -65.568787 104.716194 13.779300
v -65.613976 104.693687 13.472751
v -65.641098 104.644325 13.145091
v -65.987045 104.039024 13.237231
v -65.147034 105.275421 13.762897
v -65.177406 105.232201 13.396525
v -65.192703 105.185005 13.014483
v -65.069221 105.059601 12.700442
v -65.526421 104.524040 12.869891
v -64.806778 105.797745 13.297145
v -64.766022 105.715538 12.978335
v -64.636879 105.577209 12.723506
v -64.461800 105.429474 12.528789
v -64.852676 104.900742 12.545756
v -64.293114 106.292404 12.981303
v -64.193138 106.122963 12.740336
v -64.049187 105.926559 12.493434
v -63.794197 105.729095 12.370852
v -64.200058 105.263496 12.474360
v -63.752197 106.648354 12.633265
v -63.624073 106.374542 12.389987
v -63.390263 106.132286 12.260768
v -63.139362 105.938675 12.292888
v -63.533127 105.572083 12.391879
v -63.308662 106.701836 12.256122
v -63.054665 106.408348 12.178248
v -62.814930 106.194420 12.226184
v -62.602131 106.048599 12.377574
v -62.939613 105.796921 12.443278
v -62.584763 106.345741 12.150966
v -62.368382 106.186630 12.266208
v -62.125633 106.056160 12.426517
v -62.403759 105.914429 12.578929
v -62.498802 106.388321 12.077868
v -62.274193 106.235519 12.140826
v -62.005291 106.108040 12.233470
v -62.480259 106.361053 12.018344
v -62.739105 106.475334 11.910075
v -62.516529 106.283768 11.909480
v -62.892849 106.329704 11.819301
v -62.653740 106.121811 11.794238
v -63.163765 106.043785 11.783977
v -62.938801 105.797852 11.751422
v -62.775383 105.614441 11.625674
v -63.328384 105.420921 11.766025
v -63.178951 105.240410 11.650493
v -63.061848 105.108330 11.492236
v -62.657387 105.470863 11.446368
v -62.991234 105.027107 11.266612
v -62.599876 105.378792 11.200236
v -62.978180 105.009422 10.989070
v -62.613972 105.364365 10.908160
v -62.300858 105.685577 10.849025
v -62.688530 105.411552 10.611278
v -62.381504 105.710342 10.538196
v -62.134678 105.881332 10.406360
v -62.529457 105.810257 10.268962
v -62.290127 106.008453 10.170802
v -62.135715 106.111412 10.067592
v -61.985966 105.965652 10.227450
v -62.123024 106.119102 10.056460
v -62.144913 105.964096 9.755351
v -62.630947 105.821877 9.619998
v -62.409534 105.643494 9.627910
v -63.023106 105.386948 9.634898
v -62.795200 105.210327 9.627810
v -62.622417 105.048683 9.499202
v -63.237144 104.742523 9.688266
v -63.100712 104.638634 9.515834
v -63.006702 104.563087 9.315463
v -62.526745 104.931480 9.290072
v -62.953770 104.517853 9.090671
v -62.493984 104.865562 9.045924
v -62.937271 104.497383 8.853709
v -62.520561 104.860939 8.788051
v -62.073589 105.284843 8.720119
v -62.609440 104.915848 8.529742
v -62.152325 105.352562 8.465571
v -61.686008 105.690964 8.473605
v -61.620270 105.612968 8.722507
v -61.254921 105.911545 8.409823
v -61.177383 105.753426 8.686564
v -60.798431 106.162346 8.293422
v -60.709862 105.978600 8.608890
v -60.731812 105.857224 9.019305
v -60.805702 105.827751 9.531795
v -60.154545 106.284851 8.472026
v -60.139694 106.166794 8.917720
v -60.221611 106.112526 9.453624
v -60.329185 106.181961 10.055339
v -59.685524 106.685867 8.821635
v -59.728256 106.595680 9.338725
v -59.754227 106.546806 9.963580
v -59.805634 106.529968 10.632991
v -60.371311 106.146637 10.696429
v -59.175873 106.791870 9.257808
v -59.181480 106.782242 9.895000
v -59.222229 106.754524 10.584834
v -59.297112 106.771446 11.228152
v -59.856106 106.543411 11.262340
v -58.682133 107.062462 9.855571
v -58.725868 107.059380 10.534099
v -58.797997 107.080017 11.185702
v -58.827862 107.094254 11.843883
v -59.320866 106.786880 11.862193
v -58.215847 107.402939 10.495341
v -58.281086 107.422874 11.147891
v -58.302933 107.398941 11.813632
v -58.280380 107.370628 12.464938
v -58.810383 107.122643 12.499568
v -57.648788 107.604332 11.135180
v -57.670200 107.534477 11.757365
v -57.657528 107.506302 12.374621
v -57.621964 107.362686 12.951198
v -58.226120 107.301811 13.067012
v -56.997498 107.706726 11.719279
v -57.014263 107.611717 12.231456
v -56.995758 107.457092 12.792064
v -56.942047 107.266708 13.371570
v -57.548115 107.223137 13.498775
v -56.263653 107.625946 12.233195
v -56.283520 107.426971 12.735805
v -56.311287 107.213135 13.274310
v -56.342751 107.019501 13.812816
v -56.903942 107.085861 13.887149
v -55.584248 107.561104 12.855624
v -55.685417 107.329628 13.369540
v -55.811977 107.099770 13.920970
v -55.940132 106.887115 14.498431
v -56.376160 106.883080 14.391978
v -55.121159 107.423958 13.593493
v -55.324810 107.173080 14.145610
v -55.555965 106.942657 14.698939
v -55.750366 106.621201 15.128718
v -56.094498 106.615929 14.937594
v -54.919983 107.311852 14.454028
v -55.207119 107.040939 14.954455
v -55.459854 106.721458 15.387355
v -55.725880 106.334145 15.720614
v -55.986160 106.292007 15.506099
v -54.967487 107.251877 15.259936
v -55.258823 106.909431 15.653041
v -55.553806 106.474052 15.949672
v -55.841534 105.919243 16.193859
v -55.992130 105.816856 15.966350
v -55.164436 107.146896 15.902141
v -55.459560 106.658379 16.173817
v -55.766258 106.069885 16.423809
v -56.098900 105.432205 16.713718
v -56.152458 105.301208 16.447285
v -55.471821 106.902519 16.384281
v -55.768665 106.251579 16.641407
v -56.173733 105.627632 16.926662
v -56.542595 104.984810 17.227200
v -56.441769 104.811958 16.990627
v -55.863960 106.479149 16.854946
v -56.301613 105.832405 17.074917
v -56.710487 105.174446 17.412289
v -57.089752 104.526329 17.706997
v -56.888504 104.400887 17.479763
v -56.504826 106.050827 17.200871
v -56.926632 105.366867 17.544376
v -57.340599 104.686569 17.852543
v -57.784966 104.007477 17.966999
v -57.540676 103.848053 17.871014
v -57.227772 105.555717 17.604946
v -57.640179 104.864655 17.885960
v -58.054443 104.176949 17.993015
v -58.328979 103.696976 18.059963
v -58.083179 103.564705 18.033817
v -57.918835 105.005142 17.814655
v -58.309334 104.309853 17.939137
v -58.575390 103.800941 18.026058
v -58.725422 103.417854 18.143963
v -58.488251 103.361656 18.158451
v -58.532955 104.410614 17.822430
v -58.771927 103.833130 17.939396
v -58.962887 103.439613 18.016079
v -59.029156 102.970856 18.199085
v -58.974068 103.890030 17.763142
v -59.119976 103.459839 17.915928
v -59.152405 103.014175 18.056431
v -59.032928 102.665688 18.093960
v -58.880463 102.723328 18.213360
v -59.194130 103.430046 17.709454
v -59.206123 102.996056 17.861416
v -59.201828 103.367149 17.491848
v -59.192261 102.915848 17.682163
v -59.131187 103.264389 17.285213
v -59.118668 102.807335 17.511074
v -59.047611 103.859024 17.261898
v -58.965210 103.777138 17.004032
v -58.795124 103.637985 16.794735
v -58.646820 104.363914 16.775097
v -58.474400 104.219299 16.538166
v -58.238136 104.047401 16.380032
v -58.544392 103.459076 16.644779
v -57.935226 103.868095 16.307690
v -58.245266 103.259552 16.582066
v -57.592243 103.704063 16.368298
v -57.923279 103.084503 16.631542
v -58.234650 102.633820 16.971371
v -58.477180 102.353798 17.317677
v -57.639210 102.995583 16.804585
v -57.965244 102.566345 17.104145
v -58.273613 102.289871 17.431164
v -58.537720 102.221504 17.694378
v -58.676361 102.289780 17.581776
v -57.775383 102.595627 17.313557
v -58.110237 102.292557 17.590336
v -58.440857 102.213409 17.825306
v -58.664997 102.287048 17.957966
v -58.070320 102.312202 17.805874
v -58.381760 102.259254 17.969326
v -58.611324 102.325188 18.075489
v -58.765034 102.473244 18.166401
v -58.850456 102.419357 18.051594
v -57.712143 102.705635 17.571316
v -57.762161 102.822670 17.742016
v -57.413345 103.056992 17.355808
v -57.559128 103.184181 17.591465
v -57.651489 103.293144 17.807941
v -57.873173 102.979385 17.927860
v -57.850578 103.428291 17.948673
v -58.038395 103.127609 18.055332
v -58.257854 103.260742 18.139553
v -57.333363 103.721573 17.692974
v -57.170635 103.628067 17.469135
v -56.724239 104.282806 17.159451
v -57.073071 103.546310 17.181591
v -56.713737 104.231201 16.859936
v -56.453529 104.689659 16.722347
v -56.828224 104.242813 16.622135
v -56.574894 104.626678 16.447697
v -56.310108 105.232437 16.185947
v -56.818092 104.650276 16.203213
v -56.542809 105.238815 15.972621
v -56.225212 105.784660 15.760303
v -56.818821 105.309860 15.802218
v -56.517708 105.841194 15.604739
v -56.283817 106.315254 15.370090
v -56.831425 105.928825 15.489749
v -56.610161 106.364296 15.268336
v -56.487679 106.704781 14.840388
v -57.226364 106.092911 15.469615
v -57.422676 105.631714 15.741031
v -57.628487 105.836349 15.912807
v -57.465141 106.341591 15.676005
v -57.129925 105.433350 15.701251
v -57.449780 104.877563 15.998157
v -57.707565 105.056236 16.079891
v -57.129292 104.741859 16.054592
v -57.272182 104.367371 16.282902
v -57.598946 104.491844 16.209377
v -57.009098 104.284050 16.437962
v -57.290920 103.578804 16.560841
v -57.105667 103.519493 16.858616
v -57.459652 102.986778 17.067745
v -57.908348 104.652199 16.283749
v -58.130318 104.793724 16.445263
v -57.888111 105.229752 16.182232
v -58.268463 104.931061 16.659176
v -58.041351 105.406792 16.367863
v -57.744507 105.985992 16.066685
v -58.114113 105.516624 16.620251
v -57.818169 106.147606 16.289005
v -57.634159 106.688683 16.041721
v -57.553120 106.514717 15.841678
v -57.589371 107.115295 15.857364
v -57.608959 106.851601 16.253399
v -57.570606 107.326118 16.057659
v -57.784603 107.711891 15.812755
v -57.772926 107.452812 15.654284
v -58.357815 107.837654 15.770358
v -58.309238 107.505264 15.604968
v -58.908245 107.768745 15.671741
v -58.881767 107.518600 15.481059
v -58.846703 107.350769 15.238383
v -59.484619 107.226822 15.597796
v -59.474380 107.011406 15.310229
v -59.462391 106.872177 14.974185
v -58.816689 107.260727 14.944819
v -59.435455 106.786842 14.597621
v -58.797588 107.218575 14.589625
v -59.392090 106.728813 14.155612
v -58.777538 107.168678 14.159755
v -58.119804 107.237106 14.129886
v -58.781372 107.139839 13.659823
v -58.164326 107.262276 13.619548
v -57.499542 107.137054 14.013515
v -58.787727 107.120377 13.109385
v -59.339592 106.722244 13.650752
v -59.286510 106.738350 13.102328
v -59.271736 106.748657 12.500339
v -59.911209 106.505844 13.086390
v -59.877995 106.537125 12.501216
v -59.878975 106.558182 11.883449
v -60.471626 106.253456 11.926410
v -60.417778 106.174820 11.318492
v -61.080601 106.025673 11.957080
v -60.005398 106.487915 13.620814
v -60.097862 106.483101 14.114963
v -60.799622 106.176186 14.075252
v -60.147625 106.517815 14.575717
v -60.133030 106.586388 14.965869
v -60.135403 106.730080 15.310557
v -60.160492 106.942162 15.603770
v -60.820007 106.578873 15.738795
v -60.833981 106.898300 15.958644
v -61.502247 106.574654 16.022930
v -61.501831 106.271065 15.794703
v -60.190639 107.229332 15.823054
v -60.224262 107.560310 15.955668
v -60.878662 107.253716 16.069553
v -59.506092 107.509598 15.806437
v -59.553143 107.849960 15.889346
v -59.624653 108.190407 15.832286
v -60.283501 107.899849 15.933909
v -58.947094 108.089905 15.761340
v -58.997280 108.423462 15.719440
v -59.064499 108.701012 15.523524
v -59.714535 108.464279 15.650203
v -58.360386 108.196556 15.821956
v -58.328560 108.544975 15.709743
v -58.382221 108.879395 15.485705
v -58.491673 109.168236 15.192233
v -59.171555 108.942352 15.261172
v -59.366592 109.165443 14.915652
v -60.027813 108.880280 15.051974
v -59.831490 108.670731 15.379474
v -58.689762 109.424973 14.821841
v -59.053143 109.697876 14.341891
v -59.704918 109.407875 14.481006
v -58.415894 109.953537 14.231746
v -58.854111 110.022179 13.580089
v -59.439140 109.710602 13.708003
v -57.843914 110.233353 14.134242
v -58.316532 110.322273 13.454516
v -58.734444 110.312668 12.766521
v -59.264423 109.999390 12.908015
v -57.318584 110.522911 13.949222
v -57.808022 110.610085 13.288020
v -58.224888 110.608963 12.605784
v -58.616028 110.662445 11.940051
v -59.124252 110.342552 12.094264
v -57.323853 110.907074 13.083934
v -57.731762 110.916000 12.424617
v -58.108673 110.976044 11.774875
v -58.308800 110.881302 11.073909
v -58.811699 110.532356 11.222522
v -57.254589 111.243759 12.223926
v -57.607147 111.306602 11.597880
v -57.802216 111.229515 10.926684
v -57.918251 111.160896 10.250628
v -58.434769 110.797318 10.375979
v -57.104031 111.642075 11.407512
v -57.290787 111.578972 10.777156
v -57.400963 111.518471 10.132930
v -57.357437 111.432281 9.473254
v -57.890308 111.063477 9.568049
v -56.770145 111.930351 10.621730
v -56.876225 111.870804 10.019015
v -56.834938 111.775970 9.401187
v -56.643333 111.649406 8.802608
v -57.151665 111.306335 8.827426
v -56.328339 112.221024 9.896800
v -56.313259 112.111351 9.337573
v -56.163857 111.974487 8.800738
v -55.932163 111.832771 8.318095
v -56.364037 111.499962 8.280742
v -55.767673 112.477882 9.249560
v -55.693844 112.362762 8.756305
v -55.567684 112.258835 8.261470
v -55.261444 112.060173 7.870921
v -55.644527 111.668282 7.893680
v -55.186253 112.802475 8.664683
v -55.081959 112.690132 8.203479
v -54.793163 112.460953 7.848086
v -54.406601 112.165970 7.739001
v -54.855507 111.774345 7.713550
v -54.501293 113.088387 8.163402
v -54.267998 112.881897 7.820727
v -53.928173 112.590759 7.631816
v -53.547432 112.245453 7.587077
v -54.022892 111.845039 7.705646
v -53.929409 113.175140 7.758517
v -53.609032 112.871063 7.544284
v -53.230671 112.504448 7.515628
v -52.865635 112.126678 7.675723
v -53.175484 111.874817 7.714610
v -52.864899 111.525742 8.003619
v -53.340668 111.125557 8.021640
v -53.655231 111.482391 7.763370
v -52.568726 111.793526 7.991405
v -52.349026 111.539612 8.395518
v -52.641312 111.247414 8.405650
v -52.471718 111.037605 8.853343
v -52.990513 110.597946 8.880420
v -53.124672 110.821342 8.414462
v -52.173492 111.357185 8.836276
v -52.022327 111.242310 9.289981
v -52.330391 110.902519 9.327365
v -52.207176 110.871964 9.816501
v -52.871735 110.449127 9.372386
v -51.892887 111.215118 9.744227
v -51.792286 111.275963 10.201152
v -52.100517 110.955154 10.316699
v -51.720963 111.407570 10.710475
v -52.019089 111.137985 10.851825
v -51.712189 111.619064 11.244121
v -51.995392 111.402016 11.397426
v -52.390144 111.088791 11.664851
v -52.736042 110.839928 11.965449
v -52.110382 111.776100 11.929400
v -52.532753 111.505386 12.174998
v -52.858307 111.279289 12.420703
v -53.079269 111.090172 12.689952
v -52.996166 110.668854 12.284671
v -52.806324 112.000343 12.429591
v -53.128792 111.722824 12.659381
v -53.363651 111.463013 12.954005
v -53.564865 111.197060 13.323840
v -53.197975 110.853256 13.044543
v -53.410648 112.063179 12.691432
v -53.736805 111.769722 13.054034
v -54.039433 111.466133 13.458285
v -54.350613 111.064690 13.807094
v -53.768318 110.877655 13.723338
v -54.143272 112.042252 13.030032
v -54.552425 111.631767 13.374507
v -54.925880 111.191437 13.716792
v -55.287163 110.755997 14.082240
v -54.687016 110.645714 14.210322
v -55.033211 111.758446 13.128802
v -55.459286 111.345032 13.476016
v -55.847488 110.941193 13.824351
v -56.392780 111.145714 13.422153
v -56.835575 110.821838 13.703959
v -56.263832 110.576675 14.159686
v -55.691734 110.331711 14.480700
v -55.971607 111.493561 13.094676
v -56.413532 111.558777 12.576205
v -56.856743 111.212044 12.845263
v -55.522888 111.881950 12.763217
v -55.950691 111.932007 12.276523
v -56.301880 111.954887 11.742244
v -56.784180 111.594543 11.997645
v -55.044006 112.281059 12.443278
v -55.461433 112.341125 11.994960
v -55.800842 112.351959 11.493197
v -56.072758 112.360916 10.981708
v -56.598263 111.994560 11.203441
v -54.940422 112.745399 11.707957
v -55.270172 112.763039 11.237872
v -55.518406 112.742065 10.749255
v -55.673767 112.679016 10.255374
v -56.222435 112.285393 10.449115
v -54.716423 113.153603 10.959743
v -54.941635 113.118835 10.503383
v -55.092667 113.058258 10.046412
v -55.178150 112.974472 9.587092
v -55.765678 112.594521 9.752040
v -54.402962 113.538414 10.251330
v -54.533466 113.468842 9.829082
v -54.613388 113.383675 9.407184
v -54.647083 113.304054 8.990291
v -55.196209 112.873650 9.128245
v -54.165825 113.736710 9.680232
v -54.240292 113.659592 9.282817
v -54.267860 113.588615 8.895518
v -54.245941 113.509949 8.497302
v -54.616215 113.212448 8.572185
v -54.142868 113.383675 8.101535
v -54.049580 113.814705 10.085902
v -54.210339 113.593323 10.681796
v -53.870014 113.874268 10.498012
v -53.949238 113.601608 11.106944
v -53.623692 113.888809 10.913730
v -53.641388 113.535400 11.506045
v -53.339191 113.820854 11.313907
v -53.314144 113.385475 11.856349
v -53.045860 113.662018 11.673739
v -52.975403 113.144829 12.130549
v -52.742260 113.410873 11.967608
v -52.644867 112.781822 12.283999
v -52.406895 113.031235 12.154460
v -52.385719 112.295128 12.236766
v -52.088818 112.497940 12.130923
v -51.820850 111.972481 11.774646
v -53.048290 112.413467 12.466807
v -53.339275 112.754555 12.399852
v -53.732651 112.384048 12.695903
v -54.149094 112.589722 12.481143
v -54.596050 112.187050 12.803935
v -53.721306 112.987015 12.167743
v -54.082550 113.096870 11.808406
v -54.555466 112.684692 12.126826
v -54.426483 113.157799 11.405589
v -55.511482 109.703003 15.154216
v -55.066807 110.187569 14.691676
v -54.846008 109.512505 15.302920
v -54.426102 110.021629 14.730220
v -54.059929 110.489189 14.177562
v -53.952736 109.688492 14.426188
v -53.591232 110.159019 13.874911
v -53.347824 110.547203 13.422702
v -53.327206 109.772049 13.544337
v -53.126099 110.153526 13.068667
v -53.045147 110.439896 12.667270
v -53.189144 109.705513 12.711047
v -53.159649 109.973381 12.263041
v -53.522552 109.220398 12.426707
v -53.519680 109.467880 11.920238
v -54.055168 108.699760 12.230189
v -54.060158 108.926407 11.666331
v -54.096474 109.177383 11.056781
v -54.744068 108.472717 11.475322
v -54.777813 108.680504 10.903560
v -54.757618 108.743607 10.315181
v -54.015099 109.265137 10.450015
v -54.720509 108.774887 9.689860
v -54.060257 109.333603 9.818912
v -54.662746 108.897789 9.076556
v -54.044903 109.388992 9.226581
v -53.471622 109.960381 9.351375
v -54.037251 109.578659 8.675792
v -53.565117 110.136971 8.842143
v -54.106884 109.895348 8.204417
v -53.678844 110.414734 8.404376
v -54.269562 110.273277 7.828273
v -53.822987 110.714111 7.992541
v -54.539223 110.682121 7.581401
v -54.110725 111.081726 7.729480
v -54.896217 111.076134 7.537608
v -54.471775 111.451393 7.677287
v -55.266190 111.398674 7.672191
v -55.361855 110.688263 7.478168
v -55.696030 111.028824 7.605594
v -56.035686 111.296310 7.877475
v -56.207256 110.678574 7.528705
v -56.530155 110.965408 7.829471
v -56.868935 111.178772 8.256778
v -57.110802 110.604164 7.840755
v -57.443176 110.814697 8.287074
v -57.699165 110.922409 8.895831
v -58.073685 110.375275 8.373858
v -58.285004 110.503815 9.004245
v -58.442997 110.685120 9.679454
v -58.854202 110.053490 9.148768
v -58.984737 110.296082 9.808581
v -58.944904 110.423714 10.512576
v -59.535423 109.921677 9.952685
v -59.464668 110.052849 10.663226
v -59.320461 110.182220 11.377254
v -59.993164 109.683167 10.837840
v -59.847595 109.835052 11.548335
v -59.660103 110.029434 12.253825
v -60.390739 109.464607 11.743892
v -60.222851 109.686050 12.429278
v -59.839741 109.671997 13.062556
v -60.831062 109.317345 12.632327
v -60.469406 109.318069 13.255198
v -60.057983 109.361534 13.868892
v -60.349895 109.082169 14.653934
v -60.991039 108.734703 14.880458
v -60.698189 108.575142 15.234179
v -61.617802 108.381973 15.137813
v -61.389454 108.244049 15.441424
v -61.219284 108.063187 15.700809
v -60.503262 108.378029 15.526828
v -61.082363 107.855865 15.914088
v -60.377338 108.179649 15.782435
v -60.965748 107.581230 16.046055
v -61.760715 107.503189 16.048725
v -61.651459 107.229027 16.128147
v -61.557510 106.909821 16.135021
v -62.216904 106.875404 16.222271
v -62.103867 106.582008 16.185032
v -62.019657 106.295357 16.033039
v -62.504150 106.247681 16.304173
v -62.364468 105.991936 16.149609
v -62.281559 105.777191 15.881602
v -61.963039 106.057709 15.785899
v -62.296040 105.656006 15.535075
v -62.625233 105.460907 15.947993
v -62.628994 105.364227 15.612361
v -62.676083 105.331505 15.293612
v -62.362152 105.622673 15.199779
v -62.785507 105.390518 15.003848
v -62.495682 105.693451 14.912974
v -62.937607 105.541100 14.823108
v -62.650459 105.847153 14.728343
v -62.438747 106.079849 14.619273
v -62.804516 106.069603 14.607066
v -62.604046 106.292648 14.506366
v -62.535736 106.397720 14.405665
v -62.357372 106.204605 14.521083
v -62.556583 106.371437 14.230220
v -62.931988 106.466614 14.037127
v -62.778416 106.250504 14.028338
v -63.282734 106.252289 14.026431
v -63.110428 106.020164 14.004306
v -63.682156 105.892410 14.069682
v -63.474930 105.690208 14.042598
v -63.287594 105.506950 13.935420
v -63.848724 105.243500 14.094897
v -63.650959 105.097054 13.968371
v -63.491138 104.974846 13.759234
v -63.131924 105.365456 13.751361
v -63.400063 104.906052 13.494006
v -63.038528 105.292648 13.503970
v -63.384850 104.892563 13.221774
v -63.018951 105.282402 13.229976
v -62.625782 105.616096 13.221019
v -63.055603 105.302887 12.957980
v -62.668034 105.634262 12.937022
v -63.154396 105.355881 12.711459
v -62.777870 105.689301 12.662044
v -63.320332 105.453171 12.521823
v -63.548470 104.953926 12.749652
v -63.730919 105.034279 12.594836
v -63.948601 105.131943 12.497485
v -64.194992 104.540314 12.689639
v -64.405731 104.639923 12.580768
v -64.630219 104.762657 12.525638
v -64.889374 104.099915 12.674815
v -65.117798 104.231529 12.635783
v -65.338837 104.380096 12.695415
v -65.574097 103.677673 12.767734
v -65.741783 103.807259 12.877460
v -65.887459 103.932503 13.033511
v -66.113358 103.284798 12.937709
v -66.235680 103.405106 13.095363
v -66.330498 103.511230 13.286601
v -66.605347 102.964302 13.087916
v -66.695427 103.062241 13.311969
v -66.729881 103.094177 13.597766
v -67.014946 102.519577 13.415721
v -67.073410 102.559998 13.696185
v -67.103264 102.589157 13.999194
v -67.408775 102.025551 13.756595
v -67.406532 102.037506 13.969707
v -67.330765 102.020912 14.182773
v -67.517761 101.736885 13.972186
v -67.496147 101.659370 14.138774
v -67.442642 101.512573 14.304309
v -67.760475 101.134537 14.226550
v -67.685005 101.036446 14.375094
v -67.964012 100.740227 14.201854
v -67.868370 100.660568 14.332477
v -67.998184 100.813118 14.048053
v -68.084572 100.622673 13.980601
v -67.790627 101.215271 14.069713
v -67.520233 101.732178 13.811709
v -67.503448 101.681885 13.672114
v -67.346138 101.984146 13.570575
v -67.259354 101.911148 13.396068
v -67.474968 101.567734 13.554461
v -66.936012 102.451950 13.181880
v -66.784630 102.342712 13.028476
v -67.147820 101.791542 13.214442
v -66.454811 102.831726 12.947581
v -66.237953 102.687859 12.921046
v -66.555977 102.215561 12.995738
v -65.947227 103.157486 12.841144
v -65.727371 103.024368 12.859378
v -66.026962 102.565132 12.947688
v -65.357925 103.542061 12.770434
v -65.143211 103.434341 12.911586
v -65.514244 102.921402 12.992129
v -64.677826 104.001389 12.802310
v -64.495857 103.934723 12.976268
v -64.943130 103.356216 13.093051
v -64.012573 104.457413 12.835406
v -63.889282 104.411354 13.045421
v -64.379379 103.898857 13.184474
v -63.429348 104.905777 12.967769
v -63.839539 104.408043 13.294475
v -63.841240 104.425926 13.559154
v -64.372772 103.937454 13.651462
v -64.344604 103.900963 13.417888
v -64.734795 103.341492 13.796557
v -64.729118 103.304825 13.539599
v -64.791603 103.307899 13.299556
v -65.098816 102.795456 13.628978
v -65.172058 102.790588 13.382258
v -65.322533 102.840576 13.173556
v -65.501106 102.414017 13.458072
v -65.639153 102.429817 13.237674
v -65.820953 102.475967 13.053477
v -65.989136 101.991074 13.325183
v -66.156120 102.030647 13.166301
v -66.343094 102.110580 13.050776
v -66.499870 101.446350 13.168246
v -66.711777 101.559044 13.075236
v -66.943817 101.669083 13.081897
v -67.093246 101.086899 13.189960
v -67.328468 101.194588 13.244586
v -67.436874 101.383797 13.438968
v -67.584198 101.012062 13.359469
v -67.649261 101.135208 13.478061
v -67.729668 100.777420 13.456233
v -67.836113 100.807350 13.529300
v -68.015366 100.620018 13.692569
v -67.670723 100.680367 13.402896
v -67.403740 100.848381 13.275676
v -67.217155 100.702248 13.325702
v -67.505196 100.536064 13.445987
v -66.873558 100.984581 13.239261
v -66.701401 100.878181 13.404757
v -67.060562 100.588043 13.471660
v -66.323166 101.359955 13.343036
v -66.207001 101.318199 13.578685
v -66.590134 100.817429 13.636622
v -65.878258 101.999306 13.549922
v -65.839722 102.023987 13.785022
v -66.158600 101.317551 13.836444
v -65.427994 102.430855 13.708995
v -65.437431 102.476143 13.957118
v -65.868057 102.058311 14.003551
v -65.112221 102.853607 13.887042
v -65.206230 102.951180 14.111934
v -65.532051 102.550964 14.165347
v -64.811302 103.422989 14.035228
v -64.981812 103.560699 14.211566
v -65.372887 103.082848 14.284678
v -64.440620 104.003288 13.873073
v -64.553482 104.087059 14.074557
v -64.726700 104.209862 14.222102
v -65.221062 103.736633 14.295505
v -63.923107 104.496208 13.819087
v -64.064217 104.601448 14.033244
v -64.247726 104.730820 14.173297
v -64.456703 104.873497 14.204097
v -64.950859 104.366592 14.261340
v -64.073570 105.402252 14.128680
v -64.297371 105.545235 14.029757
v -64.694946 105.032555 14.174861
v -63.884869 106.058243 13.927821
v -64.080978 106.218971 13.751140
v -64.521660 105.683098 13.868411
v -63.450226 106.485413 13.894580
v -63.602150 106.721535 13.694240
v -63.742481 106.908081 13.459895
v -64.257431 106.356979 13.515063
v -63.095692 106.754288 13.950091
v -63.250481 107.074669 13.746776
v -63.388821 107.314537 13.483615
v -63.540001 107.442863 13.136539
v -63.836521 106.980362 13.169520
v -63.138302 107.586357 13.543910
v -63.303318 107.778717 13.121188
v -63.329536 107.636116 12.659083
v -63.527191 107.301376 12.775805
v -62.872402 107.774498 13.606326
v -63.028118 108.026649 13.100902
v -63.083176 107.822594 12.569232
v -63.459301 107.020943 12.478503
v -63.813557 106.874832 12.882609
v -64.328369 106.379745 13.228915
v -64.725288 105.790863 13.628192
v -64.964012 105.196815 14.038447
v -65.186676 104.523689 14.188136
v -65.490273 103.921440 14.258449
v -65.610962 103.251717 14.357707
v -65.703026 102.654251 14.324649
v -65.954300 102.103027 14.194888
v -66.194695 101.363037 14.087962
v -66.557922 100.809418 13.900561
v -66.925873 100.483299 13.943057
v -66.959145 100.509071 13.692348
v -62.959991 106.335670 14.582797
v -63.095222 105.751289 14.697833
v -63.258522 106.018417 14.684031
v -63.418240 106.295670 14.782802
v -63.109695 106.608353 14.660281
v -63.555855 106.479828 15.007876
v -63.217514 106.823174 14.864718
v -63.665455 106.572319 15.270000
v -63.271210 106.991150 15.109851
v -62.970409 107.423729 14.845553
v -63.293343 107.118530 15.371211
v -62.906464 107.601837 15.187198
v -62.338352 107.968872 14.999972
v -62.537090 107.773529 14.607661
v -62.822433 107.675705 15.520213
v -62.271709 108.069160 15.375728
v -62.650150 107.575371 15.805865
v -62.059769 107.930809 15.687457
v -62.492531 107.404655 16.055355
v -61.885418 107.726364 15.902308
v -62.340637 107.148689 16.176479
v -62.969578 106.933563 16.120258
v -62.825584 106.729279 16.247379
v -62.676174 106.505119 16.324429
v -63.235733 106.251198 16.329006
v -63.043518 106.064323 16.397778
v -62.865356 105.852165 16.358234
v -63.380733 105.592659 16.467968
v -63.190853 105.403511 16.396656
v -63.046101 105.225220 16.229862
v -62.709538 105.635689 16.216534
v -62.967659 105.085144 15.967357
v -63.440502 104.829788 16.189663
v -63.373287 104.737595 15.966403
v -63.360455 104.687309 15.714816
v -62.961018 105.008003 15.665561
v -63.417145 104.697334 15.466647
v -63.020939 104.990540 15.368899
v -63.529663 104.764999 15.235682
v -63.145241 105.065186 15.103671
v -63.687824 104.869621 15.042994
v -63.303680 105.217010 14.913836
v -63.869755 104.996117 14.905902
v -63.474411 105.401939 14.789477
v -64.087082 105.134705 14.871043
v -63.652046 105.616348 14.761378
v -64.294853 105.278320 14.937755
v -63.832214 105.813286 14.837916
v -64.491913 105.416229 15.029292
v -63.997826 105.974083 14.975131
v -64.658470 105.562042 15.257953
v -64.156372 106.111412 15.186992
v -64.741432 105.677864 15.604419
v -64.236580 106.167915 15.507785
v -63.729527 106.621231 15.529521
v -64.215904 106.141579 15.859149
v -63.731903 106.648895 15.810008
v -63.259892 107.188705 15.661578
v -63.587059 106.552132 16.030880
v -63.118969 107.097916 15.927005
v -63.423412 106.419273 16.200993
v -64.093353 106.094360 16.169697
v -63.848091 105.959969 16.367558
v -63.603481 105.783928 16.449497
v -64.289795 105.525909 16.517811
v -64.001282 105.316872 16.582027
v -63.760540 105.123566 16.515049
v -64.480698 104.797989 16.589275
v -64.250435 104.631165 16.607708
v -64.039497 104.463409 16.498608
v -63.572399 104.953163 16.384235
v -63.888535 104.311172 16.314007
v -64.485733 103.961700 16.579060
v -64.324799 103.817291 16.381802
v -64.214851 103.699692 16.152920
v -63.795853 104.195427 16.082249
v -64.180801 103.637871 15.897082
v -63.768551 104.131042 15.819797
v -64.221794 103.632797 15.646083
v -63.812691 104.129837 15.560275
v -64.315163 103.680161 15.421237
v -63.918926 104.185905 15.324634
v -64.467232 103.780243 15.249324
v -64.077438 104.290024 15.150058
v -64.663368 103.913490 15.134471
v -64.270821 104.417366 15.023509
v -64.892647 104.087898 15.110011
v -64.496391 104.578941 15.001903
v -65.108208 104.264404 15.206782
v -64.712921 104.760071 15.101207
v -65.243355 104.391808 15.408305
v -64.873871 104.905342 15.284305
v -65.324783 104.477051 15.633990
v -64.967278 105.012268 15.520488
v -65.396538 104.547318 15.878924
v -65.021576 105.098747 15.781741
v -65.375237 104.557869 16.145870
v -65.000816 105.128166 16.067371
v -64.676620 105.691437 15.965175
v -64.880089 105.071060 16.315723
v -64.526619 105.643829 16.259693
v -64.687935 104.945625 16.493221
v -65.253845 104.502747 16.376766
v -65.086220 104.405037 16.559475
v -64.892517 104.268867 16.659740
v -65.462677 103.890350 16.688389
v -65.244644 103.738350 16.753201
v -65.029778 103.569702 16.716564
v -64.690491 104.121758 16.678982
v -64.848480 103.395599 16.591373
v -65.372787 103.039253 16.753178
v -65.206886 102.914978 16.606861
v -65.104210 102.832985 16.429989
v -64.728401 103.255302 16.417805
v -65.041611 102.777832 16.233646
v -64.661446 103.152145 16.214886
v -65.025337 102.755104 16.021580
v -64.657639 103.098587 15.979289
v -65.059753 102.757431 15.804645
v -64.700470 103.097435 15.733851
v -65.146980 102.780846 15.596080
v -64.787285 103.144463 15.509379
v -65.276794 102.844139 15.413196
v -64.921135 103.249817 15.334773
v -65.454681 102.955132 15.282428
v -65.092949 103.409744 15.210864
v -65.662384 103.095802 15.247310
v -65.295830 103.591835 15.177051
v -65.853096 103.225418 15.330005
v -65.488281 103.746536 15.246646
v -66.010689 103.330666 15.475390
v -65.658226 103.872215 15.379642
v -66.102295 103.411186 15.691241
v -65.785942 103.974106 15.582911
v -66.143471 103.460114 15.955394
v -65.832573 104.033104 15.869456
v -66.104660 103.470840 16.255802
v -65.778091 104.044266 16.210361
v -66.005615 103.433029 16.538662
v -65.659912 104.008217 16.509983
v -65.818550 103.325096 16.724277
v -66.312317 102.923317 16.440578
v -66.183105 102.796043 16.619053
v -65.985336 102.656441 16.732883
v -65.591385 103.184319 16.780621
v -65.748878 102.545090 16.779408
v -66.311768 102.246445 16.733265
v -66.102875 102.117676 16.752506
v -65.913300 101.990372 16.677860
v -65.557312 102.425758 16.698673
v -65.774994 101.891724 16.530087
v -65.417969 102.325508 16.525967
v -65.695663 101.829491 16.331814
v -65.336571 102.258537 16.306896
v -65.671898 101.795021 16.107967
v -65.312202 102.227493 16.069256
v -65.710373 101.790634 15.874377
v -65.343582 102.229805 15.828761
v -65.817291 101.822861 15.656848
v -65.438530 102.270790 15.605517
v -65.968208 101.897118 15.484416
v -65.587814 102.358887 15.427554
v -66.151924 102.011246 15.404101
v -65.779251 102.477333 15.326968
v -66.344368 102.129074 15.416301
v -66.002235 102.563599 15.349902
v -66.533173 102.253052 15.549899
v -66.209724 102.654388 15.480960
v -66.544785 102.339661 15.703662
v -66.325882 102.788116 15.669711
v -66.577072 102.481033 15.912883
v -66.395157 102.910820 15.853900
v -66.581337 102.580055 16.094418
v -66.427307 102.964706 16.046803
v -66.539825 102.593765 16.267246
v -66.402069 102.972092 16.239658
v -66.461029 102.505493 16.459064
v -66.861473 102.033699 16.383083
v -66.793015 101.935966 16.562412
v -66.707855 101.820267 16.691128
v -66.396072 102.361938 16.624577
v -66.646332 101.779495 16.731632
v -66.913986 101.595871 16.521931
v -66.822929 101.510681 16.567127
v -66.942566 101.429382 16.355183
v -66.840294 101.367065 16.374966
v -66.905716 101.344009 16.160305
v -66.793762 101.288918 16.190235
v -66.647697 101.260185 16.232510
v -66.418747 101.299500 16.289158
v -66.717476 101.276848 15.995700
v -66.842728 101.341957 15.950343
v -66.724564 101.426895 15.737758
v -66.581955 101.349968 15.792956
v -66.503769 101.634438 15.541301
v -66.339684 101.532928 15.610301
v -66.858513 101.519638 15.745059
v -66.670410 101.740662 15.533465
v -66.956604 101.636795 15.833217
v -66.815056 101.841980 15.658679
v -66.089272 101.486610 16.326069
v -67.002876 101.653839 16.455547
v -67.044014 101.738617 16.315723
v -60.979588 109.082367 11.953273
v -61.602528 108.663620 12.156085
v -61.677593 108.413109 11.464129
v -61.069057 108.856911 11.258349
v -61.205524 108.775566 10.521029
v -61.774300 108.374374 10.710261
v -60.518024 109.281563 11.040973
v -60.650059 109.172729 10.316211
v -60.530876 108.832375 9.680011
v -61.089146 108.438232 9.870852
v -60.095844 109.555679 10.120212
v -59.984188 109.244896 9.479655
v -59.912041 109.035713 8.849093
v -60.450474 108.602676 9.045703
v -59.439228 109.659592 9.293979
v -59.353500 109.466339 8.658816
v -59.212040 109.223450 8.153399
v -59.826252 108.835754 8.304255
v -58.735180 109.907082 8.503825
v -58.516819 109.671318 8.028956
v -58.292484 109.369095 7.719913
v -59.023014 108.907913 7.827792
v -57.788563 110.167213 7.913119
v -57.522091 109.876366 7.598552
v -57.289207 109.513687 7.416705
v -58.084663 109.017433 7.548053
v -56.811790 110.316994 7.513858
v -56.542885 109.947006 7.345119
v -56.299145 109.520515 7.335193
v -57.069500 109.094185 7.387134
v -55.907116 110.318954 7.380275
v -55.639473 109.902290 7.395473
v -55.420311 109.467476 7.571124
v -56.102665 109.099777 7.519992
v -55.056843 110.283562 7.501369
v -54.822647 109.857635 7.703006
v -54.682384 109.464508 8.054393
v -55.275452 109.068176 7.899478
v -55.241386 108.757027 8.365680
v -55.914940 108.404648 8.237971
v -55.968384 108.716713 7.822307
v -54.635372 109.136436 8.519382
v -55.321644 108.548996 8.930308
v -55.410675 108.385406 9.553042
v -56.095963 108.127533 9.400592
v -55.964413 108.195732 8.772555
v -56.752602 107.820221 9.271312
v -56.680264 107.912933 8.678851
v -56.670460 108.080437 8.192142
v -57.419041 107.646713 8.674594
v -57.459011 107.788765 8.234591
v -57.553543 108.004578 7.897738
v -56.736298 108.328354 7.803409
v -57.696362 108.290421 7.663714
v -56.875263 108.675156 7.521396
v -57.878296 108.642838 7.551372
v -58.443020 107.856522 7.651752
v -58.643250 108.203712 7.543468
v -58.841427 108.570419 7.613658
v -59.294815 107.865974 7.619678
v -59.483738 108.209259 7.723048
v -59.654682 108.530640 7.951701
v -60.007954 107.884354 7.829951
v -60.214794 108.176170 8.075038
v -60.402966 108.460892 8.459773
v -60.732967 107.834938 8.195918
v -60.917732 108.060974 8.619067
v -60.974483 108.181328 9.230937
v -61.277214 107.537529 8.299235
v -61.053173 107.281540 7.986331
v -61.548145 106.995476 8.097453
v -61.808121 107.290192 8.376849
v -60.501270 107.580559 7.917468
v -60.249245 107.301041 7.800052
v -60.788406 106.985458 7.837176
v -59.783302 107.586258 7.718249
v -59.552746 107.301109 7.764163
v -60.002697 107.045410 7.863498
v -59.074482 107.532242 7.691531
v -58.886719 107.290268 7.928401
v -59.357079 107.082428 7.960292
v -58.279274 107.604553 7.922870
v -58.170898 107.460762 8.283526
v -58.764202 107.157364 8.278590
v -58.693871 107.087997 8.705317
v -59.183559 106.873611 8.728267
v -59.226879 106.944839 8.295207
v -58.108402 107.379631 8.706759
v -58.097382 107.348404 9.220439
v -58.651062 107.034607 9.215930
v -57.439640 107.584740 9.219142
v -57.488052 107.535210 9.860606
v -58.139339 107.357475 9.845805
v -56.844803 107.803673 9.930797
v -56.936264 107.830124 10.557528
v -57.567814 107.557274 10.507838
v -56.190495 108.066910 10.044269
v -56.214817 107.983437 10.658420
v -56.252674 107.975693 11.231776
v -56.965721 107.724380 11.148791
v -55.464760 108.311852 10.191287
v -55.518318 108.350540 10.797832
v -55.484501 108.156784 11.330317
v -55.489880 107.985779 11.859637
v -56.253937 107.806961 11.740458
v -54.746590 108.255333 12.032756
v -54.806442 108.002304 12.559871
v -55.520603 107.783997 12.360194
v -54.122097 108.377975 12.750346
v -54.336147 107.990601 13.304408
v -54.937435 107.710526 13.068088
v -53.610355 108.860115 12.949908
v -53.888065 108.420456 13.536944
v -54.269215 107.955956 14.187877
v -54.635254 107.612907 13.891444
v -53.340668 109.333847 13.214725
v -53.650120 108.865158 13.804729
v -54.079067 108.357704 14.476787
v -54.509182 107.903549 15.096461
v -54.643349 107.567886 14.786029
v -53.665833 109.298958 14.116710
v -54.123749 108.771263 14.763743
v -54.562885 108.282204 15.370997
v -54.905033 107.869873 15.812846
v -54.862476 107.536537 15.554561
v -54.395443 109.157661 15.039203
v -54.799889 108.662987 15.605189
v -55.130398 108.235374 16.000332
v -55.399673 107.773926 16.277554
v -55.199810 107.438301 16.118275
v -55.239773 109.045166 15.770068
v -55.549194 108.610023 16.121456
v -55.764793 108.125015 16.410419
v -55.890495 107.519394 16.745655
v -55.573273 107.190834 16.581364
v -56.217087 108.820580 15.948092
v -56.326748 108.348618 16.373241
v -56.384544 107.740608 16.741055
v -56.530167 107.022079 17.016384
v -56.107292 106.772789 17.041065
v -56.993713 107.162498 16.955166
v -57.163761 106.393379 17.157734
v -56.821884 106.270500 17.248013
v -57.291340 107.111244 16.680874
v -57.432076 106.428978 16.977390
v -57.767235 105.737038 17.362186
v -57.514412 105.679268 17.507626
v -57.476814 107.003372 16.470921
v -57.654484 106.394531 16.763683
v -57.991619 105.705727 17.143421
v -58.345348 105.108292 17.432331
v -58.171585 105.083771 17.670086
v -57.786800 106.293221 16.528622
v -58.104397 105.610130 16.876095
v -58.366425 105.106331 17.145306
v -58.738953 104.478165 17.340687
v -58.684116 104.467705 17.607929
v -58.330223 105.052605 16.889912
v -58.728935 104.450439 17.057079
v -59.050095 103.889389 17.524906
v -55.958271 109.256866 15.538997
v -59.697723 106.750771 8.403300
v -59.808521 106.867340 8.081431
v -60.284206 106.466629 8.136706
v -60.508514 106.696182 7.909297
v -60.998608 106.392830 8.072856
v -61.279148 106.681213 7.983699
v -61.440491 106.118591 8.226802
v -61.702507 106.388962 8.117549
v -62.016792 106.712608 8.109019
v -62.128410 106.067497 8.177386
v -62.457306 106.344551 8.234630
v -62.674381 106.589066 8.549052
v -62.291290 106.995926 8.438708
v -62.705193 106.733109 8.939227
v -63.010193 106.134224 8.641246
v -63.059875 106.225739 9.012515
v -62.968971 106.132515 9.303325
v -63.492119 105.704948 9.015697
v -63.388203 105.652596 9.292850
v -63.237919 105.547470 9.505092
v -62.836506 105.997879 9.505900
v -63.849144 105.187248 9.354785
v -63.634953 105.059738 9.569659
v -63.438873 104.895340 9.704745
v -64.071823 104.467705 9.607219
v -63.891167 104.343964 9.768611
v -63.665867 104.217125 9.790210
v -64.205505 103.844864 9.879733
v -63.981388 103.719658 9.882831
v -63.797913 103.614449 9.747752
v -63.461281 104.115303 9.681209
v -63.676498 103.540771 9.536349
v -63.324551 104.025299 9.465060
v -63.636806 103.469360 9.291621
v -63.266232 103.965652 9.187099
v -63.683022 103.447639 9.054790
v -63.301075 103.967972 8.929049
v -63.793602 103.475914 8.852084
v -63.398174 104.014832 8.722186
v -62.984585 104.508263 8.605296
v -63.559731 104.105965 8.573871
v -63.136074 104.587105 8.418109
v -62.780834 105.044624 8.320338
v -63.366264 104.722374 8.339190
v -63.022751 105.240295 8.278132
v -62.569252 105.734734 8.228602
v -62.318810 105.508026 8.264361
v -61.853127 105.839882 8.269038
v -63.243229 105.438675 8.415797
v -62.818863 105.954231 8.364558
v -63.419815 105.605484 8.676311
v -63.642517 104.900482 8.394183
v -63.871750 105.072037 8.662585
v -63.946648 105.177185 9.007281
v -64.202148 104.502151 8.833056
v -64.291458 104.575439 9.112002
v -64.212677 104.554497 9.384494
v -64.708794 104.018852 9.220424
v -64.606392 104.018349 9.500941
v -64.416489 103.954567 9.731441
v -64.953682 103.499893 9.625667
v -64.769394 103.440865 9.853412
v -64.529526 103.315887 9.982654
v -65.022964 102.993546 9.784526
v -64.850861 102.901215 9.994472
v -64.628914 102.722313 10.043567
v -64.297043 103.171005 9.969195
v -64.485413 102.561874 9.958606
v -64.135635 103.059311 9.835788
v -64.412659 102.456543 9.776622
v -64.051071 102.983093 9.646831
v -64.031044 102.935478 9.432132
v -64.075630 102.919991 9.219363
v -64.175819 102.924042 9.025012
v -64.666969 102.554573 9.050174
v -64.347862 102.968597 8.880702
v -63.964626 103.539108 8.698077
v -64.569687 103.072990 8.841403
v -64.190712 103.647842 8.649188
v -63.779148 104.235168 8.528186
v -64.418938 103.779045 8.743777
v -64.008034 104.377235 8.619716
v -64.616867 103.917885 8.938601
v -64.807350 103.225540 8.902789
v -64.971375 103.370850 9.092891
v -65.030014 103.472084 9.340678
v -65.020271 102.804039 9.132838
v -64.871117 102.672501 9.010921
v -65.063339 102.358162 9.195361
v -65.196014 102.465836 9.258449
v -64.873627 102.286682 9.206653
v -64.997856 102.130974 9.425143
v -65.077187 102.560020 9.954997
v -65.206055 102.663750 9.799502
v -62.534298 106.168190 10.034091
v -62.769543 105.988876 10.117114
v -63.054138 106.238327 10.120212
v -62.827793 106.417740 10.014728
v -63.308823 106.527878 10.250911
v -63.076252 106.750206 10.139422
v -63.497005 106.759491 10.480517
v -63.282948 107.063576 10.376330
v -62.994892 107.373016 10.310359
v -63.420895 107.251648 10.793796
v -63.093040 107.552185 10.820918
v -63.335636 107.132416 11.237353
v -63.082298 107.381447 11.359012
v -63.189030 106.916969 11.564471
v -63.529427 106.891891 11.190776
v -63.361599 106.754799 11.478229
v -63.146633 106.564728 11.714999
v -62.871754 106.707260 11.807429
v -63.622967 106.442696 11.467235
v -63.424248 106.286674 11.690562
v -63.972961 106.037643 11.530276
v -63.777905 105.881378 11.735499
v -63.533669 105.658081 11.824443
v -64.185165 105.431374 11.846644
v -63.957241 105.220810 11.885982
v -63.765598 105.020020 11.818004
v -64.329460 104.728279 11.928760
v -64.143478 104.567474 11.835704
v -64.012413 104.449928 11.685161
v -63.611012 104.862686 11.691531
v -63.919472 104.362320 11.509883
v -63.480278 104.741440 11.530040
v -63.869118 104.291206 11.318675
v -63.395344 104.663460 11.307742
v -63.867882 104.240028 11.108066
v -63.368164 104.619484 11.047999
v -63.910049 104.221169 10.884379
v -63.430893 104.640137 10.790675
v -63.032825 105.052895 10.699153
v -63.562931 104.708893 10.554904
v -63.168682 105.156273 10.443843
v -62.838520 105.521866 10.362552
v -63.380051 105.311508 10.253894
v -63.061684 105.693016 10.192889
v -63.667725 105.552811 10.225215
v -63.336159 105.941475 10.199168
v -63.904583 105.786430 10.407420
v -63.574074 106.194092 10.362628
v -64.084908 105.976326 10.636432
v -63.748512 106.392555 10.591846
v -64.195045 106.118256 10.938846
v -63.880196 106.556381 10.880603
v -63.629028 106.935104 10.822719
v -63.771160 106.531731 11.204928
v -64.115051 106.112923 11.261165
v -64.572975 105.608772 10.981601
v -64.517555 105.640602 11.332057
v -64.394699 105.587494 11.655765
v -64.969154 105.112228 11.426204
v -64.797485 105.052025 11.750842
v -64.565697 104.909103 11.921779
v -65.189491 104.474136 11.757594
v -65.002525 104.393112 11.947116
v -64.758575 104.235703 11.990504
v -65.413864 103.890282 11.983752
v -65.169327 103.741302 12.050334
v -64.931175 103.563217 11.992084
v -64.533211 104.064842 11.925578
v -64.751503 103.406715 11.872416
v -64.354996 103.912720 11.795794
v -64.623817 103.277588 11.719981
v -64.223160 103.788338 11.642360
v -64.550789 103.187790 11.530383
v -64.154907 103.704819 11.436076
v -64.548752 103.148247 11.292705
v -64.162361 103.665428 11.186587
v -64.633087 103.164230 11.026736
v -64.243286 103.664482 10.915095
v -64.789940 103.236305 10.782405
v -64.405136 103.725250 10.672839
v -64.007896 104.242630 10.657489
v -64.622704 103.850479 10.495158
v -64.210541 104.331551 10.452777
v -63.768345 104.835152 10.352168
v -64.478310 104.499474 10.348681
v -64.054451 105.045837 10.272578
v -64.784111 104.741013 10.382113
v -64.327713 105.298950 10.361224
v -64.984840 104.950081 10.645946
v -64.506439 105.486595 10.646251
v -65.009964 105.062897 11.019626
v -65.282402 104.357536 10.819674
v -65.349701 104.454758 11.156466
v -65.305428 104.489136 11.491733
v -65.685646 103.941490 11.281444
v -65.655411 103.970062 11.583987
v -65.558624 103.950195 11.801433
v -65.951477 103.536789 11.675387
v -65.861069 103.496582 11.915454
v -65.683846 103.389198 12.059459
v -66.182762 103.015862 12.051044
v -65.992180 102.891563 12.199550
v -65.758644 102.735130 12.218074
v -65.463310 103.242622 12.112361
v -65.561295 102.582581 12.156680
v -65.243217 103.072685 12.085986
v -65.419632 102.443680 12.040912
v -65.073761 102.915398 11.977595
v -65.330200 102.335487 11.861163
v -64.966049 102.793259 11.810527
v -65.284142 102.259476 11.646327
v -64.908768 102.707603 11.606647
v -65.281975 102.199440 11.414805
v -64.909645 102.666901 11.368579
v -65.338348 102.181511 11.179141
v -64.985168 102.685715 11.116725
v -65.448174 102.226807 10.958667
v -65.133728 102.762619 10.892932
v -65.631195 102.343246 10.809230
v -65.332932 102.883423 10.724994
v -65.007347 103.364922 10.600108
v -65.557465 103.049110 10.673541
v -65.240967 103.542099 10.599933
v -64.879570 104.033531 10.461230
v -65.439949 103.703255 10.742831
v -65.115364 104.210327 10.573787
v -65.604614 103.842705 10.970286
v -65.750603 103.228233 10.778850
v -65.881416 103.385651 11.044429
v -65.956139 103.497467 11.362155
v -66.201607 102.884689 11.077502
v -66.268509 103.018486 11.420756
v -66.273697 103.066956 11.778705
v -66.696915 102.296829 11.536044
v -66.652176 102.365265 11.768229
v -66.526367 102.404510 11.985866
v -66.751587 102.118477 11.722613
v -66.720093 102.077675 11.864749
v -66.672256 101.967827 12.022738
v -66.317146 102.376610 12.166163
v -66.497894 101.854156 12.189601
v -66.082764 102.279152 12.260737
v -66.233086 101.695732 12.278026
v -65.878189 102.120438 12.259830
v -66.063614 101.549126 12.210483
v -65.726143 101.952110 12.157153
v -65.960434 101.409004 12.040004
v -65.622978 101.802567 11.983951
v -65.904915 101.292847 11.794429
v -65.582237 101.698189 11.744128
v -65.922089 101.227371 11.510730
v -65.599335 101.641663 11.473132
v -66.016541 101.220650 11.273227
v -65.680267 101.639648 11.217280
v -66.173019 101.267456 11.093745
v -65.824516 101.698341 11.012736
v -66.399498 101.395370 11.006373
v -66.017235 101.819473 10.891261
v -66.587875 101.618423 11.134677
v -66.247200 102.011543 10.924579
v -65.856491 102.509750 10.749103
v -66.458504 102.181328 11.083873
v -66.068802 102.704613 10.826198
v -66.616753 102.265488 11.301547
v -66.707809 101.843597 11.267879
v -66.755005 102.001556 11.404056
v -66.757240 102.104301 11.566051
v -66.960991 101.543221 11.455775
v -66.900093 101.370689 11.301463
v -66.793922 101.186333 11.176822
v -66.679359 101.060623 11.120082
v -66.873123 100.839722 11.316577
v -66.735901 100.770538 11.430369
v -66.894562 100.725746 11.692294
v -67.010269 100.789093 11.598811
v -66.489525 100.957588 11.226741
v -67.082199 100.863922 11.867923
v -67.069427 101.037804 12.074405
v -67.178314 101.037971 12.002246
v -66.958496 101.231476 12.200709
v -67.069321 101.252655 12.129230
v -66.758774 101.512947 12.224536
v -66.871857 101.611389 12.113254
v -66.530426 101.366844 12.283977
v -66.357201 101.231659 12.228999
v -66.251770 101.102859 12.070491
v 58.314583 102.415268 18.180134
v 58.106155 102.624557 18.094463
v 58.226501 102.801476 18.191189
v 58.439991 102.510933 18.254620
v 58.547157 102.451797 18.126820
v 58.385841 102.373878 18.031948
v 58.073860 102.364319 17.967808
v 61.719448 105.946213 14.936809
v 62.043961 105.868927 15.077365
v 62.247673 105.948471 14.785533
v 62.165798 106.092453 14.683375
v 61.565746 106.044296 15.441134
v 61.957962 105.904404 15.451884
v 60.884079 106.159660 14.992808
v 60.845478 106.324150 15.411807
v 61.596542 105.989464 14.457316
v 60.870590 106.137825 14.547732
v 62.084373 106.042412 14.353885
v 62.257492 105.948761 13.868297
v 62.763226 105.700783 13.735080
v 62.655254 105.633507 13.492816
v 62.160736 105.899994 13.503604
v 61.408466 105.881271 13.584514
v 61.525597 105.975571 14.009555
v 62.597519 106.086288 13.952678
v 62.935188 105.830383 13.906291
v 62.379932 106.173538 14.293132
v 61.362988 105.860634 13.033450
v 61.131794 106.014183 12.476230
v 60.514400 106.261230 12.516482
v 60.569443 106.153870 13.087276
v 62.135647 105.871147 13.191066
v 60.684959 106.150078 13.606303
v 61.813000 105.925041 12.662646
v 61.640545 106.018661 12.353923
v 62.226059 105.867424 12.872317
v 62.015587 105.973984 11.592212
v 62.281548 106.119347 11.831592
v 62.463547 105.966759 11.652263
v 62.340786 105.834229 11.436030
v 61.977989 106.076721 11.984172
v 62.245354 106.235268 11.992969
v 61.586807 105.855957 11.483943
v 61.596119 106.004433 11.968005
v 62.283737 105.732002 11.156611
v 61.965805 105.827995 11.098857
v 61.604607 105.775932 10.799121
v 61.744003 105.703140 9.407802
v 61.960838 105.816528 9.630656
v 62.247131 105.475601 9.496577
v 62.120865 105.354004 9.268085
v 62.061981 105.283531 8.988711
v 61.630329 105.602493 9.009082
v 61.215935 105.701469 9.061847
v 61.307568 105.724571 9.532107
v 61.425144 105.795738 10.124225
v 61.740158 105.849960 10.057849
v 61.936451 105.963737 10.060260
v 64.592361 102.247070 9.389209
v 64.619423 102.172523 9.556888
v 64.819412 102.108238 9.495662
v 64.710915 102.235954 9.296153
v 64.407799 102.453094 9.324328
v 64.379524 102.422485 9.538692
v 64.502304 102.481033 9.162227
v 62.027451 105.811584 10.711589
v 61.848164 105.862091 10.444186
v 60.923138 105.894012 10.114207
v 60.991104 105.828018 10.741389
v 61.044540 105.882240 11.386043
v 58.849480 102.642036 17.217449
v 58.768963 102.959389 16.971783
v 58.515034 102.778999 16.934185
v 58.690773 102.469765 17.263622
v 58.995846 102.690865 17.364079
v 58.984039 103.123444 17.105061
v 58.848797 102.426353 17.502094
v 57.554462 108.409912 15.979251
v 57.242184 107.735146 16.423664
v 56.893471 107.846443 16.655743
v 56.928604 108.449074 16.252590
v 56.937283 108.956482 15.752322
v 57.651062 108.970451 15.575747
v 57.743771 108.022011 15.938693
v 57.452442 107.547318 16.245686
v 67.027557 101.512970 16.121288
v 67.022766 101.603355 16.215672
v 67.045265 101.626244 16.077824
v 67.008400 101.553513 16.000446
v 66.945847 101.436363 15.948283
v 66.993111 101.425362 16.136616
v 67.008064 101.528793 16.300831
v 67.009430 101.816811 16.011402
v 66.876450 102.028214 15.965693
v 66.850807 101.916336 15.776591
v 67.017387 101.705315 15.902095
v 67.040024 101.789543 16.150936
v 66.891983 102.066719 16.181332
v 56.861992 109.470810 15.215053
v 57.339592 109.897530 14.676120
v 58.004414 109.660088 14.764689
v 57.765831 109.333488 15.192073
v 56.176517 109.947380 14.869487
v 56.751011 110.222122 14.452815
v 62.681271 107.071747 14.235026
v 62.647732 107.440666 14.345485
v 62.465103 107.702095 14.026866
v 62.717068 107.466164 13.914874
v 62.833492 106.858894 14.480800
v 62.929676 107.161423 14.611491
v 62.646774 106.669540 14.334544
v 62.728809 106.564560 14.467395
v 62.793999 106.906105 14.020755
v 62.678219 106.611633 14.156695
v 62.985733 107.281258 13.848193
v 66.835800 100.870300 12.141437
v 66.651840 100.986237 12.211581
v 66.803017 101.112488 12.244456
v 66.951790 100.935097 12.128505
v 66.968925 100.798050 11.943202
v 66.803276 100.785072 12.007663
v 66.550446 100.878281 12.068057
v 62.344803 107.872704 11.658626
v 62.736855 107.615211 12.022517
v 62.727383 107.995659 12.474826
v 62.190552 108.228485 12.330989
v 62.326889 108.006340 10.855433
v 62.755039 107.790581 10.879558
v 62.754635 107.553520 11.494647
v 62.841347 107.273895 11.814105
v 62.849422 106.978172 11.988009
v 62.993538 107.087074 11.699412
v 62.815838 106.821701 11.912890
v 62.701908 106.601440 12.016414
v 62.783577 106.568176 12.090358
v 62.985714 106.887627 12.147609
v 63.002087 107.458450 12.149913
v 63.248783 107.289978 12.301196
v 62.690239 106.564835 11.992740
v 67.075371 101.473412 11.828372
v 66.948517 101.740715 11.806819
v 66.970772 101.678871 11.638347
v 67.118179 101.360992 11.702014
v 67.195808 101.162491 11.830859
v 67.083740 101.380753 11.943004
v 66.920303 101.705536 11.953685
v 66.431953 100.804863 11.682017
v 66.219330 100.951904 11.606601
v 66.199890 101.001755 11.844111
v 66.483025 100.813461 11.857493
v 66.568748 100.767319 11.577807
v 66.321739 100.935463 11.404513
v 66.723656 100.725952 11.794269
v 62.072464 107.314064 9.609759
v 62.488613 107.121193 9.896678
v 62.646152 107.586845 10.259379
v 62.201580 107.769356 10.165042
v 62.420605 106.888611 9.465137
v 62.459679 106.634140 9.761744
v 61.649208 108.064148 10.043986
v 61.502274 107.769684 9.417239
v 61.972248 107.373230 8.919131
v 62.414612 107.062111 8.930255
v 61.445995 107.711029 8.777179
v 64.894516 102.172951 9.898364
v 65.037048 102.223198 9.912478
v 65.052528 102.114380 9.688052
v 64.871178 102.094696 9.739276
v 64.739182 102.287888 9.957965
v 64.886505 102.421417 10.028834
v 64.661407 102.182465 9.794322
v 65.297966 102.303391 9.588252
v 65.298302 102.334114 9.413196
v 65.162666 102.215759 9.390582
v 65.203468 102.203392 9.635386
v 65.192711 102.324272 9.848842
v 65.323647 102.403770 9.744082
v 65.306114 102.499893 9.556430
v 58.914040 102.415169 17.845219
v 58.884956 102.406227 17.941677
v 59.071568 102.628578 17.937405
v 59.051849 102.580383 17.798847
v 58.975357 102.495377 17.663067
v 58.819664 102.338654 17.750858
v 58.720707 102.287346 17.854565
v 58.664799 102.769035 18.319645
v 58.563511 102.630051 18.308613
v 58.402634 102.932976 18.256054
v 58.592464 103.037949 18.270466
v 58.796459 103.042595 18.278439
v 58.813881 102.707916 18.305042
v 58.700401 102.525108 18.149250
v 57.522541 107.068741 15.028827
v 57.506580 107.076202 14.498668
v 56.890797 106.950745 14.409839
v 56.942787 106.779442 14.855144
v 58.170185 107.185852 14.995578
v 58.126644 107.207504 14.575030
v 57.396782 106.723145 15.378718
v 57.507187 106.926445 15.655368
v 57.710331 107.250084 15.422717
v 57.021652 106.476608 15.171962
v 58.241699 107.277290 15.347140
v 53.272495 110.019424 10.698504
v 52.636124 110.534607 10.489421
v 52.487049 110.781952 11.084147
v 52.908760 110.463921 11.392055
v 53.137638 110.225487 11.823947
v 53.512608 109.738121 11.370486
v 53.370792 109.915237 9.929851
v 52.757381 110.419426 9.908885
v 61.832249 108.336388 13.785113
v 62.492947 107.938332 13.640475
v 62.173485 107.978539 14.299464
v 61.857559 108.213417 14.735942
v 61.312561 108.562767 14.390216
v 60.699299 108.980499 14.087718
v 61.125923 108.893364 13.488147
v 61.483322 108.928291 12.843608
v 62.108734 108.563721 12.973605
v 62.655651 108.251534 13.065364
v 62.545345 106.573822 9.905757
v 62.802811 106.969734 10.001285
v 62.320671 106.315956 9.952891
v 62.348438 106.298546 9.965365
v 62.701111 106.591003 9.347774
v 62.560036 106.323410 9.544017
v 62.388565 106.128036 9.714580
v 67.151619 100.920074 11.469928
v 67.045914 101.071465 11.339816
v 66.964333 100.923912 11.287845
v 67.084305 100.886192 11.530330
v 67.168106 100.942253 11.771136
v 67.219673 100.988800 11.633037
v 67.109100 101.222122 11.507388
v 65.227470 102.760605 9.494746
v 65.238762 102.624725 9.397265
v 65.229652 102.735588 9.619182
v 65.117928 103.043076 9.613032
v 65.142166 103.020195 9.430194
v 65.113571 102.932037 9.265262
v 66.539162 101.434746 16.560772
v 66.694199 101.452377 16.565365
v 66.709061 101.326332 16.397106
v 66.496353 101.351868 16.444736
v 66.166977 101.538727 16.505825
v 66.292221 101.616547 16.645382
v 66.471710 101.687263 16.722363
v 66.311043 101.308151 15.970965
v 66.439339 101.302032 15.881885
v 66.189903 101.475082 15.747005
v 66.082527 101.456207 15.924808
v 66.359138 101.285088 16.115276
v 66.569176 101.247108 16.056614
v 66.057739 101.458496 16.126278
v 67.908180 100.992104 13.769580
v 67.969688 100.901184 13.886065
v 67.791985 101.262047 13.911799
v 67.771233 101.265549 13.763545
v 67.728485 101.213051 13.619235
v 67.899956 100.892197 13.667804
v 68.047073 100.706924 13.806994
v 67.582466 100.680290 14.481990
v 67.721573 100.671310 14.392230
v 67.737938 100.512192 14.344119
v 67.501076 100.568047 14.436084
v 67.218712 100.765930 14.508395
v 67.405632 100.888466 14.536723
v 67.559143 100.966934 14.475612
v 67.445679 100.323921 13.773646
v 67.483704 100.329758 13.901355
v 67.681702 100.361763 13.841090
v 67.564560 100.364067 13.693240
v 67.356041 100.432449 13.567340
v 67.258125 100.365929 13.735240
v 67.232094 100.358734 13.932406
v 67.927017 100.489403 13.714793
v 67.850197 100.558174 13.575641
v 67.716522 100.442490 13.606570
v 67.836578 100.418282 13.772647
v 68.000839 100.538940 13.792537
v 67.921852 100.616020 13.632609
v 67.921036 100.450920 13.905566
v 67.976334 100.523315 14.021609
v 68.024673 100.614754 13.886119
v 67.766869 100.387833 13.992427
v 67.845871 100.444405 14.136958
v 67.884567 100.563751 14.230212
v 67.979515 100.632599 14.109462
v 67.548264 100.360504 14.072024
v 67.645004 100.411057 14.236209
v 67.267174 100.403297 14.134151
v 67.367386 100.473534 14.312076
v 66.956474 100.541779 14.177630
v 67.058907 100.644264 14.373904
v 66.606621 100.855209 14.166087
v 66.727539 100.946213 14.394061
v 66.922035 101.058723 14.535823
v 67.151550 101.175636 14.564548
v 66.312416 101.444374 14.317988
v 66.512543 101.557198 14.484050
v 66.749023 101.679260 14.555682
v 66.975983 101.820091 14.500667
v 67.360405 101.327553 14.436931
v 66.094513 102.168320 14.352542
v 66.296387 102.260582 14.451228
v 66.538826 102.376427 14.472178
v 66.799385 102.496567 14.424945
v 67.176704 101.953453 14.361491
v 65.938545 102.781876 14.407405
v 66.198090 102.913033 14.401263
v 66.439262 103.032684 14.324191
v 66.639565 103.115799 14.177783
v 67.001106 102.575745 14.273234
v 65.880745 103.425423 14.325145
v 66.117195 103.553490 14.185481
v 66.281326 103.623062 13.993159
v 66.365761 103.632034 13.760821
v 66.744492 103.128296 13.909862
v 65.734566 104.068970 14.125339
v 65.908813 104.146675 13.933864
v 66.008461 104.159012 13.707881
v 66.033813 104.119278 13.467677
v 66.385132 103.594940 13.513637
v 65.417923 104.655861 14.030597
v 65.568787 104.716194 13.779300
v 65.613976 104.693687 13.472751
v 65.641098 104.644325 13.145091
v 65.987122 104.039024 13.237231
v 65.147034 105.275421 13.762897
v 65.177406 105.232201 13.396525
v 65.192703 105.185005 13.014483
v 65.069221 105.059601 12.700442
v 65.526421 104.524040 12.869891
v 64.806778 105.797745 13.297145
v 64.766022 105.715538 12.978335
v 64.636879 105.577209 12.723506
v 64.461800 105.429474 12.528789
v 64.852676 104.900742 12.545756
v 64.293114 106.292404 12.981303
v 64.193138 106.122963 12.740336
v 64.049187 105.926559 12.493434
v 63.794197 105.729095 12.370852
v 64.200058 105.263496 12.474360
v 63.752197 106.648354 12.633265
v 63.624073 106.374542 12.389987
v 63.390263 106.132286 12.260768
v 63.139362 105.938675 12.292888
v 63.533127 105.572083 12.391879
v 63.308662 106.701836 12.256122
v 63.054665 106.408348 12.178248
v 62.814930 106.194420 12.226184
v 62.602135 106.048584 12.377574
v 62.939613 105.796921 12.443278
v 62.584763 106.345741 12.150966
v 62.368382 106.186630 12.266208
v 62.125580 106.056152 12.426517
v 62.403759 105.914429 12.578929
v 62.498802 106.388321 12.077868
v 62.274193 106.235519 12.140826
v 62.005283 106.107925 12.233470
v 62.480259 106.361053 12.018344
v 62.739105 106.475334 11.910075
v 62.516529 106.283768 11.909480
v 62.892811 106.329620 11.819301
v 62.653740 106.121811 11.794238
v 63.163765 106.043785 11.783977
v 62.938801 105.797852 11.751422
v 62.775383 105.614441 11.625674
v 63.328320 105.420792 11.766025
v 63.178989 105.240303 11.650493
v 63.061848 105.108330 11.492236
v 62.657387 105.470863 11.446368
v 62.991234 105.027107 11.266612
v 62.599876 105.378792 11.200236
v 62.978180 105.009422 10.989070
v 62.613972 105.364365 10.908160
v 62.300858 105.685577 10.849025
v 62.688530 105.411552 10.611278
v 62.381504 105.710342 10.538196
v 62.134678 105.881332 10.406360
v 62.529411 105.810204 10.268962
v 62.290222 106.008530 10.170802
v 62.135715 106.111412 10.067592
v 61.985966 105.965652 10.227450
v 62.123024 106.119102 10.056460
v 62.144913 105.964096 9.755351
v 62.630947 105.821877 9.619998
v 62.409534 105.643494 9.627910
v 63.023106 105.386948 9.634898
v 62.795200 105.210327 9.627810
v 62.622417 105.048683 9.499202
v 63.237171 104.742607 9.688266
v 63.100712 104.638634 9.515834
v 63.006794 104.563148 9.315463
v 62.526745 104.931480 9.290072
v 62.953770 104.517853 9.090671
v 62.493984 104.865562 9.045924
v 62.937321 104.497459 8.853709
v 62.520634 104.860909 8.788051
v 62.073608 105.284843 8.720119
v 62.609440 104.915848 8.529742
v 62.152325 105.352562 8.465571
v 61.686008 105.690964 8.473605
v 61.620197 105.613075 8.722507
v 61.254921 105.911545 8.409823
v 61.177353 105.753479 8.686564
v 60.798431 106.162346 8.293422
v 60.709862 105.978600 8.608890
v 60.731812 105.857224 9.019305
v 60.805702 105.827751 9.531795
v 60.154545 106.284851 8.472026
v 60.139694 106.166794 8.917720
v 60.221611 106.112526 9.453624
v 60.329185 106.181961 10.055339
v 59.685524 106.685867 8.821635
v 59.728256 106.595680 9.338725
v 59.754227 106.546806 9.963580
v 59.805637 106.529968 10.632991
v 60.371311 106.146637 10.696429
v 59.175934 106.791931 9.257808
v 59.181480 106.782242 9.895000
v 59.222229 106.754524 10.584834
v 59.297112 106.771446 11.228152
v 59.856106 106.543411 11.262340
v 58.682133 107.062462 9.855571
v 58.725868 107.059380 10.534099
v 58.797997 107.080017 11.185702
v 58.827862 107.094254 11.843883
v 59.320866 106.786880 11.862193
v 58.215847 107.402939 10.495341
v 58.281086 107.422874 11.147891
v 58.302933 107.398941 11.813632
v 58.280380 107.370628 12.464938
v 58.810383 107.122643 12.499568
v 57.648788 107.604332 11.135180
v 57.670200 107.534477 11.757365
v 57.657528 107.506302 12.374621
v 57.621925 107.362709 12.951198
v 58.226120 107.301811 13.067012
v 56.997498 107.706726 11.719279
v 57.014263 107.611717 12.231456
v 56.995701 107.457108 12.792064
v 56.942047 107.266708 13.371570
v 57.548115 107.223137 13.498775
v 56.263653 107.625946 12.233195
v 56.283520 107.426971 12.735805
v 56.311287 107.213135 13.274310
v 56.342751 107.019501 13.812816
v 56.903942 107.085861 13.887149
v 55.584248 107.561104 12.855624
v 55.685417 107.329628 13.369540
v 55.811977 107.099770 13.920970
v 55.940132 106.887115 14.498431
v 56.376160 106.883080 14.391978
v 55.121159 107.423897 13.593493
v 55.324810 107.173080 14.145610
v 55.555965 106.942657 14.698939
v 55.750366 106.621201 15.128718
v 56.094498 106.615929 14.937594
v 54.919983 107.311852 14.454028
v 55.207119 107.040939 14.954455
v 55.459854 106.721458 15.387355
v 55.725880 106.334145 15.720614
v 55.986160 106.292007 15.506099
v 54.967484 107.251846 15.259936
v 55.258823 106.909431 15.653041
v 55.553806 106.474052 15.949672
v 55.841534 105.919243 16.193859
v 55.992130 105.816856 15.966350
v 55.164436 107.146896 15.902141
v 55.459560 106.658379 16.173817
v 55.766258 106.069878 16.423817
v 56.098900 105.432205 16.713718
v 56.152458 105.301208 16.447285
v 55.471821 106.902519 16.384281
v 55.768665 106.251579 16.641407
v 56.173717 105.627609 16.926662
v 56.542595 104.984810 17.227200
v 56.441769 104.811958 16.990627
v 55.863979 106.479179 16.854946
v 56.301613 105.832405 17.074917
v 56.710487 105.174446 17.412289
v 57.089752 104.526329 17.706997
v 56.888504 104.400887 17.479763
v 56.504826 106.050827 17.200871
v 56.926632 105.366867 17.544376
v 57.340633 104.686523 17.852543
v 57.784966 104.007477 17.966999
v 57.540604 103.848091 17.871014
v 57.227772 105.555717 17.604946
v 57.640179 104.864655 17.885960
v 58.054443 104.176949 17.993015
v 58.328979 103.696976 18.059963
v 58.083179 103.564705 18.033817
v 57.918835 105.005142 17.814655
v 58.309334 104.309853 17.939137
v 58.575390 103.800941 18.026058
v 58.725422 103.417854 18.143963
v 58.488251 103.361656 18.158451
v 58.532955 104.410614 17.822430
v 58.771927 103.833130 17.939396
v 58.962887 103.439613 18.016079
v 59.029156 102.970856 18.199085
v 58.974079 103.890038 17.763142
v 59.119976 103.459839 17.915928
v 59.152405 103.014175 18.056431
v 59.032928 102.665688 18.093960
v 58.880463 102.723328 18.213360
v 59.194130 103.430046 17.709454
v 59.206123 102.996056 17.861416
v 59.201828 103.367149 17.491848
v 59.192257 102.915741 17.682163
v 59.131187 103.264389 17.285213
v 59.118668 102.807335 17.511074
v 59.047611 103.859024 17.261898
v 58.965210 103.777138 17.004032
v 58.795124 103.637985 16.794735
v 58.646820 104.363914 16.775097
v 58.474400 104.219299 16.538166
v 58.238136 104.047401 16.380032
v 58.544392 103.459076 16.644779
v 57.935226 103.868095 16.307690
v 58.245266 103.259552 16.582066
v 57.592243 103.704063 16.368298
v 57.923279 103.084503 16.631542
v 58.234688 102.633865 16.971371
v 58.477180 102.353798 17.317677
v 57.639210 102.995583 16.804585
v 57.965244 102.566345 17.104145
v 58.273613 102.289871 17.431164
v 58.537720 102.221504 17.694378
v 58.676361 102.289780 17.581776
v 57.775383 102.595627 17.313557
v 58.110237 102.292557 17.590336
v 58.440857 102.213409 17.825306
v 58.664997 102.287048 17.957966
v 58.070236 102.312164 17.805874
v 58.381760 102.259254 17.969326
v 58.611313 102.325089 18.075489
v 58.765034 102.473244 18.166401
v 58.850456 102.419357 18.051594
v 57.712143 102.705635 17.571316
v 57.762161 102.822670 17.742016
v 57.413345 103.056992 17.355808
v 57.559128 103.184181 17.591465
v 57.651489 103.293144 17.807941
v 57.873173 102.979385 17.927860
v 57.850578 103.428291 17.948673
v 58.038395 103.127609 18.055332
v 58.257854 103.260742 18.139553
v 57.333363 103.721573 17.692974
v 57.170635 103.628067 17.469135
v 56.724239 104.282806 17.159451
v 57.073071 103.546310 17.181591
v 56.713737 104.231201 16.859936
v 56.453529 104.689659 16.722347
v 56.828224 104.242729 16.622135
v 56.574894 104.626678 16.447697
v 56.310108 105.232437 16.185947
v 56.818092 104.650276 16.203213
v 56.542721 105.238815 15.972621
v 56.225212 105.784660 15.760303
v 56.818821 105.309860 15.802218
v 56.517708 105.841194 15.604739
v 56.283817 106.315254 15.370090
v 56.831425 105.928825 15.489749
v 56.610161 106.364296 15.268336
v 56.487679 106.704781 14.840388
v 57.226364 106.092911 15.469615
v 57.422676 105.631714 15.741031
v 57.628487 105.836349 15.912807
v 57.465141 106.341591 15.676005
v 57.129925 105.433350 15.701251
v 57.449780 104.877563 15.998157
v 57.707565 105.056236 16.079891
v 57.129292 104.741859 16.054592
v 57.272182 104.367371 16.282902
v 57.598946 104.491844 16.209377
v 57.009098 104.284050 16.437962
v 57.290920 103.578804 16.560841
v 57.105667 103.519493 16.858616
v 57.459652 102.986778 17.067745
v 57.908348 104.652199 16.283749
v 58.130318 104.793724 16.445263
v 57.888111 105.229752 16.182232
v 58.268463 104.931061 16.659176
v 58.041351 105.406792 16.367863
v 57.744507 105.985992 16.066685
v 58.114113 105.516624 16.620251
v 57.818169 106.147606 16.289005
v 57.634159 106.688683 16.041721
v 57.553120 106.514717 15.841678
v 57.589371 107.115295 15.857364
v 57.608959 106.851601 16.253399
v 57.570606 107.326118 16.057659
v 57.784603 107.711891 15.812755
v 57.772926 107.452812 15.654284
v 58.357815 107.837654 15.770358
v 58.309238 107.505264 15.604968
v 58.908245 107.768745 15.671741
v 58.881805 107.518555 15.481059
v 58.846703 107.350769 15.238383
v 59.484619 107.226822 15.597796
v 59.474380 107.011406 15.310229
v 59.462391 106.872177 14.974185
v 58.816689 107.260727 14.944819
v 59.435455 106.786842 14.597621
v 58.797588 107.218575 14.589625
v 59.392212 106.728836 14.155612
v 58.777538 107.168678 14.159755
v 58.119804 107.237106 14.129886
v 58.781372 107.139839 13.659823
v 58.164360 107.262276 13.619548
v 57.499542 107.137054 14.013515
v 58.787727 107.120377 13.109385
v 59.339592 106.722244 13.650752
v 59.286510 106.738350 13.102328
v 59.271736 106.748657 12.500339
v 59.911209 106.505844 13.086390
v 59.877995 106.537125 12.501216
v 59.878975 106.558182 11.883449
v 60.471626 106.253456 11.926410
v 60.417778 106.174820 11.318492
v 61.080601 106.025673 11.957080
v 60.005398 106.487915 13.620814
v 60.097862 106.483101 14.114963
v 60.799622 106.176186 14.075252
v 60.147625 106.517815 14.575717
v 60.133030 106.586388 14.965869
v 60.135403 106.730080 15.310557
v 60.160492 106.942162 15.603770
v 60.820007 106.578873 15.738795
v 60.833981 106.898300 15.958644
v 61.502316 106.574661 16.022930
v 61.501831 106.271065 15.794703
v 60.190639 107.229332 15.823054
v 60.224262 107.560310 15.955668
v 60.878662 107.253716 16.069553
v 59.506092 107.509598 15.806437
v 59.553143 107.849960 15.889346
v 59.624653 108.190407 15.832286
v 60.283501 107.899849 15.933909
v 58.947094 108.089905 15.761340
v 58.997280 108.423462 15.719440
v 59.064499 108.701012 15.523524
v 59.714535 108.464279 15.650203
v 58.360386 108.196556 15.821956
v 58.328560 108.544975 15.709743
v 58.382221 108.879395 15.485705
v 58.491673 109.168236 15.192233
v 59.171555 108.942352 15.261172
v 59.366592 109.165443 14.915652
v 60.027813 108.880280 15.051974
v 59.831490 108.670731 15.379474
v 58.689774 109.424965 14.821856
v 59.053143 109.697876 14.341891
v 59.704918 109.407875 14.481006
v 58.415894 109.953537 14.231746
v 58.854111 110.022179 13.580089
v 59.439140 109.710602 13.708003
v 57.843914 110.233353 14.134242
v 58.316532 110.322273 13.454516
v 58.734467 110.312592 12.766521
v 59.264423 109.999390 12.908015
v 57.318584 110.522911 13.949222
v 57.808022 110.610085 13.288020
v 58.224888 110.608963 12.605784
v 58.616028 110.662445 11.940051
v 59.124268 110.342506 12.094264
v 57.323853 110.907074 13.083934
v 57.731762 110.916000 12.424617
v 58.108673 110.976044 11.774875
v 58.308800 110.881302 11.073909
v 58.811699 110.532356 11.222522
v 57.254589 111.243759 12.223926
v 57.607147 111.306602 11.597880
v 57.802216 111.229515 10.926684
v 57.918251 111.160896 10.250628
v 58.434769 110.797318 10.375979
v 57.104031 111.642075 11.407512
v 57.290787 111.578972 10.777156
v 57.400963 111.518471 10.132930
v 57.357437 111.432281 9.473254
v 57.890308 111.063477 9.568049
v 56.770145 111.930351 10.621730
v 56.876225 111.870804 10.019015
v 56.834938 111.775970 9.401187
v 56.643333 111.649406 8.802608
v 57.151665 111.306335 8.827426
v 56.328297 112.221039 9.896800
v 56.313259 112.111351 9.337573
v 56.163857 111.974487 8.800738
v 55.932163 111.832771 8.318095
v 56.364037 111.499962 8.280742
v 55.767673 112.477882 9.249560
v 55.693844 112.362762 8.756305
v 55.567684 112.258835 8.261470
v 55.261444 112.060173 7.870921
v 55.644527 111.668282 7.893680
v 55.186253 112.802475 8.664683
v 55.082039 112.690147 8.203479
v 54.793163 112.460953 7.848086
v 54.406601 112.165970 7.739001
v 54.855507 111.774345 7.713550
v 54.501293 113.088387 8.163402
v 54.267998 112.881897 7.820727
v 53.928173 112.590759 7.631816
v 53.547432 112.245453 7.587077
v 54.022892 111.845039 7.705646
v 53.929409 113.175140 7.758517
v 53.609032 112.871063 7.544284
v 53.230671 112.504448 7.515628
v 52.865635 112.126678 7.675723
v 53.175484 111.874817 7.714610
v 52.864899 111.525742 8.003619
v 53.340668 111.125557 8.021640
v 53.655231 111.482391 7.763370
v 52.568726 111.793526 7.991405
v 52.349026 111.539612 8.395518
v 52.641304 111.247398 8.405650
v 52.471718 111.037605 8.853343
v 52.990513 110.597946 8.880420
v 53.124672 110.821342 8.414462
v 52.173492 111.357185 8.836276
v 52.022327 111.242310 9.289981
v 52.330391 110.902519 9.327365
v 52.207176 110.871964 9.816501
v 52.871735 110.449127 9.372386
v 51.892899 111.215141 9.744227
v 51.792286 111.275963 10.201152
v 52.100517 110.955154 10.316699
v 51.720963 111.407570 10.710475
v 52.019089 111.137985 10.851825
v 51.712189 111.619064 11.244121
v 51.995392 111.402016 11.397426
v 52.390144 111.088791 11.664851
v 52.736042 110.839928 11.965449
v 52.110382 111.776100 11.929400
v 52.532753 111.505386 12.174998
v 52.858307 111.279289 12.420703
v 53.079269 111.090172 12.689952
v 52.996166 110.668854 12.284671
v 52.806324 112.000343 12.429591
v 53.128792 111.722824 12.659381
v 53.363651 111.463013 12.954005
v 53.564865 111.197060 13.323840
v 53.197975 110.853256 13.044543
v 53.410648 112.063179 12.691432
v 53.736805 111.769722 13.054034
v 54.039433 111.466133 13.458285
v 54.350613 111.064690 13.807094
v 53.768318 110.877655 13.723338
v 54.143272 112.042252 13.030032
v 54.552467 111.631683 13.374507
v 54.925880 111.191437 13.716792
v 55.287163 110.755997 14.082240
v 54.687016 110.645714 14.210322
v 55.033211 111.758446 13.128802
v 55.459286 111.345032 13.476016
v 55.847488 110.941193 13.824351
v 56.392780 111.145714 13.422153
v 56.835575 110.821838 13.703959
v 56.263832 110.576675 14.159686
v 55.691734 110.331711 14.480700
v 55.971607 111.493561 13.094676
v 56.413532 111.558777 12.576205
v 56.856743 111.212044 12.845263
v 55.522888 111.881950 12.763217
v 55.950691 111.932007 12.276523
v 56.301880 111.954887 11.742244
v 56.784180 111.594543 11.997645
v 55.044006 112.281059 12.443278
v 55.461433 112.341125 11.994960
v 55.800842 112.351959 11.493197
v 56.072758 112.360916 10.981708
v 56.598263 111.994560 11.203441
v 54.940422 112.745399 11.707957
v 55.270172 112.763039 11.237872
v 55.518406 112.742065 10.749255
v 55.673767 112.679016 10.255374
v 56.222435 112.285393 10.449115
v 54.716423 113.153603 10.959743
v 54.941612 113.118767 10.503383
v 55.092667 113.058258 10.046412
v 55.178150 112.974472 9.587092
v 55.765678 112.594521 9.752040
v 54.402962 113.538414 10.251330
v 54.533466 113.468842 9.829082
v 54.613388 113.383675 9.407184
v 54.647083 113.304054 8.990291
v 55.196209 112.873650 9.128245
v 54.165825 113.736710 9.680232
v 54.240292 113.659592 9.282817
v 54.267860 113.588615 8.895518
v 54.245941 113.509949 8.497302
v 54.616215 113.212448 8.572185
v 54.142868 113.383675 8.101535
v 54.049580 113.814705 10.085902
v 54.210339 113.593323 10.681796
v 53.870014 113.874268 10.498012
v 53.949238 113.601608 11.106944
v 53.623692 113.888809 10.913730
v 53.641388 113.535400 11.506045
v 53.339191 113.820854 11.313907
v 53.314144 113.385475 11.856349
v 53.045860 113.662018 11.673739
v 52.975403 113.144829 12.130549
v 52.742260 113.410873 11.967608
v 52.644867 112.781822 12.283999
v 52.406895 113.031235 12.154460
v 52.385719 112.295128 12.236766
v 52.088818 112.497940 12.130923
v 51.820850 111.972481 11.774646
v 53.048290 112.413467 12.466807
v 53.339275 112.754555 12.399852
v 53.732651 112.384048 12.695903
v 54.149094 112.589722 12.481143
v 54.596050 112.187050 12.803935
v 53.721306 112.987015 12.167743
v 54.082550 113.096870 11.808406
v 54.555466 112.684692 12.126826
v 54.426483 113.157799 11.405589
v 55.511482 109.703003 15.154216
v 55.066807 110.187569 14.691676
v 54.846008 109.512505 15.302920
v 54.426102 110.021629 14.730220
v 54.059929 110.489189 14.177562
v 53.952736 109.688492 14.426188
v 53.591232 110.159019 13.874911
v 53.347824 110.547203 13.422702
v 53.327206 109.772049 13.544337
v 53.126099 110.153526 13.068667
v 53.045147 110.439896 12.667270
v 53.189144 109.705513 12.711047
v 53.159649 109.973381 12.263041
v 53.522552 109.220398 12.426707
v 53.519680 109.467880 11.920238
v 54.055176 108.699699 12.230189
v 54.060158 108.926407 11.666331
v 54.096474 109.177383 11.056781
v 54.744068 108.472717 11.475322
v 54.777813 108.680504 10.903560
v 54.757618 108.743607 10.315181
v 54.015099 109.265137 10.450015
v 54.720509 108.774887 9.689860
v 54.060257 109.333603 9.818912
v 54.662746 108.897789 9.076556
v 54.044903 109.388992 9.226581
v 53.471622 109.960381 9.351375
v 54.037251 109.578659 8.675792
v 53.565117 110.136971 8.842143
v 54.106884 109.895340 8.204417
v 53.678898 110.414619 8.404376
v 54.269566 110.273262 7.828273
v 53.822990 110.714111 7.992541
v 54.539188 110.682053 7.581401
v 54.110733 111.081810 7.729480
v 54.896217 111.076134 7.537608
v 54.471775 111.451416 7.677287
v 55.266178 111.398781 7.672191
v 55.361855 110.688263 7.478168
v 55.696030 111.028824 7.605594
v 56.035686 111.296310 7.877475
v 56.207199 110.678604 7.528705
v 56.530155 110.965408 7.829471
v 56.868935 111.178772 8.256778
v 57.110802 110.604164 7.840755
v 57.443176 110.814697 8.287074
v 57.699165 110.922409 8.895831
v 58.073685 110.375275 8.373858
v 58.285004 110.503815 9.004245
v 58.442997 110.685120 9.679454
v 58.854202 110.053490 9.148768
v 58.984737 110.296082 9.808581
v 58.944904 110.423714 10.512576
v 59.535454 109.921677 9.952685
v 59.464668 110.052849 10.663226
v 59.320461 110.182220 11.377254
v 59.993164 109.683167 10.837840
v 59.847595 109.835052 11.548335
v 59.660126 110.029427 12.253825
v 60.390766 109.464584 11.743892
v 60.222851 109.686050 12.429278
v 59.839741 109.671997 13.062556
v 60.831062 109.317345 12.632327
v 60.469406 109.318069 13.255198
v 60.057983 109.361534 13.868892
v 60.349895 109.082169 14.653934
v 60.991039 108.734703 14.880458
v 60.698189 108.575142 15.234179
v 61.617802 108.381973 15.137813
v 61.389454 108.244049 15.441424
v 61.219284 108.063187 15.700809
v 60.503262 108.378029 15.526828
v 61.082363 107.855865 15.914088
v 60.377338 108.179649 15.782435
v 60.965748 107.581230 16.046055
v 61.760715 107.503189 16.048725
v 61.651459 107.229027 16.128147
v 61.557533 106.909798 16.135021
v 62.216904 106.875404 16.222271
v 62.103867 106.582008 16.185032
v 62.019657 106.295357 16.033039
v 62.504150 106.247681 16.304173
v 62.364468 105.991936 16.149609
v 62.281559 105.777191 15.881602
v 61.963039 106.057709 15.785899
v 62.296066 105.655876 15.535075
v 62.625233 105.460907 15.947993
v 62.628994 105.364227 15.612361
v 62.676083 105.331505 15.293612
v 62.362141 105.622551 15.199779
v 62.785507 105.390518 15.003848
v 62.495682 105.693451 14.912974
v 62.937607 105.541100 14.823108
v 62.650459 105.847153 14.728343
v 62.438747 106.079849 14.619273
v 62.804516 106.069603 14.607066
v 62.604046 106.292648 14.506366
v 62.535736 106.397820 14.405673
v 62.357372 106.204605 14.521083
v 62.556583 106.371437 14.230220
v 62.931988 106.466614 14.037127
v 62.778465 106.250572 14.028338
v 63.282734 106.252289 14.026431
v 63.110428 106.020164 14.004306
v 63.682156 105.892410 14.069682
v 63.474930 105.690208 14.042598
v 63.287594 105.506950 13.935420
v 63.848724 105.243500 14.094897
v 63.651039 105.096992 13.968371
v 63.491138 104.974846 13.759234
v 63.131924 105.365456 13.751361
v 63.400063 104.906052 13.494006
v 63.038528 105.292648 13.503970
v 63.384876 104.892586 13.221774
v 63.018951 105.282402 13.229976
v 62.625782 105.616096 13.221019
v 63.055603 105.302887 12.957980
v 62.668034 105.634262 12.937022
v 63.154396 105.355881 12.711459
v 62.777870 105.689301 12.662044
v 63.320332 105.453171 12.521823
v 63.548470 104.953926 12.749652
v 63.730953 105.034187 12.594836
v 63.948601 105.131943 12.497485
v 64.194992 104.540314 12.689639
v 64.405731 104.639923 12.580768
v 64.630219 104.762657 12.525638
v 64.889374 104.099915 12.674815
v 65.117798 104.231537 12.635783
v 65.338837 104.380096 12.695415
v 65.574097 103.677673 12.767734
v 65.741783 103.807259 12.877460
v 65.887459 103.932503 13.033511
v 66.113358 103.284798 12.937709
v 66.235680 103.405106 13.095363
v 66.330498 103.511230 13.286601
v 66.605461 102.964287 13.087916
v 66.695427 103.062241 13.311969
v 66.729881 103.094177 13.597766
v 67.014946 102.519577 13.415721
v 67.073410 102.559998 13.696185
v 67.103249 102.589104 13.999194
v 67.408775 102.025551 13.756595
v 67.406532 102.037506 13.969707
v 67.330765 102.020912 14.182773
v 67.517761 101.736885 13.972186
v 67.496147 101.659370 14.138774
v 67.442642 101.512573 14.304309
v 67.760475 101.134537 14.226550
v 67.685005 101.036446 14.375094
v 67.964012 100.740227 14.201854
v 67.868370 100.660568 14.332477
v 67.998184 100.813118 14.048053
v 68.084572 100.622673 13.980601
v 67.790627 101.215271 14.069713
v 67.520233 101.732178 13.811709
v 67.503448 101.681885 13.672114
v 67.346138 101.984146 13.570575
v 67.259354 101.911148 13.396068
v 67.474968 101.567734 13.554461
v 66.936012 102.451950 13.181880
v 66.784592 102.342690 13.028476
v 67.147820 101.791542 13.214442
v 66.454964 102.831726 12.947581
v 66.237953 102.687859 12.921046
v 66.555977 102.215561 12.995738
v 65.947227 103.157486 12.841144
v 65.727371 103.024368 12.859378
v 66.026962 102.565132 12.947688
v 65.358017 103.542030 12.770434
v 65.143211 103.434341 12.911586
v 65.514244 102.921402 12.992129
v 64.677826 104.001389 12.802310
v 64.495857 103.934723 12.976268
v 64.943130 103.356216 13.093051
v 64.012573 104.457413 12.835406
v 63.889282 104.411354 13.045421
v 64.379387 103.898926 13.184474
v 63.429337 104.905807 12.967769
v 63.839539 104.408043 13.294475
v 63.841240 104.425926 13.559154
v 64.372772 103.937454 13.651462
v 64.344604 103.900963 13.417888
v 64.734795 103.341492 13.796557
v 64.729118 103.304825 13.539599
v 64.791603 103.307899 13.299556
v 65.098816 102.795456 13.628978
v 65.172058 102.790588 13.382258
v 65.322533 102.840576 13.173556
v 65.501106 102.414017 13.458072
v 65.639153 102.429817 13.237674
v 65.820953 102.475967 13.053477
v 65.988991 101.991180 13.325183
v 66.156120 102.030647 13.166301
v 66.343094 102.110580 13.050776
v 66.499870 101.446350 13.168246
v 66.711777 101.559044 13.075236
v 66.943817 101.669083 13.081897
v 67.093246 101.086899 13.189960
v 67.328468 101.194588 13.244586
v 67.436874 101.383797 13.438968
v 67.584274 101.011971 13.359469
v 67.649261 101.135208 13.478061
v 67.729668 100.777420 13.456233
v 67.836113 100.807350 13.529300
v 68.015366 100.620018 13.692569
v 67.670723 100.680367 13.402896
v 67.403740 100.848381 13.275676
v 67.217155 100.702248 13.325702
v 67.505234 100.536133 13.445987
v 66.873558 100.984581 13.239261
v 66.701401 100.878181 13.404757
v 67.060562 100.588043 13.471660
v 66.323166 101.359955 13.343036
v 66.207001 101.318199 13.578685
v 66.590134 100.817429 13.636622
v 65.878258 101.999306 13.549922
v 65.839722 102.023987 13.785022
v 66.158600 101.317551 13.836444
v 65.427994 102.430855 13.708995
v 65.437431 102.476143 13.957118
v 65.868118 102.058372 14.003558
v 65.112221 102.853607 13.887042
v 65.206230 102.951180 14.111934
v 65.532051 102.550964 14.165347
v 64.811302 103.422989 14.035228
v 64.981812 103.560699 14.211566
v 65.372917 103.082825 14.284678
v 64.440620 104.003288 13.873073
v 64.553497 104.087006 14.074557
v 64.726700 104.209862 14.222102
v 65.221062 103.736633 14.295505
v 63.923107 104.496208 13.819087
v 64.064217 104.601448 14.033244
v 64.247726 104.730827 14.173305
v 64.456703 104.873497 14.204097
v 64.950859 104.366592 14.261340
v 64.073570 105.402252 14.128680
v 64.297371 105.545235 14.029757
v 64.694946 105.032555 14.174861
v 63.884869 106.058243 13.927821
v 64.080978 106.218971 13.751140
v 64.521660 105.683098 13.868411
v 63.450226 106.485413 13.894580
v 63.602215 106.721611 13.694240
v 63.742523 106.908150 13.459895
v 64.257462 106.357010 13.515063
v 63.095692 106.754288 13.950091
v 63.250481 107.074669 13.746776
v 63.388821 107.314537 13.483615
v 63.540001 107.442863 13.136539
v 63.836521 106.980362 13.169520
v 63.138302 107.586357 13.543910
v 63.303318 107.778717 13.121188
v 63.329536 107.636116 12.659083
v 63.527191 107.301376 12.775805
v 62.872467 107.774460 13.606326
v 63.028118 108.026649 13.100902
v 63.083176 107.822594 12.569232
v 63.459301 107.020943 12.478503
v 63.813557 106.874832 12.882609
v 64.328369 106.379745 13.228915
v 64.725220 105.790779 13.628192
v 64.964012 105.196815 14.038447
v 65.186676 104.523689 14.188136
v 65.490273 103.921440 14.258449
v 65.610962 103.251717 14.357707
v 65.703087 102.654243 14.324649
v 65.954300 102.103027 14.194888
v 66.194695 101.363037 14.087962
v 66.557922 100.809418 13.900561
v 66.925926 100.483231 13.943057
v 66.959145 100.509071 13.692348
v 62.959991 106.335670 14.582797
v 63.095222 105.751289 14.697833
v 63.258522 106.018417 14.684031
v 63.418373 106.295647 14.782802
v 63.109695 106.608353 14.660281
v 63.555855 106.479828 15.007876
v 63.217514 106.823174 14.864718
v 63.665455 106.572319 15.270000
v 63.271309 106.991211 15.109851
v 62.970409 107.423729 14.845553
v 63.293419 107.118416 15.371211
v 62.906437 107.601883 15.187198
v 62.338352 107.968872 14.999972
v 62.537090 107.773529 14.607661
v 62.822433 107.675705 15.520221
v 62.271732 108.069107 15.375728
v 62.650150 107.575371 15.805865
v 62.059769 107.930809 15.687457
v 62.492531 107.404655 16.055355
v 61.885418 107.726364 15.902308
v 62.340637 107.148689 16.176479
v 62.969521 106.933594 16.120258
v 62.825539 106.729324 16.247379
v 62.676174 106.505119 16.324429
v 63.235733 106.251198 16.329006
v 63.043560 106.064362 16.397778
v 62.865356 105.852165 16.358234
v 63.380733 105.592659 16.467968
v 63.190853 105.403511 16.396656
v 63.046127 105.225243 16.229862
v 62.709538 105.635689 16.216534
v 62.967659 105.085144 15.967357
v 63.440502 104.829788 16.189663
v 63.373287 104.737595 15.966403
v 63.360455 104.687363 15.714816
v 62.961018 105.008011 15.665568
v 63.417210 104.697227 15.466647
v 63.020939 104.990540 15.368899
v 63.529663 104.764999 15.235682
v 63.145241 105.065186 15.103671
v 63.687824 104.869621 15.042994
v 63.303680 105.217010 14.913836
v 63.869755 104.996117 14.905902
v 63.474411 105.401939 14.789477
v 64.087135 105.134705 14.871043
v 63.651993 105.616333 14.761378
v 64.294853 105.278320 14.937755
v 63.832214 105.813286 14.837916
v 64.491913 105.416229 15.029292
v 63.997826 105.974083 14.975131
v 64.658470 105.562042 15.257953
v 64.156372 106.111412 15.186992
v 64.741432 105.677856 15.604426
v 64.236580 106.167915 15.507785
v 63.729527 106.621231 15.529521
v 64.215919 106.141609 15.859149
v 63.731861 106.648972 15.810008
v 63.259819 107.188705 15.661578
v 63.587059 106.552132 16.030880
v 63.119026 107.097939 15.927005
v 63.423412 106.419273 16.200993
v 64.093353 106.094360 16.169697
v 63.848141 105.960030 16.367558
v 63.603481 105.783928 16.449497
v 64.289795 105.525909 16.517811
v 64.001282 105.316872 16.582027
v 63.760620 105.123474 16.515049
v 64.480698 104.797989 16.589275
v 64.250435 104.631165 16.607708
v 64.039497 104.463409 16.498608
v 63.572399 104.953163 16.384235
v 63.888535 104.311172 16.314007
v 64.485733 103.961700 16.579060
v 64.324799 103.817291 16.381802
v 64.214851 103.699692 16.152920
v 63.795853 104.195427 16.082249
v 64.180885 103.637794 15.897082
v 63.768551 104.131042 15.819797
v 64.221794 103.632797 15.646083
v 63.812691 104.129837 15.560275
v 64.315163 103.680161 15.421237
v 63.918926 104.185905 15.324634
v 64.467232 103.780243 15.249324
v 64.077438 104.290024 15.150058
v 64.663490 103.913567 15.134471
v 64.270821 104.417366 15.023509
v 64.892647 104.087898 15.110011
v 64.496391 104.578941 15.001903
v 65.108208 104.264404 15.206782
v 64.712921 104.760071 15.101207
v 65.243355 104.391808 15.408305
v 64.873901 104.905334 15.284305
v 65.324867 104.477051 15.633990
v 64.967278 105.012268 15.520488
v 65.396484 104.547356 15.878924
v 65.021576 105.098747 15.781741
v 65.375237 104.557869 16.145870
v 65.000839 105.128189 16.067371
v 64.676620 105.691437 15.965175
v 64.880089 105.071060 16.315723
v 64.526588 105.643707 16.259693
v 64.687935 104.945625 16.493221
v 65.253845 104.502747 16.376766
v 65.086220 104.405037 16.559475
v 64.892517 104.268867 16.659740
v 65.462677 103.890350 16.688389
v 65.244720 103.738243 16.753201
v 65.029778 103.569702 16.716564
v 64.690491 104.121758 16.678982
v 64.848480 103.395599 16.591373
v 65.372787 103.039253 16.753178
v 65.206886 102.914978 16.606861
v 65.104210 102.832985 16.429989
v 64.728401 103.255302 16.417805
v 65.041611 102.777832 16.233646
v 64.661446 103.152145 16.214886
v 65.025337 102.755104 16.021580
v 64.657639 103.098587 15.979289
v 65.059753 102.757431 15.804645
v 64.700470 103.097435 15.733851
v 65.146889 102.780952 15.596080
v 64.787285 103.144463 15.509379
v 65.276794 102.844139 15.413196
v 64.921158 103.249863 15.334773
v 65.454681 102.955132 15.282428
v 65.092949 103.409744 15.210864
v 65.662331 103.095772 15.247310
v 65.295830 103.591835 15.177051
v 65.853096 103.225418 15.330005
v 65.488281 103.746536 15.246646
v 66.010689 103.330666 15.475390
v 65.658226 103.872215 15.379642
v 66.102295 103.411186 15.691241
v 65.785942 103.974106 15.582911
v 66.143471 103.460114 15.955394
v 65.832573 104.033104 15.869456
v 66.104660 103.470840 16.255802
v 65.778091 104.044266 16.210361
v 66.005615 103.433029 16.538662
v 65.659912 104.008217 16.509983
v 65.818550 103.325096 16.724277
v 66.312317 102.923317 16.440578
v 66.183105 102.796043 16.619053
v 65.985336 102.656441 16.732883
v 65.591331 103.184235 16.780621
v 65.748878 102.545090 16.779408
v 66.311920 102.246399 16.733265
v 66.102875 102.117676 16.752506
v 65.913300 101.990372 16.677860
v 65.557327 102.425758 16.698673
v 65.775063 101.891640 16.530087
v 65.417969 102.325508 16.525967
v 65.695663 101.829491 16.331814
v 65.336571 102.258537 16.306896
v 65.671898 101.795021 16.107967
v 65.312202 102.227493 16.069256
v 65.710373 101.790634 15.874377
v 65.343582 102.229805 15.828761
v 65.817291 101.822861 15.656848
v 65.438530 102.270790 15.605517
v 65.968208 101.897118 15.484416
v 65.587814 102.358887 15.427554
v 66.151924 102.011246 15.404101
v 65.779251 102.477333 15.326968
v 66.344368 102.129074 15.416301
v 66.002235 102.563599 15.349902
v 66.533173 102.253052 15.549899
v 66.209824 102.654297 15.480960
v 66.544785 102.339661 15.703662
v 66.325882 102.788116 15.669711
v 66.577072 102.481033 15.912883
v 66.394997 102.910950 15.853900
v 66.581337 102.580055 16.094418
v 66.427307 102.964714 16.046803
v 66.539825 102.593765 16.267246
v 66.402069 102.972092 16.239658
v 66.461029 102.505493 16.459064
v 66.861565 102.033676 16.383083
v 66.793015 101.935966 16.562412
v 66.707855 101.820267 16.691128
v 66.396072 102.361938 16.624577
v 66.646332 101.779495 16.731632
v 66.913986 101.595871 16.521931
v 66.823021 101.510757 16.567127
v 66.942566 101.429382 16.355183
v 66.840294 101.367065 16.374966
v 66.905716 101.344009 16.160305
v 66.793762 101.288918 16.190235
v 66.647697 101.260185 16.232510
v 66.418747 101.299500 16.289158
v 66.717476 101.276848 15.995700
v 66.842728 101.341957 15.950343
v 66.724564 101.426895 15.737758
v 66.581955 101.349968 15.792956
v 66.503723 101.634430 15.541301
v 66.339691 101.533089 15.610301
v 66.858513 101.519638 15.745059
v 66.670410 101.740662 15.533465
v 66.956604 101.636795 15.833217
v 66.815056 101.841980 15.658679
v 66.089272 101.486610 16.326069
v 67.002876 101.653839 16.455547
v 67.044014 101.738617 16.315723
v 60.979588 109.082367 11.953273
v 61.602528 108.663620 12.156085
v 61.677704 108.413071 11.464129
v 61.069057 108.856911 11.258349
v 61.205524 108.775566 10.521029
v 61.774323 108.374397 10.710261
v 60.518024 109.281563 11.040973
v 60.650059 109.172729 10.316211
v 60.530876 108.832375 9.680011
v 61.089146 108.438232 9.870852
v 60.095844 109.555679 10.120212
v 59.984188 109.244896 9.479655
v 59.912041 109.035713 8.849093
v 60.450474 108.602676 9.045703
v 59.439228 109.659592 9.293979
v 59.353500 109.466339 8.658816
v 59.212086 109.223305 8.153399
v 59.826252 108.835754 8.304255
v 58.735180 109.907082 8.503825
v 58.516819 109.671318 8.028956
v 58.292484 109.369095 7.719913
v 59.023014 108.907913 7.827792
v 57.788563 110.167213 7.913119
v 57.522091 109.876366 7.598552
v 57.289230 109.513687 7.416705
v 58.084663 109.017433 7.548053
v 56.811790 110.316994 7.513858
v 56.542885 109.947006 7.345119
v 56.299145 109.520515 7.335193
v 57.069500 109.094185 7.387134
v 55.907116 110.318954 7.380275
v 55.639473 109.902290 7.395473
v 55.420315 109.467476 7.571124
v 56.102665 109.099777 7.519992
v 55.056843 110.283562 7.501369
v 54.822647 109.857635 7.703006
v 54.682384 109.464508 8.054393
v 55.275452 109.068176 7.899478
v 55.241386 108.757027 8.365680
v 55.914940 108.404648 8.237971
v 55.968384 108.716713 7.822307
v 54.635372 109.136436 8.519382
v 55.321644 108.548996 8.930308
v 55.410675 108.385406 9.553042
v 56.095963 108.127533 9.400592
v 55.964413 108.195732 8.772555
v 56.752602 107.820221 9.271312
v 56.680264 107.912933 8.678851
v 56.670460 108.080437 8.192142
v 57.419041 107.646713 8.674594
v 57.459011 107.788765 8.234591
v 57.553543 108.004578 7.897738
v 56.736298 108.328354 7.803409
v 57.696362 108.290421 7.663714
v 56.875263 108.675156 7.521396
v 57.878296 108.642838 7.551372
v 58.443020 107.856522 7.651752
v 58.643250 108.203712 7.543468
v 58.841427 108.570419 7.613658
v 59.294815 107.865974 7.619678
v 59.483738 108.209259 7.723048
v 59.654682 108.530640 7.951701
v 60.007954 107.884354 7.829951
v 60.214794 108.176170 8.075038
v 60.403076 108.460861 8.459773
v 60.732967 107.834938 8.195918
v 60.917732 108.060974 8.619067
v 60.974525 108.181389 9.230937
v 61.277252 107.537537 8.299235
v 61.053173 107.281540 7.986331
v 61.548145 106.995476 8.097453
v 61.808121 107.290192 8.376849
v 60.501270 107.580559 7.917468
v 60.249245 107.301041 7.800052
v 60.788441 106.985466 7.837176
v 59.783302 107.586258 7.718249
v 59.552746 107.301109 7.764163
v 60.002697 107.045410 7.863498
v 59.074482 107.532242 7.691531
v 58.886719 107.290268 7.928401
v 59.357079 107.082428 7.960292
v 58.279274 107.604553 7.922870
v 58.170898 107.460762 8.283526
v 58.764202 107.157364 8.278590
v 58.693871 107.087997 8.705317
v 59.183559 106.873611 8.728267
v 59.226879 106.944839 8.295207
v 58.108379 107.379684 8.706759
v 58.097382 107.348404 9.220439
v 58.651062 107.034607 9.215930
v 57.439640 107.584740 9.219142
v 57.488052 107.535210 9.860606
v 58.139339 107.357475 9.845805
v 56.844803 107.803673 9.930797
v 56.936264 107.830124 10.557528
v 57.567814 107.557274 10.507838
v 56.190495 108.066910 10.044269
v 56.214817 107.983437 10.658420
v 56.252674 107.975693 11.231776
v 56.965721 107.724380 11.148791
v 55.464760 108.311852 10.191287
v 55.518318 108.350540 10.797832
v 55.484501 108.156784 11.330317
v 55.489880 107.985779 11.859637
v 56.253937 107.806961 11.740458
v 54.746590 108.255333 12.032756
v 54.806442 108.002304 12.559871
v 55.520603 107.783997 12.360194
v 54.122097 108.377975 12.750346
v 54.336147 107.990601 13.304408
v 54.937435 107.710526 13.068088
v 53.610355 108.860115 12.949908
v 53.888042 108.420486 13.536944
v 54.269215 107.955956 14.187877
v 54.635254 107.612907 13.891444
v 53.340668 109.333847 13.214725
v 53.650120 108.865158 13.804729
v 54.079067 108.357704 14.476787
v 54.509182 107.903549 15.096461
v 54.643349 107.567886 14.786029
v 53.665833 109.298958 14.116710
v 54.123749 108.771263 14.763743
v 54.562885 108.282204 15.370997
v 54.905033 107.869881 15.812854
v 54.862476 107.536537 15.554561
v 54.395443 109.157661 15.039203
v 54.799889 108.662987 15.605189
v 55.130398 108.235374 16.000332
v 55.399673 107.773926 16.277554
v 55.199810 107.438301 16.118275
v 55.239773 109.045166 15.770068
v 55.549194 108.610023 16.121456
v 55.764740 108.125031 16.410419
v 55.890495 107.519394 16.745655
v 55.573273 107.190834 16.581364
v 56.217087 108.820580 15.948092
v 56.326801 108.348549 16.373249
v 56.384544 107.740608 16.741062
v 56.530167 107.022079 17.016384
v 56.107380 106.772758 17.041065
v 56.993713 107.162498 16.955166
v 57.163761 106.393379 17.157734
v 56.821884 106.270500 17.248013
v 57.291328 107.111259 16.680874
v 57.432076 106.428986 16.977398
v 57.767235 105.737038 17.362186
v 57.514412 105.679268 17.507626
v 57.476814 107.003372 16.470921
v 57.654484 106.394531 16.763683
v 57.991619 105.705727 17.143421
v 58.345348 105.108292 17.432331
v 58.171585 105.083771 17.670086
v 57.786800 106.293221 16.528622
v 58.104397 105.610130 16.876095
v 58.366425 105.106331 17.145306
v 58.738953 104.478165 17.340687
v 58.684116 104.467705 17.607929
v 58.330223 105.052605 16.889919
v 58.728935 104.450439 17.057079
v 59.050095 103.889389 17.524906
v 55.958271 109.256866 15.538997
v 59.697723 106.750771 8.403300
v 59.808521 106.867340 8.081431
v 60.284206 106.466629 8.136706
v 60.508514 106.696182 7.909297
v 60.998608 106.392830 8.072856
v 61.279148 106.681213 7.983699
v 61.440453 106.118530 8.226802
v 61.702507 106.388962 8.117549
v 62.016865 106.712769 8.109019
v 62.128410 106.067497 8.177386
v 62.457348 106.344543 8.234630
v 62.674381 106.589066 8.549052
v 62.291290 106.995926 8.438708
v 62.705193 106.733109 8.939227
v 63.010193 106.134224 8.641246
v 63.059875 106.225739 9.012515
v 62.968971 106.132515 9.303325
v 63.492146 105.704964 9.015697
v 63.388203 105.652596 9.292850
v 63.237915 105.547409 9.505092
v 62.836506 105.997879 9.505900
v 63.849277 105.187317 9.354785
v 63.634953 105.059738 9.569659
v 63.438873 104.895340 9.704745
v 64.071823 104.467705 9.607219
v 63.891167 104.343964 9.768611
v 63.665867 104.217125 9.790210
v 64.205505 103.844864 9.879733
v 63.981388 103.719658 9.882831
v 63.797913 103.614449 9.747752
v 63.461281 104.115303 9.681209
v 63.676498 103.540771 9.536349
v 63.324551 104.025299 9.465060
v 63.636757 103.469208 9.291621
v 63.266232 103.965652 9.187099
v 63.683022 103.447639 9.054790
v 63.301071 103.968018 8.929049
v 63.793602 103.475914 8.852084
v 63.398174 104.014832 8.722186
v 62.984585 104.508263 8.605296
v 63.559731 104.105965 8.573871
v 63.136074 104.587105 8.418109
v 62.780834 105.044624 8.320338
v 63.366264 104.722374 8.339190
v 63.022728 105.240372 8.278132
v 62.569252 105.734734 8.228602
v 62.318810 105.508026 8.264361
v 61.853119 105.839851 8.269038
v 63.243229 105.438675 8.415797
v 62.818863 105.954231 8.364558
v 63.419815 105.605484 8.676311
v 63.642517 104.900482 8.394183
v 63.871750 105.072037 8.662585
v 63.946648 105.177185 9.007281
v 64.202148 104.502151 8.833056
v 64.291458 104.575439 9.112002
v 64.212677 104.554497 9.384494
v 64.708794 104.018852 9.220424
v 64.606392 104.018349 9.500941
v 64.416489 103.954567 9.731441
v 64.953682 103.499893 9.625667
v 64.769394 103.440865 9.853412
v 64.529526 103.315887 9.982654
v 65.022964 102.993546 9.784526
v 64.850876 102.901405 9.994472
v 64.628883 102.722298 10.043567
v 64.297043 103.171005 9.969195
v 64.485413 102.561874 9.958606
v 64.135635 103.059311 9.835788
v 64.412659 102.456543 9.776622
v 64.051071 102.983093 9.646831
v 64.031044 102.935478 9.432132
v 64.075630 102.919991 9.219363
v 64.175819 102.924042 9.025012
v 64.666969 102.554573 9.050174
v 64.347878 102.968704 8.880702
v 63.964626 103.539108 8.698077
v 64.569687 103.072990 8.841403
v 64.190712 103.647842 8.649188
v 63.779148 104.235168 8.528186
v 64.418938 103.779045 8.743777
v 64.008034 104.377235 8.619716
v 64.616867 103.917885 8.938601
v 64.807350 103.225540 8.902789
v 64.971375 103.370850 9.092891
v 65.030014 103.472084 9.340678
v 65.020271 102.804039 9.132838
v 64.871117 102.672501 9.010921
v 65.063339 102.358162 9.195361
v 65.196014 102.465836 9.258449
v 64.873627 102.286682 9.206653
v 64.997856 102.130974 9.425143
v 65.077126 102.560150 9.954997
v 65.206055 102.663750 9.799502
v 62.534298 106.168190 10.034091
v 62.769543 105.988876 10.117114
v 63.054169 106.238327 10.120212
v 62.827793 106.417740 10.014728
v 63.308823 106.527878 10.250911
v 63.076252 106.750206 10.139422
v 63.497082 106.759491 10.480517
v 63.282948 107.063576 10.376330
v 62.994892 107.373016 10.310359
v 63.420895 107.251648 10.793796
v 63.093040 107.552185 10.820918
v 63.335712 107.132309 11.237353
v 63.082298 107.381447 11.359012
v 63.189030 106.916969 11.564471
v 63.529427 106.891891 11.190776
v 63.361599 106.754799 11.478229
v 63.146633 106.564728 11.714999
v 62.871803 106.707268 11.807429
v 63.622906 106.442680 11.467235
v 63.424248 106.286674 11.690562
v 63.972961 106.037643 11.530276
v 63.777905 105.881378 11.735499
v 63.533669 105.658081 11.824443
v 64.185165 105.431374 11.846644
v 63.957241 105.220810 11.885982
v 63.765797 105.020020 11.818004
v 64.329460 104.728279 11.928760
v 64.143478 104.567474 11.835704
v 64.012413 104.449928 11.685161
v 63.611012 104.862686 11.691531
v 63.919472 104.362320 11.509883
v 63.480278 104.741463 11.530040
v 63.869118 104.291206 11.318675
v 63.395344 104.663460 11.307742
v 63.867882 104.240028 11.108066
v 63.368164 104.619484 11.047999
v 63.910049 104.221169 10.884379
v 63.430893 104.640137 10.790675
v 63.032932 105.052849 10.699153
v 63.562931 104.708893 10.554904
v 63.168682 105.156273 10.443843
v 62.838520 105.521866 10.362552
v 63.380051 105.311508 10.253894
v 63.061726 105.692917 10.192889
v 63.667866 105.552864 10.225215
v 63.336159 105.941475 10.199168
v 63.904583 105.786430 10.407420
v 63.574074 106.194092 10.362628
v 64.084908 105.976326 10.636432
v 63.748512 106.392555 10.591846
v 64.195045 106.118256 10.938846
v 63.880196 106.556381 10.880603
v 63.629028 106.935104 10.822719
v 63.771206 106.531693 11.204928
v 64.115051 106.112923 11.261165
v 64.572975 105.608772 10.981601
v 64.517555 105.640602 11.332057
v 64.394699 105.587494 11.655765
v 64.969154 105.112228 11.426204
v 64.797485 105.052025 11.750842
v 64.565697 104.909103 11.921779
v 65.189491 104.474136 11.757594
v 65.002525 104.393112 11.947116
v 64.758705 104.235672 11.990504
v 65.413864 103.890282 11.983752
v 65.169388 103.741302 12.050334
v 64.931175 103.563217 11.992084
v 64.533257 104.064827 11.925578
v 64.751503 103.406715 11.872416
v 64.354996 103.912720 11.795794
v 64.623817 103.277588 11.719981
v 64.223160 103.788338 11.642360
v 64.550789 103.187813 11.530383
v 64.154907 103.704819 11.436076
v 64.548752 103.148247 11.292705
v 64.162361 103.665398 11.186587
v 64.633087 103.164230 11.026736
v 64.243286 103.664482 10.915095
v 64.789940 103.236305 10.782405
v 64.405136 103.725250 10.672839
v 64.007896 104.242630 10.657489
v 64.622704 103.850479 10.495158
v 64.210541 104.331551 10.452777
v 63.768345 104.835152 10.352168
v 64.478310 104.499474 10.348681
v 64.054451 105.045837 10.272578
v 64.784103 104.741028 10.382113
v 64.327713 105.298950 10.361224
v 64.984840 104.950081 10.645946
v 64.506439 105.486595 10.646251
v 65.009949 105.062866 11.019626
v 65.282402 104.357536 10.819674
v 65.349693 104.454620 11.156466
v 65.305428 104.489136 11.491733
v 65.685722 103.941444 11.281444
v 65.655411 103.970062 11.583987
v 65.558624 103.950195 11.801433
v 65.951477 103.536789 11.675387
v 65.861069 103.496582 11.915454
v 65.683846 103.389198 12.059459
v 66.182831 103.015900 12.051044
v 65.992180 102.891563 12.199550
v 65.758728 102.735115 12.218074
v 65.463310 103.242622 12.112361
v 65.561295 102.582581 12.156680
v 65.243217 103.072685 12.085986
v 65.419632 102.443680 12.040912
v 65.073761 102.915398 11.977595
v 65.330200 102.335487 11.861163
v 64.966049 102.793259 11.810527
v 65.284142 102.259476 11.646327
v 64.908768 102.707603 11.606647
v 65.281975 102.199440 11.414805
v 64.909630 102.667107 11.368579
v 65.338348 102.181511 11.179141
v 64.985168 102.685715 11.116725
v 65.448250 102.226807 10.958667
v 65.133728 102.762619 10.892932
v 65.631195 102.343246 10.809230
v 65.332932 102.883423 10.724994
v 65.007347 103.364922 10.600108
v 65.557465 103.049110 10.673541
v 65.240967 103.542099 10.599933
v 64.879585 104.033493 10.461230
v 65.439949 103.703255 10.742831
v 65.115364 104.210327 10.573787
v 65.604614 103.842705 10.970286
v 65.750603 103.228233 10.778850
v 65.881416 103.385651 11.044429
v 65.956139 103.497467 11.362155
v 66.201607 102.884689 11.077502
v 66.268509 103.018486 11.420756
v 66.273697 103.066956 11.778705
v 66.696915 102.296829 11.536044
v 66.652176 102.365265 11.768229
v 66.526367 102.404510 11.985866
v 66.751755 102.118393 11.722613
v 66.720093 102.077675 11.864749
v 66.672256 101.967827 12.022738
v 66.317123 102.376556 12.166163
v 66.497787 101.854294 12.189601
v 66.082764 102.279152 12.260737
v 66.233086 101.695732 12.278026
v 65.878189 102.120438 12.259830
v 66.063614 101.549126 12.210483
v 65.726143 101.952110 12.157153
v 65.960434 101.409004 12.040004
v 65.622978 101.802567 11.983951
v 65.904915 101.292847 11.794429
v 65.582237 101.698189 11.744128
v 65.922089 101.227371 11.510730
v 65.599335 101.641663 11.473132
v 66.016541 101.220650 11.273227
v 65.680267 101.639648 11.217280
v 66.173019 101.267456 11.093745
v 65.824516 101.698341 11.012736
v 66.399498 101.395370 11.006373
v 66.017235 101.819473 10.891261
v 66.587875 101.618423 11.134677
v 66.247200 102.011543 10.924579
v 65.856491 102.509750 10.749103
v 66.458504 102.181328 11.083873
v 66.068802 102.704613 10.826198
v 66.616753 102.265488 11.301547
v 66.707626 101.843727 11.267879
v 66.754982 102.001480 11.404056
v 66.757271 102.104362 11.566051
v 66.960991 101.543221 11.455775
v 66.900085 101.370667 11.301463
v 66.793922 101.186333 11.176822
v 66.679359 101.060623 11.120082
v 66.873123 100.839722 11.316577
v 66.735901 100.770538 11.430369
v 66.894562 100.725746 11.692294
v 67.010269 100.789093 11.598811
v 66.489525 100.957588 11.226741
v 67.082199 100.863922 11.867923
v 67.069427 101.037804 12.074405
v 67.178314 101.037971 12.002246
v 66.958496 101.231476 12.200709
v 67.069321 101.252655 12.129230
v 66.758774 101.512947 12.224536
v 66.871857 101.611389 12.113254
v 66.530426 101.366844 12.283977
v 66.357224 101.231720 12.228999
v 66.251770 101.102859 12.070491
vt 0.233286 0.207490
vt 0.233520 0.205341
vt 0.236913 0.205882
vt 0.236284 0.207832
vt 0.229886 0.205705
vt 0.230013 0.207801
vt 0.227096 0.208734
vt 0.226556 0.207014
vt 0.223833 0.208904
vt 0.224882 0.210060
vt 0.223694 0.211394
vt 0.222270 0.210802
vt 0.223118 0.212444
vt 0.221288 0.212301
vt 0.239863 0.207185
vt 0.239076 0.208726
vt 0.241340 0.209602
vt 0.242458 0.208560
vt 0.244124 0.210045
vt 0.242720 0.210618
vt 0.221059 0.213023
vt 0.222968 0.213128
vt 0.221299 0.214000
vt 0.223135 0.213508
vt 0.223574 0.215008
vt 0.221995 0.215553
vt 0.224502 0.216359
vt 0.223207 0.217189
vt 0.225163 0.218574
vt 0.226132 0.217564
vt 0.227919 0.218565
vt 0.227257 0.219576
vt 0.229870 0.220454
vt 0.230089 0.219235
vt 0.232373 0.219516
vt 0.232493 0.220736
vt 0.235450 0.220582
vt 0.235074 0.219449
vt 0.238371 0.219779
vt 0.237687 0.218968
vt 0.239974 0.217492
vt 0.240876 0.218106
vt 0.242516 0.215903
vt 0.241510 0.215517
vt 0.243781 0.213250
vt 0.242512 0.213265
vt 0.244609 0.211854
vt 0.243021 0.211988
vt 0.243199 0.211574
vt 0.244681 0.211061
vt 0.224355 0.212501
vt 0.224029 0.213110
vt 0.224884 0.211774
vt 0.225792 0.210969
vt 0.227628 0.209935
vt 0.230278 0.209039
vt 0.233357 0.208775
vt 0.224120 0.213239
vt 0.224412 0.214321
vt 0.225272 0.215660
vt 0.226700 0.216626
vt 0.228396 0.217482
vt 0.230353 0.218121
vt 0.232448 0.218491
vt 0.236242 0.209125
vt 0.238720 0.209818
vt 0.240562 0.210503
vt 0.241625 0.211199
vt 0.242112 0.211802
vt 0.242108 0.212142
vt 0.241911 0.213011
vt 0.241071 0.214999
vt 0.239620 0.216758
vt 0.237520 0.218038
vt 0.235000 0.218568
vt 0.229565 0.222415
vt 0.232975 0.222725
vt 0.226074 0.221441
vt 0.223331 0.220203
vt 0.220765 0.218806
vt 0.219070 0.216920
vt 0.218129 0.215002
vt 0.217850 0.213124
vt 0.218795 0.211465
vt 0.220592 0.209045
vt 0.223077 0.206647
vt 0.226348 0.204714
vt 0.230109 0.203472
vt 0.233995 0.203175
vt 0.237612 0.204005
vt 0.240811 0.205620
vt 0.243822 0.207157
vt 0.245688 0.209048
vt 0.246335 0.210421
vt 0.246630 0.211828
vt 0.246226 0.213654
vt 0.244882 0.216428
vt 0.242899 0.219008
vt 0.240068 0.221040
vt 0.236577 0.222322
vt 0.239123 0.233929
vt 0.237565 0.227020
vt 0.242035 0.226005
vt 0.244401 0.232814
vt 0.233514 0.234458
vt 0.233154 0.227387
vt 0.228591 0.227535
vt 0.227659 0.234857
vt 0.223749 0.226751
vt 0.221786 0.234483
vt 0.216557 0.231777
vt 0.219743 0.224981
vt 0.211720 0.227672
vt 0.216455 0.222658
vt 0.213830 0.219605
vt 0.208318 0.222376
vt 0.206992 0.216919
vt 0.212720 0.216342
vt 0.207314 0.211323
vt 0.213273 0.212983
vt 0.209386 0.204472
vt 0.215410 0.209539
vt 0.218789 0.206231
vt 0.216597 0.201802
vt 0.222462 0.203881
vt 0.221547 0.200043
vt 0.226343 0.202072
vt 0.226017 0.198537
vt 0.230520 0.200926
vt 0.230552 0.197539
vt 0.235079 0.197198
vt 0.234700 0.200608
vt 0.238420 0.201518
vt 0.239014 0.197857
vt 0.242089 0.203159
vt 0.243851 0.198712
vt 0.245490 0.205156
vt 0.247872 0.202244
vt 0.250380 0.205852
vt 0.247683 0.207788
vt 0.248835 0.210299
vt 0.252533 0.209871
vt 0.249257 0.212847
vt 0.252448 0.213960
vt 0.249029 0.215400
vt 0.252182 0.217605
vt 0.245708 0.223552
vt 0.249471 0.230756
vt 0.247858 0.219314
vt 0.251321 0.223403
vt 0.250238 0.184475
vt 0.251590 0.185246
vt 0.250877 0.186650
vt 0.249243 0.187004
vt 0.250490 0.189247
vt 0.251439 0.188119
vt 0.252688 0.189042
vt 0.252300 0.190379
vt 0.254343 0.189039
vt 0.254626 0.190416
vt 0.256192 0.188164
vt 0.257024 0.189234
vt 0.257036 0.186720
vt 0.258302 0.187218
vt 0.256516 0.185282
vt 0.257867 0.184561
vt 0.253163 0.183764
vt 0.253170 0.184643
vt 0.248120 0.189071
vt 0.249949 0.190616
vt 0.247715 0.185734
vt 0.246280 0.187967
vt 0.252075 0.191703
vt 0.254641 0.192020
vt 0.257751 0.190690
vt 0.259237 0.187996
vt 0.259169 0.184384
vt 0.259264 0.190734
vt 0.258840 0.193298
vt 0.257225 0.193161
vt 0.251996 0.193180
vt 0.253696 0.193826
vt 0.249849 0.192436
vt 0.247728 0.191041
vt 0.245916 0.190486
vt 0.255731 0.193190
vt 0.255089 0.194832
vt 0.256710 0.195764
vt 0.258506 0.196341
vt 0.252836 0.195848
vt 0.251768 0.194681
vt 0.250638 0.194943
vt 0.251174 0.196862
vt 0.249038 0.194135
vt 0.248384 0.195285
vt 0.247809 0.192778
vt 0.246630 0.192894
vt 0.254376 0.197454
vt 0.256328 0.199051
vt 0.258425 0.200018
vt 0.253801 0.200009
vt 0.256043 0.202434
vt 0.258319 0.203741
vt 0.257945 0.207576
vt 0.255021 0.206880
vt 0.255308 0.210929
vt 0.257856 0.211406
vt 0.257832 0.215290
vt 0.255274 0.214847
vt 0.260381 0.211646
vt 0.260381 0.215340
vt 0.255085 0.219006
vt 0.257815 0.219421
vt 0.254342 0.225306
vt 0.257265 0.225450
vt 0.260381 0.219251
vt 0.260381 0.225315
vt 0.253463 0.231555
vt 0.256418 0.231593
vt 0.260381 0.231753
vt 0.250066 0.199492
vt 0.247101 0.196468
vt 0.252645 0.202969
vt 0.245203 0.193164
vt 0.242591 0.193637
vt 0.238947 0.193666
vt 0.244685 0.190136
vt 0.242311 0.189927
vt 0.238959 0.189660
vt 0.255781 0.183854
vt 0.255063 0.184661
vt 0.257660 0.182651
vt 0.258964 0.182232
vt 0.260381 0.182232
vt 0.260381 0.184139
vt 0.255935 0.182670
vt 0.253084 0.182669
vt 0.249995 0.183203
vt 0.246932 0.184307
vt 0.245162 0.187383
vt 0.258900 0.177183
vt 0.260381 0.176976
vt 0.260381 0.179035
vt 0.258955 0.179224
vt 0.252995 0.176731
vt 0.255691 0.177546
vt 0.255772 0.179620
vt 0.252870 0.178495
vt 0.249570 0.175104
vt 0.249328 0.176904
vt 0.246010 0.172604
vt 0.245579 0.174452
vt 0.243035 0.170313
vt 0.242298 0.171977
vt 0.239829 0.169448
vt 0.240959 0.168366
vt 0.239678 0.166445
vt 0.238421 0.166960
vt 0.239627 0.165040
vt 0.238471 0.164625
vt 0.240621 0.163008
vt 0.239603 0.161899
vt 0.258947 0.180912
vt 0.260381 0.180758
vt 0.257561 0.181232
vt 0.257550 0.177560
vt 0.257588 0.179639
vt 0.255913 0.181373
vt 0.252531 0.180770
vt 0.248782 0.178764
vt 0.245082 0.176771
vt 0.241448 0.174268
vt 0.238257 0.171359
vt 0.236496 0.168146
vt 0.236735 0.164218
vt 0.238153 0.160505
vt 0.241615 0.159908
vt 0.242688 0.161516
vt 0.244596 0.158827
vt 0.245824 0.160397
vt 0.248523 0.157862
vt 0.249668 0.159374
vt 0.251869 0.157167
vt 0.252609 0.158858
vt 0.255952 0.156885
vt 0.256170 0.158714
vt 0.254375 0.158682
vt 0.253962 0.156930
vt 0.258155 0.158990
vt 0.257943 0.156948
vt 0.260381 0.154473
vt 0.260381 0.156998
vt 0.257981 0.154417
vt 0.255769 0.154495
vt 0.253580 0.154703
vt 0.243573 0.156623
vt 0.247438 0.155786
vt 0.240423 0.157960
vt 0.260381 0.173279
vt 0.260381 0.175173
vt 0.258879 0.175335
vt 0.258642 0.173384
vt 0.258279 0.169409
vt 0.260381 0.169054
vt 0.260381 0.171279
vt 0.258407 0.171335
vt 0.260381 0.159072
vt 0.260381 0.160941
vt 0.258425 0.161019
vt 0.256837 0.163164
vt 0.256509 0.160792
vt 0.258594 0.163376
vt 0.258733 0.165875
vt 0.256819 0.165483
vt 0.257232 0.175425
vt 0.256873 0.173275
vt 0.256523 0.171181
vt 0.255994 0.169462
vt 0.255221 0.175346
vt 0.254724 0.172779
vt 0.254273 0.170689
vt 0.253808 0.169244
vt 0.252704 0.174593
vt 0.252101 0.171891
vt 0.251625 0.170003
vt 0.251301 0.168874
vt 0.251933 0.166704
vt 0.252688 0.164606
vt 0.254583 0.165072
vt 0.254156 0.167225
vt 0.254767 0.160686
vt 0.253017 0.160667
vt 0.249298 0.173030
vt 0.249045 0.170812
vt 0.248889 0.169223
vt 0.248664 0.168557
vt 0.245990 0.170913
vt 0.245916 0.169574
vt 0.245960 0.168602
vt 0.245848 0.168021
vt 0.243389 0.169107
vt 0.243500 0.168290
vt 0.243551 0.167804
vt 0.243513 0.167402
vt 0.250466 0.162595
vt 0.250280 0.160895
vt 0.253130 0.162712
vt 0.250124 0.164366
vt 0.246971 0.163107
vt 0.246592 0.161718
vt 0.246764 0.164702
vt 0.243866 0.164140
vt 0.243387 0.162916
vt 0.244056 0.165053
vt 0.241536 0.167613
vt 0.241806 0.167164
vt 0.240362 0.166119
vt 0.240757 0.165979
vt 0.241842 0.164564
vt 0.241270 0.163825
vt 0.240692 0.165442
vt 0.240273 0.165267
vt 0.242203 0.165130
vt 0.241418 0.165637
vt 0.241056 0.165563
vt 0.242313 0.165511
vt 0.241061 0.165953
vt 0.241343 0.165876
vt 0.241997 0.166873
vt 0.242117 0.166568
vt 0.250982 0.155068
vt 0.254872 0.162948
vt 0.260381 0.163342
vt 0.260381 0.165937
vt 0.258586 0.168123
vt 0.256420 0.167772
vt 0.249290 0.166175
vt 0.246396 0.165811
vt 0.243917 0.165645
vt 0.154738 0.207132
vt 0.153323 0.210764
vt 0.149605 0.207853
vt 0.151927 0.205313
vt 0.150498 0.202831
vt 0.147968 0.204002
vt 0.147526 0.200374
vt 0.149934 0.200122
vt 0.147722 0.196352
vt 0.150173 0.196734
vt 0.150812 0.193642
vt 0.148551 0.193004
vt 0.150090 0.189886
vt 0.152099 0.190719
vt 0.153776 0.188009
vt 0.151928 0.186700
vt 0.155542 0.185745
vt 0.153834 0.183896
vt 0.147992 0.209628
vt 0.152172 0.213717
vt 0.146233 0.204695
vt 0.145720 0.200638
vt 0.146105 0.196257
vt 0.147074 0.192584
vt 0.148439 0.189168
vt 0.150200 0.185514
vt 0.152034 0.182232
vt 0.155608 0.189615
vt 0.157121 0.187766
vt 0.154426 0.191756
vt 0.153768 0.194153
vt 0.153592 0.197091
vt 0.152102 0.200027
vt 0.152309 0.201874
vt 0.153471 0.203305
vt 0.155591 0.204395
vt 0.158106 0.210762
vt 0.157963 0.206750
vt 0.162214 0.207697
vt 0.160261 0.204821
vt 0.163758 0.202398
vt 0.161547 0.201645
vt 0.161538 0.198722
vt 0.163477 0.199163
vt 0.162792 0.196878
vt 0.160664 0.196936
vt 0.160628 0.194894
vt 0.163553 0.194404
vt 0.163874 0.192487
vt 0.161385 0.192518
vt 0.162688 0.189857
vt 0.164262 0.190783
vt 0.164997 0.187698
vt 0.166376 0.189357
vt 0.166610 0.184929
vt 0.169987 0.186211
vt 0.166697 0.180690
vt 0.170902 0.180696
vt 0.170723 0.174845
vt 0.165703 0.175915
vt 0.157475 0.214152
vt 0.166566 0.203113
vt 0.164931 0.207959
vt 0.167039 0.199537
vt 0.166958 0.196674
vt 0.166705 0.194117
vt 0.166655 0.191704
vt 0.170767 0.190277
vt 0.170843 0.193543
vt 0.170504 0.196758
vt 0.170088 0.200068
vt 0.169467 0.203593
vt 0.167495 0.209243
vt 0.155508 0.181493
vt 0.153644 0.179824
vt 0.157268 0.179339
vt 0.155388 0.177496
vt 0.167729 0.168111
vt 0.163049 0.171394
vt 0.158577 0.167561
vt 0.160696 0.162165
vt 0.159173 0.173804
vt 0.156369 0.171941
vt 0.155024 0.174827
vt 0.156985 0.175639
vt 0.152243 0.178885
vt 0.154002 0.176590
vt 0.159249 0.177793
vt 0.162175 0.176597
vt 0.157248 0.183828
vt 0.159104 0.182232
vt 0.161194 0.181118
vt 0.163830 0.180632
vt 0.158736 0.186246
vt 0.160403 0.185030
vt 0.162353 0.184421
vt 0.164402 0.184359
vt 0.164124 0.186585
vt 0.162860 0.187186
vt 0.161572 0.187747
vt 0.160110 0.188657
vt 0.158792 0.189865
vt 0.157671 0.191273
vt 0.157080 0.192781
vt 0.156632 0.194501
vt 0.156465 0.196393
vt 0.156551 0.197840
vt 0.155249 0.199087
vt 0.158000 0.198363
vt 0.157240 0.200333
vt 0.159873 0.198844
vt 0.159419 0.201116
vt 0.158540 0.203385
vt 0.157511 0.204803
vt 0.156390 0.202432
vt 0.153912 0.201283
vt 0.158877 0.194768
vt 0.158505 0.196563
vt 0.159071 0.192791
vt 0.160230 0.191718
vt 0.161225 0.190988
vt 0.149135 0.217323
vt 0.156331 0.217896
vt 0.145934 0.211035
vt 0.144671 0.205173
vt 0.144352 0.200774
vt 0.144721 0.196218
vt 0.145738 0.192193
vt 0.147126 0.188433
vt 0.148709 0.184637
vt 0.150418 0.181455
vt 0.148133 0.180714
vt 0.149810 0.177792
vt 0.146305 0.176209
vt 0.144567 0.179501
vt 0.146537 0.183903
vt 0.143182 0.182751
vt 0.145123 0.187740
vt 0.141716 0.186367
vt 0.143870 0.191531
vt 0.140167 0.190372
vt 0.142861 0.195760
vt 0.139098 0.195236
vt 0.142306 0.200464
vt 0.138690 0.200672
vt 0.142551 0.205381
vt 0.139621 0.206518
vt 0.143658 0.210441
vt 0.142457 0.213492
vt 0.146103 0.224886
vt 0.133051 0.223443
vt 0.155699 0.224206
vt 0.136716 0.208515
vt 0.127334 0.212909
vt 0.133605 0.202288
vt 0.124485 0.204086
vt 0.132576 0.195539
vt 0.133240 0.189084
vt 0.123796 0.195742
vt 0.125176 0.187722
vt 0.135228 0.183568
vt 0.128322 0.180502
vt 0.151761 0.174903
vt 0.147758 0.173464
vt 0.142838 0.172627
vt 0.145441 0.170279
vt 0.140349 0.175952
vt 0.137797 0.179147
vt 0.132257 0.174998
vt 0.135519 0.171397
vt 0.140400 0.167660
vt 0.145073 0.165294
vt 0.152574 0.170530
vt 0.153104 0.166519
vt 0.152585 0.161751
vt 0.149180 0.170847
vt 0.148298 0.168099
vt 0.162224 0.211546
vt 0.163326 0.214557
vt 0.166801 0.219832
vt 0.172072 0.210797
vt 0.173463 0.202876
vt 0.175245 0.197482
vt 0.176076 0.193138
vt 0.176352 0.188834
vt 0.176385 0.184306
vt 0.176874 0.179087
vt 0.177940 0.171859
vt 0.199873 0.202071
vt 0.199399 0.209015
vt 0.191122 0.199990
vt 0.190558 0.206889
vt 0.182403 0.198619
vt 0.181329 0.204768
vt 0.260381 0.151100
vt 0.257728 0.151031
vt 0.260381 0.147595
vt 0.257254 0.147330
vt 0.260381 0.143484
vt 0.256993 0.143104
vt 0.260381 0.138928
vt 0.256702 0.138410
vt 0.260381 0.132680
vt 0.255878 0.132542
vt 0.260381 0.122265
vt 0.251022 0.124700
vt 0.249489 0.107015
vt 0.260381 0.106767
vt 0.238019 0.123672
vt 0.234931 0.108560
vt 0.220725 0.110688
vt 0.223450 0.125552
vt 0.206664 0.114574
vt 0.207999 0.127801
vt 0.193665 0.118904
vt 0.195203 0.132868
vt 0.179674 0.124751
vt 0.179936 0.139596
vt 0.166025 0.132595
vt 0.166026 0.150235
vt 0.152471 0.153889
vt 0.152476 0.140688
vt 0.138531 0.147340
vt 0.140187 0.160397
vt 0.122945 0.152380
vt 0.126400 0.167346
vt 0.106309 0.155156
vt 0.107556 0.170340
vt 0.088252 0.155593
vt 0.085998 0.169758
vt 0.070478 0.152434
vt 0.067132 0.167954
vt 0.053664 0.147832
vt 0.048675 0.164745
vt 0.244938 0.012056
vt 0.260381 0.010000
vt 0.260381 0.036347
vt 0.247604 0.037598
vt 0.234867 0.042690
vt 0.231806 0.024725
vt 0.222234 0.048130
vt 0.219429 0.029948
vt 0.209445 0.052682
vt 0.207819 0.035100
vt 0.196302 0.057442
vt 0.195995 0.038572
vt 0.183176 0.061361
vt 0.183803 0.040862
vt 0.170083 0.064615
vt 0.171198 0.043850
vt 0.157126 0.067890
vt 0.159237 0.046078
vt 0.144149 0.069396
vt 0.147070 0.046920
vt 0.130884 0.069846
vt 0.134415 0.045931
vt 0.117180 0.068836
vt 0.121256 0.043451
vt 0.102914 0.066634
vt 0.107685 0.041337
vt 0.089051 0.063446
vt 0.093785 0.037930
vt 0.074879 0.059340
vt 0.079530 0.033526
vt 0.063360 0.056376
vt 0.067222 0.029349
vt 0.235539 0.089175
vt 0.249491 0.087039
vt 0.222012 0.092163
vt 0.207871 0.095145
vt 0.194566 0.099910
vt 0.181196 0.105619
vt 0.167628 0.111995
vt 0.153678 0.117865
vt 0.139320 0.122679
vt 0.124441 0.126030
vt 0.108645 0.127112
vt 0.092930 0.125441
vt 0.077585 0.122474
vt 0.062477 0.118316
vt 0.039370 0.142096
vt 0.049849 0.114374
vt 0.248639 0.062181
vt 0.235867 0.065409
vt 0.222720 0.069391
vt 0.209423 0.074314
vt 0.195551 0.078695
vt 0.182141 0.083062
vt 0.168935 0.088025
vt 0.155400 0.092385
vt 0.141933 0.095661
vt 0.127669 0.096938
vt 0.113299 0.096877
vt 0.098779 0.094891
vt 0.084174 0.091541
vt 0.069676 0.087373
vt 0.058170 0.084593
vt 0.255076 0.150917
vt 0.252474 0.150899
vt 0.249805 0.151168
vt 0.246752 0.152010
vt 0.243016 0.153141
vt 0.239036 0.155042
vt 0.235828 0.158565
vt 0.233779 0.163732
vt 0.232837 0.170923
vt 0.236890 0.174915
vt 0.240786 0.177686
vt 0.244589 0.179782
vt 0.247926 0.181129
vt 0.250171 0.181772
vt 0.243809 0.183236
vt 0.242831 0.186508
vt 0.239493 0.185689
vt 0.240209 0.181722
vt 0.236331 0.179887
vt 0.235670 0.184705
vt 0.235169 0.189237
vt 0.235032 0.193335
vt 0.230421 0.193551
vt 0.230575 0.189039
vt 0.231091 0.183894
vt 0.231733 0.178054
vt 0.225640 0.194256
vt 0.225801 0.189169
vt 0.226242 0.183201
vt 0.226681 0.176698
vt 0.227265 0.169710
vt 0.228941 0.162509
vt 0.232220 0.156287
vt 0.236785 0.151770
vt 0.241477 0.149067
vt 0.245423 0.147562
vt 0.248505 0.146901
vt 0.251279 0.146704
vt 0.254161 0.146927
vt 0.253553 0.142468
vt 0.250432 0.142264
vt 0.247304 0.142434
vt 0.243737 0.143042
vt 0.239002 0.144581
vt 0.233493 0.147574
vt 0.227776 0.152889
vt 0.223469 0.160291
vt 0.221393 0.168089
vt 0.220962 0.175438
vt 0.220924 0.182674
vt 0.220775 0.189527
vt 0.220810 0.195143
vt 0.253146 0.137706
vt 0.249669 0.137396
vt 0.245777 0.137378
vt 0.241145 0.137822
vt 0.235202 0.139069
vt 0.228183 0.141678
vt 0.220684 0.147918
vt 0.216015 0.157393
vt 0.214057 0.166251
vt 0.213945 0.174256
vt 0.214527 0.182232
vt 0.214883 0.189470
vt 0.215235 0.195912
vt 0.252449 0.132361
vt 0.248762 0.131695
vt 0.243567 0.131448
vt 0.238111 0.131789
vt 0.230689 0.132809
vt 0.222634 0.134785
vt 0.207928 0.140252
vt 0.205908 0.155322
vt 0.205300 0.165638
vt 0.205276 0.173835
vt 0.206438 0.181511
vt 0.207474 0.188832
vt 0.208094 0.196018
vt 0.175226 0.161279
vt 0.183360 0.150977
vt 0.193916 0.145093
vt 0.195310 0.156507
vt 0.183534 0.173668
vt 0.182952 0.178996
vt 0.182684 0.183174
vt 0.183065 0.188052
vt 0.183109 0.193203
vt 0.199812 0.194955
vt 0.191418 0.193859
vt 0.199225 0.188161
vt 0.190913 0.187729
vt 0.188985 0.181005
vt 0.197990 0.181206
vt 0.197104 0.174015
vt 0.189708 0.174054
vt 0.196598 0.166396
vt 0.188872 0.167284
vt 0.186869 0.159761
vt 0.183064 0.168723
vt 0.181804 0.163395
vt 0.180205 0.212724
vt 0.189969 0.214922
vt 0.199534 0.216445
vt 0.178413 0.222860
vt 0.190176 0.224152
vt 0.200497 0.224356
vt 0.260381 0.238354
vt 0.254041 0.237211
vt 0.260381 0.246416
vt 0.253437 0.246441
vt 0.196161 0.327635
vt 0.208840 0.321790
vt 0.214985 0.337619
vt 0.201321 0.344270
vt 0.189202 0.348548
vt 0.183192 0.332146
vt 0.157187 0.354362
vt 0.156621 0.335568
vt 0.169804 0.334700
vt 0.171859 0.352853
vt 0.142648 0.354214
vt 0.143392 0.335766
vt 0.130297 0.334343
vt 0.127814 0.352779
vt 0.112610 0.349656
vt 0.116898 0.331490
vt 0.096774 0.344383
vt 0.102913 0.325259
vt 0.045506 0.179806
vt 0.025677 0.176355
vt 0.031869 0.159585
vt 0.042963 0.194897
vt 0.021453 0.193569
vt 0.042161 0.210448
vt 0.019430 0.210762
vt 0.042705 0.225930
vt 0.019763 0.228130
vt 0.044736 0.241781
vt 0.022186 0.246012
vt 0.026999 0.264549
vt 0.048335 0.257610
vt 0.053570 0.272882
vt 0.032931 0.280768
vt 0.041178 0.296501
vt 0.060022 0.287278
vt 0.052200 0.311551
vt 0.068616 0.301068
vt 0.065996 0.325234
vt 0.078827 0.313182
vt 0.155217 0.235991
vt 0.143994 0.237430
vt 0.143376 0.250159
vt 0.154971 0.249025
vt 0.154899 0.261833
vt 0.143378 0.263306
vt 0.155454 0.274701
vt 0.143909 0.276260
vt 0.155919 0.287951
vt 0.144335 0.289441
vt 0.156188 0.302474
vt 0.144619 0.303388
vt 0.156369 0.318519
vt 0.144209 0.318393
vt 0.064721 0.181256
vt 0.083266 0.182232
vt 0.100657 0.183368
vt 0.114323 0.185456
vt 0.119191 0.176448
vt 0.111903 0.195528
vt 0.097655 0.195113
vt 0.081425 0.194845
vt 0.062712 0.195089
vt 0.111836 0.205548
vt 0.096942 0.206989
vt 0.080680 0.207908
vt 0.062313 0.209017
vt 0.113240 0.215977
vt 0.097889 0.218635
vt 0.081412 0.220930
vt 0.063024 0.223266
vt 0.064819 0.237794
vt 0.082802 0.234669
vt 0.099825 0.230965
vt 0.115993 0.227871
vt 0.067628 0.252807
vt 0.085244 0.248127
vt 0.101114 0.244622
vt 0.116554 0.241079
vt 0.131333 0.238475
vt 0.071401 0.266930
vt 0.088095 0.261838
vt 0.103305 0.257840
vt 0.117541 0.254438
vt 0.131132 0.252072
vt 0.076583 0.280755
vt 0.091550 0.275035
vt 0.105345 0.270728
vt 0.118866 0.267453
vt 0.131694 0.264930
vt 0.082898 0.293449
vt 0.095817 0.287437
vt 0.108154 0.283146
vt 0.120374 0.280083
vt 0.132291 0.277748
vt 0.089846 0.304617
vt 0.100378 0.298666
vt 0.110647 0.294546
vt 0.121661 0.292083
vt 0.132957 0.290628
vt 0.097277 0.314701
vt 0.090426 0.322741
vt 0.104788 0.307912
vt 0.112109 0.304735
vt 0.121890 0.304098
vt 0.133047 0.303914
vt 0.131732 0.318277
vt 0.110179 0.313604
vt 0.120221 0.316809
vt 0.168636 0.317052
vt 0.181011 0.314681
vt 0.192850 0.311344
vt 0.204560 0.306514
vt 0.215474 0.300485
vt 0.221274 0.314037
vt 0.232792 0.304303
vt 0.225615 0.293041
vt 0.233799 0.283071
vt 0.242417 0.292476
vt 0.240600 0.276523
vt 0.248721 0.280585
vt 0.243439 0.267455
vt 0.251403 0.269024
vt 0.245273 0.257342
vt 0.252769 0.257480
vt 0.246461 0.246933
vt 0.247010 0.237600
vt 0.239715 0.240226
vt 0.232970 0.241472
vt 0.226160 0.242222
vt 0.219001 0.242077
vt 0.212082 0.239721
vt 0.203279 0.234915
vt 0.189510 0.235365
vt 0.177580 0.234549
vt 0.166218 0.234247
vt 0.166136 0.247698
vt 0.177277 0.247194
vt 0.188293 0.247233
vt 0.199223 0.247158
vt 0.208611 0.248564
vt 0.216637 0.250127
vt 0.224281 0.250220
vt 0.231764 0.249449
vt 0.239175 0.248300
vt 0.166108 0.260404
vt 0.176888 0.259353
vt 0.187645 0.258549
vt 0.197483 0.258170
vt 0.206738 0.258190
vt 0.215209 0.258533
vt 0.222925 0.258524
vt 0.230599 0.258049
vt 0.237942 0.257383
vt 0.166405 0.273012
vt 0.177004 0.271655
vt 0.187357 0.270155
vt 0.197058 0.268902
vt 0.206600 0.267815
vt 0.215150 0.266925
vt 0.222629 0.266339
vt 0.229461 0.266295
vt 0.236322 0.266598
vt 0.166905 0.286358
vt 0.177875 0.284766
vt 0.188145 0.282672
vt 0.198329 0.280505
vt 0.207974 0.278100
vt 0.216567 0.275470
vt 0.223391 0.273254
vt 0.228596 0.273091
vt 0.234705 0.274506
vt 0.167678 0.301091
vt 0.179051 0.298893
vt 0.190019 0.296447
vt 0.200991 0.292832
vt 0.211157 0.288875
vt 0.219868 0.283821
vt 0.226322 0.278398
vt 0.179232 0.748458
vt 0.191266 0.748126
vt 0.191499 0.770684
vt 0.179011 0.772363
vt 0.179193 0.725883
vt 0.191050 0.725058
vt 0.179752 0.705429
vt 0.190867 0.704380
vt 0.179460 0.686125
vt 0.190701 0.684842
vt 0.179823 0.669554
vt 0.190562 0.667930
vt 0.178314 0.649986
vt 0.190421 0.650333
vt 0.190278 0.632119
vt 0.180989 0.630333
vt 0.190129 0.612786
vt 0.180598 0.611730
vt 0.189977 0.592395
vt 0.179482 0.590858
vt 0.189784 0.566127
vt 0.178085 0.564518
vt 0.188382 0.373057
vt 0.188551 0.385926
vt 0.171570 0.386555
vt 0.170892 0.373469
vt 0.871638 0.521837
vt 0.869257 0.508408
vt 0.884856 0.505970
vt 0.888326 0.519478
vt 0.866611 0.495577
vt 0.881234 0.493257
vt 0.877024 0.480868
vt 0.863428 0.483128
vt 0.873378 0.468907
vt 0.860691 0.470924
vt 0.872750 0.697585
vt 0.871664 0.709842
vt 0.858949 0.707967
vt 0.859727 0.695600
vt 0.874128 0.685096
vt 0.860808 0.682985
vt 0.875021 0.671881
vt 0.861535 0.670345
vt 0.876512 0.658561
vt 0.862431 0.657176
vt 0.052511 0.742933
vt 0.051329 0.718947
vt 0.065714 0.720816
vt 0.071441 0.752250
vt 0.046680 0.765371
vt 0.061056 0.775038
vt 0.863781 0.643593
vt 0.878768 0.644809
vt 0.866436 0.629742
vt 0.882068 0.630121
vt 0.868920 0.614976
vt 0.885556 0.614826
vt 0.870967 0.600033
vt 0.889035 0.598927
vt 0.872749 0.584163
vt 0.891641 0.582386
vt 0.873915 0.567851
vt 0.893385 0.565900
vt 0.052152 0.793664
vt 0.037573 0.785208
vt 0.845402 0.668108
vt 0.846743 0.655441
vt 0.844356 0.680867
vt 0.843789 0.693218
vt 0.842826 0.705790
vt 0.846669 0.485358
vt 0.844481 0.473165
vt 0.848745 0.497814
vt 0.850732 0.510404
vt 0.852517 0.524074
vt 0.873055 0.536235
vt 0.853539 0.538756
vt 0.873954 0.551925
vt 0.853976 0.553590
vt 0.854283 0.569166
vt 0.853268 0.584816
vt 0.852666 0.599977
vt 0.851464 0.614672
vt 0.849294 0.628847
vt 0.847822 0.642108
vt 0.828905 0.653355
vt 0.827338 0.666100
vt 0.808237 0.663550
vt 0.808992 0.651385
vt 0.826673 0.678402
vt 0.807414 0.675703
vt 0.825698 0.690630
vt 0.806723 0.688012
vt 0.824835 0.703022
vt 0.805230 0.700038
vt 0.826292 0.475306
vt 0.827877 0.487705
vt 0.808647 0.490613
vt 0.806600 0.478200
vt 0.829904 0.500160
vt 0.810265 0.503051
vt 0.831406 0.512943
vt 0.811469 0.515551
vt 0.833023 0.526324
vt 0.812474 0.528706
vt 0.833683 0.540427
vt 0.813060 0.542472
vt 0.834219 0.555027
vt 0.813115 0.556313
vt 0.834147 0.570041
vt 0.813187 0.570569
vt 0.833886 0.584921
vt 0.813041 0.584745
vt 0.833164 0.599619
vt 0.812192 0.598991
vt 0.832255 0.613725
vt 0.811396 0.612618
vt 0.831030 0.627499
vt 0.810652 0.625814
vt 0.829947 0.640709
vt 0.809588 0.638548
vt 0.746253 0.524319
vt 0.746353 0.535719
vt 0.722612 0.537769
vt 0.722529 0.527093
vt 0.745984 0.547268
vt 0.722754 0.548352
vt 0.746334 0.559126
vt 0.722672 0.559602
vt 0.745860 0.571284
vt 0.722671 0.571143
vt 0.745191 0.583412
vt 0.723045 0.583014
vt 0.745100 0.595555
vt 0.722894 0.595131
vt 0.745037 0.608255
vt 0.723058 0.607417
vt 0.744526 0.620832
vt 0.723120 0.619888
vt 0.744314 0.633221
vt 0.723350 0.632041
vt 0.743911 0.645417
vt 0.723161 0.644107
vt 0.743426 0.657494
vt 0.722512 0.656551
vt 0.743073 0.669772
vt 0.721423 0.668401
vt 0.742128 0.681521
vt 0.719935 0.680071
vt 0.741077 0.692574
vt 0.718710 0.691030
vt 0.742366 0.491570
vt 0.744753 0.502519
vt 0.720946 0.506613
vt 0.719989 0.496018
vt 0.745237 0.513255
vt 0.721553 0.516790
vt 0.698772 0.539471
vt 0.698564 0.529404
vt 0.698881 0.549631
vt 0.699573 0.560337
vt 0.699944 0.571653
vt 0.700672 0.583247
vt 0.701449 0.595025
vt 0.702314 0.606909
vt 0.702943 0.618927
vt 0.702999 0.630991
vt 0.702471 0.642984
vt 0.701314 0.655095
vt 0.699663 0.666847
vt 0.697736 0.678111
vt 0.696242 0.689160
vt 0.697775 0.509376
vt 0.697435 0.498857
vt 0.698048 0.519526
vt 0.675435 0.540970
vt 0.652261 0.542969
vt 0.651895 0.533485
vt 0.674952 0.531317
vt 0.675683 0.551161
vt 0.653231 0.552776
vt 0.676669 0.561566
vt 0.654344 0.562803
vt 0.677586 0.572498
vt 0.655640 0.573541
vt 0.679039 0.583619
vt 0.656748 0.584474
vt 0.679965 0.595096
vt 0.657919 0.595564
vt 0.680952 0.606883
vt 0.659005 0.606776
vt 0.681474 0.618467
vt 0.659580 0.617830
vt 0.681615 0.630035
vt 0.659514 0.628854
vt 0.680990 0.641648
vt 0.658947 0.639850
vt 0.679704 0.652980
vt 0.657682 0.650601
vt 0.677963 0.664264
vt 0.655632 0.661129
vt 0.675852 0.675145
vt 0.652972 0.670953
vt 0.673171 0.685599
vt 0.649872 0.680334
vt 0.674118 0.502026
vt 0.674489 0.512249
vt 0.651314 0.515220
vt 0.650281 0.505688
vt 0.674566 0.521636
vt 0.651527 0.524261
vt 0.628959 0.535991
vt 0.628986 0.545007
vt 0.606150 0.547063
vt 0.605403 0.538860
vt 0.630510 0.554437
vt 0.607135 0.556118
vt 0.631057 0.564431
vt 0.608365 0.565651
vt 0.632457 0.574601
vt 0.609536 0.575583
vt 0.633946 0.585145
vt 0.611175 0.585833
vt 0.635318 0.595901
vt 0.612845 0.596249
vt 0.636666 0.606522
vt 0.614467 0.606259
vt 0.637379 0.617035
vt 0.615225 0.616284
vt 0.637528 0.627477
vt 0.615384 0.625826
vt 0.636726 0.637663
vt 0.614368 0.635269
vt 0.634943 0.647650
vt 0.612506 0.644425
vt 0.632622 0.657240
vt 0.609971 0.653114
vt 0.629463 0.666346
vt 0.606911 0.661210
vt 0.626787 0.674762
vt 0.604185 0.668769
vt 0.626730 0.510465
vt 0.627411 0.519113
vt 0.604265 0.523646
vt 0.603683 0.515776
vt 0.628009 0.527448
vt 0.604880 0.531113
vt 0.586484 0.549179
vt 0.585829 0.541458
vt 0.587338 0.557786
vt 0.588286 0.566800
vt 0.589604 0.576309
vt 0.591414 0.586152
vt 0.593331 0.596260
vt 0.595305 0.605922
vt 0.596163 0.615401
vt 0.596283 0.624408
vt 0.595201 0.632961
vt 0.593253 0.641316
vt 0.590663 0.649212
vt 0.587545 0.656716
vt 0.584662 0.663428
vt 0.584496 0.527642
vt 0.583875 0.520766
vt 0.584713 0.534401
vt 0.765701 0.659276
vt 0.765882 0.646876
vt 0.787992 0.648932
vt 0.787413 0.661358
vt 0.764902 0.671464
vt 0.786623 0.673438
vt 0.764315 0.683163
vt 0.785825 0.685288
vt 0.762896 0.694777
vt 0.784614 0.697411
vt 0.766103 0.498305
vt 0.764245 0.486747
vt 0.786011 0.482158
vt 0.787902 0.494293
vt 0.767703 0.510003
vt 0.789473 0.506371
vt 0.790332 0.518543
vt 0.768651 0.521498
vt 0.790972 0.530966
vt 0.769063 0.533332
vt 0.791273 0.544022
vt 0.769313 0.545928
vt 0.791228 0.557800
vt 0.769317 0.558549
vt 0.790724 0.571062
vt 0.768933 0.571220
vt 0.790946 0.584509
vt 0.768251 0.583980
vt 0.790116 0.597697
vt 0.767913 0.596665
vt 0.767463 0.609451
vt 0.789663 0.611029
vt 0.789106 0.624029
vt 0.766834 0.622168
vt 0.766239 0.634674
vt 0.788668 0.636502
vt 0.569231 0.550868
vt 0.568184 0.543576
vt 0.570198 0.559079
vt 0.570906 0.567531
vt 0.572088 0.576658
vt 0.574356 0.586681
vt 0.576264 0.596304
vt 0.578052 0.605653
vt 0.579142 0.614707
vt 0.579577 0.623076
vt 0.578534 0.630979
vt 0.576495 0.638627
vt 0.573905 0.645894
vt 0.571094 0.652727
vt 0.568226 0.659132
vt 0.567425 0.531221
vt 0.567328 0.525108
vt 0.567312 0.537252
vt 0.058455 0.699314
vt 0.045741 0.701862
vt 0.044122 0.682634
vt 0.036048 0.688209
vt 0.028739 0.674795
vt 0.024337 0.678509
vt 0.016284 0.669097
vt 0.013074 0.671523
vt 0.966919 0.240776
vt 0.977971 0.233452
vt 0.979460 0.236639
vt 0.969581 0.244078
vt 0.960301 0.254155
vt 0.955391 0.251507
vt 0.953774 0.265545
vt 0.946956 0.263551
vt 0.947968 0.278270
vt 0.936616 0.278546
vt 0.948526 0.522882
vt 0.937641 0.508079
vt 0.948212 0.502743
vt 0.964148 0.519603
vt 0.958159 0.541683
vt 0.974557 0.539748
vt 0.945129 0.294266
vt 0.931310 0.300008
vt 0.946690 0.313092
vt 0.931980 0.319983
vt 0.952143 0.333865
vt 0.936351 0.339547
vt 0.957136 0.352994
vt 0.940843 0.359448
vt 0.962677 0.372334
vt 0.947650 0.378463
vt 0.968972 0.390461
vt 0.954613 0.395516
vt 0.962635 0.561236
vt 0.978883 0.560511
vt 0.918658 0.499242
vt 0.927245 0.511634
vt 0.915202 0.514467
vt 0.908821 0.501707
vt 0.909697 0.487235
vt 0.902042 0.489320
vt 0.901703 0.475831
vt 0.895506 0.477617
vt 0.895254 0.464780
vt 0.890161 0.465838
vt 0.894151 0.700871
vt 0.893734 0.713809
vt 0.888591 0.712871
vt 0.889254 0.700178
vt 0.891561 0.687733
vt 0.897019 0.688578
vt 0.895182 0.674951
vt 0.902142 0.676301
vt 0.899578 0.661460
vt 0.908563 0.663509
vt 0.904510 0.647725
vt 0.915701 0.650597
vt 0.910432 0.631947
vt 0.923668 0.634108
vt 0.917034 0.613749
vt 0.932531 0.614362
vt 0.923146 0.596925
vt 0.939852 0.597302
vt 0.927322 0.579959
vt 0.944544 0.579923
vt 0.928405 0.562513
vt 0.945690 0.561646
vt 0.906742 0.531465
vt 0.902699 0.517011
vt 0.920511 0.528425
vt 0.925466 0.544455
vt 0.909853 0.547071
vt 0.911503 0.563907
vt 0.918451 0.284073
vt 0.916820 0.304398
vt 0.901854 0.286169
vt 0.901543 0.306058
vt 0.884806 0.287689
vt 0.884949 0.307937
vt 0.868170 0.289537
vt 0.868318 0.310187
vt 0.851588 0.291889
vt 0.852297 0.311872
vt 0.836769 0.314209
vt 0.836492 0.293659
vt 0.084242 0.703049
vt 0.085753 0.723896
vt 0.104692 0.706359
vt 0.104617 0.725324
vt 0.120834 0.725395
vt 0.120888 0.707370
vt 0.136124 0.707506
vt 0.135957 0.725782
vt 0.150271 0.726140
vt 0.150983 0.707267
vt 0.165102 0.726232
vt 0.165266 0.706449
vt 0.090379 0.747088
vt 0.106718 0.744619
vt 0.121567 0.743532
vt 0.136304 0.744176
vt 0.150603 0.745032
vt 0.165108 0.746976
vt 0.164909 0.765497
vt 0.151131 0.763566
vt 0.137139 0.761502
vt 0.123553 0.760821
vt 0.110378 0.761782
vt 0.096784 0.765280
vt 0.084448 0.772600
vt 0.074846 0.786088
vt 0.066815 0.801789
vt 0.932346 0.386287
vt 0.940476 0.400956
vt 0.920706 0.368209
vt 0.919207 0.343924
vt 0.916813 0.324008
vt 0.901612 0.325943
vt 0.885032 0.327673
vt 0.868465 0.329619
vt 0.852055 0.331758
vt 0.837313 0.333661
vt 0.852564 0.350637
vt 0.838026 0.352418
vt 0.868304 0.348323
vt 0.884442 0.347071
vt 0.901477 0.345564
vt 0.852275 0.368208
vt 0.838119 0.370080
vt 0.867614 0.366679
vt 0.882980 0.365597
vt 0.900015 0.365815
vt 0.851422 0.384362
vt 0.837959 0.385063
vt 0.865770 0.384185
vt 0.880759 0.383596
vt 0.894920 0.383255
vt 0.908160 0.387393
vt 0.918815 0.397135
vt 0.927228 0.408005
vt 0.082080 0.808366
vt 0.087895 0.795608
vt 0.094736 0.784833
vt 0.103509 0.778501
vt 0.113875 0.776040
vt 0.125677 0.775911
vt 0.137930 0.776951
vt 0.152527 0.780757
vt 0.163049 0.776916
vt 0.169862 0.784151
vt 0.161959 0.791767
vt 0.887851 0.428973
vt 0.895629 0.433845
vt 0.887190 0.444298
vt 0.879727 0.440922
vt 0.904862 0.424283
vt 0.897137 0.417799
vt 0.915192 0.415732
vt 0.907223 0.407630
vt 0.100590 0.803187
vt 0.096801 0.814232
vt 0.113647 0.809652
vt 0.110602 0.820128
vt 0.127177 0.816736
vt 0.124084 0.826841
vt 0.137031 0.835234
vt 0.140255 0.826167
vt 0.104901 0.793355
vt 0.116374 0.798900
vt 0.131588 0.804131
vt 0.144660 0.816805
vt 0.156196 0.800387
vt 0.147117 0.792237
vt 0.138355 0.789411
vt 0.127633 0.789215
vt 0.116190 0.787892
vt 0.108078 0.786655
vt 0.141903 0.798743
vt 0.150478 0.808622
vt 0.871953 0.437516
vt 0.879373 0.424051
vt 0.863616 0.434208
vt 0.869909 0.419020
vt 0.854579 0.432242
vt 0.858521 0.416658
vt 0.845145 0.430480
vt 0.847330 0.414986
vt 0.835439 0.428700
vt 0.836499 0.413082
vt 0.827060 0.427182
vt 0.826883 0.412158
vt 0.898619 0.400123
vt 0.888448 0.411391
vt 0.891004 0.394875
vt 0.879130 0.401977
vt 0.863181 0.400460
vt 0.849756 0.400157
vt 0.837367 0.399706
vt 0.826740 0.400106
vt 0.897841 0.504002
vt 0.892532 0.491322
vt 0.887569 0.479194
vt 0.882948 0.467381
vt 0.881258 0.711651
vt 0.882354 0.698929
vt 0.884020 0.686485
vt 0.886059 0.673535
vt 0.888916 0.660061
vt 0.892608 0.645625
vt 0.896747 0.630298
vt 0.901319 0.614244
vt 0.906140 0.597411
vt 0.909846 0.581038
vt 0.891749 0.534276
vt 0.893285 0.549767
vt 0.934711 0.525765
vt 0.941493 0.542830
vt 0.927517 0.495893
vt 0.916354 0.484364
vt 0.906666 0.473985
vt 0.898704 0.463642
vt 0.897424 0.701488
vt 0.897356 0.714081
vt 0.901063 0.688984
vt 0.907781 0.677457
vt 0.916556 0.665780
vt 0.926612 0.653440
vt 0.937099 0.637458
vt 0.947929 0.616861
vt 0.956318 0.599054
vt 0.961376 0.580429
vt 0.935245 0.491116
vt 0.922883 0.480453
vt 0.911338 0.471643
vt 0.902264 0.462643
vt 0.900664 0.702069
vt 0.901029 0.714549
vt 0.905203 0.689487
vt 0.913603 0.678607
vt 0.925069 0.668636
vt 0.938578 0.657424
vt 0.952327 0.641978
vt 0.964719 0.621919
vt 0.973604 0.602214
vt 0.978401 0.580980
vt 0.060764 0.668679
vt 0.073970 0.681239
vt 0.072062 0.648499
vt 0.084768 0.661756
vt 0.082529 0.629760
vt 0.094517 0.643899
vt 0.105259 0.631742
vt 0.095205 0.614915
vt 0.116664 0.625210
vt 0.110245 0.607231
vt 0.128482 0.622900
vt 0.126130 0.604145
vt 0.142893 0.605384
vt 0.140879 0.623999
vt 0.158165 0.611321
vt 0.153067 0.628645
vt 0.164450 0.637152
vt 0.170463 0.621934
vt 0.171256 0.605386
vt 0.159457 0.597544
vt 0.144447 0.592337
vt 0.126961 0.590519
vt 0.108539 0.592469
vt 0.087699 0.601146
vt 0.077969 0.620105
vt 0.064598 0.633318
vt 0.056381 0.655299
vt 0.045715 0.660014
vt 0.031934 0.658535
vt 0.017534 0.655779
vt 0.960867 0.228343
vt 0.972196 0.222523
vt 0.951038 0.236910
vt 0.941512 0.247428
vt 0.930010 0.255712
vt 0.915422 0.260681
vt 0.899799 0.263893
vt 0.884113 0.266209
vt 0.867615 0.268489
vt 0.851700 0.270633
vt 0.836782 0.272915
vt 0.837283 0.251233
vt 0.851642 0.249200
vt 0.866848 0.246652
vt 0.882359 0.244114
vt 0.897569 0.241262
vt 0.911301 0.237317
vt 0.924218 0.232567
vt 0.935450 0.225955
vt 0.945268 0.218346
vt 0.954816 0.210820
vt 0.965201 0.204950
vt 0.034172 0.635755
vt 0.019078 0.635107
vt 0.048835 0.635179
vt 0.051550 0.609616
vt 0.068376 0.605361
vt 0.036191 0.612245
vt 0.021949 0.613579
vt 0.959258 0.186282
vt 0.948700 0.192147
vt 0.939066 0.198649
vt 0.929084 0.204247
vt 0.918507 0.210053
vt 0.907017 0.214821
vt 0.894319 0.218766
vt 0.880422 0.221519
vt 0.865757 0.224541
vt 0.851022 0.227097
vt 0.837071 0.228854
vt 0.168289 0.584672
vt 0.155531 0.578167
vt 0.141007 0.574759
vt 0.124059 0.573208
vt 0.105907 0.574408
vt 0.087571 0.578145
vt 0.069789 0.581603
vt 0.053467 0.585434
vt 0.038506 0.587951
vt 0.024587 0.590150
vt 0.952307 0.166296
vt 0.942694 0.172526
vt 0.932980 0.177993
vt 0.923657 0.183193
vt 0.913641 0.188702
vt 0.902518 0.192298
vt 0.890523 0.196119
vt 0.877761 0.199308
vt 0.864019 0.202344
vt 0.850016 0.205242
vt 0.836617 0.207584
vt 0.165618 0.561605
vt 0.151873 0.556769
vt 0.136648 0.553923
vt 0.120260 0.552744
vt 0.103231 0.553844
vt 0.086040 0.555975
vt 0.069788 0.559266
vt 0.054279 0.562155
vt 0.039840 0.565112
vt 0.026938 0.567310
vt 0.945942 0.146747
vt 0.936777 0.152799
vt 0.927480 0.157896
vt 0.918452 0.162671
vt 0.908949 0.166938
vt 0.898446 0.171349
vt 0.887269 0.175220
vt 0.875216 0.178118
vt 0.862308 0.181008
vt 0.849002 0.183592
vt 0.836084 0.185714
vt 0.835683 0.163706
vt 0.848109 0.162535
vt 0.858675 0.043070
vt 0.845778 0.044673
vt 0.845871 0.035536
vt 0.859321 0.034144
vt 0.870361 0.041112
vt 0.871055 0.032341
vt 0.880792 0.038961
vt 0.880963 0.030255
vt 0.890953 0.036813
vt 0.891063 0.028528
vt 0.900564 0.034377
vt 0.900860 0.026054
vt 0.910103 0.031886
vt 0.910753 0.023063
vt 0.918794 0.030080
vt 0.919511 0.021375
vt 0.927686 0.028964
vt 0.928352 0.020928
vt 0.937395 0.027307
vt 0.938113 0.019430
vt 0.024315 0.427681
vt 0.012831 0.434555
vt 0.010000 0.426306
vt 0.021724 0.418966
vt 0.035596 0.421193
vt 0.033195 0.411527
vt 0.048043 0.413976
vt 0.044664 0.404128
vt 0.063038 0.406808
vt 0.059861 0.396204
vt 0.080149 0.400023
vt 0.077476 0.387901
vt 0.097312 0.394433
vt 0.094623 0.381040
vt 0.115169 0.390712
vt 0.113039 0.377144
vt 0.132335 0.375540
vt 0.133642 0.388975
vt 0.152268 0.374369
vt 0.153148 0.387893
vt 0.163277 0.537923
vt 0.177102 0.539828
vt 0.833247 0.076263
vt 0.822669 0.076908
vt 0.822460 0.060997
vt 0.833048 0.060445
vt 0.832847 0.045918
vt 0.845719 0.059208
vt 0.857838 0.072926
vt 0.845857 0.074738
vt 0.858025 0.057545
vt 0.869308 0.070767
vt 0.869624 0.055449
vt 0.879991 0.068346
vt 0.880335 0.053063
vt 0.890053 0.066138
vt 0.890504 0.050751
vt 0.899335 0.063916
vt 0.899940 0.048627
vt 0.908274 0.061442
vt 0.908967 0.046204
vt 0.916518 0.058924
vt 0.917575 0.044120
vt 0.924831 0.056867
vt 0.926239 0.042479
vt 0.934188 0.054921
vt 0.935787 0.040775
vt 0.030809 0.458738
vt 0.020414 0.464293
vt 0.016960 0.448942
vt 0.027637 0.442909
vt 0.043366 0.453268
vt 0.039582 0.436075
vt 0.056884 0.447402
vt 0.052634 0.430156
vt 0.071639 0.442155
vt 0.067939 0.424407
vt 0.087166 0.437263
vt 0.084153 0.419015
vt 0.104021 0.433709
vt 0.100993 0.414281
vt 0.121201 0.430870
vt 0.118427 0.411141
vt 0.136290 0.409742
vt 0.138697 0.429836
vt 0.154492 0.408165
vt 0.155986 0.429127
vt 0.172294 0.407505
vt 0.846044 0.090939
vt 0.833589 0.092773
vt 0.157388 0.449887
vt 0.173553 0.428495
vt 0.174057 0.449414
vt 0.833935 0.108553
vt 0.823090 0.108990
vt 0.822894 0.093982
vt 0.858270 0.105669
vt 0.846341 0.107490
vt 0.857950 0.088973
vt 0.869673 0.103326
vt 0.869290 0.086723
vt 0.880387 0.100694
vt 0.880111 0.084136
vt 0.890311 0.097776
vt 0.890090 0.081531
vt 0.899647 0.094759
vt 0.899312 0.079162
vt 0.908398 0.091681
vt 0.907953 0.076531
vt 0.916605 0.089013
vt 0.916217 0.074009
vt 0.925083 0.086102
vt 0.924632 0.071745
vt 0.933854 0.083265
vt 0.933528 0.069496
vt 0.037091 0.490626
vt 0.026725 0.495068
vt 0.023867 0.480060
vt 0.034483 0.474944
vt 0.049337 0.486037
vt 0.046512 0.469503
vt 0.062951 0.481389
vt 0.060299 0.464406
vt 0.077674 0.477302
vt 0.075017 0.459672
vt 0.093024 0.473741
vt 0.090354 0.455314
vt 0.109127 0.471303
vt 0.106792 0.452176
vt 0.126153 0.470558
vt 0.123684 0.450844
vt 0.140627 0.450488
vt 0.142372 0.470491
vt 0.158573 0.471268
vt 0.846695 0.124732
vt 0.834374 0.125404
vt 0.160098 0.493499
vt 0.174671 0.471419
vt 0.175247 0.494354
vt 0.834942 0.143476
vt 0.823536 0.143460
vt 0.823301 0.125257
vt 0.859707 0.141155
vt 0.847341 0.142909
vt 0.858844 0.123050
vt 0.871427 0.138758
vt 0.870328 0.120764
vt 0.882510 0.135650
vt 0.881223 0.117798
vt 0.892917 0.132149
vt 0.891279 0.114251
vt 0.902333 0.128396
vt 0.900690 0.110769
vt 0.911336 0.124731
vt 0.909249 0.107622
vt 0.919867 0.121065
vt 0.917787 0.104582
vt 0.928427 0.116686
vt 0.926273 0.101109
vt 0.937375 0.112283
vt 0.934975 0.097139
vt 0.040437 0.523910
vt 0.029048 0.527627
vt 0.028427 0.510491
vt 0.039217 0.506797
vt 0.053464 0.520445
vt 0.051775 0.502989
vt 0.067495 0.517775
vt 0.065557 0.499244
vt 0.082757 0.514945
vt 0.080175 0.495937
vt 0.097963 0.511962
vt 0.095621 0.492957
vt 0.114126 0.510459
vt 0.111552 0.490308
vt 0.128117 0.490004
vt 0.130420 0.510685
vt 0.144107 0.491297
vt 0.146305 0.512618
vt 0.161541 0.515006
vt 0.176175 0.516786
vt 0.824097 0.187184
vt 0.823809 0.164702
vt 0.860838 0.160645
vt 0.873146 0.158159
vt 0.884651 0.155034
vt 0.895276 0.151256
vt 0.904886 0.147125
vt 0.914405 0.143067
vt 0.923041 0.138893
vt 0.931970 0.134058
vt 0.941008 0.128969
vt 0.028472 0.546728
vt 0.040678 0.543498
vt 0.054327 0.540503
vt 0.068758 0.537789
vt 0.084015 0.535023
vt 0.100482 0.532482
vt 0.116872 0.531349
vt 0.133189 0.532228
vt 0.148884 0.534824
vt 0.165474 0.688270
vt 0.165397 0.672173
vt 0.162888 0.658004
vt 0.156147 0.647150
vt 0.148638 0.640490
vt 0.140093 0.636963
vt 0.130724 0.636143
vt 0.121806 0.637879
vt 0.113596 0.643483
vt 0.106025 0.653402
vt 0.098982 0.668208
vt 0.091549 0.685932
vt 0.151405 0.689978
vt 0.151477 0.674255
vt 0.151053 0.661499
vt 0.149134 0.652794
vt 0.144963 0.647929
vt 0.138810 0.645669
vt 0.131731 0.644855
vt 0.125235 0.645903
vt 0.120216 0.650317
vt 0.116662 0.658773
vt 0.112315 0.671981
vt 0.107936 0.688122
vt 0.137103 0.690416
vt 0.138425 0.675058
vt 0.139964 0.660546
vt 0.144156 0.654933
vt 0.142586 0.651972
vt 0.138131 0.652400
vt 0.131376 0.651777
vt 0.127164 0.650533
vt 0.124944 0.653241
vt 0.127640 0.659479
vt 0.125429 0.674109
vt 0.122721 0.689977
vt 0.822267 0.046610
vt 0.832660 0.037051
vt 0.559012 0.551589
vt 0.558093 0.544597
vt 0.559821 0.559763
vt 0.559835 0.567863
vt 0.560608 0.576641
vt 0.563479 0.586855
vt 0.566041 0.596513
vt 0.567798 0.605432
vt 0.569191 0.614461
vt 0.569647 0.622448
vt 0.568320 0.629799
vt 0.566205 0.637106
vt 0.563921 0.643944
vt 0.560883 0.650492
vt 0.557815 0.656636
vt 0.557357 0.533358
vt 0.556943 0.527865
vt 0.557549 0.538674
vt 0.252683 0.185948
vt 0.253334 0.185902
vt 0.253006 0.186145
vt 0.252193 0.186557
vt 0.252940 0.186509
vt 0.252336 0.187356
vt 0.253192 0.186935
vt 0.252996 0.187896
vt 0.253683 0.187006
vt 0.253995 0.187838
vt 0.254181 0.186737
vt 0.255121 0.187334
vt 0.254469 0.186222
vt 0.255710 0.186453
vt 0.254336 0.185987
vt 0.255279 0.185688
vt 0.253386 0.185605
vt 0.253578 0.185890
vt 0.253953 0.185918
vt 0.254339 0.185633
vt 0.253595 0.186271
vt 0.260381 0.187633
vt 0.260381 0.190671
vt 0.260381 0.193385
vt 0.260381 0.196553
vt 0.260381 0.200253
vt 0.260381 0.204002
vt 0.260381 0.207823
vt 0.260381 0.168099
vt 0.260381 0.086745
vt 0.260381 0.060989
vt 0.260381 0.257647
vt 0.260381 0.269929
vt 0.260381 0.284190
vt 0.253325 0.300712
vt 0.242535 0.315526
vt 0.227143 0.329664
vt 0.826394 0.371372
vt 0.826564 0.385480
vt 0.826179 0.353766
vt 0.825936 0.333918
vt 0.825694 0.314254
vt 0.825448 0.294454
vt 0.825193 0.273940
vt 0.824782 0.252129
vt 0.824782 0.229536
vt 0.824377 0.209147
vt 0.822145 0.037767
vt 0.188897 0.427134
vt 0.188897 0.406199
vt 0.188897 0.472219
vt 0.188897 0.448778
vt 0.189284 0.495501
vt 0.189438 0.517673
vt 0.189597 0.540280
vt 0.478643 0.088547
vt 0.478144 0.087822
vt 0.478584 0.087637
vt 0.478951 0.088547
vt 0.477714 0.086747
vt 0.478512 0.086625
vt 0.477403 0.085149
vt 0.478550 0.085369
vt 0.477797 0.082162
vt 0.479123 0.083214
vt 0.480067 0.078402
vt 0.481333 0.080537
vt 0.484592 0.076010
vt 0.485267 0.079222
vt 0.478829 0.088547
vt 0.479145 0.088687
vt 0.477662 0.089745
vt 0.478617 0.089973
vt 0.476788 0.092031
vt 0.478646 0.091848
vt 0.476880 0.094658
vt 0.479226 0.093586
vt 0.478087 0.097253
vt 0.480295 0.095115
vt 0.480268 0.099544
vt 0.481859 0.096428
vt 0.483361 0.101001
vt 0.483859 0.097227
vt 0.489888 0.076046
vt 0.489099 0.080216
vt 0.493999 0.079050
vt 0.491574 0.082245
vt 0.495439 0.082870
vt 0.492306 0.084563
vt 0.495087 0.085422
vt 0.492207 0.085996
vt 0.494525 0.086770
vt 0.492030 0.086806
vt 0.494392 0.087333
vt 0.492009 0.087389
vt 0.495682 0.088547
vt 0.492761 0.088202
vt 0.496612 0.092962
vt 0.493720 0.091305
vt 0.494903 0.096973
vt 0.492214 0.094351
vt 0.491606 0.099651
vt 0.489709 0.096441
vt 0.487559 0.101084
vt 0.486700 0.097294
vt 0.480649 0.088414
vt 0.480603 0.087781
vt 0.483271 0.088179
vt 0.483220 0.088547
vt 0.480650 0.087155
vt 0.483356 0.087852
vt 0.481173 0.086421
vt 0.483506 0.087467
vt 0.482256 0.085466
vt 0.483891 0.086977
vt 0.483797 0.084572
vt 0.484617 0.086578
vt 0.485660 0.084209
vt 0.485454 0.086381
vt 0.480790 0.088744
vt 0.483201 0.088802
vt 0.481177 0.089798
vt 0.483293 0.089303
vt 0.481948 0.090736
vt 0.483499 0.089880
vt 0.482713 0.091310
vt 0.483779 0.090276
vt 0.483297 0.091702
vt 0.484121 0.090546
vt 0.483969 0.092133
vt 0.484519 0.090744
vt 0.484785 0.092472
vt 0.484973 0.090883
vt 0.487284 0.084730
vt 0.486333 0.086541
vt 0.488265 0.085598
vt 0.486976 0.086869
vt 0.488769 0.086402
vt 0.487396 0.087222
vt 0.488948 0.086950
vt 0.487623 0.087482
vt 0.489024 0.087318
vt 0.487746 0.087677
vt 0.489131 0.087696
vt 0.487822 0.087936
vt 0.489306 0.088359
vt 0.487825 0.088414
vt 0.489252 0.089850
vt 0.487557 0.089262
vt 0.488395 0.091364
vt 0.487032 0.090124
vt 0.487098 0.092228
vt 0.486276 0.090663
vt 0.485878 0.092548
vt 0.485575 0.090879
vt 0.484449 0.088386
vt 0.484416 0.088547
vt 0.484496 0.088258
vt 0.484565 0.088119
vt 0.484719 0.087946
vt 0.484997 0.087778
vt 0.485357 0.087692
vt 0.484401 0.088678
vt 0.484409 0.088909
vt 0.484459 0.089174
vt 0.484563 0.089374
vt 0.484705 0.089530
vt 0.484906 0.089633
vt 0.485139 0.089689
vt 0.485746 0.087728
vt 0.486059 0.087821
vt 0.486291 0.087942
vt 0.486432 0.088046
vt 0.486515 0.088135
vt 0.486560 0.088272
vt 0.486515 0.088547
vt 0.486329 0.088880
vt 0.486061 0.089243
vt 0.485756 0.089524
vt 0.485436 0.089663
vt 0.485302 0.088547
vt 0.081923 0.336683
vt 0.283817 0.205900
vt 0.287210 0.205361
vt 0.287444 0.207511
vt 0.284445 0.207851
vt 0.290846 0.205727
vt 0.290717 0.207823
vt 0.293635 0.208758
vt 0.294175 0.207037
vt 0.296896 0.208929
vt 0.295847 0.210085
vt 0.297033 0.211419
vt 0.298458 0.210829
vt 0.297609 0.212469
vt 0.299438 0.212328
vt 0.280865 0.207201
vt 0.281651 0.208743
vt 0.279386 0.209617
vt 0.278269 0.208574
vt 0.276601 0.210058
vt 0.278005 0.210632
vt 0.299666 0.213051
vt 0.297757 0.213153
vt 0.299425 0.214028
vt 0.297590 0.213533
vt 0.297149 0.215033
vt 0.298728 0.215580
vt 0.296219 0.216384
vt 0.297515 0.217214
vt 0.295556 0.218598
vt 0.294588 0.217589
vt 0.292801 0.218588
vt 0.293462 0.219599
vt 0.290848 0.220475
vt 0.290630 0.219256
vt 0.288345 0.219535
vt 0.288224 0.220755
vt 0.285267 0.220599
vt 0.285642 0.219465
vt 0.282347 0.219794
vt 0.283030 0.218982
vt 0.280744 0.217505
vt 0.279842 0.218120
vt 0.278204 0.215916
vt 0.279209 0.215530
vt 0.276941 0.213263
vt 0.278211 0.213279
vt 0.276114 0.211866
vt 0.277702 0.212001
vt 0.277525 0.211587
vt 0.276043 0.211073
vt 0.296372 0.212525
vt 0.296697 0.213134
vt 0.295844 0.211797
vt 0.294937 0.210992
vt 0.293102 0.209959
vt 0.290452 0.209062
vt 0.287372 0.208796
vt 0.296605 0.213263
vt 0.296312 0.214345
vt 0.295450 0.215683
vt 0.294020 0.216649
vt 0.292325 0.217504
vt 0.290366 0.218142
vt 0.288272 0.218510
vt 0.284486 0.209144
vt 0.282007 0.209836
vt 0.280163 0.210519
vt 0.279099 0.211214
vt 0.278611 0.211817
vt 0.278614 0.212156
vt 0.278811 0.213026
vt 0.279649 0.215013
vt 0.281099 0.216772
vt 0.283198 0.218053
vt 0.285719 0.218585
vt 0.291152 0.222437
vt 0.287741 0.222745
vt 0.294644 0.221466
vt 0.297388 0.220229
vt 0.299956 0.218835
vt 0.301652 0.216949
vt 0.302595 0.215031
vt 0.302876 0.213154
vt 0.301932 0.211495
vt 0.300137 0.209072
vt 0.297653 0.206673
vt 0.294385 0.204738
vt 0.290624 0.203494
vt 0.286737 0.203194
vt 0.283119 0.204022
vt 0.279919 0.205634
vt 0.276906 0.207169
vt 0.275039 0.209059
vt 0.274390 0.210431
vt 0.274093 0.211838
vt 0.274496 0.213664
vt 0.275837 0.216439
vt 0.277818 0.219020
vt 0.280649 0.221055
vt 0.284138 0.222338
vt 0.278677 0.226018
vt 0.283148 0.227036
vt 0.281584 0.233945
vt 0.276306 0.232826
vt 0.287193 0.234478
vt 0.287558 0.227406
vt 0.292122 0.227557
vt 0.293049 0.234882
vt 0.296965 0.226778
vt 0.298922 0.234512
vt 0.304153 0.231809
vt 0.300973 0.225010
vt 0.308995 0.227709
vt 0.304263 0.222690
vt 0.306891 0.219638
vt 0.312401 0.222414
vt 0.313732 0.216958
vt 0.308003 0.216376
vt 0.313414 0.211361
vt 0.307454 0.213017
vt 0.311347 0.204508
vt 0.305319 0.209570
vt 0.301941 0.206260
vt 0.304137 0.201833
vt 0.298271 0.203907
vt 0.299188 0.200070
vt 0.294391 0.202096
vt 0.294719 0.198561
vt 0.290214 0.200947
vt 0.290184 0.197559
vt 0.285657 0.197216
vt 0.286033 0.200626
vt 0.282313 0.201534
vt 0.281722 0.197872
vt 0.278643 0.203172
vt 0.276885 0.198723
vt 0.275241 0.205166
vt 0.272862 0.202251
vt 0.270352 0.205858
vt 0.273045 0.207797
vt 0.271891 0.210306
vt 0.268195 0.209876
vt 0.271466 0.212855
vt 0.268274 0.213966
vt 0.271691 0.215408
vt 0.268537 0.217611
vt 0.271238 0.230764
vt 0.275007 0.223563
vt 0.269393 0.223410
vt 0.272860 0.219322
vt 0.270509 0.184480
vt 0.271503 0.187010
vt 0.269870 0.186655
vt 0.269156 0.185251
vt 0.270255 0.189252
vt 0.269306 0.188124
vt 0.268056 0.189046
vt 0.268444 0.190383
vt 0.266401 0.189042
vt 0.266117 0.190419
vt 0.264553 0.188166
vt 0.263721 0.189235
vt 0.263710 0.186723
vt 0.262444 0.187219
vt 0.264231 0.185285
vt 0.262879 0.184563
vt 0.267584 0.183768
vt 0.267577 0.184647
vt 0.272624 0.189078
vt 0.270794 0.190623
vt 0.273031 0.185741
vt 0.274465 0.187975
vt 0.268668 0.191708
vt 0.266102 0.192022
vt 0.262993 0.190691
vt 0.261507 0.187997
vt 0.261577 0.184385
vt 0.261479 0.190734
vt 0.263517 0.193162
vt 0.261904 0.193299
vt 0.268746 0.193185
vt 0.267046 0.193830
vt 0.270894 0.192443
vt 0.273015 0.191048
vt 0.274827 0.190494
vt 0.265011 0.193192
vt 0.265653 0.194835
vt 0.264033 0.195765
vt 0.262237 0.196342
vt 0.267905 0.195852
vt 0.268973 0.194685
vt 0.270103 0.194947
vt 0.269566 0.196867
vt 0.271703 0.194141
vt 0.272357 0.195291
vt 0.272934 0.192785
vt 0.274111 0.192903
vt 0.266366 0.197457
vt 0.264413 0.199053
vt 0.262315 0.200019
vt 0.266943 0.200014
vt 0.264697 0.202433
vt 0.262418 0.203741
vt 0.265708 0.206882
vt 0.262788 0.207577
vt 0.265421 0.210932
vt 0.262874 0.211407
vt 0.262897 0.215290
vt 0.265449 0.214849
vt 0.265633 0.219009
vt 0.262903 0.219423
vt 0.266371 0.225310
vt 0.263448 0.225452
vt 0.267245 0.231561
vt 0.264290 0.231596
vt 0.270671 0.199498
vt 0.273638 0.196476
vt 0.268091 0.202976
vt 0.275538 0.193174
vt 0.278149 0.193648
vt 0.281793 0.193681
vt 0.276058 0.190146
vt 0.278432 0.189938
vt 0.281783 0.189674
vt 0.264966 0.183857
vt 0.265684 0.184663
vt 0.263088 0.182653
vt 0.261785 0.182232
vt 0.264813 0.182673
vt 0.267665 0.182674
vt 0.270752 0.183209
vt 0.273815 0.184315
vt 0.275583 0.187393
vt 0.261852 0.177183
vt 0.261797 0.179225
vt 0.264978 0.179623
vt 0.265061 0.177548
vt 0.267757 0.176736
vt 0.267880 0.178499
vt 0.271183 0.175110
vt 0.271423 0.176911
vt 0.274744 0.172613
vt 0.275174 0.174461
vt 0.277721 0.170323
vt 0.278456 0.171988
vt 0.280927 0.169461
vt 0.279797 0.168378
vt 0.281081 0.166458
vt 0.282337 0.166974
vt 0.281133 0.165053
vt 0.282290 0.164638
vt 0.280141 0.163020
vt 0.281159 0.161912
vt 0.261804 0.180913
vt 0.263189 0.181234
vt 0.263202 0.177561
vt 0.263162 0.179640
vt 0.264836 0.181376
vt 0.268218 0.180774
vt 0.271968 0.178771
vt 0.275669 0.176780
vt 0.279304 0.174280
vt 0.282498 0.171373
vt 0.284261 0.168161
vt 0.284025 0.164232
vt 0.282609 0.160518
vt 0.279149 0.159920
vt 0.278075 0.161527
vt 0.276168 0.158837
vt 0.274939 0.160406
vt 0.272242 0.157869
vt 0.271096 0.159380
vt 0.268894 0.157172
vt 0.268156 0.158863
vt 0.264812 0.156887
vt 0.266801 0.156933
vt 0.266389 0.158685
vt 0.264593 0.158717
vt 0.262609 0.158991
vt 0.262822 0.156950
vt 0.262786 0.154418
vt 0.264997 0.154497
vt 0.267186 0.154707
vt 0.277192 0.156633
vt 0.273329 0.155794
vt 0.280342 0.157972
vt 0.261874 0.175335
vt 0.262112 0.173384
vt 0.262477 0.169410
vt 0.262348 0.171336
vt 0.262338 0.161019
vt 0.263925 0.163165
vt 0.262168 0.163377
vt 0.264254 0.160793
vt 0.263942 0.165485
vt 0.262029 0.165875
vt 0.263881 0.173276
vt 0.263521 0.175426
vt 0.264231 0.171184
vt 0.264762 0.169464
vt 0.266030 0.172780
vt 0.265532 0.175348
vt 0.266483 0.170691
vt 0.266949 0.169246
vt 0.268655 0.171896
vt 0.268049 0.174596
vt 0.269131 0.170008
vt 0.269456 0.168879
vt 0.268828 0.166708
vt 0.266605 0.167227
vt 0.266178 0.165074
vt 0.268073 0.164611
vt 0.267746 0.160671
vt 0.265996 0.160690
vt 0.271711 0.170819
vt 0.271456 0.173037
vt 0.271868 0.169229
vt 0.272093 0.168564
vt 0.274841 0.169583
vt 0.274765 0.170923
vt 0.274798 0.168611
vt 0.274909 0.168030
vt 0.277257 0.168300
vt 0.277368 0.169117
vt 0.277207 0.167814
vt 0.277245 0.167412
vt 0.270296 0.162600
vt 0.267632 0.162716
vt 0.270483 0.160901
vt 0.270636 0.164371
vt 0.273790 0.163115
vt 0.274171 0.161726
vt 0.273997 0.164711
vt 0.276895 0.164149
vt 0.277375 0.162926
vt 0.276705 0.165063
vt 0.278951 0.167175
vt 0.279222 0.167624
vt 0.280003 0.165990
vt 0.280397 0.166131
vt 0.278918 0.164576
vt 0.279491 0.163837
vt 0.280069 0.165454
vt 0.280487 0.165279
vt 0.278557 0.165141
vt 0.279341 0.165648
vt 0.278447 0.165522
vt 0.279705 0.165574
vt 0.279699 0.165965
vt 0.279417 0.165887
vt 0.278761 0.166884
vt 0.278641 0.166578
vt 0.269785 0.155074
vt 0.265889 0.162951
vt 0.264339 0.167774
vt 0.262175 0.168124
vt 0.271470 0.166180
vt 0.274364 0.165820
vt 0.276843 0.165655
vt 0.371132 0.207932
vt 0.367411 0.210842
vt 0.365999 0.207208
vt 0.368812 0.205391
vt 0.370243 0.202909
vt 0.372772 0.204082
vt 0.373217 0.200455
vt 0.370808 0.200200
vt 0.373024 0.196432
vt 0.370572 0.196812
vt 0.369935 0.193719
vt 0.372197 0.193083
vt 0.370659 0.189963
vt 0.368649 0.190795
vt 0.366975 0.188083
vt 0.368824 0.186775
vt 0.365209 0.185817
vt 0.366919 0.183970
vt 0.372744 0.209709
vt 0.368561 0.213797
vt 0.374507 0.204776
vt 0.375023 0.200720
vt 0.374640 0.196339
vt 0.373675 0.192663
vt 0.372311 0.189246
vt 0.370552 0.185590
vt 0.368722 0.182232
vt 0.365141 0.189688
vt 0.363630 0.187838
vt 0.366322 0.191830
vt 0.366978 0.194228
vt 0.367153 0.197166
vt 0.368641 0.200104
vt 0.368432 0.201952
vt 0.367269 0.203381
vt 0.365149 0.204470
vt 0.362629 0.210836
vt 0.362774 0.206824
vt 0.358522 0.207768
vt 0.360478 0.204892
vt 0.356981 0.202467
vt 0.359193 0.201715
vt 0.359204 0.198791
vt 0.357264 0.199232
vt 0.357951 0.196947
vt 0.360081 0.197007
vt 0.360117 0.194964
vt 0.357191 0.194473
vt 0.356872 0.192554
vt 0.359362 0.192587
vt 0.358060 0.189925
vt 0.356485 0.190850
vt 0.355752 0.187765
vt 0.354372 0.189422
vt 0.354141 0.184994
vt 0.350762 0.186273
vt 0.354057 0.180754
vt 0.349852 0.180757
vt 0.350035 0.174906
vt 0.355055 0.175980
vt 0.363257 0.214226
vt 0.354173 0.203180
vt 0.355805 0.208028
vt 0.353702 0.199603
vt 0.353784 0.196740
vt 0.354040 0.194183
vt 0.354091 0.191769
vt 0.349979 0.190340
vt 0.349902 0.193606
vt 0.350238 0.196822
vt 0.350652 0.200132
vt 0.351270 0.203658
vt 0.353238 0.209309
vt 0.365247 0.181565
vt 0.367112 0.179898
vt 0.363488 0.179410
vt 0.365370 0.177568
vt 0.353034 0.168174
vt 0.357711 0.171461
vt 0.362187 0.167630
vt 0.360071 0.162231
vt 0.361586 0.173873
vt 0.364392 0.172011
vt 0.365735 0.174899
vt 0.363774 0.175710
vt 0.368515 0.178960
vt 0.366756 0.176663
vt 0.361508 0.177863
vt 0.358582 0.176664
vt 0.363505 0.183898
vt 0.361649 0.182232
vt 0.359560 0.181187
vt 0.356925 0.180699
vt 0.362016 0.186317
vt 0.360349 0.185099
vt 0.358398 0.184488
vt 0.356349 0.184425
vt 0.356627 0.186653
vt 0.357889 0.187254
vt 0.359177 0.187815
vt 0.360640 0.188727
vt 0.361956 0.189935
vt 0.363077 0.191345
vt 0.363667 0.192854
vt 0.364113 0.194573
vt 0.364279 0.196466
vt 0.364193 0.197914
vt 0.365494 0.199161
vt 0.362742 0.198434
vt 0.363502 0.200406
vt 0.360869 0.198914
vt 0.361321 0.201187
vt 0.362199 0.203458
vt 0.363227 0.204877
vt 0.364350 0.202506
vt 0.366829 0.201358
vt 0.361868 0.194840
vt 0.362238 0.196635
vt 0.361676 0.192862
vt 0.360517 0.191788
vt 0.359522 0.191058
vt 0.371596 0.217405
vt 0.364398 0.217973
vt 0.374803 0.211119
vt 0.376070 0.205256
vt 0.376390 0.200857
vt 0.376025 0.196299
vt 0.375011 0.192272
vt 0.373625 0.188511
vt 0.372045 0.184714
vt 0.370338 0.181531
vt 0.372623 0.180791
vt 0.370949 0.177867
vt 0.374455 0.176287
vt 0.376191 0.179581
vt 0.374217 0.183982
vt 0.377574 0.182832
vt 0.375629 0.187820
vt 0.379038 0.186449
vt 0.376880 0.191613
vt 0.380584 0.190456
vt 0.377886 0.195843
vt 0.381650 0.195322
vt 0.378438 0.200549
vt 0.382055 0.200759
vt 0.378190 0.205466
vt 0.381120 0.206605
vt 0.377078 0.210525
vt 0.378278 0.213578
vt 0.374624 0.224972
vt 0.387678 0.223538
vt 0.365025 0.224284
vt 0.384022 0.208604
vt 0.393405 0.213006
vt 0.387139 0.202378
vt 0.396259 0.204183
vt 0.388172 0.195629
vt 0.387513 0.189173
vt 0.396954 0.195837
vt 0.395581 0.187816
vt 0.385529 0.183655
vt 0.392439 0.180594
vt 0.368998 0.174977
vt 0.373004 0.173541
vt 0.377926 0.172705
vt 0.375324 0.170355
vt 0.380412 0.176034
vt 0.382962 0.179232
vt 0.388506 0.175085
vt 0.385246 0.171482
vt 0.380366 0.167741
vt 0.375695 0.165370
vt 0.368189 0.170603
vt 0.367663 0.166590
vt 0.368183 0.161823
vt 0.371585 0.170923
vt 0.372467 0.168175
vt 0.358508 0.211618
vt 0.357405 0.214629
vt 0.353926 0.219902
vt 0.348659 0.210861
vt 0.347274 0.202938
vt 0.345497 0.197542
vt 0.344668 0.193196
vt 0.344396 0.188892
vt 0.344365 0.184363
vt 0.343880 0.179144
vt 0.342818 0.171915
vt 0.320862 0.202114
vt 0.321331 0.209059
vt 0.329615 0.200040
vt 0.330175 0.206939
vt 0.338336 0.198674
vt 0.339406 0.204824
vt 0.263041 0.151033
vt 0.263519 0.147332
vt 0.263781 0.143105
vt 0.264075 0.138413
vt 0.264904 0.132544
vt 0.269764 0.124706
vt 0.271308 0.107021
vt 0.282768 0.123686
vt 0.285865 0.108576
vt 0.300070 0.110712
vt 0.297337 0.125575
vt 0.314129 0.114607
vt 0.312787 0.127832
vt 0.327126 0.118945
vt 0.325581 0.132911
vt 0.341115 0.124801
vt 0.340843 0.139647
vt 0.354761 0.132654
vt 0.354747 0.150296
vt 0.368304 0.153960
vt 0.368307 0.140757
vt 0.382248 0.147419
vt 0.380584 0.160476
vt 0.397834 0.152470
vt 0.394369 0.167438
vt 0.414472 0.155257
vt 0.413218 0.170444
vt 0.432533 0.155706
vt 0.434778 0.169875
vt 0.450311 0.152556
vt 0.453648 0.168082
vt 0.467132 0.147965
vt 0.472111 0.164884
vt 0.275912 0.012064
vt 0.273232 0.037605
vt 0.289037 0.024740
vt 0.285966 0.042704
vt 0.301411 0.029971
vt 0.298598 0.048151
vt 0.313019 0.035128
vt 0.311384 0.052710
vt 0.324842 0.038606
vt 0.324524 0.057478
vt 0.337035 0.040904
vt 0.337651 0.061404
vt 0.349638 0.043898
vt 0.350742 0.064666
vt 0.361599 0.046131
vt 0.363699 0.067947
vt 0.373767 0.046982
vt 0.376676 0.069461
vt 0.386425 0.045997
vt 0.389942 0.069918
vt 0.399587 0.043525
vt 0.403650 0.068916
vt 0.413160 0.041416
vt 0.417919 0.066719
vt 0.427065 0.038016
vt 0.431785 0.063539
vt 0.441326 0.033617
vt 0.445963 0.059442
vt 0.453635 0.029448
vt 0.457485 0.056482
vt 0.285269 0.089190
vt 0.271318 0.087046
vt 0.298794 0.092187
vt 0.312933 0.095175
vt 0.326236 0.099949
vt 0.339604 0.105667
vt 0.353171 0.112051
vt 0.367118 0.117931
vt 0.381476 0.122754
vt 0.396355 0.126113
vt 0.412153 0.127206
vt 0.427871 0.125544
vt 0.443221 0.122586
vt 0.458335 0.118435
vt 0.470968 0.114500
vt 0.481434 0.142235
vt 0.284954 0.065422
vt 0.272184 0.062190
vt 0.298100 0.069412
vt 0.311394 0.074343
vt 0.325265 0.078732
vt 0.338673 0.083108
vt 0.351877 0.088078
vt 0.365411 0.092446
vt 0.378878 0.095731
vt 0.393143 0.097016
vt 0.407515 0.096962
vt 0.422039 0.094985
vt 0.436648 0.091642
vt 0.451152 0.087481
vt 0.462662 0.084708
vt 0.265693 0.150921
vt 0.268296 0.150904
vt 0.270964 0.151175
vt 0.274017 0.152018
vt 0.277752 0.153152
vt 0.281731 0.155056
vt 0.284936 0.158581
vt 0.286981 0.163748
vt 0.287918 0.170941
vt 0.283862 0.174930
vt 0.279964 0.177698
vt 0.276160 0.179791
vt 0.272823 0.181136
vt 0.270577 0.181778
vt 0.276937 0.183245
vt 0.277914 0.186518
vt 0.281252 0.185702
vt 0.280538 0.181734
vt 0.284417 0.179902
vt 0.285075 0.184722
vt 0.285573 0.189254
vt 0.285707 0.193352
vt 0.290318 0.193571
vt 0.290168 0.189059
vt 0.289655 0.183914
vt 0.289017 0.178072
vt 0.295100 0.194279
vt 0.294941 0.189193
vt 0.294505 0.183223
vt 0.294070 0.176719
vt 0.293491 0.169731
vt 0.291821 0.162529
vt 0.288546 0.156304
vt 0.283984 0.151785
vt 0.279293 0.149078
vt 0.275349 0.147571
vt 0.272267 0.146908
vt 0.269493 0.146710
vt 0.266612 0.146931
vt 0.267222 0.142472
vt 0.270342 0.142270
vt 0.273471 0.142442
vt 0.277038 0.143053
vt 0.281772 0.144594
vt 0.287278 0.147591
vt 0.292993 0.152909
vt 0.297294 0.160315
vt 0.299365 0.168113
vt 0.299791 0.175463
vt 0.299824 0.182701
vt 0.299968 0.189554
vt 0.299929 0.195170
vt 0.267632 0.137710
vt 0.271109 0.137402
vt 0.275001 0.137387
vt 0.279633 0.137834
vt 0.285575 0.139085
vt 0.292593 0.141699
vt 0.300088 0.147942
vt 0.304750 0.157421
vt 0.306702 0.166282
vt 0.306809 0.174287
vt 0.306221 0.182232
vt 0.305860 0.189501
vt 0.305504 0.195943
vt 0.268332 0.132367
vt 0.272020 0.131702
vt 0.277214 0.131459
vt 0.282670 0.131802
vt 0.290091 0.132828
vt 0.298147 0.134808
vt 0.312849 0.140285
vt 0.314860 0.155357
vt 0.315460 0.165674
vt 0.315479 0.173871
vt 0.314311 0.181547
vt 0.313270 0.188868
vt 0.312645 0.196054
vt 0.345540 0.161336
vt 0.337412 0.151027
vt 0.326858 0.145135
vt 0.325458 0.156550
vt 0.337223 0.173720
vt 0.337801 0.179049
vt 0.338066 0.183228
vt 0.337682 0.188105
vt 0.337635 0.193257
vt 0.320929 0.194997
vt 0.329323 0.193908
vt 0.321520 0.188203
vt 0.329833 0.187777
vt 0.331767 0.181053
vt 0.322760 0.181248
vt 0.323651 0.174057
vt 0.331048 0.174102
vt 0.324163 0.166439
vt 0.331889 0.167331
vt 0.333897 0.159809
vt 0.337697 0.168775
vt 0.338960 0.163447
vt 0.340524 0.212782
vt 0.330757 0.214973
vt 0.321191 0.216489
vt 0.342310 0.222921
vt 0.330545 0.224205
vt 0.320222 0.224400
vt 0.266662 0.237215
vt 0.267260 0.246446
vt 0.305635 0.337666
vt 0.311796 0.321841
vt 0.324471 0.327697
vt 0.319295 0.344334
vt 0.331413 0.348624
vt 0.337438 0.332224
vt 0.363432 0.354465
vt 0.348757 0.352948
vt 0.350829 0.334789
vt 0.364018 0.335674
vt 0.377976 0.354334
vt 0.377248 0.335877
vt 0.390349 0.334466
vt 0.392816 0.352914
vt 0.408030 0.349801
vt 0.403753 0.331621
vt 0.423874 0.344534
vt 0.417748 0.325401
vt 0.475273 0.179951
vt 0.488928 0.159733
vt 0.495109 0.176513
vt 0.477805 0.195048
vt 0.499322 0.193735
vt 0.478597 0.210603
vt 0.501332 0.210933
vt 0.478041 0.226089
vt 0.500986 0.228305
vt 0.476000 0.241942
vt 0.498552 0.246189
vt 0.493726 0.264726
vt 0.472390 0.257771
vt 0.467143 0.273044
vt 0.487783 0.280946
vt 0.479524 0.296678
vt 0.460680 0.287441
vt 0.468488 0.311725
vt 0.452074 0.301228
vt 0.454677 0.325403
vt 0.441851 0.313341
vt 0.365500 0.236072
vt 0.376723 0.237519
vt 0.377332 0.250252
vt 0.365736 0.249108
vt 0.365798 0.261919
vt 0.377318 0.263403
vt 0.365233 0.274791
vt 0.376778 0.276359
vt 0.364757 0.288043
vt 0.376341 0.289541
vt 0.364477 0.302567
vt 0.376048 0.303490
vt 0.364280 0.318618
vt 0.376447 0.318502
vt 0.456051 0.181389
vt 0.437501 0.182232
vt 0.420105 0.183477
vt 0.406436 0.185557
vt 0.401573 0.176543
vt 0.408850 0.195633
vt 0.423101 0.195227
vt 0.439334 0.194970
vt 0.458052 0.195226
vt 0.408910 0.205655
vt 0.423807 0.207106
vt 0.440070 0.208036
vt 0.458441 0.209158
vt 0.407498 0.216085
vt 0.422851 0.218753
vt 0.439330 0.221061
vt 0.457719 0.223410
vt 0.455914 0.237940
vt 0.437929 0.234802
vt 0.420905 0.231085
vt 0.404736 0.227979
vt 0.453094 0.252955
vt 0.435477 0.248261
vt 0.419607 0.244746
vt 0.404165 0.241190
vt 0.389385 0.238574
vt 0.449312 0.267079
vt 0.432617 0.261974
vt 0.417406 0.257964
vt 0.403170 0.254551
vt 0.389577 0.252174
vt 0.444117 0.280904
vt 0.429151 0.275172
vt 0.415356 0.270854
vt 0.401834 0.267569
vt 0.389004 0.265033
vt 0.437794 0.293597
vt 0.424876 0.287573
vt 0.412537 0.283272
vt 0.400317 0.280200
vt 0.388399 0.277857
vt 0.430835 0.304763
vt 0.420304 0.298803
vt 0.410036 0.294673
vt 0.399021 0.292202
vt 0.387723 0.290740
vt 0.423395 0.314846
vt 0.430243 0.322895
vt 0.415887 0.308048
vt 0.408565 0.304866
vt 0.398782 0.304221
vt 0.387624 0.304027
vt 0.388926 0.318396
vt 0.410490 0.313739
vt 0.400441 0.316936
vt 0.352015 0.317135
vt 0.339638 0.314760
vt 0.327798 0.311410
vt 0.316089 0.306568
vt 0.305176 0.300530
vt 0.299367 0.314077
vt 0.287853 0.304330
vt 0.295045 0.293074
vt 0.286869 0.283096
vt 0.278243 0.292497
vt 0.280072 0.276542
vt 0.271947 0.280598
vt 0.277241 0.267470
vt 0.269274 0.269031
vt 0.275415 0.257355
vt 0.267918 0.257486
vt 0.274236 0.246944
vt 0.273694 0.237611
vt 0.280987 0.240242
vt 0.287731 0.241493
vt 0.294542 0.242248
vt 0.301701 0.242110
vt 0.308623 0.239759
vt 0.317430 0.234959
vt 0.331202 0.235420
vt 0.343133 0.234613
vt 0.354498 0.234319
vt 0.354569 0.247772
vt 0.343428 0.247260
vt 0.332409 0.247291
vt 0.321478 0.247205
vt 0.312088 0.248605
vt 0.304059 0.250162
vt 0.296414 0.250248
vt 0.288931 0.249472
vt 0.281520 0.248316
vt 0.354588 0.260481
vt 0.343806 0.259422
vt 0.333048 0.258607
vt 0.323209 0.258221
vt 0.313953 0.258234
vt 0.305480 0.258570
vt 0.297764 0.258555
vt 0.290089 0.258073
vt 0.282746 0.257402
vt 0.354281 0.273091
vt 0.343680 0.271725
vt 0.333326 0.270216
vt 0.323627 0.268956
vt 0.314084 0.267861
vt 0.305531 0.266963
vt 0.298053 0.266370
vt 0.291221 0.266321
vt 0.284359 0.266619
vt 0.353769 0.286440
vt 0.342797 0.284838
vt 0.332528 0.282735
vt 0.322345 0.280558
vt 0.312698 0.278145
vt 0.304108 0.275509
vt 0.297286 0.273285
vt 0.292081 0.273118
vt 0.285969 0.274529
vt 0.352984 0.301175
vt 0.341611 0.298967
vt 0.330643 0.296512
vt 0.319672 0.292886
vt 0.309508 0.288918
vt 0.300801 0.283857
vt 0.294350 0.278429
vt 0.203301 0.748223
vt 0.204010 0.772090
vt 0.202917 0.725669
vt 0.201997 0.705234
vt 0.201959 0.685937
vt 0.201324 0.669378
vt 0.202519 0.649794
vt 0.199537 0.630190
vt 0.199643 0.611585
vt 0.200446 0.590703
vt 0.201457 0.564348
vt 0.205534 0.386333
vt 0.206093 0.373262
vt 0.871598 0.928766
vt 0.888271 0.931125
vt 0.884802 0.944621
vt 0.869218 0.942183
vt 0.866574 0.955003
vt 0.881183 0.957321
vt 0.876977 0.969696
vt 0.863395 0.967440
vt 0.873336 0.981643
vt 0.860663 0.979631
vt 0.859024 0.742652
vt 0.871750 0.740790
vt 0.872824 0.753055
vt 0.859789 0.755029
vt 0.874187 0.765553
vt 0.860859 0.767651
vt 0.875066 0.778773
vt 0.861574 0.780296
vt 0.876545 0.792097
vt 0.862461 0.793470
vt 0.316039 0.718703
vt 0.330349 0.716619
vt 0.329540 0.740537
vt 0.310827 0.750115
vt 0.335695 0.762796
vt 0.321528 0.772648
vt 0.863799 0.807055
vt 0.878787 0.805852
vt 0.866444 0.820908
vt 0.882074 0.820542
vt 0.868917 0.835673
vt 0.885549 0.835836
vt 0.870954 0.850615
vt 0.889016 0.851732
vt 0.872729 0.866480
vt 0.891609 0.868266
vt 0.873887 0.882783
vt 0.893343 0.884742
vt 0.330684 0.791056
vt 0.345072 0.782411
vt 0.846767 0.795193
vt 0.845433 0.782520
vt 0.844397 0.769755
vt 0.843843 0.757396
vt 0.842887 0.744814
vt 0.844469 0.977397
vt 0.846652 0.965215
vt 0.848723 0.952769
vt 0.850708 0.940189
vt 0.852492 0.926529
vt 0.853515 0.911857
vt 0.873017 0.914379
vt 0.853953 0.897031
vt 0.873920 0.898700
vt 0.854265 0.881462
vt 0.853254 0.865819
vt 0.852659 0.850660
vt 0.851464 0.835967
vt 0.849301 0.821792
vt 0.847837 0.808529
vt 0.828921 0.797269
vt 0.809001 0.799231
vt 0.808249 0.787060
vt 0.827361 0.784518
vt 0.807431 0.774899
vt 0.826703 0.772209
vt 0.806747 0.762582
vt 0.825736 0.759973
vt 0.805257 0.750547
vt 0.824880 0.747570
vt 0.826296 0.975265
vt 0.806618 0.972383
vt 0.808657 0.959977
vt 0.827876 0.962875
vt 0.810271 0.947546
vt 0.829897 0.950429
vt 0.811470 0.935051
vt 0.831396 0.937653
vt 0.812471 0.921903
vt 0.833010 0.924280
vt 0.813055 0.908143
vt 0.833669 0.910185
vt 0.813111 0.894306
vt 0.834205 0.895592
vt 0.813182 0.880054
vt 0.834135 0.880584
vt 0.813036 0.865880
vt 0.833876 0.865707
vt 0.812188 0.851636
vt 0.833159 0.851012
vt 0.811394 0.838008
vt 0.832255 0.836906
vt 0.810654 0.824810
vt 0.831035 0.823131
vt 0.809593 0.812072
vt 0.829958 0.809919
vt 0.746272 0.926314
vt 0.722550 0.923554
vt 0.722626 0.912879
vt 0.746366 0.914915
vt 0.722761 0.902296
vt 0.745992 0.903368
vt 0.722673 0.891044
vt 0.746336 0.891509
vt 0.722665 0.879501
vt 0.745857 0.879351
vt 0.723034 0.867630
vt 0.745184 0.867223
vt 0.722877 0.855509
vt 0.745089 0.855077
vt 0.723035 0.843219
vt 0.745024 0.842374
vt 0.723094 0.830743
vt 0.744508 0.829792
vt 0.723320 0.818585
vt 0.744294 0.817398
vt 0.723127 0.806512
vt 0.743888 0.805197
vt 0.722473 0.794061
vt 0.743400 0.793113
vt 0.721380 0.782202
vt 0.743045 0.780828
vt 0.719888 0.770525
vt 0.742098 0.769068
vt 0.718659 0.759556
vt 0.741045 0.758005
vt 0.742407 0.959058
vt 0.720033 0.954627
vt 0.720981 0.944032
vt 0.744787 0.948110
vt 0.721581 0.933857
vt 0.745262 0.937375
vt 0.698584 0.921259
vt 0.698784 0.911192
vt 0.698886 0.901032
vt 0.699569 0.890324
vt 0.699934 0.879005
vt 0.700657 0.867408
vt 0.701427 0.855626
vt 0.702285 0.843738
vt 0.702908 0.831714
vt 0.702959 0.819644
vt 0.702425 0.807644
vt 0.701261 0.795528
vt 0.699605 0.783766
vt 0.697671 0.772494
vt 0.696171 0.761437
vt 0.697479 0.951807
vt 0.697811 0.941289
vt 0.698075 0.931138
vt 0.651906 0.917218
vt 0.652265 0.907732
vt 0.675443 0.909711
vt 0.674968 0.919366
vt 0.653226 0.897922
vt 0.675685 0.899518
vt 0.654331 0.887892
vt 0.676661 0.889110
vt 0.655618 0.877151
vt 0.677571 0.878176
vt 0.656718 0.866210
vt 0.679016 0.867050
vt 0.657878 0.855116
vt 0.679934 0.855568
vt 0.658957 0.843898
vt 0.680914 0.843777
vt 0.659523 0.832839
vt 0.681428 0.832186
vt 0.659450 0.821808
vt 0.681562 0.820612
vt 0.658874 0.810806
vt 0.680929 0.808993
vt 0.657601 0.800048
vt 0.679635 0.797654
vt 0.655541 0.789516
vt 0.677888 0.786362
vt 0.652871 0.779684
vt 0.675770 0.775475
vt 0.649762 0.770297
vt 0.673079 0.765012
vt 0.674159 0.948659
vt 0.650320 0.945018
vt 0.651343 0.935485
vt 0.674522 0.938435
vt 0.651547 0.926443
vt 0.674591 0.929048
vt 0.628965 0.914733
vt 0.605401 0.911887
vt 0.606139 0.903682
vt 0.628984 0.905715
vt 0.607115 0.894623
vt 0.630499 0.896281
vt 0.608334 0.885086
vt 0.631037 0.886285
vt 0.609497 0.875150
vt 0.632426 0.876110
vt 0.611125 0.864895
vt 0.633905 0.865561
vt 0.612785 0.854473
vt 0.635269 0.854798
vt 0.614397 0.844457
vt 0.636607 0.844173
vt 0.615146 0.834425
vt 0.637311 0.833652
vt 0.615295 0.824877
vt 0.637452 0.823204
vt 0.614269 0.815429
vt 0.636638 0.813012
vt 0.612397 0.806268
vt 0.634846 0.803019
vt 0.609849 0.797577
vt 0.632518 0.793423
vt 0.606779 0.789476
vt 0.629347 0.784314
vt 0.604043 0.781913
vt 0.626662 0.775891
vt 0.626763 0.940265
vt 0.603705 0.934977
vt 0.604279 0.927106
vt 0.627433 0.931615
vt 0.604886 0.919637
vt 0.628023 0.923278
vt 0.585820 0.909311
vt 0.586465 0.901587
vt 0.587310 0.892978
vt 0.588250 0.883960
vt 0.589557 0.874446
vt 0.591356 0.864597
vt 0.593262 0.854483
vt 0.595225 0.844814
vt 0.596073 0.835330
vt 0.596183 0.826316
vt 0.595091 0.817760
vt 0.593132 0.809400
vt 0.590532 0.801502
vt 0.587397 0.793997
vt 0.584511 0.787279
vt 0.583891 0.930010
vt 0.584502 0.923132
vt 0.584712 0.916371
vt 0.787991 0.801680
vt 0.765871 0.803735
vt 0.765691 0.791329
vt 0.787415 0.789248
vt 0.764890 0.779132
vt 0.786626 0.777158
vt 0.764303 0.767423
vt 0.785806 0.765294
vt 0.762886 0.755799
vt 0.784622 0.753167
vt 0.786039 0.968437
vt 0.764282 0.963864
vt 0.766131 0.952309
vt 0.787924 0.956309
vt 0.767847 0.940614
vt 0.789487 0.944235
vt 0.790341 0.932067
vt 0.768667 0.929123
vt 0.790977 0.919649
vt 0.769074 0.917292
vt 0.791273 0.906596
vt 0.769320 0.904698
vt 0.791228 0.892822
vt 0.769318 0.892079
vt 0.790722 0.879562
vt 0.768931 0.879408
vt 0.790941 0.866115
vt 0.768246 0.866648
vt 0.790110 0.852928
vt 0.767847 0.853962
vt 0.767453 0.841174
vt 0.789659 0.839594
vt 0.789102 0.826591
vt 0.766824 0.828453
vt 0.766227 0.815943
vt 0.788666 0.814114
vt 0.568168 0.907214
vt 0.569206 0.899918
vt 0.570164 0.891705
vt 0.570863 0.883249
vt 0.572034 0.874118
vt 0.574290 0.864088
vt 0.576188 0.854458
vt 0.577965 0.845104
vt 0.579045 0.836044
vt 0.579468 0.827670
vt 0.578414 0.819763
vt 0.576363 0.812112
vt 0.573760 0.804843
vt 0.570942 0.798006
vt 0.568062 0.791599
vt 0.567333 0.925685
vt 0.567424 0.919571
vt 0.567302 0.913539
vt 0.322947 0.697154
vt 0.335662 0.699505
vt 0.336991 0.680307
vt 0.345125 0.685748
vt 0.352219 0.672262
vt 0.356664 0.675902
vt 0.364559 0.666397
vt 0.367795 0.668772
vt 0.670104 0.240547
vt 0.671513 0.237327
vt 0.682739 0.244362
vt 0.680163 0.247728
vt 0.689686 0.257558
vt 0.694526 0.254789
vt 0.696494 0.268770
vt 0.703255 0.266607
vt 0.702613 0.281335
vt 0.713960 0.281326
vt 0.948084 0.947862
vt 0.937529 0.942528
vt 0.948407 0.927748
vt 0.964007 0.931031
vt 0.958039 0.908974
vt 0.974415 0.910921
vt 0.705849 0.297241
vt 0.719796 0.302633
vt 0.704755 0.316082
vt 0.719620 0.322603
vt 0.699821 0.336967
vt 0.715735 0.342255
vt 0.695299 0.356197
vt 0.711734 0.362247
vt 0.690241 0.375649
vt 0.705398 0.381410
vt 0.684392 0.393917
vt 0.698861 0.398617
vt 0.962525 0.889451
vt 0.978750 0.890187
vt 0.915119 0.936139
vt 0.927147 0.938972
vt 0.918567 0.951348
vt 0.908740 0.948883
vt 0.909613 0.963338
vt 0.901967 0.961255
vt 0.901627 0.974728
vt 0.895438 0.972943
vt 0.895187 0.985764
vt 0.890099 0.984708
vt 0.888692 0.737780
vt 0.893839 0.736847
vt 0.894242 0.749794
vt 0.889339 0.750482
vt 0.891631 0.762937
vt 0.897094 0.762099
vt 0.895235 0.775727
vt 0.902199 0.774386
vt 0.899615 0.789225
vt 0.908602 0.787187
vt 0.904530 0.802963
vt 0.915722 0.800107
vt 0.910433 0.818744
vt 0.923665 0.816598
vt 0.917012 0.836940
vt 0.932502 0.836344
vt 0.923105 0.853759
vt 0.939797 0.853399
vt 0.927263 0.870717
vt 0.944469 0.870767
vt 0.928333 0.888147
vt 0.945600 0.889027
vt 0.902629 0.933593
vt 0.906673 0.919155
vt 0.920426 0.922197
vt 0.925386 0.906187
vt 0.909787 0.903565
vt 0.911446 0.886744
vt 0.732245 0.286395
vt 0.734380 0.306659
vt 0.748880 0.288075
vt 0.749685 0.307939
vt 0.765952 0.289169
vt 0.766313 0.309406
vt 0.782624 0.290602
vt 0.782989 0.311243
vt 0.799256 0.292540
vt 0.799043 0.312531
vt 0.814622 0.314483
vt 0.814389 0.293933
vt 0.297291 0.701276
vt 0.296115 0.722088
vt 0.276948 0.704903
vt 0.277330 0.723815
vt 0.261160 0.724155
vt 0.260806 0.706175
vt 0.245605 0.706564
vt 0.246082 0.724798
vt 0.231803 0.725405
vt 0.230767 0.706577
vt 0.217000 0.725760
vt 0.216489 0.706004
vt 0.291877 0.745275
vt 0.275554 0.743082
vt 0.260737 0.742253
vt 0.246057 0.743151
vt 0.231811 0.744263
vt 0.217375 0.746473
vt 0.217935 0.764947
vt 0.231631 0.762753
vt 0.245535 0.760435
vt 0.259057 0.759515
vt 0.272197 0.760245
vt 0.285793 0.763502
vt 0.298196 0.770591
vt 0.307969 0.783869
vt 0.316211 0.799371
vt 0.720880 0.388852
vt 0.713116 0.403705
vt 0.732067 0.370506
vt 0.732970 0.346207
vt 0.734872 0.326251
vt 0.750107 0.327811
vt 0.766717 0.329130
vt 0.783322 0.330667
vt 0.799775 0.332401
vt 0.814557 0.333940
vt 0.799729 0.351282
vt 0.814303 0.352707
vt 0.783942 0.349355
vt 0.767782 0.348499
vt 0.750724 0.347410
vt 0.800445 0.368837
vt 0.814641 0.370364
vt 0.785080 0.367683
vt 0.769696 0.366975
vt 0.752681 0.367608
vt 0.801690 0.384962
vt 0.815163 0.385338
vt 0.787345 0.385132
vt 0.772355 0.384907
vt 0.758197 0.384911
vt 0.745069 0.389365
vt 0.734662 0.399358
vt 0.726523 0.410422
vt 0.301117 0.806154
vt 0.295133 0.793548
vt 0.288152 0.782936
vt 0.279316 0.776777
vt 0.268957 0.774503
vt 0.257208 0.774580
vt 0.245030 0.775835
vt 0.230573 0.779901
vt 0.220020 0.776290
vt 0.213385 0.783640
vt 0.221413 0.791047
vt 0.766365 0.430411
vt 0.774766 0.442153
vt 0.767393 0.445704
vt 0.758713 0.435467
vt 0.749259 0.426138
vt 0.756820 0.419475
vt 0.738734 0.417849
vt 0.746499 0.409562
vt 0.282624 0.801290
vt 0.286562 0.812213
vt 0.269745 0.807926
vt 0.272940 0.818285
vt 0.256427 0.815185
vt 0.259660 0.825161
vt 0.246961 0.833687
vt 0.243617 0.824761
vt 0.278176 0.791580
vt 0.266859 0.797285
vt 0.251829 0.802747
vt 0.239082 0.815559
vt 0.236180 0.791214
vt 0.227319 0.799492
vt 0.244839 0.788241
vt 0.255498 0.787850
vt 0.266856 0.786336
vt 0.274905 0.784968
vt 0.241487 0.797581
vt 0.233158 0.807554
vt 0.774714 0.425291
vt 0.782451 0.438565
vt 0.784050 0.420039
vt 0.790698 0.435062
vt 0.795371 0.417407
vt 0.799678 0.432883
vt 0.806514 0.415469
vt 0.809063 0.430901
vt 0.817294 0.413310
vt 0.818722 0.428894
vt 0.754910 0.401853
vt 0.765345 0.412862
vt 0.762391 0.396425
vt 0.774428 0.403233
vt 0.790326 0.401334
vt 0.803734 0.400707
vt 0.816107 0.399961
vt 0.897774 0.946588
vt 0.892469 0.959253
vt 0.887510 0.971368
vt 0.882895 0.983167
vt 0.881353 0.738991
vt 0.882434 0.751722
vt 0.884085 0.764176
vt 0.886109 0.777131
vt 0.888951 0.790610
vt 0.892628 0.805050
vt 0.896750 0.820377
vt 0.901304 0.836430
vt 0.906111 0.853260
vt 0.909802 0.869623
vt 0.891695 0.916341
vt 0.893236 0.900863
vt 0.934610 0.924861
vt 0.941394 0.907819
vt 0.927413 0.954695
vt 0.916260 0.966207
vt 0.906584 0.976571
vt 0.898631 0.986902
vt 0.897465 0.736581
vt 0.897516 0.749180
vt 0.901139 0.761697
vt 0.907841 0.773238
vt 0.916596 0.784929
vt 0.926632 0.797278
vt 0.937093 0.813268
vt 0.947891 0.833863
vt 0.956252 0.851666
vt 0.961284 0.870278
vt 0.935130 0.959468
vt 0.922782 0.970115
vt 0.911249 0.978912
vt 0.902189 0.987897
vt 0.901142 0.736114
vt 0.900759 0.748606
vt 0.905279 0.761201
vt 0.913664 0.772097
vt 0.925112 0.782085
vt 0.938600 0.793314
vt 0.952319 0.808771
vt 0.964675 0.828833
vt 0.973522 0.848531
vt 0.978289 0.869741
vt 0.320184 0.666636
vt 0.307199 0.679365
vt 0.308609 0.646669
vt 0.296129 0.660090
vt 0.297883 0.628121
vt 0.286128 0.642414
vt 0.275219 0.630438
vt 0.285007 0.613486
vt 0.263731 0.624087
vt 0.269874 0.606034
vt 0.251892 0.621958
vt 0.253962 0.603184
vt 0.237234 0.604675
vt 0.239525 0.623244
vt 0.222061 0.610836
vt 0.227419 0.628071
vt 0.216174 0.636748
vt 0.209930 0.621632
vt 0.208886 0.605103
vt 0.220563 0.597087
vt 0.235486 0.591661
vt 0.252931 0.589586
vt 0.271362 0.591265
vt 0.292301 0.599628
vt 0.302292 0.618415
vt 0.315833 0.631406
vt 0.324358 0.653221
vt 0.335069 0.657768
vt 0.348794 0.656090
vt 0.363120 0.653131
vt 0.688469 0.231789
vt 0.677004 0.226263
vt 0.698504 0.240098
vt 0.708287 0.250364
vt 0.719985 0.258350
vt 0.734686 0.262949
vt 0.750376 0.265765
vt 0.766108 0.267685
vt 0.782653 0.269553
vt 0.798614 0.271296
vt 0.813582 0.273205
vt 0.798134 0.249873
vt 0.812539 0.251544
vt 0.782872 0.247709
vt 0.767305 0.245564
vt 0.752035 0.243095
vt 0.738214 0.239499
vt 0.725184 0.234879
vt 0.713800 0.228759
vt 0.703798 0.221407
vt 0.694068 0.214130
vt 0.683544 0.208531
vt 0.346232 0.633395
vt 0.361283 0.632532
vt 0.331592 0.633035
vt 0.328512 0.607561
vt 0.311655 0.603556
vt 0.343879 0.609964
vt 0.358110 0.611093
vt 0.689004 0.189729
vt 0.699703 0.195320
vt 0.709494 0.201571
vt 0.719608 0.206909
vt 0.730324 0.212441
vt 0.741926 0.216914
vt 0.754715 0.220534
vt 0.768673 0.222932
vt 0.783405 0.225583
vt 0.798197 0.227764
vt 0.812185 0.229169
vt 0.211544 0.584352
vt 0.224201 0.577664
vt 0.238666 0.574045
vt 0.255577 0.572250
vt 0.273729 0.573186
vt 0.292096 0.576656
vt 0.309903 0.579856
vt 0.326255 0.583449
vt 0.341224 0.585749
vt 0.355147 0.587748
vt 0.695438 0.169584
vt 0.705201 0.175563
vt 0.715046 0.180777
vt 0.724496 0.185734
vt 0.734642 0.190984
vt 0.745848 0.194294
vt 0.757933 0.197806
vt 0.770767 0.200668
vt 0.784578 0.203354
vt 0.798648 0.205895
vt 0.812101 0.207896
vt 0.213878 0.561256
vt 0.227546 0.556224
vt 0.242722 0.553161
vt 0.259081 0.551750
vt 0.276109 0.552606
vt 0.293310 0.554493
vt 0.309588 0.557551
vt 0.325115 0.560218
vt 0.339572 0.562970
vt 0.352482 0.564984
vt 0.701296 0.149890
vt 0.710608 0.155701
vt 0.720027 0.160555
vt 0.729170 0.165096
vt 0.738776 0.169117
vt 0.749385 0.173255
vt 0.760651 0.176838
vt 0.772772 0.179427
vt 0.785745 0.181985
vt 0.799109 0.184229
vt 0.812077 0.186020
vt 0.799463 0.163159
vt 0.811915 0.164011
vt 0.798376 0.036175
vt 0.798718 0.045304
vt 0.785790 0.044047
vt 0.784903 0.035147
vt 0.774064 0.042402
vt 0.773130 0.033659
vt 0.763588 0.040531
vt 0.763189 0.031810
vt 0.753384 0.038655
vt 0.753056 0.030388
vt 0.743724 0.036479
vt 0.743192 0.028176
vt 0.734136 0.034244
vt 0.733253 0.025455
vt 0.725415 0.032669
vt 0.724480 0.024007
vt 0.716513 0.031788
vt 0.715677 0.023801
vt 0.706782 0.030386
vt 0.705839 0.022557
vt 0.367493 0.423940
vt 0.364803 0.432220
vt 0.353241 0.425504
vt 0.355714 0.416761
vt 0.341885 0.419168
vt 0.344156 0.409488
vt 0.329354 0.412120
vt 0.332616 0.402243
vt 0.314276 0.405155
vt 0.317303 0.394514
vt 0.297089 0.398596
vt 0.299601 0.386449
vt 0.279863 0.393236
vt 0.282376 0.379814
vt 0.261967 0.389751
vt 0.263920 0.376162
vt 0.244610 0.374807
vt 0.243480 0.388257
vt 0.224706 0.373942
vt 0.223967 0.387433
vt 0.202086 0.539650
vt 0.215879 0.537549
vt 0.812080 0.076541
vt 0.811861 0.060727
vt 0.799165 0.059827
vt 0.811674 0.046203
vt 0.799437 0.075350
vt 0.787416 0.073855
vt 0.786824 0.058492
vt 0.775900 0.072000
vt 0.775180 0.056705
vt 0.765162 0.069863
vt 0.764419 0.054603
vt 0.755055 0.067919
vt 0.754200 0.052563
vt 0.745726 0.065942
vt 0.744722 0.050689
vt 0.736734 0.063703
vt 0.735645 0.048507
vt 0.728437 0.061403
vt 0.726998 0.046651
vt 0.720084 0.059565
vt 0.718308 0.045238
vt 0.710691 0.057861
vt 0.708734 0.043782
vt 0.360866 0.446649
vt 0.357617 0.462028
vt 0.347160 0.456616
vt 0.350120 0.440761
vt 0.334542 0.451316
vt 0.338097 0.434090
vt 0.320960 0.445635
vt 0.324979 0.428348
vt 0.306148 0.440586
vt 0.309610 0.422805
vt 0.290567 0.435905
vt 0.293337 0.417630
vt 0.273676 0.432577
vt 0.276446 0.413121
vt 0.256468 0.429968
vt 0.258979 0.410213
vt 0.241106 0.409051
vt 0.238968 0.429167
vt 0.222890 0.407714
vt 0.221675 0.428689
vt 0.205084 0.407288
vt 0.799675 0.091546
vt 0.812171 0.093054
vt 0.220551 0.449461
vt 0.203879 0.449213
vt 0.204104 0.428291
vt 0.812237 0.108836
vt 0.799811 0.108096
vt 0.787841 0.106586
vt 0.787725 0.089893
vt 0.776385 0.104542
vt 0.776335 0.087940
vt 0.765611 0.102189
vt 0.765457 0.085639
vt 0.755620 0.099532
vt 0.755419 0.083297
vt 0.746214 0.096759
vt 0.746146 0.081169
vt 0.737393 0.093910
vt 0.737445 0.078765
vt 0.729126 0.091456
vt 0.729128 0.076461
vt 0.720583 0.088767
vt 0.720666 0.074416
vt 0.711750 0.086156
vt 0.711724 0.072397
vt 0.354374 0.477823
vt 0.351719 0.492852
vt 0.341306 0.488553
vt 0.343703 0.472854
vt 0.329013 0.484132
vt 0.331614 0.467578
vt 0.315350 0.479671
vt 0.317772 0.462669
vt 0.300586 0.475786
vt 0.303005 0.458136
vt 0.285201 0.472435
vt 0.287622 0.453985
vt 0.269077 0.470216
vt 0.271154 0.451070
vt 0.252052 0.469701
vt 0.254253 0.449965
vt 0.237313 0.449836
vt 0.235840 0.469855
vt 0.219655 0.470851
vt 0.799904 0.125338
vt 0.812236 0.125691
vt 0.218436 0.493096
vt 0.203302 0.494160
vt 0.203564 0.471222
vt 0.812136 0.143770
vt 0.799727 0.143522
vt 0.787323 0.142088
vt 0.787718 0.123972
vt 0.775548 0.139993
vt 0.776182 0.121984
vt 0.764393 0.137173
vt 0.765219 0.119302
vt 0.753903 0.133943
vt 0.755080 0.116017
vt 0.744398 0.130435
vt 0.745586 0.112781
vt 0.735309 0.127005
vt 0.736954 0.109857
vt 0.726690 0.123560
vt 0.728346 0.107039
vt 0.718026 0.119405
vt 0.719779 0.103788
vt 0.708973 0.115235
vt 0.710984 0.100045
vt 0.350223 0.508277
vt 0.349833 0.525397
vt 0.338410 0.521838
vt 0.339398 0.504733
vt 0.325354 0.518555
vt 0.326805 0.501098
vt 0.311303 0.516079
vt 0.312988 0.497543
vt 0.296019 0.513462
vt 0.298339 0.494438
vt 0.280787 0.510691
vt 0.282866 0.491671
vt 0.264617 0.509412
vt 0.266912 0.489240
vt 0.250353 0.489163
vt 0.248337 0.509864
vt 0.234389 0.490675
vt 0.232487 0.512016
vt 0.217291 0.514616
vt 0.202687 0.516600
vt 0.786693 0.161597
vt 0.774329 0.159427
vt 0.762751 0.156600
vt 0.752036 0.153096
vt 0.742328 0.149215
vt 0.732713 0.145403
vt 0.723976 0.141456
vt 0.714932 0.136853
vt 0.705771 0.132000
vt 0.350667 0.544459
vt 0.338436 0.541402
vt 0.324766 0.538598
vt 0.310317 0.536088
vt 0.295040 0.533536
vt 0.278555 0.531226
vt 0.262163 0.530324
vt 0.245871 0.531432
vt 0.230221 0.534248
vt 0.215973 0.687847
vt 0.215786 0.671761
vt 0.218064 0.657563
vt 0.224628 0.646611
vt 0.232027 0.639838
vt 0.240510 0.636183
vt 0.249855 0.635220
vt 0.258788 0.636817
vt 0.267073 0.642287
vt 0.274783 0.652076
vt 0.282041 0.666746
vt 0.289735 0.684317
vt 0.230055 0.689319
vt 0.229726 0.673616
vt 0.229945 0.660865
vt 0.231723 0.652140
vt 0.235815 0.647213
vt 0.241925 0.644861
vt 0.248983 0.643937
vt 0.255487 0.644883
vt 0.260568 0.649214
vt 0.264247 0.657602
vt 0.268793 0.670719
vt 0.273419 0.686759
vt 0.244345 0.689519
vt 0.242774 0.674208
vt 0.241006 0.659738
vt 0.236730 0.654197
vt 0.238252 0.651215
vt 0.242709 0.651572
vt 0.249444 0.650845
vt 0.253633 0.649538
vt 0.255892 0.652206
vt 0.253297 0.658477
vt 0.255735 0.673051
vt 0.258694 0.688847
vt 0.811555 0.037322
vt 0.558071 0.906210
vt 0.558984 0.899210
vt 0.559782 0.891031
vt 0.559789 0.882928
vt 0.560550 0.874148
vt 0.563410 0.863927
vt 0.565961 0.854263
vt 0.567708 0.845338
vt 0.569089 0.836303
vt 0.569534 0.828313
vt 0.568195 0.820958
vt 0.566067 0.813649
vt 0.563768 0.806803
vt 0.560725 0.800257
vt 0.557646 0.794111
vt 0.556943 0.922941
vt 0.557350 0.917449
vt 0.557540 0.912129
vt 0.268063 0.185951
vt 0.268554 0.186560
vt 0.267741 0.186150
vt 0.267414 0.185909
vt 0.268411 0.187361
vt 0.267805 0.186516
vt 0.267748 0.187900
vt 0.267554 0.186938
vt 0.266748 0.187841
vt 0.267061 0.187012
vt 0.265625 0.187336
vt 0.266566 0.186739
vt 0.265036 0.186456
vt 0.266278 0.186222
vt 0.265467 0.185693
vt 0.266410 0.185988
vt 0.267359 0.185609
vt 0.267169 0.185896
vt 0.266401 0.185629
vt 0.266794 0.185921
vt 0.267152 0.186275
vt 0.267323 0.300721
vt 0.278097 0.315550
vt 0.293480 0.329702
vt 0.037547 0.051190
vt 0.037236 0.051196
vt 0.037634 0.050267
vt 0.038068 0.050467
vt 0.037742 0.049258
vt 0.038535 0.049407
vt 0.037748 0.048002
vt 0.038901 0.047821
vt 0.037249 0.045828
vt 0.038611 0.044823
vt 0.035134 0.043077
vt 0.036473 0.040988
vt 0.031250 0.041625
vt 0.032036 0.038441
vt 0.037358 0.051255
vt 0.037039 0.051297
vt 0.038484 0.052409
vt 0.037521 0.052602
vt 0.039277 0.054725
vt 0.037426 0.054476
vt 0.039093 0.057347
vt 0.036784 0.056192
vt 0.037795 0.059898
vt 0.035664 0.057683
vt 0.035534 0.062112
vt 0.034055 0.058942
vt 0.032392 0.063460
vt 0.032027 0.059669
vt 0.027386 0.042485
vt 0.026745 0.038290
vt 0.024842 0.044425
vt 0.022531 0.041149
vt 0.024030 0.046716
vt 0.020958 0.044914
vt 0.024078 0.048150
vt 0.021220 0.047476
vt 0.024227 0.048967
vt 0.021734 0.048843
vt 0.024227 0.049551
vt 0.021847 0.049411
vt 0.023446 0.050337
vt 0.020513 0.050621
vt 0.022380 0.053402
vt 0.019430 0.054958
vt 0.023777 0.056500
vt 0.020997 0.059026
vt 0.026207 0.058678
vt 0.024198 0.061819
vt 0.029177 0.059636
vt 0.028193 0.063393
vt 0.035544 0.050875
vt 0.032970 0.050986
vt 0.032932 0.050646
vt 0.035612 0.050342
vt 0.032858 0.050316
vt 0.035588 0.049715
vt 0.032722 0.049926
vt 0.035089 0.048962
vt 0.032354 0.049423
vt 0.034041 0.047970
vt 0.031642 0.048999
vt 0.032531 0.047023
vt 0.030812 0.048773
vt 0.030683 0.046595
vt 0.035392 0.051297
vt 0.032979 0.051271
vt 0.034969 0.052337
vt 0.032870 0.051769
vt 0.034164 0.053249
vt 0.032644 0.052338
vt 0.033380 0.053795
vt 0.032350 0.052725
vt 0.032782 0.054167
vt 0.031999 0.052982
vt 0.032095 0.054574
vt 0.031594 0.053166
vt 0.031268 0.054884
vt 0.031135 0.053289
vt 0.029929 0.048901
vt 0.029041 0.047059
vt 0.029354 0.049207
vt 0.028030 0.047892
vt 0.028842 0.049545
vt 0.027499 0.048678
vt 0.028606 0.049796
vt 0.027301 0.049219
vt 0.028477 0.049988
vt 0.027212 0.049584
vt 0.028392 0.050244
vt 0.027092 0.049958
vt 0.028372 0.050721
vt 0.026894 0.050615
vt 0.028610 0.051578
vt 0.026895 0.052106
vt 0.029104 0.052458
vt 0.027698 0.053650
vt 0.029842 0.053024
vt 0.028965 0.054559
vt 0.030534 0.053264
vt 0.030173 0.054921
vt 0.031775 0.050875
vt 0.031747 0.050875
vt 0.031704 0.050683
vt 0.031640 0.050541
vt 0.031492 0.050363
vt 0.031221 0.050184
vt 0.030863 0.050085
vt 0.031784 0.051106
vt 0.031768 0.051336
vt 0.031709 0.051600
vt 0.031598 0.051796
vt 0.031451 0.051947
vt 0.031247 0.052042
vt 0.031012 0.052090
vt 0.030473 0.050109
vt 0.030158 0.050190
vt 0.029921 0.050302
vt 0.029777 0.050402
vt 0.029691 0.050488
vt 0.029641 0.050624
vt 0.029678 0.050875
vt 0.029851 0.051240
vt 0.030106 0.051612
vt 0.030401 0.051904
vt 0.030716 0.052054
vt 0.030887 0.050998
vt 0.438738 0.336847
vt 0.910585 0.736436
vt 0.910903 0.734063
vt 0.914340 0.734646
vt 0.914154 0.736685
vt 0.952973 0.734522
vt 0.952970 0.737238
vt 0.949454 0.737302
vt 0.949379 0.734824
vt 0.912038 0.731453
vt 0.915575 0.732260
vt 0.913437 0.728862
vt 0.916900 0.730339
vt 0.915673 0.726018
vt 0.918898 0.727766
vt 0.952095 0.731634
vt 0.948614 0.732444
vt 0.918942 0.723623
vt 0.921439 0.725676
vt 0.923399 0.722077
vt 0.925010 0.724446
vt 0.927662 0.721969
vt 0.928256 0.724444
vt 0.947436 0.726193
vt 0.950395 0.728996
vt 0.946927 0.730283
vt 0.944307 0.728086
vt 0.942885 0.724239
vt 0.940634 0.726555
vt 0.938089 0.723782
vt 0.937033 0.726317
vt 0.934344 0.724071
vt 0.934593 0.726487
vt 0.931986 0.724665
vt 0.932665 0.726016
vt 0.931181 0.725948
vt 0.932209 0.724150
vt 0.930653 0.722851
vt 0.930065 0.725444
vt 0.952858 0.739391
vt 0.949395 0.739150
vt 0.910570 0.738831
vt 0.914053 0.738731
vt 0.911331 0.741574
vt 0.914946 0.741266
vt 0.912355 0.744333
vt 0.915989 0.743354
vt 0.914174 0.747461
vt 0.917608 0.746183
vt 0.951025 0.746967
vt 0.948976 0.749343
vt 0.945718 0.747585
vt 0.947690 0.745680
vt 0.917078 0.750287
vt 0.919834 0.748603
vt 0.921275 0.752437
vt 0.923201 0.750316
vt 0.925481 0.753138
vt 0.926414 0.750771
vt 0.932389 0.751989
vt 0.930137 0.751070
vt 0.930999 0.749828
vt 0.932974 0.749631
vt 0.930287 0.751611
vt 0.929520 0.749688
vt 0.928566 0.752682
vt 0.928345 0.750033
vt 0.952669 0.741539
vt 0.952295 0.744228
vt 0.948776 0.743430
vt 0.949194 0.740992
vt 0.945655 0.751710
vt 0.942818 0.749398
vt 0.940873 0.753012
vt 0.938965 0.750405
vt 0.936059 0.752797
vt 0.935366 0.750140
vt 0.924755 0.737427
vt 0.924798 0.736546
vt 0.931460 0.737711
vt 0.931427 0.737914
vt 0.939547 0.736539
vt 0.939615 0.737554
vt 0.933125 0.737819
vt 0.933107 0.737554
vt 0.925116 0.735593
vt 0.931497 0.737554
vt 0.925428 0.734940
vt 0.931536 0.737376
vt 0.925998 0.734202
vt 0.931597 0.737213
vt 0.939305 0.735688
vt 0.933073 0.737554
vt 0.926730 0.733622
vt 0.931772 0.737065
vt 0.927775 0.733230
vt 0.931772 0.736906
vt 0.928772 0.732967
vt 0.931772 0.736754
vt 0.937885 0.734256
vt 0.938767 0.734960
vt 0.933020 0.737294
vt 0.932945 0.737125
vt 0.936923 0.733646
vt 0.932851 0.736953
vt 0.935962 0.733228
vt 0.932746 0.736798
vt 0.935227 0.733012
vt 0.932660 0.736662
vt 0.934213 0.732752
vt 0.932453 0.736541
vt 0.930302 0.732735
vt 0.932042 0.736544
vt 0.929497 0.732903
vt 0.931772 0.736627
vt 0.939482 0.738457
vt 0.933128 0.738012
vt 0.924676 0.738305
vt 0.931434 0.738079
vt 0.924859 0.739293
vt 0.931445 0.738275
vt 0.925075 0.739984
vt 0.931463 0.738422
vt 0.925538 0.740794
vt 0.931501 0.738592
vt 0.938921 0.741175
vt 0.938289 0.741823
vt 0.932921 0.738709
vt 0.932996 0.738562
vt 0.926182 0.741470
vt 0.931550 0.738747
vt 0.927160 0.742004
vt 0.931599 0.738914
vt 0.928114 0.742401
vt 0.931657 0.739074
vt 0.934510 0.743258
vt 0.933470 0.743373
vt 0.932255 0.739375
vt 0.932476 0.739284
vt 0.929594 0.742845
vt 0.931772 0.739315
vt 0.928820 0.742567
vt 0.931772 0.739208
vt 0.939488 0.739379
vt 0.939279 0.740365
vt 0.933053 0.738400
vt 0.933098 0.738204
vt 0.937317 0.742397
vt 0.932823 0.738865
vt 0.936278 0.742865
vt 0.932706 0.739022
vt 0.935269 0.743144
vt 0.932580 0.739161
vt 0.932175 0.737914
vt 0.733810 0.450947
vt 0.731771 0.448245
vt 0.733697 0.446130
vt 0.735895 0.450409
vt 0.736035 0.452956
vt 0.733417 0.452749
vt 0.730608 0.451066
vt 0.491353 0.728623
vt 0.493558 0.732314
vt 0.490683 0.735434
vt 0.488382 0.734662
vt 0.497259 0.726099
vt 0.497673 0.730837
vt 0.491669 0.718200
vt 0.496878 0.717127
vt 0.485285 0.727321
vt 0.486296 0.718082
vt 0.484065 0.733652
vt 0.556958 0.338489
vt 0.564555 0.338886
vt 0.564238 0.342326
vt 0.556943 0.343144
vt 0.477884 0.735168
vt 0.473713 0.734084
vt 0.474295 0.725311
vt 0.479665 0.726477
vt 0.559575 0.334779
vt 0.565096 0.334826
vt 0.483342 0.737953
vt 0.478364 0.739317
vt 0.467611 0.725090
vt 0.460131 0.722344
vt 0.460357 0.713542
vt 0.467832 0.714541
vt 0.470114 0.733939
vt 0.474455 0.715801
vt 0.463444 0.731022
vt 0.459020 0.729265
vt 0.466703 0.735444
vt 0.448902 0.734884
vt 0.452353 0.738591
vt 0.449161 0.740366
vt 0.446382 0.738875
vt 0.454381 0.734380
vt 0.455043 0.738609
vt 0.446917 0.729241
vt 0.453730 0.729030
vt 0.442956 0.738543
vt 0.442179 0.734469
vt 0.437786 0.730040
vt 0.417456 0.731928
vt 0.420686 0.735530
vt 0.415697 0.738922
vt 0.412985 0.737151
vt 0.409799 0.736079
vt 0.411855 0.729546
vt 0.413659 0.723993
vt 0.419847 0.726003
vt 0.428217 0.727956
vt 0.427353 0.732684
vt 0.427560 0.736067
vt 0.984124 0.425646
vt 0.984939 0.423899
vt 0.987087 0.424700
vt 0.985220 0.426922
vt 0.981081 0.426159
vt 0.981321 0.423801
vt 0.981495 0.428356
vt 0.437184 0.735787
vt 0.433099 0.733928
vt 0.428264 0.720738
vt 0.436734 0.721875
vt 0.445260 0.722202
vt 0.725748 0.462701
vt 0.721342 0.463558
vt 0.721593 0.460222
vt 0.726552 0.460304
vt 0.727279 0.464606
vt 0.721768 0.467039
vt 0.729565 0.461381
vt 0.525513 0.140260
vt 0.515400 0.141168
vt 0.513011 0.136806
vt 0.520761 0.133739
vt 0.528403 0.130490
vt 0.533464 0.137620
vt 0.523258 0.144835
vt 0.515948 0.144962
vt 0.646842 0.385459
vt 0.646515 0.386648
vt 0.645721 0.385601
vt 0.645994 0.384597
vt 0.646752 0.383462
vt 0.647703 0.385129
vt 0.647581 0.387077
vt 0.643882 0.385808
vt 0.641524 0.386140
vt 0.641761 0.383980
vt 0.644398 0.384542
vt 0.644689 0.386854
vt 0.642039 0.388306
vt 0.535988 0.125950
vt 0.545858 0.127551
vt 0.546921 0.136097
vt 0.539798 0.136188
vt 0.538526 0.115578
vt 0.546844 0.119106
vt 0.563272 0.207274
vt 0.562089 0.201902
vt 0.566625 0.197261
vt 0.568399 0.202123
vt 0.559299 0.209609
vt 0.557583 0.206158
vt 0.561469 0.212257
vt 0.559534 0.213128
vt 0.566029 0.210062
vt 0.563425 0.213316
vt 0.570465 0.206142
vt 0.744504 0.716369
vt 0.742126 0.715811
vt 0.743071 0.713603
vt 0.745800 0.715438
vt 0.746967 0.718092
vt 0.744854 0.718109
vt 0.741886 0.718020
vt 0.601815 0.190066
vt 0.597684 0.198212
vt 0.589580 0.195037
vt 0.591098 0.186904
vt 0.612935 0.185701
vt 0.614274 0.192331
vt 0.606108 0.197195
vt 0.602284 0.203402
vt 0.601170 0.209155
vt 0.605742 0.206183
vt 0.602854 0.211259
vt 0.602272 0.214744
vt 0.600939 0.215204
vt 0.598226 0.210982
vt 0.595501 0.202830
vt 0.592680 0.206722
vt 0.602684 0.215151
vt 0.637540 0.715530
vt 0.634649 0.716180
vt 0.634865 0.714304
vt 0.638290 0.714097
vt 0.640389 0.714636
vt 0.638691 0.716332
vt 0.635314 0.717674
vt 0.741558 0.722398
vt 0.738850 0.723407
vt 0.738231 0.720844
vt 0.741837 0.720460
vt 0.743252 0.723384
vt 0.740052 0.725668
vt 0.744683 0.720756
vt 0.634120 0.182646
vt 0.632359 0.190906
vt 0.623157 0.190313
vt 0.623412 0.183433
vt 0.640381 0.189028
vt 0.639615 0.195796
vt 0.622830 0.174317
vt 0.632354 0.171862
vt 0.641959 0.176453
vt 0.645499 0.182580
vt 0.640214 0.168251
vt 0.987655 0.420139
vt 0.989269 0.419213
vt 0.990000 0.422462
vt 0.987675 0.422101
vt 0.985565 0.419381
vt 0.986438 0.416915
vt 0.985383 0.421525
vt 0.933304 0.692278
vt 0.933984 0.693644
vt 0.932526 0.694618
vt 0.931831 0.692052
vt 0.932646 0.689505
vt 0.933887 0.690809
vt 0.935096 0.692151
vt 0.436873 0.367408
vt 0.437028 0.366248
vt 0.439963 0.367430
vt 0.439037 0.368760
vt 0.437245 0.370006
vt 0.434987 0.367845
vt 0.434352 0.365929
vt 0.441408 0.361278
vt 0.439782 0.360370
vt 0.443178 0.358331
vt 0.444256 0.360569
vt 0.444116 0.362700
vt 0.440937 0.362700
vt 0.438275 0.362609
vt 0.494366 0.668680
vt 0.486779 0.668855
vt 0.484930 0.660252
vt 0.491409 0.659847
vt 0.494162 0.678267
vt 0.488120 0.677867
vt 0.498711 0.664035
vt 0.502195 0.666022
vt 0.500537 0.671675
vt 0.496838 0.658926
vt 0.499284 0.679312
vt 0.426743 0.611449
vt 0.421840 0.602920
vt 0.427873 0.597752
vt 0.433291 0.602503
vt 0.439519 0.604827
vt 0.435848 0.613631
vt 0.418090 0.615501
vt 0.415644 0.606654
vt 0.569346 0.184583
vt 0.572425 0.194722
vt 0.562775 0.191661
vt 0.556839 0.186633
vt 0.560628 0.177963
vt 0.563395 0.168040
vt 0.572058 0.172280
vt 0.581533 0.174810
vt 0.581241 0.184729
vt 0.581145 0.193130
vt 0.638041 0.198377
vt 0.630968 0.196203
vt 0.641879 0.201313
vt 0.641559 0.201648
vt 0.646320 0.191786
vt 0.645887 0.196768
vt 0.645535 0.200784
vt 0.641211 0.711284
vt 0.639800 0.710307
vt 0.640909 0.709220
vt 0.642039 0.711281
vt 0.642116 0.713574
vt 0.641200 0.712677
vt 0.638971 0.712112
vt 0.937807 0.692238
vt 0.936641 0.693478
vt 0.937287 0.691031
vt 0.940712 0.690316
vt 0.940790 0.692382
vt 0.940290 0.694437
vt 0.644141 0.451732
vt 0.645726 0.450957
vt 0.646604 0.453211
vt 0.644210 0.453286
vt 0.640226 0.452888
vt 0.640889 0.450848
vt 0.642209 0.449070
vt 0.642953 0.458597
vt 0.644381 0.459568
vt 0.641082 0.461378
vt 0.640098 0.459249
vt 0.643443 0.457047
vt 0.645825 0.457454
vt 0.639803 0.457107
vt 0.564654 0.283365
vt 0.563212 0.282754
vt 0.566886 0.280772
vt 0.567608 0.282273
vt 0.567877 0.283977
vt 0.564278 0.284676
vt 0.561904 0.284244
vt 0.651280 0.331298
vt 0.653034 0.331145
vt 0.654007 0.332429
vt 0.651348 0.332930
vt 0.647878 0.332903
vt 0.648592 0.330728
vt 0.649581 0.328968
vt 0.654291 0.340176
vt 0.654235 0.338622
vt 0.656823 0.338297
vt 0.656083 0.340701
vt 0.653914 0.343236
vt 0.652337 0.341264
vt 0.651476 0.339260
vt 0.560916 0.286311
vt 0.562168 0.287189
vt 0.561119 0.288643
vt 0.559842 0.286917
vt 0.560887 0.285319
vt 0.562221 0.286225
vt 0.559348 0.285339
vt 0.559316 0.283801
vt 0.560833 0.284251
vt 0.558131 0.288246
vt 0.557170 0.286025
vt 0.556943 0.283584
vt 0.557631 0.281426
vt 0.559636 0.282284
vt 0.656680 0.333647
vt 0.656911 0.335961
vt 0.654072 0.336508
vt 0.654031 0.334324
vt 0.656168 0.331631
vt 0.651017 0.337133
vt 0.651047 0.334957
vt 0.647649 0.337610
vt 0.647555 0.335250
vt 0.643023 0.338193
vt 0.643126 0.335397
vt 0.643666 0.332726
vt 0.644544 0.330101
vt 0.636225 0.335852
vt 0.636672 0.332577
vt 0.637321 0.329619
vt 0.637743 0.326408
vt 0.645277 0.326878
vt 0.627543 0.332956
vt 0.628261 0.329921
vt 0.628978 0.326575
vt 0.629743 0.322985
vt 0.638152 0.323004
vt 0.620257 0.329397
vt 0.620955 0.325815
vt 0.621535 0.322344
vt 0.591087 0.266754
vt 0.591105 0.270037
vt 0.583166 0.271037
vt 0.582831 0.267747
vt 0.613396 0.325017
vt 0.613753 0.321243
vt 0.599163 0.266949
vt 0.599318 0.270331
vt 0.599494 0.273516
vt 0.591361 0.273579
vt 0.607380 0.265797
vt 0.607557 0.269264
vt 0.607613 0.272420
vt 0.607703 0.275546
vt 0.599670 0.276725
vt 0.615973 0.265820
vt 0.616185 0.269587
vt 0.616432 0.273452
vt 0.616637 0.277526
vt 0.607892 0.278736
vt 0.624738 0.268083
vt 0.625036 0.272638
vt 0.625368 0.277387
vt 0.625850 0.281735
vt 0.617094 0.281422
vt 0.633560 0.272197
vt 0.633798 0.276379
vt 0.634107 0.280405
vt 0.634608 0.284236
vt 0.626459 0.285433
vt 0.643296 0.274687
vt 0.643105 0.278780
vt 0.643031 0.283368
vt 0.643705 0.287874
vt 0.635499 0.288213
vt 0.652293 0.278381
vt 0.651339 0.283431
vt 0.651338 0.288176
vt 0.651608 0.292323
vt 0.644471 0.291818
vt 0.657461 0.283958
vt 0.657004 0.288999
vt 0.656952 0.293159
vt 0.657049 0.296995
vt 0.651622 0.296058
vt 0.461355 0.744430
vt 0.460927 0.748179
vt 0.457208 0.746833
vt 0.458072 0.743092
vt 0.459154 0.739389
vt 0.462252 0.741196
vt 0.460801 0.735573
vt 0.464047 0.738215
vt 0.456835 0.742573
vt 0.457066 0.738758
vt 0.457898 0.734543
vt 0.455660 0.742241
vt 0.456100 0.746427
vt 0.455721 0.746031
vt 0.454226 0.745854
vt 0.453775 0.742251
vt 0.451666 0.746526
vt 0.450941 0.742948
vt 0.560850 0.742035
vt 0.560155 0.737904
vt 0.565348 0.736793
vt 0.566505 0.741128
vt 0.660912 0.716677
vt 0.666304 0.717134
vt 0.666533 0.720564
vt 0.660674 0.720207
vt 0.673065 0.716866
vt 0.673375 0.720106
vt 0.673517 0.723054
vt 0.666813 0.723753
vt 0.660836 0.723717
vt 0.673612 0.726161
vt 0.667131 0.727046
vt 0.661251 0.727487
vt 0.673672 0.729632
vt 0.667356 0.730646
vt 0.661780 0.731342
vt 0.667609 0.734486
vt 0.662251 0.735330
vt 0.439497 0.739115
vt 0.436298 0.740662
vt 0.433302 0.737935
vt 0.433740 0.743115
vt 0.430476 0.740908
vt 0.427842 0.739651
vt 0.430078 0.736576
vt 0.427597 0.739582
vt 0.426794 0.743443
vt 0.426389 0.743287
vt 0.422980 0.742580
vt 0.422778 0.738831
vt 0.418747 0.744010
vt 0.417730 0.741013
vt 0.985913 0.674819
vt 0.986195 0.678605
vt 0.978431 0.679621
vt 0.978232 0.675777
vt 0.935001 0.415646
vt 0.942181 0.416358
vt 0.941920 0.419691
vt 0.934889 0.418976
vt 0.950296 0.416417
vt 0.949994 0.419537
vt 0.949740 0.422634
vt 0.941904 0.422891
vt 0.934614 0.422566
vt 0.949506 0.425792
vt 0.941976 0.426159
vt 0.934440 0.426159
vt 0.949305 0.428981
vt 0.942052 0.429318
vt 0.934279 0.429590
vt 0.942151 0.432840
vt 0.934162 0.433023
vt 0.406696 0.735500
vt 0.403455 0.735271
vt 0.404540 0.728140
vt 0.408076 0.728526
vt 0.404859 0.721852
vt 0.408965 0.722455
vt 0.404488 0.715319
vt 0.408980 0.715921
vt 0.414041 0.717439
vt 0.420436 0.719117
vt 0.408220 0.708294
vt 0.413542 0.709243
vt 0.419993 0.710786
vt 0.427799 0.711851
vt 0.412364 0.700860
vt 0.418850 0.702082
vt 0.426814 0.702947
vt 0.435485 0.703756
vt 0.436183 0.712707
vt 0.418133 0.694722
vt 0.426104 0.695007
vt 0.434876 0.695690
vt 0.443203 0.696405
vt 0.443711 0.704276
vt 0.425651 0.687796
vt 0.434210 0.688271
vt 0.442577 0.688814
vt 0.451133 0.688849
vt 0.451517 0.696475
vt 0.433641 0.680513
vt 0.441909 0.680903
vt 0.450440 0.680974
vt 0.458950 0.680470
vt 0.459753 0.688165
vt 0.441358 0.672602
vt 0.449352 0.672655
vt 0.457358 0.672166
vt 0.465210 0.671571
vt 0.467073 0.679705
vt 0.448294 0.663760
vt 0.455000 0.663597
vt 0.462566 0.663354
vt 0.470523 0.662239
vt 0.472799 0.670294
vt 0.454701 0.654167
vt 0.461596 0.654189
vt 0.468993 0.654106
vt 0.476312 0.653871
vt 0.477760 0.661606
vt 0.461979 0.645121
vt 0.469008 0.646003
vt 0.476578 0.646934
vt 0.484554 0.647548
vt 0.484055 0.653373
vt 0.470587 0.638697
vt 0.478135 0.640408
vt 0.485908 0.642163
vt 0.492746 0.644043
vt 0.491272 0.648707
vt 0.480360 0.634433
vt 0.487681 0.636934
vt 0.494521 0.639458
vt 0.500475 0.642750
vt 0.498952 0.646363
vt 0.489748 0.631957
vt 0.496180 0.635153
vt 0.501843 0.639372
vt 0.670501 0.428622
vt 0.678939 0.431505
vt 0.678561 0.435376
vt 0.670539 0.432845
vt 0.497830 0.631253
vt 0.503258 0.636190
vt 0.670319 0.424590
vt 0.679190 0.427720
vt 0.688966 0.430881
vt 0.688158 0.434783
vt 0.670094 0.420310
vt 0.679460 0.423979
vt 0.689573 0.426980
vt 0.699604 0.430149
vt 0.698660 0.433987
vt 0.679941 0.419691
vt 0.690077 0.423254
vt 0.700851 0.426209
vt 0.710917 0.429782
vt 0.708471 0.433313
vt 0.478268 0.345281
vt 0.488923 0.343237
vt 0.490128 0.347257
vt 0.478963 0.349275
vt 0.468490 0.351122
vt 0.468121 0.346971
vt 0.458538 0.353417
vt 0.457720 0.349533
vt 0.479465 0.353830
vt 0.469102 0.355341
vt 0.459460 0.357311
vt 0.452748 0.358876
vt 0.451947 0.355417
vt 0.469658 0.359134
vt 0.460146 0.360823
vt 0.453277 0.362111
vt 0.448362 0.362652
vt 0.448213 0.359874
vt 0.460727 0.364040
vt 0.453256 0.364666
vt 0.448419 0.365566
vt 0.443466 0.364999
vt 0.453645 0.367816
vt 0.448463 0.367541
vt 0.443927 0.366743
vt 0.440550 0.365831
vt 0.440944 0.363822
vt 0.448410 0.369885
vt 0.443799 0.368719
vt 0.448101 0.372381
vt 0.442886 0.370650
vt 0.447278 0.375274
vt 0.441287 0.372708
vt 0.728465 0.467231
vt 0.722493 0.470372
vt 0.731670 0.463238
vt 0.454548 0.373761
vt 0.454803 0.377275
vt 0.714532 0.471212
vt 0.714195 0.467360
vt 0.705238 0.470233
vt 0.705606 0.466013
vt 0.706236 0.462017
vt 0.714276 0.463339
vt 0.706993 0.457973
vt 0.714866 0.459399
vt 0.708072 0.453845
vt 0.715757 0.455688
vt 0.721969 0.457067
vt 0.726798 0.457821
vt 0.716735 0.452340
vt 0.722459 0.454125
vt 0.727201 0.455555
vt 0.730757 0.456771
vt 0.730167 0.458758
vt 0.723227 0.451481
vt 0.727809 0.453504
vt 0.731483 0.455219
vt 0.734484 0.456662
vt 0.733664 0.458071
vt 0.729331 0.452104
vt 0.732424 0.453792
vt 0.735417 0.455021
vt 0.435308 0.362759
vt 0.436662 0.361168
vt 0.438021 0.363478
vt 0.437454 0.365047
vt 0.434559 0.364406
vt 0.724570 0.448870
vt 0.725933 0.446988
vt 0.719622 0.446575
vt 0.721899 0.443977
vt 0.723901 0.441556
vt 0.727890 0.444573
vt 0.726437 0.438970
vt 0.730148 0.442257
vt 0.446459 0.353488
vt 0.451132 0.351796
vt 0.447531 0.356871
vt 0.441608 0.355865
vt 0.718096 0.437872
vt 0.720622 0.434898
vt 0.715676 0.440533
vt 0.705696 0.437323
vt 0.713437 0.443460
vt 0.703636 0.440641
vt 0.697291 0.437654
vt 0.702042 0.443675
vt 0.696131 0.441412
vt 0.687236 0.438820
vt 0.694717 0.445600
vt 0.686136 0.442868
vt 0.677886 0.439507
vt 0.684725 0.447063
vt 0.676719 0.443876
vt 0.669305 0.441614
vt 0.669961 0.437311
vt 0.675464 0.448397
vt 0.668594 0.446141
vt 0.497896 0.650022
vt 0.497271 0.653953
vt 0.490442 0.653893
vt 0.673945 0.454087
vt 0.667207 0.451760
vt 0.681539 0.455963
vt 0.680282 0.460328
vt 0.672438 0.459405
vt 0.666014 0.458148
vt 0.683214 0.451485
vt 0.692146 0.454510
vt 0.690926 0.458684
vt 0.693409 0.450034
vt 0.699511 0.450900
vt 0.698332 0.455617
vt 0.700785 0.446870
vt 0.709601 0.449981
vt 0.711451 0.446544
vt 0.718035 0.449357
vt 0.697442 0.460414
vt 0.696899 0.464595
vt 0.689661 0.462081
vt 0.696205 0.468439
vt 0.688574 0.465896
vt 0.679398 0.463456
vt 0.489560 0.377514
vt 0.480322 0.376976
vt 0.479873 0.373331
vt 0.490008 0.373797
vt 0.498290 0.374280
vt 0.497323 0.377755
vt 0.671390 0.462667
vt 0.504322 0.374717
vt 0.503049 0.378103
vt 0.665389 0.462875
vt 0.499424 0.370866
vt 0.506109 0.371538
vt 0.505039 0.667479
vt 0.508171 0.668040
vt 0.508925 0.674181
vt 0.504912 0.673051
vt 0.508644 0.681792
vt 0.503896 0.680578
vt 0.506929 0.688915
vt 0.502573 0.688649
vt 0.498240 0.688237
vt 0.501879 0.697730
vt 0.497419 0.698144
vt 0.492737 0.698269
vt 0.493714 0.687801
vt 0.487664 0.698046
vt 0.488564 0.687462
vt 0.481788 0.697600
vt 0.482427 0.687246
vt 0.481800 0.677955
vt 0.475438 0.687423
vt 0.474672 0.678736
vt 0.479926 0.669237
vt 0.467902 0.687709
vt 0.475134 0.696850
vt 0.467877 0.696114
vt 0.459934 0.695993
vt 0.467700 0.704897
vt 0.460014 0.704429
vt 0.451882 0.704422
vt 0.452546 0.713246
vt 0.444382 0.713103
vt 0.453138 0.721997
vt 0.474683 0.706096
vt 0.481078 0.707299
vt 0.480435 0.717041
vt 0.486996 0.707872
vt 0.492026 0.707587
vt 0.496700 0.707177
vt 0.501167 0.706713
vt 0.501487 0.715795
vt 0.505722 0.714504
vt 0.505912 0.722947
vt 0.501831 0.724354
vt 0.505480 0.705930
vt 0.509531 0.704951
vt 0.509780 0.713257
vt 0.506064 0.697200
vt 0.510093 0.696684
vt 0.531485 0.164098
vt 0.535491 0.163183
vt 0.535392 0.171702
vt 0.531466 0.172602
vt 0.511072 0.689197
vt 0.531184 0.156395
vt 0.535011 0.155150
vt 0.539038 0.154109
vt 0.539456 0.162528
vt 0.528965 0.149792
vt 0.532567 0.147336
vt 0.537208 0.145753
vt 0.542296 0.144846
vt 0.543503 0.153511
vt 0.549053 0.153779
vt 0.549034 0.162765
vt 0.543758 0.162268
vt 0.548301 0.144854
vt 0.556301 0.146337
vt 0.556309 0.155349
vt 0.555778 0.137734
vt 0.565177 0.140543
vt 0.565175 0.149014
vt 0.555438 0.129842
vt 0.565254 0.132728
vt 0.574879 0.135543
vt 0.574632 0.143488
vt 0.556173 0.122240
vt 0.565829 0.125245
vt 0.575344 0.127930
vt 0.584770 0.129996
vt 0.584414 0.137800
vt 0.566894 0.117897
vt 0.576414 0.120368
vt 0.585233 0.122282
vt 0.594316 0.123105
vt 0.594172 0.130965
vt 0.577142 0.112927
vt 0.585855 0.114535
vt 0.594459 0.115283
vt 0.602884 0.115094
vt 0.603131 0.123024
vt 0.586629 0.106733
vt 0.594642 0.107426
vt 0.602597 0.107246
vt 0.610469 0.105672
vt 0.611127 0.113621
vt 0.594892 0.099447
vt 0.602292 0.099354
vt 0.609683 0.098005
vt 0.616919 0.095441
vt 0.618197 0.102822
vt 0.602058 0.091181
vt 0.608829 0.090337
vt 0.615439 0.088394
vt 0.621609 0.085805
vt 0.623567 0.092362
vt 0.608113 0.082135
vt 0.614062 0.080874
vt 0.619896 0.078957
vt 0.625628 0.076408
vt 0.627505 0.082984
vt 0.613101 0.072611
vt 0.618564 0.071188
vt 0.624131 0.069034
vt 0.629567 0.066658
vt 0.631234 0.073795
vt 0.617488 0.062761
vt 0.622718 0.060962
vt 0.628143 0.058902
vt 0.633994 0.057096
vt 0.635227 0.064578
vt 0.621921 0.055589
vt 0.627381 0.053792
vt 0.633369 0.052229
vt 0.639727 0.051143
vt 0.640234 0.055805
vt 0.383414 0.606388
vt 0.389593 0.605135
vt 0.390991 0.612112
vt 0.384814 0.613334
vt 0.641186 0.062993
vt 0.382487 0.601905
vt 0.388628 0.600710
vt 0.394521 0.599581
vt 0.395684 0.604094
vt 0.401577 0.602929
vt 0.403477 0.610392
vt 0.397263 0.611229
vt 0.400162 0.598232
vt 0.405513 0.596531
vt 0.407262 0.601376
vt 0.412626 0.599109
vt 0.409555 0.609018
vt 0.410448 0.594314
vt 0.415138 0.591617
vt 0.417778 0.596043
vt 0.420299 0.588361
vt 0.423197 0.592200
vt 0.425836 0.584769
vt 0.428870 0.587957
vt 0.433743 0.592352
vt 0.438852 0.595740
vt 0.435029 0.583469
vt 0.439888 0.587408
vt 0.444221 0.590249
vt 0.448185 0.592109
vt 0.444163 0.597733
vt 0.541909 0.063488
vt 0.542919 0.058352
vt 0.549906 0.060792
vt 0.548104 0.066418
vt 0.545849 0.071538
vt 0.540728 0.067743
vt 0.543124 0.076835
vt 0.538362 0.072128
vt 0.553284 0.068342
vt 0.550845 0.074972
vt 0.547918 0.081494
vt 0.544294 0.087900
vt 0.539653 0.082277
vt 0.556018 0.078027
vt 0.552947 0.085668
vt 0.549349 0.092933
vt 0.545483 0.100039
vt 0.540260 0.094789
vt 0.558631 0.089195
vt 0.555429 0.096941
vt 0.552006 0.104168
vt 0.559821 0.107662
vt 0.557685 0.114871
vt 0.549053 0.111382
vt 0.541652 0.107545
vt 0.562592 0.100377
vt 0.570432 0.103188
vt 0.568400 0.110593
vt 0.565407 0.092515
vt 0.572766 0.095320
vt 0.580233 0.097394
vt 0.578547 0.105293
vt 0.567930 0.084266
vt 0.574842 0.086964
vt 0.581819 0.089055
vt 0.588629 0.090440
vt 0.587564 0.098757
vt 0.576763 0.078292
vt 0.583328 0.080311
vt 0.589704 0.081715
vt 0.595858 0.082439
vt 0.595283 0.091111
vt 0.584937 0.071437
vt 0.590851 0.072781
vt 0.596546 0.073541
vt 0.602148 0.073786
vt 0.602009 0.082630
vt 0.592178 0.064035
vt 0.597366 0.064748
vt 0.602476 0.065042
vt 0.607447 0.064833
vt 0.607677 0.073465
vt 0.597985 0.059064
vt 0.602756 0.059305
vt 0.607335 0.059057
vt 0.612010 0.058343
vt 0.612422 0.064078
vt 0.616858 0.057180
vt 0.593047 0.058386
vt 0.586746 0.062808
vt 0.587899 0.057218
vt 0.581106 0.061197
vt 0.582469 0.055694
vt 0.575346 0.059520
vt 0.576847 0.054267
vt 0.569578 0.058001
vt 0.571200 0.053191
vt 0.563815 0.056561
vt 0.565533 0.052287
vt 0.557824 0.055288
vt 0.559342 0.051249
vt 0.551313 0.054360
vt 0.552223 0.050076
vt 0.543840 0.052063
vt 0.544547 0.047720
vt 0.431886 0.580518
vt 0.555699 0.061934
vt 0.561107 0.063335
vt 0.558486 0.070581
vt 0.564229 0.073197
vt 0.561575 0.081217
vt 0.566732 0.065461
vt 0.572803 0.067538
vt 0.570325 0.075848
vt 0.578857 0.069609
vt 0.531113 0.110647
vt 0.535580 0.102458
vt 0.525144 0.105149
vt 0.530481 0.096731
vt 0.535538 0.088836
vt 0.525952 0.090754
vt 0.530925 0.082934
vt 0.535061 0.076868
vt 0.458091 0.596644
vt 0.464615 0.600073
vt 0.460584 0.605166
vt 0.454212 0.601928
vt 0.448958 0.599610
vt 0.452850 0.594030
vt 0.451456 0.607844
vt 0.445548 0.606275
vt 0.449916 0.615207
vt 0.443278 0.614468
vt 0.449657 0.624234
vt 0.442370 0.624100
vt 0.434256 0.624150
vt 0.441978 0.634292
vt 0.434459 0.634653
vt 0.427222 0.635373
vt 0.426730 0.624455
vt 0.419784 0.636185
vt 0.419229 0.626071
vt 0.412500 0.636173
vt 0.412306 0.627167
vt 0.411338 0.617762
vt 0.405601 0.627263
vt 0.404828 0.618755
vt 0.399138 0.626936
vt 0.398491 0.619012
vt 0.392836 0.626706
vt 0.392203 0.619360
vt 0.386634 0.626919
vt 0.386012 0.620154
vt 0.642709 0.069866
vt 0.644724 0.076544
vt 0.638767 0.078300
vt 0.636842 0.071610
vt 0.633128 0.080399
vt 0.640795 0.085216
vt 0.635246 0.087030
vt 0.629607 0.089402
vt 0.637009 0.094236
vt 0.631296 0.096428
vt 0.625128 0.099473
vt 0.632542 0.104357
vt 0.626357 0.107458
vt 0.619222 0.110856
vt 0.627547 0.116523
vt 0.620070 0.119579
vt 0.611700 0.121885
vt 0.620788 0.128533
vt 0.612175 0.130236
vt 0.603305 0.131052
vt 0.612503 0.138734
vt 0.603358 0.139301
vt 0.593985 0.138998
vt 0.603161 0.147829
vt 0.593629 0.147361
vt 0.584039 0.145945
vt 0.593016 0.156248
vt 0.583485 0.154711
vt 0.574306 0.152123
vt 0.582595 0.164353
vt 0.573549 0.161717
vt 0.564725 0.158210
vt 0.555606 0.164578
vt 0.553951 0.173990
vt 0.548253 0.172029
vt 0.551510 0.183227
vt 0.546810 0.181617
vt 0.542562 0.180841
vt 0.543420 0.171270
vt 0.538689 0.180510
vt 0.539272 0.171225
vt 0.534870 0.180578
vt 0.537437 0.189504
vt 0.533890 0.189527
vt 0.530056 0.189816
vt 0.530960 0.181047
vt 0.532321 0.197140
vt 0.528677 0.197044
vt 0.509815 0.721874
vt 0.509377 0.729077
vt 0.505626 0.729584
vt 0.561839 0.451042
vt 0.560204 0.447161
vt 0.566797 0.446180
vt 0.567704 0.450174
vt 0.568530 0.454528
vt 0.563102 0.455219
vt 0.501740 0.730104
vt 0.569305 0.459121
vt 0.563946 0.459745
vt 0.574485 0.454162
vt 0.575025 0.458572
vt 0.575436 0.462679
vt 0.569883 0.463474
vt 0.564650 0.464512
vt 0.575695 0.466655
vt 0.570350 0.467602
vt 0.565752 0.468951
vt 0.575787 0.470159
vt 0.570509 0.471216
vt 0.566513 0.472454
vt 0.565037 0.375605
vt 0.569251 0.375342
vt 0.568262 0.379037
vt 0.564199 0.379209
vt 0.488731 0.738110
vt 0.487126 0.741125
vt 0.485154 0.741567
vt 0.486481 0.737837
vt 0.482757 0.741583
vt 0.484489 0.745281
vt 0.482348 0.745060
vt 0.478674 0.745261
vt 0.478750 0.742170
vt 0.559982 0.331666
vt 0.559612 0.328421
vt 0.564662 0.327388
vt 0.565104 0.331140
vt 0.571566 0.327033
vt 0.571586 0.330783
vt 0.571555 0.334525
vt 0.579191 0.331013
vt 0.578807 0.334587
vt 0.578455 0.338368
vt 0.571394 0.338288
vt 0.578211 0.342126
vt 0.571208 0.341946
vt 0.578160 0.345657
vt 0.571180 0.345596
vt 0.564339 0.346016
vt 0.571439 0.349186
vt 0.564849 0.349763
vt 0.558578 0.350910
vt 0.557256 0.347041
vt 0.571995 0.352583
vt 0.565769 0.353469
vt 0.560437 0.354727
vt 0.651409 0.299836
vt 0.644975 0.298899
vt 0.644897 0.295406
vt 0.657003 0.301021
vt 0.637753 0.298248
vt 0.637231 0.295040
vt 0.636442 0.291793
vt 0.628439 0.294993
vt 0.627767 0.291799
vt 0.627095 0.288598
vt 0.618543 0.291684
vt 0.618039 0.288368
vt 0.617592 0.285005
vt 0.608769 0.288261
vt 0.608411 0.285170
vt 0.608132 0.281969
vt 0.600113 0.285953
vt 0.599978 0.282956
vt 0.599826 0.279900
vt 0.592941 0.283832
vt 0.592727 0.280742
vt 0.592040 0.277335
vt 0.585199 0.281386
vt 0.584388 0.278101
vt 0.583565 0.274522
vt 0.577017 0.279267
vt 0.576453 0.276816
vt 0.575893 0.274137
vt 0.572711 0.277879
vt 0.571313 0.276057
vt 0.569186 0.274136
vt 0.575083 0.271153
vt 0.564290 0.277782
vt 0.562595 0.275987
vt 0.644680 0.323966
vt 0.650630 0.327126
vt 0.560077 0.280750
vt 0.558211 0.279434
vt 0.654899 0.330223
vt 0.561615 0.281823
vt 0.560591 0.283425
vt 0.565758 0.279286
vt 0.573247 0.279775
vt 0.573332 0.281580
vt 0.577568 0.281552
vt 0.577913 0.283977
vt 0.572797 0.283485
vt 0.585722 0.284352
vt 0.586059 0.287192
vt 0.577959 0.286868
vt 0.593105 0.286732
vt 0.593508 0.289873
vt 0.586473 0.290354
vt 0.600431 0.288877
vt 0.600882 0.292126
vt 0.593924 0.292894
vt 0.609121 0.291548
vt 0.609569 0.295121
vt 0.601371 0.295562
vt 0.619102 0.295014
vt 0.619651 0.298303
vt 0.610133 0.298698
vt 0.628953 0.298121
vt 0.587518 0.351188
vt 0.586932 0.348143
vt 0.596089 0.346853
vt 0.596530 0.349897
vt 0.579025 0.352067
vt 0.578415 0.348943
vt 0.586640 0.344954
vt 0.586610 0.341596
vt 0.596036 0.340633
vt 0.595976 0.343777
vt 0.605133 0.339838
vt 0.605168 0.343026
vt 0.605343 0.346104
vt 0.612936 0.342549
vt 0.613329 0.345668
vt 0.613857 0.348867
vt 0.605818 0.349333
vt 0.619557 0.345226
vt 0.620351 0.348376
vt 0.601852 0.299066
vt 0.595160 0.299225
vt 0.594481 0.295951
vt 0.587861 0.299251
vt 0.587251 0.296312
vt 0.586870 0.293356
vt 0.578750 0.296243
vt 0.578715 0.293111
vt 0.578345 0.290067
vt 0.571450 0.292161
vt 0.571015 0.289105
vt 0.571656 0.285797
vt 0.567608 0.287736
vt 0.568048 0.285864
vt 0.564705 0.287528
vt 0.564308 0.286357
vt 0.561899 0.285378
vt 0.564299 0.288674
vt 0.567271 0.290438
vt 0.566561 0.293066
vt 0.563291 0.290767
vt 0.571538 0.295127
vt 0.570886 0.298357
vt 0.565350 0.295830
vt 0.578717 0.299545
vt 0.636568 0.348061
vt 0.636269 0.344782
vt 0.643558 0.343999
vt 0.644274 0.347137
vt 0.627482 0.347769
vt 0.626800 0.344609
vt 0.626500 0.341483
vt 0.636074 0.341760
vt 0.619012 0.342016
vt 0.618876 0.338904
vt 0.626590 0.338556
vt 0.612736 0.339327
vt 0.612725 0.336108
vt 0.619101 0.335951
vt 0.605143 0.336587
vt 0.605193 0.333117
vt 0.612882 0.332741
vt 0.596107 0.337428
vt 0.596345 0.334177
vt 0.596604 0.330796
vt 0.605285 0.329254
vt 0.586796 0.338036
vt 0.587140 0.334541
vt 0.587533 0.331226
vt 0.587865 0.328031
vt 0.596820 0.327254
vt 0.579570 0.327485
vt 0.579929 0.323947
vt 0.588213 0.324430
vt 0.571657 0.323290
vt 0.641593 0.259272
vt 0.642171 0.263209
vt 0.633099 0.263618
vt 0.633030 0.259649
vt 0.564060 0.323449
vt 0.649259 0.257645
vt 0.651100 0.261706
vt 0.652608 0.265784
vt 0.642805 0.267376
vt 0.654408 0.255181
vt 0.657188 0.259584
vt 0.659362 0.263919
vt 0.660595 0.268844
vt 0.653444 0.269867
vt 0.576986 0.208068
vt 0.572889 0.209889
vt 0.575800 0.203741
vt 0.581592 0.202890
vt 0.581673 0.207657
vt 0.587027 0.204022
vt 0.586133 0.208660
vt 0.574235 0.199851
vt 0.581392 0.198548
vt 0.588184 0.200200
vt 0.660202 0.273754
vt 0.658763 0.278815
vt 0.653357 0.273957
vt 0.590454 0.210971
vt 0.643229 0.271210
vt 0.633240 0.267886
vt 0.624551 0.263912
vt 0.615690 0.261858
vt 0.624492 0.259591
vt 0.597029 0.323568
vt 0.605307 0.321192
vt 0.605648 0.325092
vt 0.613102 0.329025
vt 0.619594 0.332828
vt 0.626970 0.335768
vt 0.636025 0.338857
vt 0.643166 0.341069
vt 0.648155 0.339981
vt 0.648849 0.342642
vt 0.650017 0.345513
vt 0.594225 0.214255
vt 0.569114 0.212860
vt 0.558565 0.324309
vt 0.566274 0.215591
vt 0.561768 0.292961
vt 0.559572 0.290364
vt 0.486463 0.744613
vt 0.567134 0.382947
vt 0.562672 0.382703
vt 0.574005 0.378794
vt 0.573077 0.382806
vt 0.572330 0.387241
vt 0.566147 0.387126
vt 0.560810 0.386186
vt 0.572610 0.391584
vt 0.565772 0.391386
vt 0.559122 0.390216
vt 0.573599 0.395498
vt 0.565547 0.395453
vt 0.557817 0.394565
vt 0.565564 0.399537
vt 0.557017 0.399534
vt 0.554664 0.203468
vt 0.550876 0.201190
vt 0.553607 0.193417
vt 0.558453 0.197113
vt 0.547159 0.199722
vt 0.549133 0.192062
vt 0.543328 0.198499
vt 0.544744 0.190594
vt 0.539471 0.197775
vt 0.540847 0.189778
vt 0.535807 0.197319
vt 0.560781 0.416487
vt 0.558916 0.412769
vt 0.567466 0.411007
vt 0.568854 0.414362
vt 0.556943 0.440108
vt 0.564951 0.439067
vt 0.565908 0.442432
vt 0.558525 0.443562
vt 0.572906 0.439285
vt 0.573122 0.442751
vt 0.573503 0.446245
vt 0.580386 0.443643
vt 0.580404 0.447122
vt 0.580576 0.450672
vt 0.573963 0.450011
vt 0.580882 0.454435
vt 0.587799 0.451422
vt 0.587866 0.454784
vt 0.587975 0.458255
vt 0.581229 0.458404
vt 0.588129 0.461699
vt 0.581622 0.462179
vt 0.588318 0.465234
vt 0.581854 0.465948
vt 0.588626 0.468692
vt 0.581970 0.469591
vt 0.581118 0.375334
vt 0.587968 0.375345
vt 0.588141 0.378683
vt 0.580758 0.378907
vt 0.574744 0.375110
vt 0.588703 0.381926
vt 0.580453 0.382446
vt 0.589340 0.385089
vt 0.580573 0.385946
vt 0.589967 0.388103
vt 0.581061 0.389257
vt 0.590683 0.391991
vt 0.581900 0.392832
vt 0.591253 0.395907
vt 0.583002 0.396777
vt 0.574582 0.398989
vt 0.584124 0.400978
vt 0.575294 0.402659
vt 0.565653 0.403304
vt 0.575818 0.406338
vt 0.566352 0.407348
vt 0.557607 0.408548
vt 0.556943 0.404086
vt 0.576408 0.409847
vt 0.584650 0.405112
vt 0.584746 0.409422
vt 0.584903 0.413401
vt 0.577035 0.413475
vt 0.592461 0.408245
vt 0.592961 0.412740
vt 0.580492 0.439951
vt 0.588401 0.440141
vt 0.588105 0.444174
vt 0.597355 0.439815
vt 0.597090 0.443423
vt 0.596855 0.447114
vt 0.587968 0.447900
vt 0.596877 0.450708
vt 0.605415 0.446829
vt 0.605254 0.450519
vt 0.605214 0.454042
vt 0.596990 0.454195
vt 0.605223 0.457368
vt 0.597111 0.457627
vt 0.605313 0.460542
vt 0.597209 0.460937
vt 0.605376 0.463636
vt 0.597293 0.464247
vt 0.605495 0.466763
vt 0.597406 0.467461
vt 0.597373 0.373975
vt 0.605386 0.373398
vt 0.605629 0.376811
vt 0.597236 0.377487
vt 0.605934 0.380565
vt 0.597600 0.381063
vt 0.606340 0.384392
vt 0.597952 0.384919
vt 0.606790 0.387950
vt 0.598408 0.388573
vt 0.607284 0.391239
vt 0.598869 0.392090
vt 0.607938 0.394610
vt 0.599272 0.395670
vt 0.608584 0.398032
vt 0.599769 0.399308
vt 0.591841 0.400004
vt 0.600361 0.402858
vt 0.592164 0.403884
vt 0.601080 0.406527
vt 0.609140 0.401461
vt 0.609753 0.404905
vt 0.610428 0.408221
vt 0.601771 0.410023
vt 0.618004 0.403795
vt 0.618821 0.407193
vt 0.605867 0.440161
vt 0.613940 0.441114
vt 0.613749 0.444594
vt 0.605667 0.443323
vt 0.613770 0.448131
vt 0.621677 0.445727
vt 0.621330 0.448937
vt 0.621058 0.451743
vt 0.613914 0.451545
vt 0.620843 0.454485
vt 0.614052 0.454239
vt 0.620686 0.457259
vt 0.614236 0.457228
vt 0.620704 0.460124
vt 0.614318 0.460318
vt 0.620930 0.463076
vt 0.614349 0.463368
vt 0.621157 0.466042
vt 0.614303 0.466428
vt 0.614496 0.373161
vt 0.621529 0.373228
vt 0.621641 0.376385
vt 0.614207 0.376550
vt 0.621793 0.379544
vt 0.614116 0.380013
vt 0.622123 0.382547
vt 0.614393 0.383162
vt 0.622566 0.385347
vt 0.614879 0.386115
vt 0.623033 0.388265
vt 0.615427 0.389127
vt 0.623649 0.391439
vt 0.616005 0.392535
vt 0.624303 0.395006
vt 0.616594 0.396540
vt 0.625065 0.398547
vt 0.617249 0.400336
vt 0.625999 0.401884
vt 0.631696 0.395482
vt 0.633269 0.398253
vt 0.634716 0.401394
vt 0.627022 0.405165
vt 0.622144 0.442410
vt 0.630495 0.443165
vt 0.629352 0.446254
vt 0.637020 0.444422
vt 0.635922 0.447241
vt 0.635118 0.449690
vt 0.628769 0.449041
vt 0.634643 0.452371
vt 0.628416 0.451828
vt 0.634371 0.454776
vt 0.628190 0.454585
vt 0.634345 0.457251
vt 0.628076 0.457322
vt 0.634622 0.459859
vt 0.628094 0.460122
vt 0.635222 0.462613
vt 0.628274 0.463015
vt 0.635965 0.465467
vt 0.628453 0.466075
vt 0.628964 0.373057
vt 0.636648 0.373914
vt 0.636371 0.376777
vt 0.628977 0.376191
vt 0.636401 0.379440
vt 0.629727 0.379113
vt 0.636650 0.382427
vt 0.630533 0.382271
vt 0.636229 0.384362
vt 0.630440 0.385444
vt 0.635688 0.387279
vt 0.630191 0.388224
vt 0.635384 0.389735
vt 0.630459 0.390616
vt 0.635696 0.391896
vt 0.630892 0.392881
vt 0.637086 0.394334
vt 0.643066 0.390217
vt 0.644689 0.392013
vt 0.646404 0.393521
vt 0.639160 0.396347
vt 0.647046 0.394387
vt 0.640730 0.398060
vt 0.648104 0.389729
vt 0.649742 0.390386
vt 0.643608 0.447068
vt 0.647067 0.449921
vt 0.649018 0.387144
vt 0.650623 0.387064
vt 0.648228 0.452732
vt 0.648949 0.384643
vt 0.650556 0.384067
vt 0.648294 0.455382
vt 0.646408 0.455336
vt 0.643819 0.455152
vt 0.647737 0.458037
vt 0.649366 0.381309
vt 0.647810 0.382410
vt 0.645776 0.380383
vt 0.647034 0.378675
vt 0.646076 0.460892
vt 0.642308 0.378385
vt 0.643209 0.376213
vt 0.642429 0.463588
vt 0.645035 0.381936
vt 0.641862 0.380462
vt 0.644568 0.383537
vt 0.641910 0.382592
vt 0.639879 0.454973
vt 0.646981 0.388944
vt 0.645739 0.388019
vt 0.592233 0.165921
vt 0.591561 0.176465
vt 0.601814 0.177308
vt 0.602141 0.166554
vt 0.612351 0.166059
vt 0.612466 0.176042
vt 0.602694 0.156828
vt 0.612464 0.156547
vt 0.621923 0.155390
vt 0.622285 0.164752
vt 0.612588 0.147475
vt 0.621656 0.146256
vt 0.629866 0.144602
vt 0.630456 0.153606
vt 0.621332 0.137376
vt 0.629376 0.135628
vt 0.636189 0.134061
vt 0.636893 0.142988
vt 0.628600 0.126272
vt 0.635110 0.124118
vt 0.640709 0.122703
vt 0.641934 0.132946
vt 0.633759 0.113714
vt 0.639325 0.111888
vt 0.644659 0.111013
vt 0.645892 0.121999
vt 0.638233 0.102279
vt 0.643674 0.101137
vt 0.649301 0.100629
vt 0.650131 0.110766
vt 0.642486 0.092784
vt 0.648155 0.091887
vt 0.387474 0.642268
vt 0.393302 0.642441
vt 0.393529 0.651007
vt 0.387851 0.650968
vt 0.646588 0.083903
vt 0.387248 0.634312
vt 0.393196 0.634477
vt 0.399303 0.634959
vt 0.399211 0.642873
vt 0.405365 0.643581
vt 0.404959 0.651994
vt 0.399187 0.651349
vt 0.405673 0.635599
vt 0.412114 0.644621
vt 0.419578 0.645447
vt 0.418689 0.654052
vt 0.411335 0.652995
vt 0.417761 0.662618
vt 0.410778 0.661771
vt 0.404936 0.661143
vt 0.410902 0.670963
vt 0.405369 0.670875
vt 0.400479 0.670991
vt 0.399706 0.660845
vt 0.395788 0.671279
vt 0.394462 0.660791
vt 0.390987 0.671688
vt 0.388978 0.660997
vt 0.396807 0.681290
vt 0.392072 0.681767
vt 0.650887 0.121661
vt 0.651993 0.131879
vt 0.647067 0.132294
vt 0.652483 0.140455
vt 0.647777 0.141010
vt 0.642750 0.141780
vt 0.648732 0.148335
vt 0.643758 0.149810
vt 0.637738 0.151573
vt 0.644985 0.157453
vt 0.638995 0.159906
vt 0.631320 0.162571
vt 0.646302 0.165152
vt 0.651297 0.162617
vt 0.652857 0.169359
vt 0.647835 0.172232
vt 0.649898 0.155226
vt 0.654153 0.153380
vt 0.655728 0.160421
vt 0.653126 0.147064
vt 0.393631 0.696619
vt 0.397737 0.695530
vt 0.398514 0.701717
vt 0.394429 0.702906
vt 0.392757 0.690163
vt 0.397324 0.689393
vt 0.401705 0.688662
vt 0.401742 0.694629
vt 0.401461 0.680735
vt 0.406190 0.680207
vt 0.406262 0.688093
vt 0.411456 0.687739
vt 0.411574 0.694217
vt 0.406264 0.694129
vt 0.411408 0.679854
vt 0.417687 0.679799
vt 0.417714 0.687597
vt 0.417481 0.671284
vt 0.425320 0.671745
vt 0.425456 0.680073
vt 0.425723 0.663231
vt 0.433461 0.663620
vt 0.433394 0.672172
vt 0.426452 0.654647
vt 0.434045 0.654488
vt 0.441214 0.654217
vt 0.440987 0.663846
vt 0.427222 0.645365
vt 0.434623 0.644680
vt 0.441625 0.644301
vt 0.448233 0.644249
vt 0.448020 0.654159
vt 0.449281 0.634348
vt 0.456348 0.635150
vt 0.455232 0.644515
vt 0.456732 0.625702
vt 0.464377 0.628601
vt 0.463351 0.636778
vt 0.456914 0.617391
vt 0.464891 0.621081
vt 0.473999 0.625310
vt 0.472534 0.631884
vt 0.458060 0.610731
vt 0.466109 0.614803
vt 0.475623 0.619485
vt 0.484727 0.623820
vt 0.482589 0.628940
vt 0.468642 0.609381
vt 0.478178 0.614332
vt 0.487253 0.619016
vt 0.494148 0.623035
vt 0.491863 0.627397
vt 0.482058 0.609447
vt 0.490556 0.614254
vt 0.496965 0.618451
vt 0.502008 0.623135
vt 0.499636 0.627387
vt 0.511086 0.114491
vt 0.515285 0.108066
vt 0.520535 0.112521
vt 0.516347 0.118414
vt 0.511423 0.123242
vt 0.506570 0.119701
vt 0.504767 0.127800
vt 0.500363 0.124407
vt 0.522397 0.123996
vt 0.516295 0.128178
vt 0.509181 0.132142
vt 0.511987 0.352673
vt 0.502130 0.351829
vt 0.500763 0.345845
vt 0.511140 0.345906
vt 0.511866 0.359336
vt 0.502379 0.358024
vt 0.491547 0.357449
vt 0.491158 0.352373
vt 0.510439 0.364656
vt 0.501830 0.363267
vt 0.491619 0.361935
vt 0.480138 0.361783
vt 0.479991 0.357969
vt 0.500765 0.367108
vt 0.491265 0.366194
vt 0.479812 0.365849
vt 0.470353 0.366245
vt 0.469910 0.362724
vt 0.490656 0.370075
vt 0.479610 0.369807
vt 0.471568 0.369587
vt 0.462259 0.370400
vt 0.461415 0.367197
vt 0.472430 0.372817
vt 0.463129 0.373804
vt 0.454066 0.370663
vt 0.472609 0.376253
vt 0.463843 0.377597
vt 0.508333 0.368295
vt 0.498949 0.340871
vt 0.509185 0.340052
vt 0.527354 0.118332
vt 0.669978 0.415492
vt 0.506839 0.629226
vt 0.504863 0.632875
vt 0.520393 0.099746
vt 0.472799 0.604380
vt 0.407070 0.700458
vt 0.402591 0.700821
vt 0.403602 0.708157
vt 0.399183 0.708894
vt 0.400039 0.715728
vt 0.395412 0.716891
vt 0.394676 0.710118
vt 0.400741 0.722211
vt 0.396106 0.722970
vt 0.657290 0.167058
vt 0.659266 0.172727
vt 0.654931 0.175265
vt 0.661597 0.178350
vt 0.657604 0.181235
vt 0.653329 0.184191
vt 0.650168 0.178508
vt 0.649040 0.186754
vt 0.657365 0.189379
vt 0.654034 0.192224
vt 0.652143 0.195323
vt 0.987330 0.686113
vt 0.988008 0.690310
vt 0.979086 0.691265
vt 0.978937 0.687297
vt 0.978684 0.683592
vt 0.986658 0.682484
vt 0.651123 0.198350
vt 0.650231 0.201738
vt 0.970680 0.688137
vt 0.970498 0.684050
vt 0.969908 0.680378
vt 0.961068 0.685153
vt 0.960606 0.681605
vt 0.960687 0.678169
vt 0.969725 0.677048
vt 0.952768 0.681698
vt 0.952729 0.678354
vt 0.958892 0.415492
vt 0.966369 0.415524
vt 0.965984 0.418655
vt 0.958384 0.418624
vt 0.965578 0.421834
vt 0.958051 0.421974
vt 0.965680 0.425068
vt 0.957853 0.425602
vt 0.965930 0.428091
vt 0.957712 0.428835
vt 0.966242 0.430985
vt 0.957705 0.431781
vt 0.949322 0.432303
vt 0.957946 0.434772
vt 0.949680 0.435494
vt 0.942366 0.436620
vt 0.979077 0.709214
vt 0.971165 0.709129
vt 0.971135 0.705522
vt 0.979196 0.704993
vt 0.988181 0.705488
vt 0.987914 0.710073
vt 0.934145 0.436825
vt 0.399853 0.735367
vt 0.395850 0.735825
vt 0.396262 0.729259
vt 0.400673 0.728428
vt 0.979268 0.700660
vt 0.988194 0.700626
vt 0.663986 0.184181
vt 0.660701 0.186609
vt 0.979179 0.695993
vt 0.988056 0.695486
vt 0.970902 0.701454
vt 0.970535 0.696821
vt 0.970461 0.692452
vt 0.962089 0.696372
vt 0.961722 0.692454
vt 0.961498 0.688744
vt 0.952998 0.692453
vt 0.953030 0.688920
vt 0.953005 0.685224
vt 0.945877 0.689207
vt 0.945564 0.685912
vt 0.944948 0.682432
vt 0.940071 0.688105
vt 0.939017 0.684885
vt 0.937186 0.681642
vt 0.944286 0.678953
vt 0.974389 0.415904
vt 0.981451 0.415875
vt 0.981535 0.418665
vt 0.974163 0.418839
vt 0.981572 0.421154
vt 0.974024 0.421544
vt 0.974043 0.424246
vt 0.974258 0.426910
vt 0.974762 0.429569
vt 0.982345 0.430819
vt 0.975582 0.432321
vt 0.966791 0.433931
vt 0.953121 0.706687
vt 0.943897 0.705035
vt 0.944459 0.701869
vt 0.953223 0.703387
vt 0.962615 0.704245
vt 0.962476 0.707686
vt 0.953149 0.699906
vt 0.962475 0.700471
vt 0.953078 0.696149
vt 0.945112 0.698471
vt 0.945602 0.695263
vt 0.945863 0.692350
vt 0.939407 0.696602
vt 0.938488 0.699263
vt 0.934313 0.697048
vt 0.935321 0.695182
vt 0.932845 0.699070
vt 0.930159 0.695646
vt 0.937097 0.702037
vt 0.989088 0.426159
vt 0.929430 0.691621
vt 0.986583 0.428768
vt 0.934842 0.687298
vt 0.932823 0.684872
vt 0.936156 0.689368
vt 0.930560 0.688072
vt 0.513020 0.682540
vt 0.512962 0.674977
vt 0.511671 0.667797
vt 0.732763 0.460037
vt 0.429160 0.744672
vt 0.432093 0.746529
vt 0.639900 0.203897
vt 0.638362 0.207083
vt 0.634109 0.206120
vt 0.635406 0.202555
vt 0.629289 0.205575
vt 0.629886 0.201377
vt 0.624814 0.205692
vt 0.624347 0.201121
vt 0.623492 0.195884
vt 0.618820 0.202260
vt 0.616669 0.197282
vt 0.613695 0.204755
vt 0.610247 0.201121
vt 0.609478 0.208203
vt 0.615811 0.207984
vt 0.612088 0.210024
vt 0.608917 0.213024
vt 0.604948 0.212195
vt 0.606706 0.216578
vt 0.604141 0.215713
vt 0.559278 0.733209
vt 0.558378 0.728393
vt 0.563741 0.727319
vt 0.564398 0.731875
vt 0.571029 0.726575
vt 0.571675 0.730901
vt 0.572461 0.735454
vt 0.579736 0.730101
vt 0.580429 0.734056
vt 0.581219 0.737705
vt 0.573542 0.739575
vt 0.588382 0.733344
vt 0.588884 0.736719
vt 0.680465 0.716198
vt 0.687866 0.716454
vt 0.687970 0.719404
vt 0.680544 0.719397
vt 0.688055 0.722298
vt 0.680448 0.722410
vt 0.688308 0.725139
vt 0.680373 0.725544
vt 0.688715 0.728058
vt 0.680522 0.728840
vt 0.689164 0.731082
vt 0.680938 0.732120
vt 0.673806 0.733346
vt 0.681578 0.735535
vt 0.674192 0.737155
vt 0.668070 0.738337
vt 0.563770 0.694074
vt 0.570410 0.694062
vt 0.570357 0.698371
vt 0.563634 0.698470
vt 0.557990 0.698132
vt 0.558037 0.693679
vt 0.662757 0.739331
vt 0.570426 0.703389
vt 0.563503 0.703501
vt 0.557951 0.703116
vt 0.570391 0.708484
vt 0.563239 0.708735
vt 0.557338 0.708425
vt 0.570402 0.713170
vt 0.563108 0.713511
vt 0.556956 0.713363
vt 0.570444 0.717909
vt 0.563085 0.718390
vt 0.556943 0.718714
vt 0.563296 0.723066
vt 0.557509 0.723735
vt 0.620110 0.206511
vt 0.570663 0.722373
vt 0.578753 0.717091
vt 0.578803 0.721633
vt 0.579222 0.726045
vt 0.587429 0.721107
vt 0.587579 0.725612
vt 0.587918 0.729586
vt 0.596264 0.724195
vt 0.596373 0.727795
vt 0.596709 0.731595
vt 0.604633 0.726137
vt 0.604957 0.729937
vt 0.605499 0.733861
vt 0.597189 0.735353
vt 0.695867 0.715344
vt 0.703890 0.714414
vt 0.704268 0.717750
vt 0.696212 0.718675
vt 0.704642 0.720728
vt 0.696576 0.721574
vt 0.704943 0.723511
vt 0.696860 0.724408
vt 0.705206 0.726537
vt 0.697142 0.727484
vt 0.705543 0.730039
vt 0.697543 0.730946
vt 0.705921 0.733796
vt 0.697995 0.734660
vt 0.689691 0.734261
vt 0.587119 0.694257
vt 0.595751 0.695191
vt 0.595612 0.699226
vt 0.587406 0.698212
vt 0.578576 0.698007
vt 0.578476 0.693860
vt 0.587571 0.702456
vt 0.578795 0.702708
vt 0.587502 0.707120
vt 0.578795 0.707606
vt 0.587441 0.711642
vt 0.578843 0.712487
vt 0.587331 0.716214
vt 0.595708 0.711594
vt 0.596029 0.716115
vt 0.596225 0.720457
vt 0.604060 0.716081
vt 0.604347 0.719976
vt 0.604474 0.723043
vt 0.611082 0.719674
vt 0.611579 0.722886
vt 0.612025 0.726066
vt 0.618651 0.722584
vt 0.619339 0.725609
vt 0.620013 0.728882
vt 0.612514 0.729508
vt 0.620793 0.732040
vt 0.613192 0.733082
vt 0.711288 0.713993
vt 0.718718 0.713759
vt 0.719176 0.716637
vt 0.711743 0.717165
vt 0.719576 0.719531
vt 0.712146 0.720047
vt 0.719913 0.722497
vt 0.712494 0.722878
vt 0.720415 0.725519
vt 0.712809 0.725890
vt 0.720934 0.728575
vt 0.713098 0.729207
vt 0.721217 0.731743
vt 0.713372 0.732733
vt 0.612046 0.696207
vt 0.620268 0.696571
vt 0.619688 0.699925
vt 0.611668 0.699970
vt 0.603826 0.699921
vt 0.604141 0.695803
vt 0.611289 0.703640
vt 0.603576 0.703790
vt 0.595425 0.703325
vt 0.603506 0.707494
vt 0.595227 0.707471
vt 0.603761 0.711758
vt 0.610907 0.707235
vt 0.610641 0.711440
vt 0.610711 0.715759
vt 0.617831 0.710789
vt 0.617609 0.715157
vt 0.617991 0.719329
vt 0.627298 0.714792
vt 0.626902 0.717536
vt 0.626412 0.720420
vt 0.629817 0.716446
vt 0.630471 0.718099
vt 0.631887 0.720006
vt 0.626251 0.723708
vt 0.632996 0.723101
vt 0.626657 0.726999
vt 0.634291 0.726932
vt 0.627847 0.730035
vt 0.725817 0.712928
vt 0.732752 0.712539
vt 0.732751 0.715456
vt 0.726462 0.715914
vt 0.733145 0.718284
vt 0.727149 0.718810
vt 0.733711 0.721716
vt 0.727766 0.721834
vt 0.734383 0.724593
vt 0.728342 0.725028
vt 0.735284 0.727405
vt 0.728915 0.728187
vt 0.736419 0.730147
vt 0.729462 0.731339
vt 0.628542 0.698317
vt 0.635480 0.700679
vt 0.634444 0.704005
vt 0.627744 0.701490
vt 0.632919 0.707495
vt 0.626761 0.705052
vt 0.619007 0.703400
vt 0.626327 0.708787
vt 0.618366 0.706881
vt 0.626718 0.712018
vt 0.631350 0.710392
vt 0.630256 0.712549
vt 0.629590 0.714639
vt 0.635663 0.712140
vt 0.636770 0.710022
vt 0.638072 0.707906
vt 0.639052 0.706303
vt 0.641882 0.708497
vt 0.643907 0.707541
vt 0.645313 0.711285
vt 0.643396 0.711230
vt 0.640768 0.703813
vt 0.741841 0.728031
vt 0.745327 0.725001
vt 0.645192 0.714852
vt 0.643503 0.714224
vt 0.644107 0.717627
vt 0.642382 0.716752
vt 0.641801 0.715668
vt 0.640790 0.718897
vt 0.640372 0.717620
vt 0.637695 0.721017
vt 0.636588 0.719283
vt 0.642452 0.720567
vt 0.639164 0.724012
vt 0.738377 0.712781
vt 0.737827 0.715502
vt 0.737889 0.718117
vt 0.746900 0.721494
vt 0.597706 0.217285
vt 0.437971 0.359089
vt 0.733810 0.450947
vt 0.735895 0.450409
vt 0.733697 0.446130
vt 0.731771 0.448245
vt 0.733417 0.452749
vt 0.736035 0.452956
vt 0.730608 0.451066
vt 0.491353 0.728623
vt 0.488382 0.734662
vt 0.490683 0.735434
vt 0.493558 0.732314
vt 0.497673 0.730837
vt 0.497259 0.726099
vt 0.496878 0.717127
vt 0.491669 0.718200
vt 0.486296 0.718082
vt 0.485285 0.727321
vt 0.484065 0.733652
vt 0.556958 0.338489
vt 0.556943 0.343144
vt 0.564238 0.342326
vt 0.564555 0.338886
vt 0.477884 0.735168
vt 0.479665 0.726477
vt 0.474295 0.725311
vt 0.473713 0.734084
vt 0.565096 0.334826
vt 0.559575 0.334779
vt 0.478364 0.739317
vt 0.483342 0.737953
vt 0.467611 0.725090
vt 0.467832 0.714541
vt 0.460357 0.713542
vt 0.460131 0.722344
vt 0.470114 0.733939
vt 0.474455 0.715801
vt 0.459020 0.729265
vt 0.463444 0.731022
vt 0.466703 0.735444
vt 0.448902 0.734884
vt 0.446382 0.738875
vt 0.449161 0.740366
vt 0.452353 0.738591
vt 0.455043 0.738609
vt 0.454381 0.734380
vt 0.453730 0.729030
vt 0.446917 0.729241
vt 0.442179 0.734469
vt 0.442956 0.738543
vt 0.437786 0.730040
vt 0.417456 0.731928
vt 0.412985 0.737151
vt 0.415697 0.738922
vt 0.420686 0.735530
vt 0.411855 0.729546
vt 0.409799 0.736079
vt 0.419847 0.726003
vt 0.413659 0.723993
vt 0.427353 0.732684
vt 0.428217 0.727956
vt 0.427560 0.736067
vt 0.984124 0.425646
vt 0.985220 0.426922
vt 0.987087 0.424700
vt 0.984939 0.423899
vt 0.981321 0.423801
vt 0.981081 0.426159
vt 0.981495 0.428356
vt 0.433099 0.733928
vt 0.437184 0.735787
vt 0.436734 0.721875
vt 0.428264 0.720738
vt 0.445260 0.722202
vt 0.725748 0.462701
vt 0.726552 0.460304
vt 0.721593 0.460222
vt 0.721342 0.463558
vt 0.721768 0.467039
vt 0.727279 0.464606
vt 0.729565 0.461381
vt 0.525513 0.140260
vt 0.520761 0.133739
vt 0.513011 0.136806
vt 0.515400 0.141168
vt 0.533464 0.137620
vt 0.528403 0.130490
vt 0.515948 0.144962
vt 0.523258 0.144835
vt 0.646842 0.385459
vt 0.645994 0.384597
vt 0.645721 0.385601
vt 0.646515 0.386648
vt 0.647703 0.385129
vt 0.646752 0.383462
vt 0.647581 0.387077
vt 0.643882 0.385808
vt 0.644398 0.384542
vt 0.641761 0.383980
vt 0.641524 0.386140
vt 0.644689 0.386854
vt 0.642039 0.388306
vt 0.535988 0.125950
vt 0.539798 0.136188
vt 0.546921 0.136097
vt 0.545858 0.127551
vt 0.546844 0.119106
vt 0.538526 0.115578
vt 0.563272 0.207274
vt 0.568399 0.202123
vt 0.566625 0.197261
vt 0.562089 0.201902
vt 0.557583 0.206158
vt 0.559299 0.209609
vt 0.559534 0.213128
vt 0.561469 0.212257
vt 0.563425 0.213316
vt 0.566029 0.210062
vt 0.570465 0.206142
vt 0.744504 0.716369
vt 0.745800 0.715438
vt 0.743071 0.713603
vt 0.742126 0.715811
vt 0.744854 0.718109
vt 0.746967 0.718092
vt 0.741886 0.718020
vt 0.601815 0.190066
vt 0.591098 0.186904
vt 0.589580 0.195037
vt 0.597684 0.198212
vt 0.606108 0.197195
vt 0.614274 0.192331
vt 0.612935 0.185701
vt 0.602284 0.203402
vt 0.601170 0.209155
vt 0.602854 0.211259
vt 0.605742 0.206183
vt 0.598226 0.210982
vt 0.600939 0.215204
vt 0.602272 0.214744
vt 0.595501 0.202830
vt 0.592680 0.206722
vt 0.602684 0.215151
vt 0.637540 0.715530
vt 0.638290 0.714097
vt 0.634865 0.714304
vt 0.634649 0.716180
vt 0.638691 0.716332
vt 0.640389 0.714636
vt 0.635314 0.717674
vt 0.741558 0.722398
vt 0.741837 0.720460
vt 0.738231 0.720844
vt 0.738850 0.723407
vt 0.740052 0.725668
vt 0.743252 0.723384
vt 0.744683 0.720756
vt 0.634120 0.182646
vt 0.623412 0.183433
vt 0.623157 0.190313
vt 0.632359 0.190906
vt 0.639615 0.195796
vt 0.640381 0.189028
vt 0.632354 0.171862
vt 0.622830 0.174317
vt 0.645499 0.182580
vt 0.641959 0.176453
vt 0.640214 0.168251
vt 0.987655 0.420139
vt 0.987675 0.422101
vt 0.990000 0.422462
vt 0.989269 0.419213
vt 0.986438 0.416915
vt 0.985565 0.419381
vt 0.985383 0.421525
vt 0.933304 0.692278
vt 0.931831 0.692052
vt 0.932526 0.694618
vt 0.933984 0.693644
vt 0.933887 0.690809
vt 0.932646 0.689505
vt 0.935096 0.692151
vt 0.436873 0.367408
vt 0.439037 0.368760
vt 0.439963 0.367430
vt 0.437028 0.366248
vt 0.434987 0.367845
vt 0.437245 0.370006
vt 0.434352 0.365929
vt 0.441408 0.361278
vt 0.444256 0.360569
vt 0.443178 0.358331
vt 0.439782 0.360370
vt 0.440937 0.362700
vt 0.444116 0.362700
vt 0.438275 0.362609
vt 0.494366 0.668680
vt 0.491409 0.659847
vt 0.484930 0.660252
vt 0.486779 0.668855
vt 0.488120 0.677867
vt 0.494162 0.678267
vt 0.500537 0.671675
vt 0.502195 0.666022
vt 0.498711 0.664035
vt 0.496838 0.658926
vt 0.499284 0.679312
vt 0.426743 0.611449
vt 0.433291 0.602503
vt 0.427873 0.597752
vt 0.421840 0.602920
vt 0.435848 0.613631
vt 0.439519 0.604827
vt 0.415644 0.606654
vt 0.418090 0.615501
vt 0.569346 0.184583
vt 0.562775 0.191661
vt 0.572425 0.194722
vt 0.560628 0.177963
vt 0.556839 0.186633
vt 0.572058 0.172280
vt 0.563395 0.168040
vt 0.581241 0.184729
vt 0.581533 0.174810
vt 0.581145 0.193130
vt 0.630968 0.196203
vt 0.638041 0.198377
vt 0.641559 0.201648
vt 0.641879 0.201313
vt 0.645887 0.196768
vt 0.646320 0.191786
vt 0.645535 0.200784
vt 0.641211 0.711284
vt 0.642039 0.711281
vt 0.640909 0.709220
vt 0.639800 0.710307
vt 0.641200 0.712677
vt 0.642116 0.713574
vt 0.638971 0.712112
vt 0.937807 0.692238
vt 0.937287 0.691031
vt 0.936641 0.693478
vt 0.940790 0.692382
vt 0.940712 0.690316
vt 0.940290 0.694437
vt 0.644141 0.451732
vt 0.644210 0.453286
vt 0.646604 0.453211
vt 0.645726 0.450957
vt 0.640889 0.450848
vt 0.640226 0.452888
vt 0.642209 0.449070
vt 0.642953 0.458597
vt 0.640098 0.459249
vt 0.641082 0.461378
vt 0.644381 0.459568
vt 0.645825 0.457454
vt 0.643443 0.457047
vt 0.639803 0.457107
vt 0.564654 0.283365
vt 0.567608 0.282273
vt 0.566886 0.280772
vt 0.563212 0.282754
vt 0.564278 0.284676
vt 0.567877 0.283977
vt 0.561904 0.284244
vt 0.651280 0.331298
vt 0.651348 0.332930
vt 0.654007 0.332429
vt 0.653034 0.331145
vt 0.648592 0.330728
vt 0.647878 0.332903
vt 0.649581 0.328968
vt 0.654291 0.340176
vt 0.656083 0.340701
vt 0.656823 0.338297
vt 0.654235 0.338622
vt 0.652337 0.341264
vt 0.653914 0.343236
vt 0.651476 0.339260
vt 0.560916 0.286311
vt 0.559842 0.286917
vt 0.561119 0.288643
vt 0.562168 0.287189
vt 0.562221 0.286225
vt 0.560887 0.285319
vt 0.559348 0.285339
vt 0.560833 0.284251
vt 0.559316 0.283801
vt 0.557170 0.286025
vt 0.558131 0.288246
vt 0.556943 0.283584
vt 0.559636 0.282284
vt 0.557631 0.281426
vt 0.656680 0.333647
vt 0.654031 0.334324
vt 0.654072 0.336508
vt 0.656911 0.335961
vt 0.656168 0.331631
vt 0.651047 0.334957
vt 0.651017 0.337133
vt 0.647555 0.335250
vt 0.647649 0.337610
vt 0.643126 0.335397
vt 0.643023 0.338193
vt 0.643666 0.332726
vt 0.644544 0.330101
vt 0.636672 0.332577
vt 0.636225 0.335852
vt 0.637321 0.329619
vt 0.645277 0.326878
vt 0.637743 0.326408
vt 0.628261 0.329921
vt 0.627543 0.332956
vt 0.628978 0.326575
vt 0.638152 0.323004
vt 0.629743 0.322985
vt 0.620955 0.325815
vt 0.620257 0.329397
vt 0.621535 0.322344
vt 0.591087 0.266754
vt 0.582831 0.267747
vt 0.583166 0.271037
vt 0.591105 0.270037
vt 0.613753 0.321243
vt 0.613396 0.325017
vt 0.599318 0.270331
vt 0.599163 0.266949
vt 0.591361 0.273579
vt 0.599494 0.273516
vt 0.607557 0.269264
vt 0.607380 0.265797
vt 0.607613 0.272420
vt 0.599670 0.276725
vt 0.607703 0.275546
vt 0.616185 0.269587
vt 0.615973 0.265820
vt 0.616432 0.273452
vt 0.607892 0.278736
vt 0.616637 0.277526
vt 0.625036 0.272638
vt 0.624738 0.268083
vt 0.625368 0.277387
vt 0.617094 0.281422
vt 0.625850 0.281735
vt 0.633798 0.276379
vt 0.633560 0.272197
vt 0.634107 0.280405
vt 0.626459 0.285433
vt 0.634608 0.284236
vt 0.643105 0.278780
vt 0.643296 0.274687
vt 0.643031 0.283368
vt 0.635499 0.288213
vt 0.643705 0.287874
vt 0.651339 0.283431
vt 0.652293 0.278381
vt 0.651338 0.288176
vt 0.644471 0.291818
vt 0.651608 0.292323
vt 0.657004 0.288999
vt 0.657461 0.283958
vt 0.656952 0.293159
vt 0.651622 0.296058
vt 0.657049 0.296995
vt 0.461355 0.744430
vt 0.458072 0.743092
vt 0.457208 0.746833
vt 0.460927 0.748179
vt 0.462252 0.741196
vt 0.459154 0.739389
vt 0.464047 0.738215
vt 0.460801 0.735573
vt 0.457066 0.738758
vt 0.456835 0.742573
vt 0.457898 0.734543
vt 0.455660 0.742241
vt 0.455721 0.746031
vt 0.456100 0.746427
vt 0.453775 0.742251
vt 0.454226 0.745854
vt 0.450941 0.742948
vt 0.451666 0.746526
vt 0.560850 0.742035
vt 0.566505 0.741128
vt 0.565348 0.736793
vt 0.560155 0.737904
vt 0.660912 0.716677
vt 0.660674 0.720207
vt 0.666533 0.720564
vt 0.666304 0.717134
vt 0.673375 0.720106
vt 0.673065 0.716866
vt 0.666813 0.723753
vt 0.673517 0.723054
vt 0.660836 0.723717
vt 0.667131 0.727046
vt 0.673612 0.726161
vt 0.661251 0.727487
vt 0.667356 0.730646
vt 0.673672 0.729632
vt 0.661780 0.731342
vt 0.662251 0.735330
vt 0.667609 0.734486
vt 0.439497 0.739115
vt 0.433302 0.737935
vt 0.436298 0.740662
vt 0.430476 0.740908
vt 0.433740 0.743115
vt 0.430078 0.736576
vt 0.427842 0.739651
vt 0.427597 0.739582
vt 0.426389 0.743287
vt 0.426794 0.743443
vt 0.422778 0.738831
vt 0.422980 0.742580
vt 0.417730 0.741013
vt 0.418747 0.744010
vt 0.985913 0.674819
vt 0.978232 0.675777
vt 0.978431 0.679621
vt 0.986195 0.678605
vt 0.935001 0.415646
vt 0.934889 0.418976
vt 0.941920 0.419691
vt 0.942181 0.416358
vt 0.949994 0.419537
vt 0.950296 0.416417
vt 0.941904 0.422891
vt 0.949740 0.422634
vt 0.934614 0.422566
vt 0.941976 0.426159
vt 0.949506 0.425792
vt 0.934440 0.426159
vt 0.942052 0.429318
vt 0.949305 0.428981
vt 0.934279 0.429590
vt 0.934162 0.433023
vt 0.942151 0.432840
vt 0.406696 0.735500
vt 0.408076 0.728526
vt 0.404540 0.728140
vt 0.403455 0.735271
vt 0.408965 0.722455
vt 0.404859 0.721852
vt 0.408980 0.715921
vt 0.404488 0.715319
vt 0.414041 0.717439
vt 0.420436 0.719117
vt 0.413542 0.709243
vt 0.408220 0.708294
vt 0.419993 0.710786
vt 0.427799 0.711851
vt 0.418850 0.702082
vt 0.412364 0.700860
vt 0.426814 0.702947
vt 0.436183 0.712707
vt 0.435485 0.703756
vt 0.426104 0.695007
vt 0.418133 0.694722
vt 0.434876 0.695690
vt 0.443711 0.704276
vt 0.443203 0.696405
vt 0.434210 0.688271
vt 0.425651 0.687796
vt 0.442577 0.688814
vt 0.451517 0.696475
vt 0.451133 0.688849
vt 0.441909 0.680903
vt 0.433641 0.680513
vt 0.450440 0.680974
vt 0.459753 0.688165
vt 0.458950 0.680470
vt 0.449352 0.672655
vt 0.441358 0.672602
vt 0.457358 0.672166
vt 0.467073 0.679705
vt 0.465210 0.671571
vt 0.455000 0.663597
vt 0.448294 0.663760
vt 0.462566 0.663354
vt 0.472799 0.670294
vt 0.470523 0.662239
vt 0.461596 0.654189
vt 0.454701 0.654167
vt 0.468993 0.654106
vt 0.477760 0.661606
vt 0.476312 0.653871
vt 0.469008 0.646003
vt 0.461979 0.645121
vt 0.476578 0.646934
vt 0.484055 0.653373
vt 0.484554 0.647548
vt 0.478135 0.640408
vt 0.470587 0.638697
vt 0.485908 0.642163
vt 0.491272 0.648707
vt 0.492746 0.644043
vt 0.487681 0.636934
vt 0.480360 0.634433
vt 0.494521 0.639458
vt 0.498952 0.646363
vt 0.500475 0.642750
vt 0.496180 0.635153
vt 0.489748 0.631957
vt 0.501843 0.639372
vt 0.670501 0.428622
vt 0.670539 0.432845
vt 0.678561 0.435376
vt 0.678939 0.431505
vt 0.503258 0.636190
vt 0.497830 0.631253
vt 0.679190 0.427720
vt 0.670319 0.424590
vt 0.688158 0.434783
vt 0.688966 0.430881
vt 0.679460 0.423979
vt 0.670094 0.420310
vt 0.689573 0.426980
vt 0.698660 0.433987
vt 0.699604 0.430149
vt 0.690077 0.423254
vt 0.679941 0.419691
vt 0.700851 0.426209
vt 0.708471 0.433313
vt 0.710917 0.429782
vt 0.478268 0.345281
vt 0.478963 0.349275
vt 0.490128 0.347257
vt 0.488923 0.343237
vt 0.468121 0.346971
vt 0.468490 0.351122
vt 0.457720 0.349533
vt 0.458538 0.353417
vt 0.469102 0.355341
vt 0.479465 0.353830
vt 0.459460 0.357311
vt 0.451947 0.355417
vt 0.452748 0.358876
vt 0.460146 0.360823
vt 0.469658 0.359134
vt 0.453277 0.362111
vt 0.448213 0.359874
vt 0.448362 0.362652
vt 0.453256 0.364666
vt 0.460727 0.364040
vt 0.448419 0.365566
vt 0.443466 0.364999
vt 0.448463 0.367541
vt 0.453645 0.367816
vt 0.443927 0.366743
vt 0.440944 0.363822
vt 0.440550 0.365831
vt 0.443799 0.368719
vt 0.448410 0.369885
vt 0.442886 0.370650
vt 0.448101 0.372381
vt 0.441287 0.372708
vt 0.447278 0.375274
vt 0.728465 0.467231
vt 0.722493 0.470372
vt 0.731670 0.463238
vt 0.454803 0.377275
vt 0.454548 0.373761
vt 0.714195 0.467360
vt 0.714532 0.471212
vt 0.705606 0.466013
vt 0.705238 0.470233
vt 0.714276 0.463339
vt 0.706236 0.462017
vt 0.714866 0.459399
vt 0.706993 0.457973
vt 0.715757 0.455688
vt 0.708072 0.453845
vt 0.721969 0.457067
vt 0.726798 0.457821
vt 0.722459 0.454125
vt 0.716735 0.452340
vt 0.727201 0.455555
vt 0.730167 0.458758
vt 0.730757 0.456771
vt 0.727809 0.453504
vt 0.723227 0.451481
vt 0.731483 0.455219
vt 0.733664 0.458071
vt 0.734484 0.456662
vt 0.732424 0.453792
vt 0.729331 0.452104
vt 0.735417 0.455021
vt 0.435308 0.362759
vt 0.438021 0.363478
vt 0.436662 0.361168
vt 0.434559 0.364406
vt 0.437454 0.365047
vt 0.724570 0.448870
vt 0.725933 0.446988
vt 0.721899 0.443977
vt 0.719622 0.446575
vt 0.727890 0.444573
vt 0.723901 0.441556
vt 0.730148 0.442257
vt 0.726437 0.438970
vt 0.446459 0.353488
vt 0.447531 0.356871
vt 0.451132 0.351796
vt 0.441608 0.355865
vt 0.720622 0.434898
vt 0.718096 0.437872
vt 0.715676 0.440533
vt 0.705696 0.437323
vt 0.703636 0.440641
vt 0.713437 0.443460
vt 0.697291 0.437654
vt 0.696131 0.441412
vt 0.702042 0.443675
vt 0.687236 0.438820
vt 0.686136 0.442868
vt 0.694717 0.445600
vt 0.677886 0.439507
vt 0.676719 0.443876
vt 0.684725 0.447063
vt 0.669961 0.437311
vt 0.669305 0.441614
vt 0.668594 0.446141
vt 0.675464 0.448397
vt 0.497896 0.650022
vt 0.490442 0.653893
vt 0.497271 0.653953
vt 0.667207 0.451760
vt 0.673945 0.454087
vt 0.672438 0.459405
vt 0.680282 0.460328
vt 0.681539 0.455963
vt 0.666014 0.458148
vt 0.683214 0.451485
vt 0.690926 0.458684
vt 0.692146 0.454510
vt 0.693409 0.450034
vt 0.698332 0.455617
vt 0.699511 0.450900
vt 0.700785 0.446870
vt 0.709601 0.449981
vt 0.711451 0.446544
vt 0.718035 0.449357
vt 0.697442 0.460414
vt 0.696899 0.464595
vt 0.689661 0.462081
vt 0.688574 0.465896
vt 0.696205 0.468439
vt 0.679398 0.463456
vt 0.489560 0.377514
vt 0.490008 0.373797
vt 0.479873 0.373331
vt 0.480322 0.376976
vt 0.497323 0.377755
vt 0.498290 0.374280
vt 0.671390 0.462667
vt 0.503049 0.378103
vt 0.504322 0.374717
vt 0.665389 0.462875
vt 0.506109 0.371538
vt 0.499424 0.370866
vt 0.505039 0.667479
vt 0.504912 0.673051
vt 0.508925 0.674181
vt 0.508171 0.668040
vt 0.503896 0.680578
vt 0.508644 0.681792
vt 0.502573 0.688649
vt 0.506929 0.688915
vt 0.498240 0.688237
vt 0.497419 0.698144
vt 0.501879 0.697730
vt 0.493714 0.687801
vt 0.492737 0.698269
vt 0.488564 0.687462
vt 0.487664 0.698046
vt 0.482427 0.687246
vt 0.481788 0.697600
vt 0.481800 0.677955
vt 0.474672 0.678736
vt 0.475438 0.687423
vt 0.479926 0.669237
vt 0.467902 0.687709
vt 0.467877 0.696114
vt 0.475134 0.696850
vt 0.459934 0.695993
vt 0.460014 0.704429
vt 0.467700 0.704897
vt 0.451882 0.704422
vt 0.452546 0.713246
vt 0.444382 0.713103
vt 0.453138 0.721997
vt 0.474683 0.706096
vt 0.480435 0.717041
vt 0.481078 0.707299
vt 0.486996 0.707872
vt 0.492026 0.707587
vt 0.496700 0.707177
vt 0.501487 0.715795
vt 0.501167 0.706713
vt 0.501831 0.724354
vt 0.505912 0.722947
vt 0.505722 0.714504
vt 0.505480 0.705930
vt 0.509780 0.713257
vt 0.509531 0.704951
vt 0.506064 0.697200
vt 0.510093 0.696684
vt 0.531485 0.164098
vt 0.531466 0.172602
vt 0.535392 0.171702
vt 0.535491 0.163183
vt 0.511072 0.689197
vt 0.535011 0.155150
vt 0.531184 0.156395
vt 0.539456 0.162528
vt 0.539038 0.154109
vt 0.532567 0.147336
vt 0.528965 0.149792
vt 0.537208 0.145753
vt 0.543503 0.153511
vt 0.542296 0.144846
vt 0.543758 0.162268
vt 0.549034 0.162765
vt 0.549053 0.153779
vt 0.548301 0.144854
vt 0.556309 0.155349
vt 0.556301 0.146337
vt 0.555778 0.137734
vt 0.565175 0.149014
vt 0.565177 0.140543
vt 0.555438 0.129842
vt 0.565254 0.132728
vt 0.574632 0.143488
vt 0.574879 0.135543
vt 0.565829 0.125245
vt 0.556173 0.122240
vt 0.575344 0.127930
vt 0.584414 0.137800
vt 0.584770 0.129996
vt 0.576414 0.120368
vt 0.566894 0.117897
vt 0.585233 0.122282
vt 0.594172 0.130965
vt 0.594316 0.123105
vt 0.585855 0.114535
vt 0.577142 0.112927
vt 0.594459 0.115283
vt 0.603131 0.123024
vt 0.602884 0.115094
vt 0.594642 0.107426
vt 0.586629 0.106733
vt 0.602597 0.107246
vt 0.611127 0.113621
vt 0.610469 0.105672
vt 0.602292 0.099354
vt 0.594892 0.099447
vt 0.609683 0.098005
vt 0.618197 0.102822
vt 0.616919 0.095441
vt 0.608829 0.090337
vt 0.602058 0.091181
vt 0.615439 0.088394
vt 0.623567 0.092362
vt 0.621609 0.085805
vt 0.614062 0.080874
vt 0.608113 0.082135
vt 0.619896 0.078957
vt 0.627505 0.082984
vt 0.625628 0.076408
vt 0.618564 0.071188
vt 0.613101 0.072611
vt 0.624131 0.069034
vt 0.631234 0.073795
vt 0.629567 0.066658
vt 0.622718 0.060962
vt 0.617488 0.062761
vt 0.628143 0.058902
vt 0.635227 0.064578
vt 0.633994 0.057096
vt 0.627381 0.053792
vt 0.621921 0.055589
vt 0.633369 0.052229
vt 0.640234 0.055805
vt 0.639727 0.051143
vt 0.383414 0.606388
vt 0.384814 0.613334
vt 0.390991 0.612112
vt 0.389593 0.605135
vt 0.641186 0.062993
vt 0.388628 0.600710
vt 0.382487 0.601905
vt 0.395684 0.604094
vt 0.394521 0.599581
vt 0.397263 0.611229
vt 0.403477 0.610392
vt 0.401577 0.602929
vt 0.400162 0.598232
vt 0.407262 0.601376
vt 0.405513 0.596531
vt 0.409555 0.609018
vt 0.412626 0.599109
vt 0.410448 0.594314
vt 0.417778 0.596043
vt 0.415138 0.591617
vt 0.423197 0.592200
vt 0.420299 0.588361
vt 0.428870 0.587957
vt 0.425836 0.584769
vt 0.433743 0.592352
vt 0.438852 0.595740
vt 0.439888 0.587408
vt 0.435029 0.583469
vt 0.444221 0.590249
vt 0.444163 0.597733
vt 0.448185 0.592109
vt 0.541909 0.063488
vt 0.548104 0.066418
vt 0.549906 0.060792
vt 0.542919 0.058352
vt 0.540728 0.067743
vt 0.545849 0.071538
vt 0.538362 0.072128
vt 0.543124 0.076835
vt 0.550845 0.074972
vt 0.553284 0.068342
vt 0.547918 0.081494
vt 0.539653 0.082277
vt 0.544294 0.087900
vt 0.552947 0.085668
vt 0.556018 0.078027
vt 0.549349 0.092933
vt 0.540260 0.094789
vt 0.545483 0.100039
vt 0.555429 0.096941
vt 0.558631 0.089195
vt 0.552006 0.104168
vt 0.549053 0.111382
vt 0.557685 0.114871
vt 0.559821 0.107662
vt 0.541652 0.107545
vt 0.562592 0.100377
vt 0.568400 0.110593
vt 0.570432 0.103188
vt 0.565407 0.092515
vt 0.572766 0.095320
vt 0.578547 0.105293
vt 0.580233 0.097394
vt 0.574842 0.086964
vt 0.567930 0.084266
vt 0.581819 0.089055
vt 0.587564 0.098757
vt 0.588629 0.090440
vt 0.583328 0.080311
vt 0.576763 0.078292
vt 0.589704 0.081715
vt 0.595283 0.091111
vt 0.595858 0.082439
vt 0.590851 0.072781
vt 0.584937 0.071437
vt 0.596546 0.073541
vt 0.602009 0.082630
vt 0.602148 0.073786
vt 0.597366 0.064748
vt 0.592178 0.064035
vt 0.602476 0.065042
vt 0.607677 0.073465
vt 0.607447 0.064833
vt 0.602756 0.059305
vt 0.597985 0.059064
vt 0.607335 0.059057
vt 0.612422 0.064078
vt 0.612010 0.058343
vt 0.616858 0.057180
vt 0.593047 0.058386
vt 0.587899 0.057218
vt 0.586746 0.062808
vt 0.582469 0.055694
vt 0.581106 0.061197
vt 0.576847 0.054267
vt 0.575346 0.059520
vt 0.571200 0.053191
vt 0.569578 0.058001
vt 0.565533 0.052287
vt 0.563815 0.056561
vt 0.559342 0.051249
vt 0.557824 0.055288
vt 0.552223 0.050076
vt 0.551313 0.054360
vt 0.544547 0.047720
vt 0.543840 0.052063
vt 0.431886 0.580518
vt 0.555699 0.061934
vt 0.561107 0.063335
vt 0.558486 0.070581
vt 0.561575 0.081217
vt 0.564229 0.073197
vt 0.566732 0.065461
vt 0.570325 0.075848
vt 0.572803 0.067538
vt 0.578857 0.069609
vt 0.535580 0.102458
vt 0.531113 0.110647
vt 0.530481 0.096731
vt 0.525144 0.105149
vt 0.535538 0.088836
vt 0.530925 0.082934
vt 0.525952 0.090754
vt 0.535061 0.076868
vt 0.458091 0.596644
vt 0.454212 0.601928
vt 0.460584 0.605166
vt 0.464615 0.600073
vt 0.452850 0.594030
vt 0.448958 0.599610
vt 0.445548 0.606275
vt 0.451456 0.607844
vt 0.443278 0.614468
vt 0.449916 0.615207
vt 0.442370 0.624100
vt 0.449657 0.624234
vt 0.434256 0.624150
vt 0.434459 0.634653
vt 0.441978 0.634292
vt 0.426730 0.624455
vt 0.427222 0.635373
vt 0.419229 0.626071
vt 0.419784 0.636185
vt 0.412306 0.627167
vt 0.412500 0.636173
vt 0.411338 0.617762
vt 0.404828 0.618755
vt 0.405601 0.627263
vt 0.398491 0.619012
vt 0.399138 0.626936
vt 0.392203 0.619360
vt 0.392836 0.626706
vt 0.386012 0.620154
vt 0.386634 0.626919
vt 0.642709 0.069866
vt 0.636842 0.071610
vt 0.638767 0.078300
vt 0.644724 0.076544
vt 0.633128 0.080399
vt 0.635246 0.087030
vt 0.640795 0.085216
vt 0.629607 0.089402
vt 0.631296 0.096428
vt 0.637009 0.094236
vt 0.625128 0.099473
vt 0.626357 0.107458
vt 0.632542 0.104357
vt 0.619222 0.110856
vt 0.620070 0.119579
vt 0.627547 0.116523
vt 0.611700 0.121885
vt 0.612175 0.130236
vt 0.620788 0.128533
vt 0.603305 0.131052
vt 0.603358 0.139301
vt 0.612503 0.138734
vt 0.593985 0.138998
vt 0.593629 0.147361
vt 0.603161 0.147829
vt 0.584039 0.145945
vt 0.583485 0.154711
vt 0.593016 0.156248
vt 0.574306 0.152123
vt 0.573549 0.161717
vt 0.582595 0.164353
vt 0.564725 0.158210
vt 0.555606 0.164578
vt 0.553951 0.173990
vt 0.548253 0.172029
vt 0.546810 0.181617
vt 0.551510 0.183227
vt 0.543420 0.171270
vt 0.542562 0.180841
vt 0.539272 0.171225
vt 0.538689 0.180510
vt 0.534870 0.180578
vt 0.533890 0.189527
vt 0.537437 0.189504
vt 0.530960 0.181047
vt 0.530056 0.189816
vt 0.528677 0.197044
vt 0.532321 0.197140
vt 0.509815 0.721874
vt 0.505626 0.729584
vt 0.509377 0.729077
vt 0.561839 0.451042
vt 0.567704 0.450174
vt 0.566797 0.446180
vt 0.560204 0.447161
vt 0.563102 0.455219
vt 0.568530 0.454528
vt 0.501740 0.730104
vt 0.563946 0.459745
vt 0.569305 0.459121
vt 0.575025 0.458572
vt 0.574485 0.454162
vt 0.569883 0.463474
vt 0.575436 0.462679
vt 0.564650 0.464512
vt 0.570350 0.467602
vt 0.575695 0.466655
vt 0.565752 0.468951
vt 0.570509 0.471216
vt 0.575787 0.470159
vt 0.566513 0.472454
vt 0.565037 0.375605
vt 0.564199 0.379209
vt 0.568262 0.379037
vt 0.569251 0.375342
vt 0.488731 0.738110
vt 0.486481 0.737837
vt 0.485154 0.741567
vt 0.487126 0.741125
vt 0.482757 0.741583
vt 0.482348 0.745060
vt 0.484489 0.745281
vt 0.478750 0.742170
vt 0.478674 0.745261
vt 0.559982 0.331666
vt 0.565104 0.331140
vt 0.564662 0.327388
vt 0.559612 0.328421
vt 0.571586 0.330783
vt 0.571566 0.327033
vt 0.571555 0.334525
vt 0.578807 0.334587
vt 0.579191 0.331013
vt 0.571394 0.338288
vt 0.578455 0.338368
vt 0.571208 0.341946
vt 0.578211 0.342126
vt 0.571180 0.345596
vt 0.578160 0.345657
vt 0.564339 0.346016
vt 0.564849 0.349763
vt 0.571439 0.349186
vt 0.557256 0.347041
vt 0.558578 0.350910
vt 0.565769 0.353469
vt 0.571995 0.352583
vt 0.560437 0.354727
vt 0.651409 0.299836
vt 0.644897 0.295406
vt 0.644975 0.298899
vt 0.657003 0.301021
vt 0.637231 0.295040
vt 0.637753 0.298248
vt 0.636442 0.291793
vt 0.627767 0.291799
vt 0.628439 0.294993
vt 0.627095 0.288598
vt 0.618039 0.288368
vt 0.618543 0.291684
vt 0.617592 0.285005
vt 0.608411 0.285170
vt 0.608769 0.288261
vt 0.608132 0.281969
vt 0.599978 0.282956
vt 0.600113 0.285953
vt 0.599826 0.279900
vt 0.592727 0.280742
vt 0.592941 0.283832
vt 0.592040 0.277335
vt 0.584388 0.278101
vt 0.585199 0.281386
vt 0.583565 0.274522
vt 0.576453 0.276816
vt 0.577017 0.279267
vt 0.575893 0.274137
vt 0.571313 0.276057
vt 0.572711 0.277879
vt 0.575083 0.271153
vt 0.569186 0.274136
vt 0.562595 0.275987
vt 0.564290 0.277782
vt 0.644680 0.323966
vt 0.650630 0.327126
vt 0.558211 0.279434
vt 0.560077 0.280750
vt 0.654899 0.330223
vt 0.560591 0.283425
vt 0.561615 0.281823
vt 0.565758 0.279286
vt 0.573247 0.279775
vt 0.573332 0.281580
vt 0.577568 0.281552
vt 0.572797 0.283485
vt 0.577913 0.283977
vt 0.585722 0.284352
vt 0.577959 0.286868
vt 0.586059 0.287192
vt 0.593105 0.286732
vt 0.586473 0.290354
vt 0.593508 0.289873
vt 0.600431 0.288877
vt 0.593924 0.292894
vt 0.600882 0.292126
vt 0.609121 0.291548
vt 0.601371 0.295562
vt 0.609569 0.295121
vt 0.619102 0.295014
vt 0.610133 0.298698
vt 0.619651 0.298303
vt 0.628953 0.298121
vt 0.587518 0.351188
vt 0.596530 0.349897
vt 0.596089 0.346853
vt 0.586932 0.348143
vt 0.578415 0.348943
vt 0.579025 0.352067
vt 0.586640 0.344954
vt 0.595976 0.343777
vt 0.596036 0.340633
vt 0.586610 0.341596
vt 0.605168 0.343026
vt 0.605133 0.339838
vt 0.605343 0.346104
vt 0.613329 0.345668
vt 0.612936 0.342549
vt 0.605818 0.349333
vt 0.613857 0.348867
vt 0.620351 0.348376
vt 0.619557 0.345226
vt 0.601852 0.299066
vt 0.594481 0.295951
vt 0.595160 0.299225
vt 0.587251 0.296312
vt 0.587861 0.299251
vt 0.586870 0.293356
vt 0.578715 0.293111
vt 0.578750 0.296243
vt 0.578345 0.290067
vt 0.571015 0.289105
vt 0.571450 0.292161
vt 0.571656 0.285797
vt 0.568048 0.285864
vt 0.567608 0.287736
vt 0.564308 0.286357
vt 0.564705 0.287528
vt 0.561899 0.285378
vt 0.564299 0.288674
vt 0.567271 0.290438
vt 0.563291 0.290767
vt 0.566561 0.293066
vt 0.571538 0.295127
vt 0.565350 0.295830
vt 0.570886 0.298357
vt 0.578717 0.299545
vt 0.636568 0.348061
vt 0.644274 0.347137
vt 0.643558 0.343999
vt 0.636269 0.344782
vt 0.626800 0.344609
vt 0.627482 0.347769
vt 0.636074 0.341760
vt 0.626500 0.341483
vt 0.619012 0.342016
vt 0.626590 0.338556
vt 0.618876 0.338904
vt 0.612736 0.339327
vt 0.619101 0.335951
vt 0.612725 0.336108
vt 0.605143 0.336587
vt 0.612882 0.332741
vt 0.605193 0.333117
vt 0.596107 0.337428
vt 0.596345 0.334177
vt 0.605285 0.329254
vt 0.596604 0.330796
vt 0.587140 0.334541
vt 0.586796 0.338036
vt 0.587533 0.331226
vt 0.596820 0.327254
vt 0.587865 0.328031
vt 0.579570 0.327485
vt 0.588213 0.324430
vt 0.579929 0.323947
vt 0.571657 0.323290
vt 0.641593 0.259272
vt 0.633030 0.259649
vt 0.633099 0.263618
vt 0.642171 0.263209
vt 0.564060 0.323449
vt 0.651100 0.261706
vt 0.649259 0.257645
vt 0.642805 0.267376
vt 0.652608 0.265784
vt 0.657188 0.259584
vt 0.654408 0.255181
vt 0.659362 0.263919
vt 0.653444 0.269867
vt 0.660595 0.268844
vt 0.576986 0.208068
vt 0.575800 0.203741
vt 0.572889 0.209889
vt 0.581673 0.207657
vt 0.581592 0.202890
vt 0.586133 0.208660
vt 0.587027 0.204022
vt 0.581392 0.198548
vt 0.574235 0.199851
vt 0.588184 0.200200
vt 0.660202 0.273754
vt 0.653357 0.273957
vt 0.658763 0.278815
vt 0.590454 0.210971
vt 0.643229 0.271210
vt 0.633240 0.267886
vt 0.624551 0.263912
vt 0.624492 0.259591
vt 0.615690 0.261858
vt 0.597029 0.323568
vt 0.605648 0.325092
vt 0.605307 0.321192
vt 0.613102 0.329025
vt 0.619594 0.332828
vt 0.626970 0.335768
vt 0.636025 0.338857
vt 0.643166 0.341069
vt 0.648155 0.339981
vt 0.648849 0.342642
vt 0.650017 0.345513
vt 0.594225 0.214255
vt 0.569114 0.212860
vt 0.558565 0.324309
vt 0.566274 0.215591
vt 0.561768 0.292961
vt 0.559572 0.290364
vt 0.486463 0.744613
vt 0.562672 0.382703
vt 0.567134 0.382947
vt 0.573077 0.382806
vt 0.574005 0.378794
vt 0.566147 0.387126
vt 0.572330 0.387241
vt 0.560810 0.386186
vt 0.565772 0.391386
vt 0.572610 0.391584
vt 0.559122 0.390216
vt 0.565547 0.395453
vt 0.573599 0.395498
vt 0.557817 0.394565
vt 0.557017 0.399534
vt 0.565564 0.399537
vt 0.554664 0.203468
vt 0.558453 0.197113
vt 0.553607 0.193417
vt 0.550876 0.201190
vt 0.549133 0.192062
vt 0.547159 0.199722
vt 0.544744 0.190594
vt 0.543328 0.198499
vt 0.540847 0.189778
vt 0.539471 0.197775
vt 0.535807 0.197319
vt 0.560781 0.416487
vt 0.568854 0.414362
vt 0.567466 0.411007
vt 0.558916 0.412769
vt 0.556943 0.440108
vt 0.558525 0.443562
vt 0.565908 0.442432
vt 0.564951 0.439067
vt 0.573122 0.442751
vt 0.572906 0.439285
vt 0.573503 0.446245
vt 0.580404 0.447122
vt 0.580386 0.443643
vt 0.573963 0.450011
vt 0.580576 0.450672
vt 0.580882 0.454435
vt 0.587866 0.454784
vt 0.587799 0.451422
vt 0.581229 0.458404
vt 0.587975 0.458255
vt 0.581622 0.462179
vt 0.588129 0.461699
vt 0.581854 0.465948
vt 0.588318 0.465234
vt 0.581970 0.469591
vt 0.588626 0.468692
vt 0.581118 0.375334
vt 0.580758 0.378907
vt 0.588141 0.378683
vt 0.587968 0.375345
vt 0.574744 0.375110
vt 0.580453 0.382446
vt 0.588703 0.381926
vt 0.580573 0.385946
vt 0.589340 0.385089
vt 0.581061 0.389257
vt 0.589967 0.388103
vt 0.581900 0.392832
vt 0.590683 0.391991
vt 0.583002 0.396777
vt 0.591253 0.395907
vt 0.574582 0.398989
vt 0.575294 0.402659
vt 0.584124 0.400978
vt 0.565653 0.403304
vt 0.566352 0.407348
vt 0.575818 0.406338
vt 0.556943 0.404086
vt 0.557607 0.408548
vt 0.576408 0.409847
vt 0.584746 0.409422
vt 0.584650 0.405112
vt 0.577035 0.413475
vt 0.584903 0.413401
vt 0.592961 0.412740
vt 0.592461 0.408245
vt 0.580492 0.439951
vt 0.588105 0.444174
vt 0.588401 0.440141
vt 0.597090 0.443423
vt 0.597355 0.439815
vt 0.587968 0.447900
vt 0.596855 0.447114
vt 0.596877 0.450708
vt 0.605254 0.450519
vt 0.605415 0.446829
vt 0.596990 0.454195
vt 0.605214 0.454042
vt 0.597111 0.457627
vt 0.605223 0.457368
vt 0.597209 0.460937
vt 0.605313 0.460542
vt 0.597293 0.464247
vt 0.605376 0.463636
vt 0.597406 0.467461
vt 0.605495 0.466763
vt 0.597373 0.373975
vt 0.597236 0.377487
vt 0.605629 0.376811
vt 0.605386 0.373398
vt 0.597600 0.381063
vt 0.605934 0.380565
vt 0.597952 0.384919
vt 0.606340 0.384392
vt 0.598408 0.388573
vt 0.606790 0.387950
vt 0.598869 0.392090
vt 0.607284 0.391239
vt 0.599272 0.395670
vt 0.607938 0.394610
vt 0.599769 0.399308
vt 0.608584 0.398032
vt 0.591841 0.400004
vt 0.592164 0.403884
vt 0.600361 0.402858
vt 0.601080 0.406527
vt 0.609753 0.404905
vt 0.609140 0.401461
vt 0.601771 0.410023
vt 0.610428 0.408221
vt 0.618821 0.407193
vt 0.618004 0.403795
vt 0.605867 0.440161
vt 0.605667 0.443323
vt 0.613749 0.444594
vt 0.613940 0.441114
vt 0.613770 0.448131
vt 0.621330 0.448937
vt 0.621677 0.445727
vt 0.613914 0.451545
vt 0.621058 0.451743
vt 0.614052 0.454239
vt 0.620843 0.454485
vt 0.614236 0.457228
vt 0.620686 0.457259
vt 0.614318 0.460318
vt 0.620704 0.460124
vt 0.614349 0.463368
vt 0.620930 0.463076
vt 0.614303 0.466428
vt 0.621157 0.466042
vt 0.614496 0.373161
vt 0.614207 0.376550
vt 0.621641 0.376385
vt 0.621529 0.373228
vt 0.614116 0.380013
vt 0.621793 0.379544
vt 0.614393 0.383162
vt 0.622123 0.382547
vt 0.614879 0.386115
vt 0.622566 0.385347
vt 0.615427 0.389127
vt 0.623033 0.388265
vt 0.616005 0.392535
vt 0.623649 0.391439
vt 0.616594 0.396540
vt 0.624303 0.395006
vt 0.617249 0.400336
vt 0.625065 0.398547
vt 0.625999 0.401884
vt 0.633269 0.398253
vt 0.631696 0.395482
vt 0.627022 0.405165
vt 0.634716 0.401394
vt 0.622144 0.442410
vt 0.629352 0.446254
vt 0.630495 0.443165
vt 0.635922 0.447241
vt 0.637020 0.444422
vt 0.628769 0.449041
vt 0.635118 0.449690
vt 0.628416 0.451828
vt 0.634643 0.452371
vt 0.628190 0.454585
vt 0.634371 0.454776
vt 0.628076 0.457322
vt 0.634345 0.457251
vt 0.628094 0.460122
vt 0.634622 0.459859
vt 0.628274 0.463015
vt 0.635222 0.462613
vt 0.628453 0.466075
vt 0.635965 0.465467
vt 0.628964 0.373057
vt 0.628977 0.376191
vt 0.636371 0.376777
vt 0.636648 0.373914
vt 0.629727 0.379113
vt 0.636401 0.379440
vt 0.630533 0.382271
vt 0.636650 0.382427
vt 0.630440 0.385444
vt 0.636229 0.384362
vt 0.630191 0.388224
vt 0.635688 0.387279
vt 0.630459 0.390616
vt 0.635384 0.389735
vt 0.630892 0.392881
vt 0.635696 0.391896
vt 0.637086 0.394334
vt 0.644689 0.392013
vt 0.643066 0.390217
vt 0.639160 0.396347
vt 0.646404 0.393521
vt 0.640730 0.398060
vt 0.647046 0.394387
vt 0.649742 0.390386
vt 0.648104 0.389729
vt 0.643608 0.447068
vt 0.647067 0.449921
vt 0.650623 0.387064
vt 0.649018 0.387144
vt 0.648228 0.452732
vt 0.650556 0.384067
vt 0.648949 0.384643
vt 0.646408 0.455336
vt 0.648294 0.455382
vt 0.643819 0.455152
vt 0.647737 0.458037
vt 0.649366 0.381309
vt 0.647810 0.382410
vt 0.647034 0.378675
vt 0.645776 0.380383
vt 0.646076 0.460892
vt 0.643209 0.376213
vt 0.642308 0.378385
vt 0.642429 0.463588
vt 0.641862 0.380462
vt 0.645035 0.381936
vt 0.641910 0.382592
vt 0.644568 0.383537
vt 0.639879 0.454973
vt 0.646981 0.388944
vt 0.645739 0.388019
vt 0.591561 0.176465
vt 0.592233 0.165921
vt 0.601814 0.177308
vt 0.602141 0.166554
vt 0.612466 0.176042
vt 0.612351 0.166059
vt 0.602694 0.156828
vt 0.612464 0.156547
vt 0.622285 0.164752
vt 0.621923 0.155390
vt 0.612588 0.147475
vt 0.621656 0.146256
vt 0.630456 0.153606
vt 0.629866 0.144602
vt 0.621332 0.137376
vt 0.629376 0.135628
vt 0.636893 0.142988
vt 0.636189 0.134061
vt 0.628600 0.126272
vt 0.635110 0.124118
vt 0.641934 0.132946
vt 0.640709 0.122703
vt 0.633759 0.113714
vt 0.639325 0.111888
vt 0.645892 0.121999
vt 0.644659 0.111013
vt 0.638233 0.102279
vt 0.643674 0.101137
vt 0.650131 0.110766
vt 0.649301 0.100629
vt 0.642486 0.092784
vt 0.648155 0.091887
vt 0.387474 0.642268
vt 0.387851 0.650968
vt 0.393529 0.651007
vt 0.393302 0.642441
vt 0.646588 0.083903
vt 0.393196 0.634477
vt 0.387248 0.634312
vt 0.399211 0.642873
vt 0.399303 0.634959
vt 0.399187 0.651349
vt 0.404959 0.651994
vt 0.405365 0.643581
vt 0.405673 0.635599
vt 0.412114 0.644621
vt 0.411335 0.652995
vt 0.418689 0.654052
vt 0.419578 0.645447
vt 0.410778 0.661771
vt 0.417761 0.662618
vt 0.404936 0.661143
vt 0.405369 0.670875
vt 0.410902 0.670963
vt 0.399706 0.660845
vt 0.400479 0.670991
vt 0.394462 0.660791
vt 0.395788 0.671279
vt 0.388978 0.660997
vt 0.390987 0.671688
vt 0.392072 0.681767
vt 0.396807 0.681290
vt 0.650887 0.121661
vt 0.647067 0.132294
vt 0.651993 0.131879
vt 0.647777 0.141010
vt 0.652483 0.140455
vt 0.642750 0.141780
vt 0.643758 0.149810
vt 0.648732 0.148335
vt 0.637738 0.151573
vt 0.638995 0.159906
vt 0.644985 0.157453
vt 0.631320 0.162571
vt 0.646302 0.165152
vt 0.647835 0.172232
vt 0.652857 0.169359
vt 0.651297 0.162617
vt 0.649898 0.155226
vt 0.655728 0.160421
vt 0.654153 0.153380
vt 0.653126 0.147064
vt 0.393631 0.696619
vt 0.394429 0.702906
vt 0.398514 0.701717
vt 0.397737 0.695530
vt 0.397324 0.689393
vt 0.392757 0.690163
vt 0.401742 0.694629
vt 0.401705 0.688662
vt 0.401461 0.680735
vt 0.406262 0.688093
vt 0.406190 0.680207
vt 0.406264 0.694129
vt 0.411574 0.694217
vt 0.411456 0.687739
vt 0.411408 0.679854
vt 0.417714 0.687597
vt 0.417687 0.679799
vt 0.417481 0.671284
vt 0.425456 0.680073
vt 0.425320 0.671745
vt 0.425723 0.663231
vt 0.433394 0.672172
vt 0.433461 0.663620
vt 0.426452 0.654647
vt 0.434045 0.654488
vt 0.440987 0.663846
vt 0.441214 0.654217
vt 0.434623 0.644680
vt 0.427222 0.645365
vt 0.441625 0.644301
vt 0.448020 0.654159
vt 0.448233 0.644249
vt 0.449281 0.634348
vt 0.455232 0.644515
vt 0.456348 0.635150
vt 0.456732 0.625702
vt 0.463351 0.636778
vt 0.464377 0.628601
vt 0.456914 0.617391
vt 0.464891 0.621081
vt 0.472534 0.631884
vt 0.473999 0.625310
vt 0.466109 0.614803
vt 0.458060 0.610731
vt 0.475623 0.619485
vt 0.482589 0.628940
vt 0.484727 0.623820
vt 0.478178 0.614332
vt 0.468642 0.609381
vt 0.487253 0.619016
vt 0.491863 0.627397
vt 0.494148 0.623035
vt 0.490556 0.614254
vt 0.482058 0.609447
vt 0.496965 0.618451
vt 0.499636 0.627387
vt 0.502008 0.623135
vt 0.511086 0.114491
vt 0.516347 0.118414
vt 0.520535 0.112521
vt 0.515285 0.108066
vt 0.506570 0.119701
vt 0.511423 0.123242
vt 0.500363 0.124407
vt 0.504767 0.127800
vt 0.516295 0.128178
vt 0.522397 0.123996
vt 0.509181 0.132142
vt 0.511987 0.352673
vt 0.511140 0.345906
vt 0.500763 0.345845
vt 0.502130 0.351829
vt 0.502379 0.358024
vt 0.511866 0.359336
vt 0.491158 0.352373
vt 0.491547 0.357449
vt 0.501830 0.363267
vt 0.510439 0.364656
vt 0.491619 0.361935
vt 0.479991 0.357969
vt 0.480138 0.361783
vt 0.491265 0.366194
vt 0.500765 0.367108
vt 0.479812 0.365849
vt 0.469910 0.362724
vt 0.470353 0.366245
vt 0.479610 0.369807
vt 0.490656 0.370075
vt 0.471568 0.369587
vt 0.461415 0.367197
vt 0.462259 0.370400
vt 0.472430 0.372817
vt 0.463129 0.373804
vt 0.454066 0.370663
vt 0.463843 0.377597
vt 0.472609 0.376253
vt 0.508333 0.368295
vt 0.498949 0.340871
vt 0.509185 0.340052
vt 0.527354 0.118332
vt 0.669978 0.415492
vt 0.506839 0.629226
vt 0.504863 0.632875
vt 0.520393 0.099746
vt 0.472799 0.604380
vt 0.407070 0.700458
vt 0.402591 0.700821
vt 0.403602 0.708157
vt 0.399183 0.708894
vt 0.400039 0.715728
vt 0.394676 0.710118
vt 0.395412 0.716891
vt 0.396106 0.722970
vt 0.400741 0.722211
vt 0.657290 0.167058
vt 0.654931 0.175265
vt 0.659266 0.172727
vt 0.657604 0.181235
vt 0.661597 0.178350
vt 0.650168 0.178508
vt 0.653329 0.184191
vt 0.649040 0.186754
vt 0.654034 0.192224
vt 0.657365 0.189379
vt 0.652143 0.195323
vt 0.987330 0.686113
vt 0.978937 0.687297
vt 0.979086 0.691265
vt 0.988008 0.690310
vt 0.986658 0.682484
vt 0.978684 0.683592
vt 0.651123 0.198350
vt 0.650231 0.201738
vt 0.970498 0.684050
vt 0.970680 0.688137
vt 0.969908 0.680378
vt 0.960606 0.681605
vt 0.961068 0.685153
vt 0.969725 0.677048
vt 0.960687 0.678169
vt 0.952729 0.678354
vt 0.952768 0.681698
vt 0.958892 0.415492
vt 0.958384 0.418624
vt 0.965984 0.418655
vt 0.966369 0.415524
vt 0.958051 0.421974
vt 0.965578 0.421834
vt 0.957853 0.425602
vt 0.965680 0.425068
vt 0.957712 0.428835
vt 0.965930 0.428091
vt 0.957705 0.431781
vt 0.966242 0.430985
vt 0.949322 0.432303
vt 0.949680 0.435494
vt 0.957946 0.434772
vt 0.942366 0.436620
vt 0.979077 0.709214
vt 0.979196 0.704993
vt 0.971135 0.705522
vt 0.971165 0.709129
vt 0.987914 0.710073
vt 0.988181 0.705488
vt 0.934145 0.436825
vt 0.399853 0.735367
vt 0.400673 0.728428
vt 0.396262 0.729259
vt 0.395850 0.735825
vt 0.988194 0.700626
vt 0.979268 0.700660
vt 0.663986 0.184181
vt 0.660701 0.186609
vt 0.988056 0.695486
vt 0.979179 0.695993
vt 0.970535 0.696821
vt 0.970902 0.701454
vt 0.970461 0.692452
vt 0.961722 0.692454
vt 0.962089 0.696372
vt 0.961498 0.688744
vt 0.953030 0.688920
vt 0.952998 0.692453
vt 0.953005 0.685224
vt 0.945564 0.685912
vt 0.945877 0.689207
vt 0.944948 0.682432
vt 0.939017 0.684885
vt 0.940071 0.688105
vt 0.944286 0.678953
vt 0.937186 0.681642
vt 0.974389 0.415904
vt 0.974163 0.418839
vt 0.981535 0.418665
vt 0.981451 0.415875
vt 0.974024 0.421544
vt 0.981572 0.421154
vt 0.974043 0.424246
vt 0.974258 0.426910
vt 0.974762 0.429569
vt 0.975582 0.432321
vt 0.982345 0.430819
vt 0.966791 0.433931
vt 0.953121 0.706687
vt 0.953223 0.703387
vt 0.944459 0.701869
vt 0.943897 0.705035
vt 0.962476 0.707686
vt 0.962615 0.704245
vt 0.962475 0.700471
vt 0.953149 0.699906
vt 0.953078 0.696149
vt 0.945602 0.695263
vt 0.945112 0.698471
vt 0.945863 0.692350
vt 0.939407 0.696602
vt 0.935321 0.695182
vt 0.934313 0.697048
vt 0.938488 0.699263
vt 0.930159 0.695646
vt 0.932845 0.699070
vt 0.937097 0.702037
vt 0.989088 0.426159
vt 0.929430 0.691621
vt 0.986583 0.428768
vt 0.932823 0.684872
vt 0.934842 0.687298
vt 0.936156 0.689368
vt 0.930560 0.688072
vt 0.513020 0.682540
vt 0.512962 0.674977
vt 0.511671 0.667797
vt 0.732763 0.460037
vt 0.429160 0.744672
vt 0.432093 0.746529
vt 0.639900 0.203897
vt 0.635406 0.202555
vt 0.634109 0.206120
vt 0.638362 0.207083
vt 0.629886 0.201377
vt 0.629289 0.205575
vt 0.624347 0.201121
vt 0.624814 0.205692
vt 0.623492 0.195884
vt 0.616669 0.197282
vt 0.618820 0.202260
vt 0.610247 0.201121
vt 0.613695 0.204755
vt 0.609478 0.208203
vt 0.612088 0.210024
vt 0.615811 0.207984
vt 0.604948 0.212195
vt 0.608917 0.213024
vt 0.604141 0.215713
vt 0.606706 0.216578
vt 0.559278 0.733209
vt 0.564398 0.731875
vt 0.563741 0.727319
vt 0.558378 0.728393
vt 0.571675 0.730901
vt 0.571029 0.726575
vt 0.572461 0.735454
vt 0.580429 0.734056
vt 0.579736 0.730101
vt 0.573542 0.739575
vt 0.581219 0.737705
vt 0.588884 0.736719
vt 0.588382 0.733344
vt 0.680465 0.716198
vt 0.680544 0.719397
vt 0.687970 0.719404
vt 0.687866 0.716454
vt 0.680448 0.722410
vt 0.688055 0.722298
vt 0.680373 0.725544
vt 0.688308 0.725139
vt 0.680522 0.728840
vt 0.688715 0.728058
vt 0.680938 0.732120
vt 0.689164 0.731082
vt 0.673806 0.733346
vt 0.674192 0.737155
vt 0.681578 0.735535
vt 0.668070 0.738337
vt 0.563770 0.694074
vt 0.563634 0.698470
vt 0.570357 0.698371
vt 0.570410 0.694062
vt 0.558037 0.693679
vt 0.557990 0.698132
vt 0.662757 0.739331
vt 0.563503 0.703501
vt 0.570426 0.703389
vt 0.557951 0.703116
vt 0.563239 0.708735
vt 0.570391 0.708484
vt 0.557338 0.708425
vt 0.563108 0.713511
vt 0.570402 0.713170
vt 0.556956 0.713363
vt 0.563085 0.718390
vt 0.570444 0.717909
vt 0.556943 0.718714
vt 0.557509 0.723735
vt 0.563296 0.723066
vt 0.620110 0.206511
vt 0.570663 0.722373
vt 0.578803 0.721633
vt 0.578753 0.717091
vt 0.579222 0.726045
vt 0.587579 0.725612
vt 0.587429 0.721107
vt 0.587918 0.729586
vt 0.596373 0.727795
vt 0.596264 0.724195
vt 0.596709 0.731595
vt 0.604957 0.729937
vt 0.604633 0.726137
vt 0.597189 0.735353
vt 0.605499 0.733861
vt 0.695867 0.715344
vt 0.696212 0.718675
vt 0.704268 0.717750
vt 0.703890 0.714414
vt 0.696576 0.721574
vt 0.704642 0.720728
vt 0.696860 0.724408
vt 0.704943 0.723511
vt 0.697142 0.727484
vt 0.705206 0.726537
vt 0.697543 0.730946
vt 0.705543 0.730039
vt 0.697995 0.734660
vt 0.705921 0.733796
vt 0.689691 0.734261
vt 0.587119 0.694257
vt 0.587406 0.698212
vt 0.595612 0.699226
vt 0.595751 0.695191
vt 0.578476 0.693860
vt 0.578576 0.698007
vt 0.578795 0.702708
vt 0.587571 0.702456
vt 0.578795 0.707606
vt 0.587502 0.707120
vt 0.578843 0.712487
vt 0.587441 0.711642
vt 0.587331 0.716214
vt 0.596029 0.716115
vt 0.595708 0.711594
vt 0.596225 0.720457
vt 0.604347 0.719976
vt 0.604060 0.716081
vt 0.604474 0.723043
vt 0.611579 0.722886
vt 0.611082 0.719674
vt 0.612025 0.726066
vt 0.619339 0.725609
vt 0.618651 0.722584
vt 0.612514 0.729508
vt 0.620013 0.728882
vt 0.613192 0.733082
vt 0.620793 0.732040
vt 0.711288 0.713993
vt 0.711743 0.717165
vt 0.719176 0.716637
vt 0.718718 0.713759
vt 0.712146 0.720047
vt 0.719576 0.719531
vt 0.712494 0.722878
vt 0.719913 0.722497
vt 0.712809 0.725890
vt 0.720415 0.725519
vt 0.713098 0.729207
vt 0.720934 0.728575
vt 0.713372 0.732733
vt 0.721217 0.731743
vt 0.612046 0.696207
vt 0.611668 0.699970
vt 0.619688 0.699925
vt 0.620268 0.696571
vt 0.604141 0.695803
vt 0.603826 0.699921
vt 0.603576 0.703790
vt 0.611289 0.703640
vt 0.595425 0.703325
vt 0.595227 0.707471
vt 0.603506 0.707494
vt 0.603761 0.711758
vt 0.610641 0.711440
vt 0.610907 0.707235
vt 0.610711 0.715759
vt 0.617609 0.715157
vt 0.617831 0.710789
vt 0.617991 0.719329
vt 0.626902 0.717536
vt 0.627298 0.714792
vt 0.626412 0.720420
vt 0.630471 0.718099
vt 0.629817 0.716446
vt 0.626251 0.723708
vt 0.631887 0.720006
vt 0.626657 0.726999
vt 0.632996 0.723101
vt 0.627847 0.730035
vt 0.634291 0.726932
vt 0.725817 0.712928
vt 0.726462 0.715914
vt 0.732751 0.715456
vt 0.732752 0.712539
vt 0.727149 0.718810
vt 0.733145 0.718284
vt 0.727766 0.721834
vt 0.733711 0.721716
vt 0.728342 0.725028
vt 0.734383 0.724593
vt 0.728915 0.728187
vt 0.735284 0.727405
vt 0.729462 0.731339
vt 0.736419 0.730147
vt 0.628542 0.698317
vt 0.627744 0.701490
vt 0.634444 0.704005
vt 0.635480 0.700679
vt 0.626761 0.705052
vt 0.632919 0.707495
vt 0.619007 0.703400
vt 0.618366 0.706881
vt 0.626327 0.708787
vt 0.626718 0.712018
vt 0.630256 0.712549
vt 0.631350 0.710392
vt 0.629590 0.714639
vt 0.635663 0.712140
vt 0.636770 0.710022
vt 0.638072 0.707906
vt 0.641882 0.708497
vt 0.639052 0.706303
vt 0.643396 0.711230
vt 0.645313 0.711285
vt 0.643907 0.707541
vt 0.640768 0.703813
vt 0.741841 0.728031
vt 0.745327 0.725001
vt 0.643503 0.714224
vt 0.645192 0.714852
vt 0.642382 0.716752
vt 0.644107 0.717627
vt 0.641801 0.715668
vt 0.640372 0.717620
vt 0.640790 0.718897
vt 0.636588 0.719283
vt 0.637695 0.721017
vt 0.639164 0.724012
vt 0.642452 0.720567
vt 0.738377 0.712781
vt 0.737827 0.715502
vt 0.737889 0.718117
vt 0.746900 0.721494
vt 0.597706 0.217285
vt 0.437971 0.359089
f 4/1 2/2 1/3 3/4
f 6/5 2/2 4/1 5/6
f 7/7 8/8 6/5 5/6
f 10/9 8/8 7/7 9/10
f 11/11 12/12 10/9 9/10
f 13/13 14/14 12/12 11/11
f 15/15 16/16 3/4 1/3
f 18/17 16/16 15/15 17/18
f 19/19 20/20 18/17 17/18
f 22/21 14/14 13/13 21/22
f 24/23 22/21 21/22 23/24
f 25/25 26/26 24/23 23/24
f 27/27 28/28 26/26 25/25
f 30/29 28/28 27/27 29/30
f 31/31 32/32 30/29 29/30
f 34/33 32/32 31/31 33/34
f 35/35 36/36 34/33 33/34
f 38/37 36/36 35/35 37/38
f 40/39 38/37 37/38 39/40
f 41/41 42/42 40/39 39/40
f 44/43 42/42 41/41 43/44
f 46/45 44/43 43/44 45/46
f 48/47 46/45 45/46 47/48
f 49/49 50/50 48/47 47/48
f 49/49 20/20 19/19 50/50
f 51/51 52/52 21/22 13/13
f 13/13 11/11 53/53 51/51
f 11/11 9/10 54/54 53/53
f 9/10 7/7 55/55 54/54
f 7/7 5/6 56/56 55/55
f 5/6 4/1 57/57 56/56
f 58/58 23/24 21/22 52/52
f 59/59 25/25 23/24 58/58
f 60/60 27/27 25/25 59/59
f 61/61 29/30 27/27 60/60
f 62/62 31/31 29/30 61/61
f 63/63 33/34 31/31 62/62
f 64/64 35/35 33/34 63/63
f 4/1 3/4 65/65 57/57
f 3/4 16/16 66/66 65/65
f 16/16 18/17 67/67 66/66
f 18/17 20/20 68/68 67/67
f 20/20 49/49 69/69 68/68
f 69/69 49/49 47/48 70/70
f 47/48 45/46 71/71 70/70
f 71/71 45/46 43/44 72/72
f 72/72 43/44 41/41 73/73
f 73/73 41/41 39/40 74/74
f 74/74 39/40 37/38 75/75
f 64/64 75/75 37/38 35/35
f 77/76 34/33 36/36 76/77
f 78/78 32/32 34/33 77/76
f 79/79 30/29 32/32 78/78
f 80/80 28/28 30/29 79/79
f 81/81 26/26 28/28 80/80
f 82/82 24/23 26/26 81/81
f 83/83 22/21 24/23 82/82
f 84/84 14/14 22/21 83/83
f 85/85 12/12 14/14 84/84
f 86/86 10/9 12/12 85/85
f 87/87 8/8 10/9 86/86
f 88/88 6/5 8/8 87/87
f 89/89 2/2 6/5 88/88
f 90/90 1/3 2/2 89/89
f 91/91 15/15 1/3 90/90
f 92/92 17/18 15/15 91/91
f 93/93 19/19 17/18 92/92
f 94/94 50/50 19/19 93/93
f 95/95 48/47 50/50 94/94
f 96/96 46/45 48/47 95/95
f 97/97 44/43 46/45 96/96
f 98/98 42/42 44/43 97/97
f 99/99 40/39 42/42 98/98
f 100/100 38/37 40/39 99/99
f 38/37 100/100 76/77 36/36
f 102/101 130/102 131/103 101/104
f 103/105 129/106 130/102 102/101
f 128/107 129/106 103/105 104/108
f 127/109 128/107 104/108 105/110
f 106/111 126/112 127/109 105/110
f 107/113 150/114 126/112 106/111
f 149/115 150/114 107/113 108/116
f 109/117 148/118 149/115 108/116
f 110/119 147/120 148/118 109/117
f 111/121 146/122 147/120 110/119
f 145/123 146/122 111/121 112/124
f 144/125 145/123 112/124 113/126
f 143/127 144/125 113/126 114/128
f 142/129 143/127 114/128 115/130
f 116/131 141/132 142/129 115/130
f 140/133 141/132 116/131 117/134
f 139/135 140/133 117/134 118/136
f 138/137 139/135 118/136 119/138
f 120/139 137/140 138/137 119/138
f 136/141 137/140 120/139 121/142
f 135/143 136/141 121/142 122/144
f 134/145 135/143 122/144 123/146
f 131/103 132/147 124/148 101/104
f 132/147 133/149 125/150 124/148
f 123/146 125/150 133/149 134/145
f 100/100 99/99 131/103 130/102
f 76/77 100/100 130/102 129/106
f 77/76 76/77 129/106 128/107
f 127/109 78/78 77/76 128/107
f 126/112 79/79 78/78 127/109
f 80/80 79/79 126/112 150/114
f 81/81 80/80 150/114 149/115
f 82/82 81/81 149/115 148/118
f 83/83 82/82 148/118 147/120
f 146/122 84/84 83/83 147/120
f 145/123 85/85 84/84 146/122
f 86/86 85/85 145/123 144/125
f 87/87 86/86 144/125 143/127
f 88/88 87/87 143/127 142/129
f 89/89 88/88 142/129 141/132
f 90/90 89/89 141/132 140/133
f 91/91 90/90 140/133 139/135
f 92/92 91/91 139/135 138/137
f 93/93 92/92 138/137 137/140
f 94/94 93/93 137/140 136/141
f 95/95 94/94 136/141 135/143
f 96/96 95/95 135/143 134/145
f 99/99 98/98 132/147 131/103
f 98/98 97/97 133/149 132/147
f 97/97 96/96 134/145 133/149
f 153/151 154/152 152/153 151/154
f 156/155 151/154 152/153 155/156
f 157/157 158/158 156/155 155/156
f 159/159 160/160 158/158 157/157
f 161/161 162/162 160/160 159/159
f 163/163 164/164 162/162 161/161
f 165/165 166/166 164/164 163/163
f 168/167 167/168 154/152 153/151
f 170/169 151/154 156/155 169/170
f 172/171 151/154 170/169 171/172
f 172/171 153/151 151/154
f 156/155 158/158 173/173 169/170
f 158/158 160/160 174/174 173/173
f 160/160 162/162 175/175 174/174
f 162/162 164/164 176/176 175/175
f 164/164 166/166 177/177 176/176
f 175/175 176/176 178/178
f 178/178 179/179 184/180 175/175
f 186/181 173/173 174/174 185/182
f 187/183 169/170 173/173 186/181
f 188/184 170/169 169/170 187/183
f 189/185 171/172 170/169 188/184
f 190/186 174/174 175/175 184/180
f 191/187 185/182 174/174 190/186
f 190/186 184/180 192/188 191/187
f 180/189 192/188 184/180 179/179
f 193/190 194/191 186/181 185/182
f 196/192 194/191 193/190 195/193
f 198/194 196/192 195/193 197/195
f 199/196 200/197 189/185 188/184
f 199/196 198/194 197/195 200/197
f 199/196 188/184 187/183 198/194
f 187/183 196/192 198/194
f 194/191 196/192 187/183 186/181
f 185/182 191/187 201/198 193/190
f 191/187 192/188 202/199 201/198
f 180/189 181/200 202/199 192/188
f 203/201 195/193 193/190 201/198
f 201/198 202/199 204/202 203/201
f 181/200 182/203 204/202 202/199
f 182/203 183/204 205/205 204/202
f 207/206 205/205 183/204 206/207
f 208/208 209/209 207/206 206/207
f 206/207 2107/210 2108/211 208/208
f 207/206 209/209 122/144 121/142
f 211/212 209/209 208/208 210/213
f 209/209 211/212 123/146 122/144
f 212/214 125/150 123/146 211/212
f 211/212 210/213 213/215 212/214
f 210/213 2113/216 2114/217 213/215
f 214/218 124/148 125/150 212/214
f 212/214 213/215 215/219 214/218
f 213/215 2114/217 1795/220 215/219
f 216/221 217/222 197/195 195/193
f 216/221 119/138 118/136 217/222
f 195/193 203/201 218/223 216/221
f 204/202 205/205 218/223 203/201
f 218/223 120/139 119/138 216/221
f 205/205 121/142 120/139 218/223
f 121/142 205/205 207/206
f 219/224 200/197 197/195 217/222
f 217/222 118/136 220/225 219/224
f 118/136 117/134 221/226 220/225
f 222/227 189/185 200/197 219/224
f 219/224 220/225 223/228 222/227
f 220/225 221/226 224/229 223/228
f 226/230 166/166 165/165 225/231
f 167/168 168/167 226/230 225/231
f 227/232 228/233 177/177 166/166
f 1796/234 1772/235 177/177 228/233
f 166/166 226/230 229/236 227/232
f 226/230 168/167 230/237 229/236
f 168/167 153/151 231/238 230/237
f 153/151 172/171 232/239 231/238
f 172/171 171/172 233/240 232/239
f 171/172 189/185 222/227 233/240
f 236/241 2136/242 235/243 234/244
f 240/245 238/246 237/247 239/248
f 242/249 240/245 239/248 241/250
f 244/251 242/249 241/250 243/252
f 246/253 244/251 243/252 245/254
f 247/255 248/256 246/253 245/254
f 250/257 248/256 247/255 249/258
f 252/259 250/257 249/258 251/260
f 254/261 252/259 251/260 253/262
f 255/263 2157/264 1796/234 228/233
f 228/233 227/232 256/265 255/263
f 258/266 236/241 234/244 257/267
f 238/246 258/266 257/267 237/247
f 255/263 256/265 257/267 234/244
f 227/232 229/236 259/268 256/265
f 237/247 257/267 256/265 259/268
f 229/236 230/237 260/269 259/268
f 260/269 239/248 237/247 259/268
f 261/270 241/250 239/248 260/269
f 262/271 243/252 241/250 261/270
f 263/272 245/254 243/252 262/271
f 264/273 247/255 245/254 263/272
f 265/274 249/258 247/255 264/273
f 266/275 251/260 249/258 265/274
f 267/276 253/262 251/260 266/275
f 268/277 269/278 254/261 253/262
f 270/279 271/280 269/278 268/277
f 272/281 273/282 271/280 270/279
f 274/283 275/284 273/282 272/281
f 276/285 277/286 323/287 322/288
f 279/289 277/286 276/285 278/290
f 1797/291 2185/292 278/290 280/293
f 278/290 276/285 281/294 280/293
f 281/294 276/285 322/288 321/295
f 272/281 270/279 284/296 283/297
f 270/279 268/277 285/298 284/296
f 253/262 267/276 285/298 268/277
f 287/299 1798/300 344/301 286/302
f 288/303 1775/304 2194/305 343/306
f 2196/307 362/308 361/309 279/289
f 291/310 360/311 361/309 289/312
f 289/312 326/313 327/314 291/310
f 344/301 345/315 293/316 286/302
f 288/303 343/306 342/317 294/318
f 293/316 345/315 346/319 295/320
f 294/318 342/317 341/321 296/322
f 295/320 346/319 347/323 297/324
f 296/322 341/321 340/325 298/326
f 299/327 329/328 328/329 325/330
f 323/287 359/331 358/332 275/284
f 297/324 347/323 348/333 301/334
f 298/326 340/325 339/335 302/336
f 301/334 348/333 349/337 303/338
f 302/336 339/335 338/339 304/340
f 303/338 349/337 350/341 305/342
f 304/340 338/339 337/343 306/344
f 307/345 357/346 358/332 300/347
f 307/345 300/347 329/328 330/348
f 309/349 356/350 357/346 307/345
f 309/349 307/345 330/348 331/351
f 311/352 355/353 356/350 309/349
f 311/352 309/349 331/351 332/354
f 350/341 351/355 313/356 305/342
f 351/355 352/357 314/358 313/356
f 315/359 354/360 355/353 311/352
f 316/361 353/362 354/360 315/359
f 250/257 252/259 353/362 352/357
f 315/359 311/352 332/354 333/363
f 318/364 334/365 333/363 317/366
f 335/367 334/365 318/364 319/368
f 336/369 335/367 319/368 320/370
f 336/369 337/343 305/342 313/356
f 275/284 274/283 322/288 323/287
f 274/283 282/371 321/295 322/288
f 291/310 327/314 328/329 324/372
f 277/286 360/311 359/331 323/287
f 287/299 286/302 343/306 2194/305
f 289/312 1799/373 2261/374 326/313
f 326/313 290/375 292/376 327/314
f 343/306 286/302 293/316 342/317
f 342/317 293/316 295/320 341/321
f 341/321 295/320 297/324 340/325
f 329/328 300/347 324/372 328/329
f 340/325 297/324 301/334 339/335
f 339/335 301/334 303/338 338/339
f 338/339 303/338 305/342 337/343
f 299/327 308/377 330/348 329/328
f 308/377 310/378 331/351 330/348
f 310/378 312/379 332/354 331/351
f 312/379 317/366 333/363 332/354
f 334/365 316/361 315/359 333/363
f 314/358 316/361 334/365 335/367
f 313/356 314/358 335/367 336/369
f 320/370 306/344 337/343 336/369
f 327/314 292/376 325/330 328/329
f 1799/373 289/312 361/309 362/308
f 360/311 277/286 279/289 361/309
f 236/241 258/266 345/315 344/301
f 258/266 238/246 346/319 345/315
f 346/319 238/246 240/245 347/323
f 359/331 324/372 300/347 358/332
f 347/323 240/245 242/249 348/333
f 348/333 242/249 244/251 349/337
f 349/337 244/251 246/253 350/341
f 357/346 273/282 275/284 358/332
f 356/350 271/280 273/282 357/346
f 355/353 269/278 271/280 356/350
f 246/253 248/256 351/355 350/341
f 248/256 250/257 352/357 351/355
f 354/360 254/261 269/278 355/353
f 353/362 252/259 254/261 354/360
f 316/361 314/358 352/357 353/362
f 360/311 291/310 324/372 359/331
f 282/371 274/283 272/281 283/297
f 363/380 364/381 365/382 366/383
f 368/384 366/383 365/382 367/385
f 369/386 370/387 368/384 367/385
f 371/388 372/389 370/387 369/386
f 374/390 372/389 371/388 373/391
f 375/392 376/393 374/390 373/391
f 378/394 376/393 375/392 377/395
f 380/396 378/394 377/395 379/397
f 382/398 365/382 364/381 381/399
f 383/400 367/385 365/382 382/398
f 384/401 369/386 367/385 383/400
f 385/402 371/388 369/386 384/401
f 386/403 373/391 371/388 385/402
f 387/404 375/392 373/391 386/403
f 388/405 377/395 375/392 387/404
f 389/406 379/397 377/395 388/405
f 391/407 378/394 380/396 390/408
f 392/409 376/393 378/394 391/407
f 393/410 374/390 376/393 392/409
f 394/411 372/389 374/390 393/410
f 395/412 370/387 372/389 394/411
f 396/413 368/384 370/387 395/412
f 397/414 366/383 368/384 396/413
f 398/415 363/380 366/383 397/414
f 400/416 364/381 363/380 399/417
f 402/418 400/416 399/417 401/419
f 404/420 402/418 401/419 403/421
f 405/422 406/423 404/420 403/421
f 408/424 406/423 405/422 407/425
f 409/426 410/427 408/424 407/425
f 412/428 410/427 409/426 411/429
f 413/430 414/431 412/428 411/429
f 415/432 416/433 414/431 413/430
f 417/434 418/435 416/433 415/432
f 419/436 420/437 418/435 417/434
f 422/438 420/437 419/436 421/439
f 423/440 381/399 364/381 400/416
f 424/441 425/442 402/418 404/420
f 404/420 406/423 426/443 424/441
f 406/423 408/424 427/444 426/443
f 408/424 410/427 428/445 427/444
f 410/427 412/428 429/446 428/445
f 412/428 414/431 416/433 429/446
f 416/433 418/435 430/447 429/446
f 431/448 428/445 429/446 430/447
f 432/449 427/444 428/445 431/448
f 433/450 426/443 427/444 432/449
f 434/451 424/441 426/443 433/450
f 435/452 425/442 424/441 434/451
f 437/453 379/397 389/406 436/454
f 439/455 437/453 436/454 438/456
f 441/457 422/438 421/439 440/458
f 442/459 443/460 441/457 440/458
f 444/461 445/462 442/459 440/458
f 447/463 445/462 444/461 446/464
f 448/465 449/466 438/456 436/454
f 449/466 447/463 446/464 438/456
f 450/467 439/455 438/456 446/464
f 446/464 444/461 451/468 450/467
f 451/468 444/461 440/458 421/439
f 452/469 380/396 379/397 437/453
f 437/453 439/455 453/470 452/469
f 439/455 450/467 454/471 453/470
f 450/467 451/468 455/472 454/471
f 455/472 451/468 421/439 419/436
f 456/473 390/408 380/396 452/469
f 452/469 453/470 457/474 456/473
f 453/470 454/471 458/475 457/474
f 454/471 455/472 459/476 458/475
f 455/472 419/436 417/434 459/476
f 417/434 415/432 460/477 459/476
f 461/478 458/475 459/476 460/477
f 462/479 457/474 458/475 461/478
f 460/477 415/432 413/430 461/478
f 462/479 461/478 413/430
f 463/480 456/473 457/474 462/479
f 464/481 390/408 456/473 463/480
f 465/482 391/407 390/408 464/481
f 466/483 392/409 391/407 465/482
f 467/484 393/410 392/409 466/483
f 468/485 394/411 393/410 467/484
f 469/486 470/487 394/411 468/485
f 471/488 472/489 470/487 469/486
f 473/490 474/491 472/489 471/488
f 473/490 405/422 403/421 474/491
f 403/421 401/419 475/492 474/491
f 401/419 399/417 476/493 475/492
f 398/415 476/493 399/417 363/380
f 477/494 472/489 474/491 475/492
f 477/494 475/492 476/493 398/415
f 478/495 470/487 472/489 477/494
f 477/494 398/415 397/414 478/495
f 470/487 478/495 395/412 394/411
f 478/495 397/414 396/413
f 478/495 396/413 395/412
f 480/496 409/426 407/425 479/497
f 479/497 468/485 467/484 480/496
f 479/497 471/488 469/486 468/485
f 407/425 473/490 471/488 479/497
f 473/490 407/425 405/422
f 481/498 411/429 409/426 480/496
f 480/496 467/484 466/483 481/498
f 481/498 466/483 465/482
f 465/482 464/481 482/499 481/498
f 411/429 481/498 482/499
f 464/481 463/480 483/500 482/499
f 411/429 482/499 483/500
f 483/500 463/480 462/479 413/430
f 483/500 413/430 411/429
f 485/501 381/399 423/440 484/502
f 486/503 382/398 381/399 485/501
f 487/504 383/400 382/398 486/503
f 488/505 384/401 383/400 487/504
f 489/506 385/402 384/401 488/505
f 490/507 386/403 385/402 489/506
f 491/508 387/404 386/403 490/507
f 492/509 388/405 387/404 491/508
f 493/510 389/406 388/405 492/509
f 448/465 436/454 389/406 493/510
f 494/511 495/512 448/465 493/510
f 497/513 495/512 494/511 496/514
f 493/510 492/509 498/515 494/511
f 499/516 496/514 494/511 498/515
f 492/509 491/508 500/517 498/515
f 501/518 499/516 498/515 500/517
f 491/508 490/507 502/519 500/517
f 503/520 501/518 500/517 502/519
f 490/507 489/506 504/521 502/519
f 503/520 502/519 504/521 505/522
f 489/506 488/505 506/523 504/521
f 507/524 505/522 504/521 506/523
f 488/505 487/504 508/525 506/523
f 509/526 507/524 506/523 508/525
f 487/504 486/503 510/527 508/525
f 511/528 509/526 508/525 510/527
f 511/528 510/527 486/503 485/501
f 512/529 513/530 511/528 485/501
f 485/501 484/502 514/531 512/529
f 516/532 511/528 513/530 515/533
f 509/526 511/528 516/532
f 517/534 507/524 509/526 516/532
f 516/532 515/533 518/535 517/534
f 519/536 505/522 507/524 517/534
f 520/537 503/520 505/522 519/536
f 517/534 518/535 521/538 519/536
f 522/539 520/537 519/536 521/538
f 523/540 501/518 503/520 520/537
f 520/537 522/539 524/541 523/540
f 526/542 495/512 497/513 525/543
f 525/543 497/513 529/544 527/545
f 497/513 496/514 530/546 529/544
f 530/546 496/514 499/516 531/547
f 499/516 501/518 523/540 531/547
f 523/540 524/541 532/548 531/547
f 533/549 530/546 531/547 532/548
f 534/550 529/544 530/546 533/549
f 535/551 527/545 529/544 534/550
f 536/552 537/553 442/459 445/462
f 538/554 443/460 442/459 537/553
f 526/542 449/466 448/465 495/512
f 537/553 536/552 539/555 528/556
f 525/543 527/545 528/556 539/555
f 539/555 536/552 526/542 525/543
f 400/416 402/418 540/557 423/440
f 541/558 484/502 423/440 540/557
f 542/559 514/531 484/502 541/558
f 425/442 435/452 541/558 540/557
f 402/418 425/442 540/557
f 543/560 542/559 541/558 435/452
f 435/452 434/451 544/561 543/560
f 434/451 433/450 544/561
f 433/450 432/449 545/562 544/561
f 432/449 431/448 546/563 545/562
f 431/448 430/447 547/564 546/563
f 430/447 418/435 548/565 547/564
f 418/435 420/437 549/566 548/565
f 420/437 422/438 550/567 549/566
f 552/568 111/121 110/119 551/569
f 554/570 552/568 551/569 553/571
f 556/572 554/570 553/571 555/573
f 545/562 556/572 555/573 544/561
f 1776/574 1797/291 280/293 557/575
f 1777/576 1776/574 557/575 558/577
f 2464/578 1777/576 558/577 559/579
f 2466/580 2464/578 559/579 560/581
f 1800/582 2466/580 560/581 561/583
f 2469/584 1800/582 561/583 562/585
f 563/586 2471/587 2469/584 562/585
f 564/588 565/589 563/586 562/585
f 567/590 565/589 564/588 566/591
f 569/592 567/590 566/591 568/593
f 571/594 569/592 568/593 570/595
f 573/596 571/594 570/595 572/597
f 575/598 573/596 572/597 574/599
f 576/600 577/601 575/598 574/599
f 579/602 577/601 576/600 578/603
f 581/604 579/602 578/603 580/605
f 583/606 581/604 580/605 582/607
f 585/608 583/606 582/607 584/609
f 587/610 585/608 584/609 586/611
f 589/612 587/610 586/611 588/613
f 590/614 2499/615 1801/616 631/617
f 631/617 630/618 591/619 590/614
f 630/618 629/620 592/621 591/619
f 629/620 628/622 593/623 592/621
f 628/622 627/624 594/625 593/623
f 627/624 626/626 595/627 594/625
f 626/626 625/628 596/629 595/627
f 625/628 624/630 597/631 596/629
f 624/630 623/632 598/633 597/631
f 598/633 623/632 622/634 599/635
f 599/635 622/634 621/636 600/637
f 600/637 621/636 620/638 601/639
f 601/639 620/638 619/640 602/641
f 602/641 619/640 618/642 603/643
f 603/643 618/642 2527/644 1802/645
f 563/586 565/589 616/646 617/647
f 565/589 567/590 615/648 616/646
f 567/590 569/592 614/649 615/648
f 569/592 571/594 613/650 614/649
f 571/594 573/596 612/651 613/650
f 573/596 575/598 611/652 612/651
f 575/598 577/601 610/653 611/652
f 577/601 579/602 609/654 610/653
f 579/602 581/604 608/655 609/654
f 581/604 583/606 607/656 608/655
f 583/606 585/608 606/657 607/656
f 606/657 585/608 587/610 605/658
f 605/658 587/610 589/612 604/659
f 604/659 589/612 1803/660 2542/661
f 645/662 644/663 630/618 631/617
f 644/663 643/664 629/620 630/618
f 643/664 642/665 628/622 629/620
f 642/665 641/666 627/624 628/622
f 641/666 640/667 626/626 627/624
f 640/667 639/668 625/628 626/626
f 639/668 638/669 624/630 625/628
f 638/669 637/670 623/632 624/630
f 637/670 636/671 622/634 623/632
f 636/671 635/672 621/636 622/634
f 635/672 634/673 620/638 621/636
f 620/638 634/673 633/674 619/640
f 619/640 633/674 632/675 618/642
f 618/642 632/675 2557/676 2527/644
f 617/647 616/646 644/663 645/662
f 616/646 615/648 643/664 644/663
f 615/648 614/649 642/665 643/664
f 614/649 613/650 641/666 642/665
f 613/650 612/651 640/667 641/666
f 612/651 611/652 639/668 640/667
f 611/652 610/653 638/669 639/668
f 610/653 609/654 637/670 638/669
f 609/654 608/655 636/671 637/670
f 608/655 607/656 635/672 636/671
f 607/656 606/657 634/673 635/672
f 634/673 606/657 605/658 633/674
f 633/674 605/658 604/659 632/675
f 632/675 604/659 2542/661 2557/676
f 443/460 538/554 576/600 574/599
f 576/600 538/554 535/551 578/603
f 280/293 281/294 646/677 557/575
f 281/294 321/295 647/678 646/677
f 321/295 282/371 648/679 647/678
f 282/371 283/297 649/680 648/679
f 283/297 284/296 650/681 649/680
f 284/296 285/298 651/682 650/681
f 285/298 267/276 652/683 651/682
f 267/276 266/275 653/684 652/683
f 653/684 266/275 265/274 654/685
f 265/274 264/273 655/686 654/685
f 264/273 263/272 656/687 655/686
f 263/272 262/271 657/688 656/687
f 262/271 261/270 658/689 657/688
f 261/270 260/269 659/690 658/689
f 230/237 231/238 659/690 260/269
f 231/238 232/239 658/689 659/690
f 660/691 657/688 658/689 232/239
f 660/691 232/239 233/240 661/692
f 223/228 661/692 233/240 222/227
f 223/228 224/229 662/693 661/692
f 663/694 660/691 661/692 662/693
f 657/688 660/691 663/694 656/687
f 664/695 655/686 656/687 663/694
f 663/694 662/693 665/696 664/695
f 665/696 662/693 224/229 666/697
f 666/697 224/229 221/226 667/698
f 221/226 117/134 116/131 667/698
f 667/698 116/131 115/130 668/699
f 669/700 666/697 667/698 668/699
f 670/701 665/696 666/697 669/700
f 671/702 664/695 665/696 670/701
f 655/686 664/695 671/702 654/685
f 668/699 115/130 114/128 672/703
f 673/704 669/700 668/699 672/703
f 674/705 670/701 669/700 673/704
f 675/706 671/702 670/701 674/705
f 676/707 654/685 671/702 675/706
f 677/708 653/684 654/685 676/707
f 678/709 652/683 653/684 677/708
f 679/710 651/682 652/683 678/709
f 680/711 650/681 651/682 679/710
f 681/712 649/680 650/681 680/711
f 682/713 648/679 649/680 681/712
f 683/714 647/678 648/679 682/713
f 684/715 646/677 647/678 683/714
f 646/677 684/715 558/577 557/575
f 685/716 559/579 558/577 684/715
f 684/715 683/714 686/717 685/716
f 683/714 682/713 687/718 686/717
f 682/713 681/712 688/719 687/718
f 681/712 680/711 689/720 688/719
f 680/711 679/710 690/721 689/720
f 679/710 678/709 691/722 690/721
f 678/709 677/708 692/723 691/722
f 677/708 676/707 693/724 692/723
f 676/707 675/706 694/725 693/724
f 675/706 674/705 695/726 694/725
f 695/726 674/705 673/704 696/727
f 696/727 673/704 672/703 697/728
f 697/728 672/703 114/128 113/126
f 698/729 560/581 559/579 685/716
f 685/716 686/717 699/730 698/729
f 686/717 687/718 700/731 699/730
f 687/718 688/719 701/732 700/731
f 688/719 689/720 702/733 701/732
f 689/720 690/721 703/734 702/733
f 690/721 691/722 704/735 703/734
f 691/722 692/723 705/736 704/735
f 692/723 693/724 706/737 705/736
f 693/724 694/725 707/738 706/737
f 694/725 695/726 708/739 707/738
f 695/726 696/727 709/740 708/739
f 696/727 697/728 710/741 709/740
f 710/741 697/728 113/126 112/124
f 711/742 561/583 560/581 698/729
f 698/729 699/730 712/743 711/742
f 699/730 700/731 713/744 712/743
f 700/731 701/732 714/745 713/744
f 701/732 702/733 715/746 714/745
f 702/733 703/734 716/747 715/746
f 703/734 704/735 717/748 716/747
f 717/748 704/735 705/736 718/749
f 705/736 706/737 719/750 718/749
f 706/737 707/738 720/751 719/750
f 720/751 707/738 708/739 721/752
f 721/752 708/739 709/740 722/753
f 709/740 710/741 723/754 722/753
f 723/754 710/741 112/124 111/121
f 716/747 717/748 568/593 566/591
f 717/748 570/595 568/593
f 422/438 441/457 724/755 550/567
f 443/460 574/599 724/755 441/457
f 574/599 572/597 725/756 724/755
f 572/597 570/595 726/757 725/756
f 570/595 717/748 726/757
f 717/748 718/749 727/758 726/757
f 711/742 562/585 561/583
f 562/585 711/742 712/743
f 713/744 564/588 562/585 712/743
f 564/588 713/744 714/745
f 728/759 729/760 549/566 550/567
f 730/761 548/565 549/566 729/760
f 731/762 547/564 548/565 730/761
f 732/763 546/563 547/564 731/762
f 545/562 546/563 732/763 556/572
f 111/121 552/568 733/764 723/754
f 552/568 554/570 734/765 733/764
f 556/572 732/763 734/765 554/570
f 735/766 722/753 723/754 733/764
f 733/764 734/765 736/767 735/766
f 734/765 732/763 731/762 736/767
f 731/762 730/761 737/768 736/767
f 738/769 735/766 736/767 737/768
f 721/752 722/753 735/766 738/769
f 739/770 720/751 721/752 738/769
f 738/769 737/768 740/771 739/770
f 740/771 737/768 729/760 728/759
f 737/768 730/761 729/760
f 741/772 719/750 720/751 739/770
f 739/770 740/771 742/773 741/772
f 719/750 741/772 727/758 718/749
f 743/774 725/756 726/757 727/758
f 741/772 742/773 743/774 727/758
f 740/771 728/759 744/775 742/773
f 745/776 743/774 742/773 744/775
f 725/756 743/774 745/776 724/755
f 550/567 724/755 745/776 744/775
f 744/775 728/759 550/567
f 544/561 555/573 746/777 543/560
f 555/573 553/571 747/778 746/777
f 553/571 551/569 748/779 747/778
f 748/779 551/569 110/119 109/117
f 749/780 542/559 543/560 746/777
f 746/777 747/778 750/781 749/780
f 747/778 748/779 751/782 750/781
f 751/782 748/779 109/117 108/116
f 2664/783 752/784 215/219 1795/220
f 214/218 215/219 752/784
f 1814/785 753/786 752/784 2664/783
f 761/787 760/788 1781/789 2667/790
f 2670/791 762/792 761/787 2667/790
f 2672/793 764/794 763/795 2675/796
f 2676/797 765/798 764/794 2672/793
f 767/799 765/798 2676/797 766/800
f 768/801 769/802 767/799 766/800
f 2680/803 847/804 769/802 768/801
f 771/805 1804/806 2683/807 588/613
f 772/808 2685/809 1804/806 771/805
f 773/810 2687/811 2685/809 772/808
f 774/812 1805/813 2687/811 773/810
f 775/814 1782/815 1805/813 774/812
f 2691/816 1782/815 775/814 776/817
f 777/818 2693/819 2691/816 776/817
f 2695/820 2693/819 777/818 778/821
f 2697/822 2695/820 778/821 779/823
f 1806/824 2697/822 779/823 780/825
f 781/826 782/827 512/529 514/531
f 784/828 782/827 781/826 783/829
f 785/830 786/831 784/828 783/829
f 787/832 788/833 786/831 785/830
f 789/834 790/835 788/833 787/832
f 791/836 792/837 790/835 789/834
f 793/838 794/839 792/837 791/836
f 764/794 765/798 794/839 793/838
f 588/613 586/611 795/840 771/805
f 586/611 584/609 796/841 795/840
f 584/609 582/607 797/842 796/841
f 799/843 797/842 582/607 798/844
f 798/844 524/541 522/539 799/843
f 580/605 533/549 532/548
f 798/844 580/605 532/548 524/541
f 798/844 582/607 580/605
f 522/539 521/538 800/845 799/843
f 801/846 797/842 799/843 800/845
f 802/847 796/841 797/842 801/846
f 803/848 795/840 796/841 802/847
f 803/848 772/808 771/805 795/840
f 521/538 518/535 804/849 800/845
f 805/850 801/846 800/845 804/849
f 806/851 802/847 801/846 805/850
f 807/852 803/848 802/847 806/851
f 803/848 807/852 773/810 772/808
f 518/535 515/533 808/853 804/849
f 809/854 805/850 804/849 808/853
f 810/855 806/851 805/850 809/854
f 811/856 807/852 806/851 810/855
f 807/852 811/856 774/812 773/810
f 812/857 775/814 774/812 811/856
f 811/856 810/855 813/858 812/857
f 810/855 809/854 814/859 813/858
f 809/854 808/853 815/860 814/859
f 815/860 808/853 515/533 513/530
f 816/861 776/817 775/814 812/857
f 812/857 813/858 817/862 816/861
f 813/858 814/859 818/863 817/862
f 814/859 815/860 819/864 818/863
f 819/864 815/860 513/530 820/865
f 820/865 513/530 512/529 782/827
f 821/866 777/818 776/817 816/861
f 821/866 816/861 817/862 822/867
f 817/862 818/863 823/868 822/867
f 818/863 819/864 824/869 823/868
f 819/864 820/865 825/870 824/869
f 782/827 784/828 825/870 820/865
f 826/871 778/821 777/818 821/866
f 821/866 822/867 827/872 826/871
f 827/872 822/867 823/868 828/873
f 823/868 824/869 829/874 828/873
f 824/869 825/870 830/875 829/874
f 784/828 786/831 830/875 825/870
f 831/876 779/823 778/821 826/871
f 826/871 827/872 832/877 831/876
f 827/872 828/873 833/878 832/877
f 828/873 829/874 834/879 833/878
f 829/874 830/875 835/880 834/879
f 786/831 788/833 835/880 830/875
f 836/881 780/825 779/823 831/876
f 831/876 832/877 837/882 836/881
f 832/877 833/878 838/883 837/882
f 833/878 834/879 839/884 838/883
f 834/879 835/880 840/885 839/884
f 788/833 790/835 840/885 835/880
f 841/886 770/887 780/825 836/881
f 836/881 837/882 842/888 841/886
f 837/882 838/883 843/889 842/888
f 838/883 839/884 844/890 843/889
f 839/884 840/885 845/891 844/890
f 790/835 792/837 845/891 840/885
f 794/839 765/798 767/799 846/892
f 792/837 794/839 846/892 845/891
f 847/804 770/887 841/886
f 841/886 842/888 848/893 847/804
f 842/888 843/889 848/893
f 843/889 844/890 849/894 848/893
f 845/891 846/892 849/894 844/890
f 769/802 849/894 846/892 767/799
f 769/802 847/804 848/893 849/894
f 850/895 763/795 764/794 793/838
f 851/896 762/792 763/795 850/895
f 852/897 761/787 762/792 851/896
f 853/898 760/788 761/787 852/897
f 854/899 759/900 760/788 853/898
f 758/901 759/900 854/899 855/902
f 856/903 757/904 758/901 855/902
f 857/905 756/906 757/904 856/903
f 858/907 755/908 756/906 857/905
f 859/909 754/910 755/908 858/907
f 860/911 753/786 754/910 859/909
f 861/912 752/784 753/786 860/911
f 124/148 214/218 752/784 861/912
f 101/104 124/148 861/912
f 862/913 102/101 101/104 861/912
f 863/914 103/105 102/101 862/913
f 864/915 104/108 103/105 863/914
f 865/916 105/110 104/108 864/915
f 866/917 106/111 105/110 865/916
f 867/918 107/113 106/111 866/917
f 867/918 751/782 108/116 107/113
f 868/919 750/781 751/782 867/918
f 869/920 749/780 750/781 868/919
f 870/921 542/559 749/780 869/920
f 514/531 542/559 870/921 781/826
f 871/922 783/829 781/826 870/921
f 871/922 870/921 869/920 872/923
f 872/923 869/920 868/919 873/924
f 868/919 867/918 874/925 873/924
f 874/925 867/918 866/917 875/926
f 866/917 865/916 876/927 875/926
f 865/916 864/915 877/928 876/927
f 864/915 863/914 878/929 877/928
f 863/914 862/913 879/930 878/929
f 862/913 861/912 860/911 879/930
f 880/931 785/830 783/829 871/922
f 880/931 871/922 872/923 881/932
f 881/932 872/923 873/924 882/933
f 882/933 873/924 874/925 883/934
f 883/934 874/925 875/926 884/935
f 875/926 876/927 885/936 884/935
f 876/927 877/928 886/937 885/936
f 877/928 878/929 887/938 886/937
f 878/929 879/930 888/939 887/938
f 879/930 860/911 859/909 888/939
f 889/940 787/832 785/830 880/931
f 880/931 881/932 890/941 889/940
f 881/932 882/933 891/942 890/941
f 891/942 882/933 883/934 892/943
f 883/934 884/935 893/944 892/943
f 884/935 885/936 894/945 893/944
f 885/936 886/937 895/946 894/945
f 886/937 887/938 896/947 895/946
f 896/947 887/938 888/939 897/948
f 888/939 859/909 858/907 897/948
f 898/949 789/834 787/832 889/940
f 889/940 890/941 899/950 898/949
f 890/941 891/942 900/951 899/950
f 891/942 892/943 901/952 900/951
f 901/952 892/943 893/944 902/953
f 893/944 894/945 903/954 902/953
f 894/945 895/946 904/955 903/954
f 895/946 896/947 905/956 904/955
f 896/947 897/948 906/957 905/956
f 897/948 858/907 857/905 906/957
f 907/958 791/836 789/834 898/949
f 898/949 899/950 908/959 907/958
f 899/950 900/951 909/960 908/959
f 900/951 901/952 910/961 909/960
f 901/952 902/953 911/962 910/961
f 902/953 903/954 912/963 911/962
f 912/963 903/954 904/955 913/964
f 904/955 905/956 913/964
f 850/895 793/838 791/836 907/958
f 907/958 908/959 851/896 850/895
f 908/959 909/960 852/897 851/896
f 909/960 910/961 853/898 852/897
f 911/962 854/899 853/898 910/961
f 912/963 855/902 854/899 911/962
f 913/964 856/903 855/902 912/963
f 906/957 857/905 856/903
f 913/964 905/956 906/957 856/903
f 578/603 535/551 534/550
f 580/605 578/603 534/550 533/549
f 566/591 715/746 716/747
f 715/746 566/591 564/588 714/745
f 914/965 2839/966 2499/967 590/968
f 915/969 1807/970 2839/966 914/965
f 916/971 1808/972 1807/970 915/969
f 917/973 1783/974 1808/972 916/971
f 918/975 2844/976 1783/974 917/973
f 919/977 2846/978 2844/976 918/975
f 1784/979 2846/978 919/977 920/980
f 2849/981 1784/979 920/980 921/982
f 2851/983 2849/981 921/982 922/984
f 2853/985 2851/983 922/984 923/986
f 1809/987 1794/988 1713/989 924/990
f 939/991 940/992 1360/993 1359/994
f 941/995 1361/996 1360/993 940/992
f 1362/997 1361/996 941/995 943/998
f 1363/999 1362/997 943/998 945/1000
f 1364/1001 1363/1002 945/1003 947/1004
f 1365/1005 1364/1001 947/1004 949/1006
f 1366/1007 1365/1005 949/1006 951/1008
f 1367/1009 1366/1007 951/1008 953/1010
f 1210/1011 1211/1012 937/1013 955/1014
f 1209/1015 1210/1011 955/1014 957/1016
f 959/1017 1368/1018 1367/1009 953/1010
f 961/1019 1369/1020 1368/1018 959/1017
f 963/1021 1370/1022 1369/1020 961/1019
f 965/1023 1371/1024 1370/1022 963/1021
f 967/1025 1372/1026 1371/1024 965/1023
f 969/1027 1373/1028 1372/1026 967/1025
f 970/1029 1225/1030 1209/1015 957/1016
f 953/1010 951/1008 1207/1031 1208/1032
f 951/1008 949/1006 1206/1033 1207/1031
f 949/1006 947/1004 1205/1034 1206/1033
f 947/1004 945/1003 1204/1035 1205/1034
f 945/1000 943/998 1203/1036 1204/1037
f 943/998 941/995 1202/1038 1203/1036
f 940/992 1201/1039 1202/1038 941/995
f 939/991 1200/1040 1201/1039 940/992
f 956/1041 1199/1042 1200/1040 939/991
f 958/1043 1198/1044 1199/1042 956/1041
f 969/1027 1197/1045 1198/1044 958/1043
f 967/1025 1196/1046 1197/1045 969/1027
f 965/1023 1195/1047 1196/1046 967/1025
f 965/1023 963/1021 1194/1048 1195/1047
f 961/1019 1193/1049 1194/1048 963/1021
f 961/1019 959/1017 1192/1050 1193/1049
f 953/1010 1208/1032 1192/1050 959/1017
f 971/1051 972/1052 1189/1053 1190/1054
f 972/1052 973/1055 1188/1056 1189/1053
f 973/1055 974/1057 1187/1058 1188/1056
f 974/1057 975/1059 1186/1060 1187/1058
f 975/1061 976/1062 1185/1063 1186/1064
f 976/1062 977/1065 1184/1066 1185/1063
f 978/1067 1183/1068 1184/1066 977/1065
f 979/1069 1182/1070 1183/1068 978/1067
f 980/1071 1181/1072 1182/1070 979/1069
f 981/1073 1180/1074 1181/1072 980/1071
f 982/1075 1179/1076 1180/1074 981/1073
f 983/1077 1178/1078 1179/1076 982/1075
f 984/1079 1177/1080 1178/1078 983/1077
f 984/1079 985/1081 1176/1082 1177/1080
f 986/1083 1175/1084 1176/1082 985/1081
f 986/1083 987/1085 1191/1086 1175/1084
f 971/1051 1190/1054 1191/1086 987/1085
f 995/1087 996/1088 1006/1089 1005/1090
f 996/1088 997/1091 1007/1092 1006/1089
f 997/1091 998/1093 1008/1094 1007/1092
f 998/1093 999/1095 1009/1096 1008/1094
f 999/1095 1000/1097 1010/1098 1009/1096
f 1000/1097 1001/1099 1011/1100 1010/1098
f 1001/1099 1002/1101 1012/1102 1011/1100
f 1002/1101 1003/1103 1013/1104 1012/1102
f 1003/1103 1004/1105 1014/1106 1013/1104
f 1004/1105 988/1107 1015/1108 1014/1106
f 988/1107 989/1109 1016/1110 1015/1108
f 989/1109 990/1111 1017/1112 1016/1110
f 990/1111 991/1113 1018/1114 1017/1112
f 991/1113 992/1115 1019/1116 1018/1114
f 992/1117 993/1118 1020/1119 1019/1120
f 993/1118 994/1121 1021/1122 1020/1119
f 994/1121 995/1087 1005/1090 1021/1122
f 1006/1089 1141/1123 1142/1124 1005/1090
f 1007/1092 1157/1125 1141/1123 1006/1089
f 1008/1094 1156/1126 1157/1125 1007/1092
f 1009/1096 1155/1127 1156/1126 1008/1094
f 1009/1096 1010/1098 1154/1128 1155/1127
f 1010/1098 1011/1100 1153/1129 1154/1128
f 1011/1100 1012/1102 1152/1130 1153/1129
f 1012/1102 1013/1104 1151/1131 1152/1130
f 1013/1104 1014/1106 1150/1132 1151/1131
f 1015/1108 1149/1133 1150/1132 1014/1106
f 1015/1108 1016/1110 1148/1134 1149/1133
f 1017/1112 1147/1135 1148/1134 1016/1110
f 1018/1114 1146/1136 1147/1135 1017/1112
f 1019/1116 1145/1137 1146/1136 1018/1114
f 1019/1120 1020/1119 1144/1138 1145/1139
f 1021/1122 1143/1140 1144/1138 1020/1119
f 1005/1090 1142/1124 1143/1140 1021/1122
f 1023/1141 1108/1142 1109/1143 1022/1144
f 1024/1145 1107/1146 1108/1142 1023/1141
f 1025/1147 1123/1148 1107/1146 1024/1145
f 1026/1149 1122/1150 1123/1148 1025/1147
f 1026/1149 1027/1151 1121/1152 1122/1150
f 1027/1151 1028/1153 1120/1154 1121/1152
f 1028/1153 1029/1155 1119/1156 1120/1154
f 1029/1155 1030/1157 1118/1158 1119/1156
f 1030/1157 1031/1159 1117/1160 1118/1158
f 1032/1161 1116/1162 1117/1160 1031/1159
f 1032/1161 1033/1163 1115/1164 1116/1162
f 1034/1165 1114/1166 1115/1164 1033/1163
f 1035/1167 1113/1168 1114/1166 1034/1165
f 1036/1169 1112/1170 1113/1168 1035/1167
f 1036/1171 1037/1172 1111/1173 1112/1174
f 1038/1175 1110/1176 1111/1173 1037/1172
f 1022/1144 1109/1143 1110/1176 1038/1175
f 1039/1177 1040/1178 1057/1179 1056/1180
f 1040/1178 1041/1181 1058/1182 1057/1179
f 1041/1181 1042/1183 1059/1184 1058/1182
f 1042/1183 1043/1185 1060/1186 1059/1184
f 1043/1185 1044/1187 1061/1188 1060/1186
f 1044/1187 1045/1189 1062/1190 1061/1188
f 1045/1189 1046/1191 1063/1192 1062/1190
f 1046/1191 1047/1193 1064/1194 1063/1192
f 1047/1193 1048/1195 1065/1196 1064/1194
f 1048/1195 1049/1197 1066/1198 1065/1196
f 1049/1197 1050/1199 1067/1200 1066/1198
f 1050/1199 1051/1201 1068/1202 1067/1200
f 1051/1201 1052/1203 1069/1204 1068/1202
f 1052/1203 1053/1205 1070/1206 1069/1204
f 1053/1207 1054/1208 1071/1209 1070/1210
f 1054/1208 1055/1211 1072/1212 1071/1209
f 1055/1211 1039/1177 1056/1180 1072/1212
f 1057/1179 1124/1213 1125/1214 1056/1180
f 1058/1182 1140/1215 1124/1213 1057/1179
f 1059/1184 1139/1216 1140/1215 1058/1182
f 1059/1184 1060/1186 1138/1217 1139/1216
f 1060/1186 1061/1188 1137/1218 1138/1217
f 1061/1188 1062/1190 1136/1219 1137/1218
f 1062/1190 1063/1192 1135/1220 1136/1219
f 1063/1192 1064/1194 1134/1221 1135/1220
f 1064/1194 1065/1196 1133/1222 1134/1221
f 1066/1198 1132/1223 1133/1222 1065/1196
f 1066/1198 1067/1200 1131/1224 1132/1223
f 1068/1202 1130/1225 1131/1224 1067/1200
f 1069/1204 1129/1226 1130/1225 1068/1202
f 1070/1206 1128/1227 1129/1226 1069/1204
f 1070/1210 1071/1209 1127/1228 1128/1229
f 1072/1212 1126/1230 1127/1228 1071/1209
f 1056/1180 1125/1214 1126/1230 1072/1212
f 1172/1231 1173/1232 1099/1233 1098/1234
f 1171/1235 1172/1231 1098/1234 1097/1236
f 1170/1237 1171/1235 1097/1236 1096/1238
f 1169/1239 1170/1237 1096/1238 1095/1240
f 1168/1241 1169/1242 1095/1243 1094/1244
f 1167/1245 1168/1241 1094/1244 1093/1246
f 1092/1247 1166/1248 1167/1245 1093/1246
f 1091/1249 1165/1250 1166/1248 1092/1247
f 1090/1251 1164/1252 1165/1250 1091/1249
f 1106/1253 1163/1254 1164/1252 1090/1251
f 1105/1255 1162/1256 1163/1254 1106/1253
f 1104/1257 1161/1258 1162/1256 1105/1255
f 1103/1259 1160/1260 1161/1258 1104/1257
f 1159/1261 1160/1260 1103/1259 1102/1262
f 1101/1263 1158/1264 1159/1261 1102/1262
f 1174/1265 1158/1264 1101/1263 1100/1266
f 1099/1233 1173/1232 1174/1265 1100/1266
f 1108/1142 1040/1178 1039/1177 1109/1143
f 1107/1146 1041/1181 1040/1178 1108/1142
f 1123/1148 1042/1183 1041/1181 1107/1146
f 1122/1150 1043/1185 1042/1183 1123/1148
f 1044/1187 1043/1185 1122/1150 1121/1152
f 1045/1189 1044/1187 1121/1152 1120/1154
f 1046/1191 1045/1189 1120/1154 1119/1156
f 1047/1193 1046/1191 1119/1156 1118/1158
f 1048/1195 1047/1193 1118/1158 1117/1160
f 1116/1162 1049/1197 1048/1195 1117/1160
f 1050/1199 1049/1197 1116/1162 1115/1164
f 1114/1166 1051/1201 1050/1199 1115/1164
f 1113/1168 1052/1203 1051/1201 1114/1166
f 1112/1170 1053/1205 1052/1203 1113/1168
f 1054/1208 1053/1207 1112/1174 1111/1173
f 1110/1176 1055/1211 1054/1208 1111/1173
f 1109/1143 1039/1177 1055/1211 1110/1176
f 1734/1267 1735/1268 1125/1214 1124/1213
f 1750/1269 1734/1267 1124/1213 1140/1215
f 1139/1216 1749/1270 1750/1269 1140/1215
f 1748/1271 1749/1270 1139/1216 1138/1217
f 1747/1272 1748/1271 1138/1217 1137/1218
f 1746/1273 1747/1272 1137/1218 1136/1219
f 1745/1274 1746/1273 1136/1219 1135/1220
f 1744/1275 1745/1274 1135/1220 1134/1221
f 1743/1276 1744/1275 1134/1221 1133/1222
f 1132/1223 1742/1277 1743/1276 1133/1222
f 1131/1224 1741/1278 1742/1277 1132/1223
f 1130/1225 1740/1279 1741/1278 1131/1224
f 1129/1226 1739/1280 1740/1279 1130/1225
f 1128/1227 1738/1281 1739/1280 1129/1226
f 1127/1228 1737/1282 1738/1283 1128/1229
f 1126/1230 1736/1284 1737/1282 1127/1228
f 1735/1268 1736/1284 1126/1230 1125/1214
f 1141/1123 1023/1141 1022/1144 1142/1124
f 1157/1125 1024/1145 1023/1141 1141/1123
f 1156/1126 1025/1147 1024/1145 1157/1125
f 1155/1127 1026/1149 1025/1147 1156/1126
f 1027/1151 1026/1149 1155/1127 1154/1128
f 1028/1153 1027/1151 1154/1128 1153/1129
f 1029/1155 1028/1153 1153/1129 1152/1130
f 1030/1157 1029/1155 1152/1130 1151/1131
f 1031/1159 1030/1157 1151/1131 1150/1132
f 1149/1133 1032/1161 1031/1159 1150/1132
f 1033/1163 1032/1161 1149/1133 1148/1134
f 1147/1135 1034/1165 1033/1163 1148/1134
f 1146/1136 1035/1167 1034/1165 1147/1135
f 1145/1137 1036/1169 1035/1167 1146/1136
f 1037/1172 1036/1171 1145/1139 1144/1138
f 1143/1140 1038/1175 1037/1172 1144/1138
f 1142/1124 1022/1144 1038/1175 1143/1140
f 989/1109 988/1107 1173/1232 1172/1231
f 990/1111 989/1109 1172/1231 1171/1235
f 991/1113 990/1111 1171/1235 1170/1237
f 992/1115 991/1113 1170/1237 1169/1239
f 993/1118 992/1117 1169/1242 1168/1241
f 994/1121 993/1118 1168/1241 1167/1245
f 1166/1248 995/1087 994/1121 1167/1245
f 1165/1250 996/1088 995/1087 1166/1248
f 1164/1252 997/1091 996/1088 1165/1250
f 1163/1254 998/1093 997/1091 1164/1252
f 1162/1256 999/1095 998/1093 1163/1254
f 1161/1258 1000/1097 999/1095 1162/1256
f 1160/1260 1001/1099 1000/1097 1161/1258
f 1002/1101 1001/1099 1160/1260 1159/1261
f 1158/1264 1003/1103 1002/1101 1159/1261
f 1004/1105 1003/1103 1158/1264 1174/1265
f 1173/1232 988/1107 1004/1105 1174/1265
f 1098/1234 1099/1233 1190/1054 1189/1053
f 1097/1236 1098/1234 1189/1053 1188/1056
f 1096/1238 1097/1236 1188/1056 1187/1058
f 1095/1240 1096/1238 1187/1058 1186/1060
f 1094/1244 1095/1243 1186/1064 1185/1063
f 1093/1246 1094/1244 1185/1063 1184/1066
f 1183/1068 1092/1247 1093/1246 1184/1066
f 1182/1070 1091/1249 1092/1247 1183/1068
f 1181/1072 1090/1251 1091/1249 1182/1070
f 1180/1074 1106/1253 1090/1251 1181/1072
f 1179/1076 1105/1255 1106/1253 1180/1074
f 1178/1078 1104/1257 1105/1255 1179/1076
f 1177/1080 1103/1259 1104/1257 1178/1078
f 1102/1262 1103/1259 1177/1080 1176/1082
f 1175/1084 1101/1263 1102/1262 1176/1082
f 1100/1266 1101/1263 1175/1084 1191/1086
f 1190/1054 1099/1233 1100/1266 1191/1086
f 972/1052 971/1051 1208/1032 1207/1031
f 973/1055 972/1052 1207/1031 1206/1033
f 974/1057 973/1055 1206/1033 1205/1034
f 975/1059 974/1057 1205/1034 1204/1035
f 976/1062 975/1061 1204/1037 1203/1036
f 977/1065 976/1062 1203/1036 1202/1038
f 1201/1039 978/1067 977/1065 1202/1038
f 1200/1040 979/1069 978/1067 1201/1039
f 1199/1042 980/1071 979/1069 1200/1040
f 1198/1044 981/1073 980/1071 1199/1042
f 1197/1045 982/1075 981/1073 1198/1044
f 1196/1046 983/1077 982/1075 1197/1045
f 1195/1047 984/1079 983/1077 1196/1046
f 985/1081 984/1079 1195/1047 1194/1048
f 1193/1049 986/1083 985/1081 1194/1048
f 987/1085 986/1083 1193/1049 1192/1050
f 1208/1032 971/1051 987/1085 1192/1050
f 938/1285 937/1013 1211/1012 1212/1286
f 942/1287 938/1285 1212/1286 1213/1288
f 944/1289 942/1287 1213/1288 1214/1290
f 946/1291 944/1289 1214/1290 1215/1292
f 948/1293 946/1294 1215/1295 1216/1296
f 1217/1297 950/1298 948/1293 1216/1296
f 1218/1299 952/1300 950/1298 1217/1297
f 1219/1301 954/1302 952/1300 1218/1299
f 1393/1303 1394/1304 1211/1305 1210/1306
f 1392/1307 1393/1303 1210/1306 1209/1308
f 1220/1309 960/1310 954/1302 1219/1301
f 1221/1311 962/1312 960/1310 1220/1309
f 1222/1313 964/1314 962/1312 1221/1311
f 1223/1315 966/1316 964/1314 1222/1313
f 1224/1317 968/1318 966/1316 1223/1315
f 1225/1319 970/1320 968/1318 1224/1317
f 1408/1321 1392/1307 1209/1308 1225/1322
f 1378/1323 1377/1324 1227/1325 1228/1326
f 1379/1327 1378/1323 1228/1326 1229/1328
f 1380/1329 1379/1327 1229/1328 1230/1330
f 1381/1331 1380/1329 1230/1330 1231/1332
f 1382/1333 1381/1334 1231/1335 1232/1336
f 1233/1337 1383/1338 1382/1333 1232/1336
f 1234/1339 1384/1340 1383/1338 1233/1337
f 1235/1341 1385/1342 1384/1340 1234/1339
f 1236/1343 1386/1344 1385/1342 1235/1341
f 1237/1345 1387/1346 1386/1344 1236/1343
f 1238/1347 1388/1348 1387/1346 1237/1345
f 1239/1349 1389/1350 1388/1348 1238/1347
f 1240/1351 1390/1352 1389/1350 1239/1349
f 1241/1353 1391/1354 1390/1352 1240/1351
f 1342/1355 1343/1356 1227/1325 1226/1357
f 1242/1358 1341/1359 1342/1355 1226/1357
f 1241/1353 1357/1360 1341/1359 1242/1358
f 1244/1361 954/1302 960/1310 1243/1362
f 1246/1363 1244/1361 1243/1362 1245/1364
f 1248/1365 1246/1363 1245/1364 1247/1366
f 1250/1367 1248/1365 1247/1366 1249/1368
f 1252/1369 1250/1367 1249/1368 1251/1370
f 929/1371 930/1372 1252/1369 1251/1370
f 1253/1373 1254/1374 937/1013 938/1285
f 1255/1375 1256/1376 1254/1374 1253/1373
f 1258/1377 1256/1376 1255/1375 1257/1378
f 1259/1379 1260/1380 1258/1377 1257/1378
f 1262/1381 1260/1380 1259/1379 1261/1382
f 1264/1383 1262/1381 1261/1382 1263/1384
f 1264/1383 1263/1384 916/971 915/969
f 1265/1385 955/1014 937/1013 1254/1374
f 1254/1374 1256/1376 1266/1386 1265/1385
f 1266/1386 1256/1376 1258/1377 1267/1387
f 1258/1377 1260/1380 1268/1388 1267/1387
f 1260/1380 1262/1381 1269/1389 1268/1388
f 1269/1389 1262/1381 1264/1383 1270/1390
f 1270/1390 1264/1383 915/969 914/965
f 914/965 590/968 1271/1391 1270/1390
f 1272/1392 1269/1389 1270/1390 1271/1391
f 1268/1388 1269/1389 1272/1392 1273/1393
f 1267/1387 1268/1388 1273/1393 1274/1394
f 1275/1395 1266/1386 1267/1387 1274/1394
f 1265/1385 1266/1386 1275/1395 1276/1396
f 1277/1397 955/1014 1265/1385 1276/1396
f 1278/1398 957/1016 955/1014 1277/1397
f 1279/1399 970/1029 957/1016 1278/1398
f 1280/1400 968/1318 970/1320 1279/1401
f 1281/1402 966/1316 968/1318 1280/1400
f 1282/1403 964/1314 966/1316 1281/1402
f 1283/1404 962/1312 964/1314 1282/1403
f 962/1312 1283/1404 1243/1362 960/1310
f 1284/1405 1245/1364 1243/1362 1283/1404
f 1285/1406 1247/1366 1245/1364 1284/1405
f 1286/1407 1249/1368 1247/1366 1285/1406
f 1251/1370 1249/1368 1286/1407 1287/1408
f 929/1371 1251/1370 1287/1408 928/1409
f 1288/1410 927/1411 928/1409 1287/1408
f 1287/1408 1286/1407 1289/1412 1288/1410
f 1286/1407 1285/1406 1290/1413 1289/1412
f 1285/1406 1284/1405 1291/1414 1290/1413
f 1291/1414 1284/1405 1283/1404 1282/1403
f 1292/1415 926/1416 927/1411 1288/1410
f 1288/1410 1289/1412 1293/1417 1292/1415
f 1289/1412 1290/1413 1294/1418 1293/1417
f 1290/1413 1291/1414 1295/1419 1294/1418
f 1295/1419 1291/1414 1282/1403 1281/1402
f 1296/1420 925/1421 926/1416 1292/1415
f 1292/1415 1293/1417 1297/1422 1296/1420
f 1293/1417 1294/1418 1298/1423 1297/1422
f 1294/1418 1295/1419 1299/1424 1298/1423
f 1295/1419 1281/1402 1300/1425 1299/1424
f 1281/1402 1280/1400 1301/1426 1300/1425
f 1280/1400 1279/1401 1302/1427 1301/1426
f 1302/1428 1279/1399 1278/1398 1303/1429
f 1278/1398 1277/1397 1304/1430 1303/1429
f 1277/1397 1276/1396 1305/1431 1304/1430
f 1276/1396 1275/1395 1306/1432 1305/1431
f 1275/1395 1274/1394 1307/1433 1306/1432
f 1274/1394 1273/1393 1308/1434 1307/1433
f 1273/1393 1272/1392 1309/1435 1308/1434
f 1272/1392 1271/1391 1310/1436 1309/1435
f 591/1437 1310/1436 1271/1391 590/968
f 592/1438 1309/1435 1310/1436 591/1437
f 1311/1439 1312/1440 597/1441 598/1442
f 1314/1443 1312/1440 1311/1439 1313/1444
f 1316/1445 1314/1443 1313/1444 1315/1446
f 1301/1426 1302/1427 1316/1445 1315/1446
f 1302/1428 1303/1429 1317/1447 1316/1448
f 1318/1449 1314/1450 1316/1448 1317/1447
f 1319/1451 1312/1452 1314/1450 1318/1449
f 597/1453 1312/1452 1319/1451 596/1454
f 1303/1429 1304/1430 1320/1455 1317/1447
f 1321/1456 1318/1449 1317/1447 1320/1455
f 1322/1457 1319/1451 1318/1449 1321/1456
f 596/1454 1319/1451 1322/1457 595/1458
f 592/1438 593/1459 1323/1460 1309/1435
f 1324/1461 1308/1434 1309/1435 1323/1460
f 1325/1462 1307/1433 1308/1434 1324/1461
f 1326/1463 1306/1432 1307/1433 1325/1462
f 1305/1431 1306/1432 1326/1463 1327/1464
f 1305/1431 1327/1464 1320/1455 1304/1430
f 1326/1463 1321/1456 1320/1455 1327/1464
f 1325/1462 1322/1457 1321/1456 1326/1463
f 1325/1462 1324/1461 1328/1465 1322/1457
f 595/1458 1322/1457 1328/1465 594/1466
f 1328/1465 1324/1461 1323/1460
f 594/1466 1328/1465 1323/1460 593/1459
f 598/1442 599/1467 1329/1468 1311/1439
f 599/1467 600/1469 1330/1470 1329/1468
f 600/1469 601/1471 1331/1472 1330/1470
f 601/1471 602/1473 1332/1474 1331/1472
f 1332/1474 602/1473 603/1475 1333/1476
f 1333/1476 603/1475 1802/1477 1810/1478
f 1300/1425 1301/1426 1315/1446 1334/1479
f 1315/1446 1313/1444 1335/1480 1334/1479
f 1329/1468 1335/1480 1313/1444 1311/1439
f 1336/1481 1299/1424 1300/1425 1334/1479
f 1334/1479 1335/1480 1337/1482 1336/1481
f 1329/1468 1330/1470 1337/1482 1335/1480
f 1298/1423 1299/1424 1336/1481 1337/1482
f 1297/1422 1298/1423 1337/1482 1338/1483
f 1330/1470 1331/1472 1338/1483 1337/1482
f 1296/1420 1297/1422 1338/1483 1339/1484
f 1331/1472 1332/1474 1339/1484 1338/1483
f 1332/1474 1333/1476 1340/1485 1339/1484
f 1340/1485 1333/1476 1810/1478 1789/1486
f 1296/1420 1339/1484 1340/1485 925/1421
f 1228/1326 1227/1325 1343/1356 1344/1487
f 1229/1328 1228/1326 1344/1487 1345/1488
f 1230/1330 1229/1328 1345/1488 1346/1489
f 1231/1332 1230/1330 1346/1489 1347/1490
f 1232/1336 1231/1335 1347/1491 1348/1492
f 1349/1493 1233/1337 1232/1336 1348/1492
f 1350/1494 1234/1339 1233/1337 1349/1493
f 1351/1495 1235/1341 1234/1339 1350/1494
f 1352/1496 1236/1343 1235/1341 1351/1495
f 1353/1497 1237/1345 1236/1343 1352/1496
f 1354/1498 1238/1347 1237/1345 1353/1497
f 1355/1499 1239/1349 1238/1347 1354/1498
f 1356/1500 1240/1351 1239/1349 1355/1499
f 1357/1360 1241/1353 1240/1351 1356/1500
f 1358/1501 1359/994 1343/1356 1342/1355
f 1341/1359 1374/1502 1358/1501 1342/1355
f 1357/1360 1373/1028 1374/1502 1341/1359
f 1344/1487 1343/1356 1359/994 1360/993
f 1345/1488 1344/1487 1360/993 1361/996
f 1346/1489 1345/1488 1361/996 1362/997
f 1347/1490 1346/1489 1362/997 1363/999
f 1348/1492 1347/1491 1363/1002 1364/1001
f 1365/1005 1349/1493 1348/1492 1364/1001
f 1366/1007 1350/1494 1349/1493 1365/1005
f 1367/1009 1351/1495 1350/1494 1366/1007
f 1368/1018 1352/1496 1351/1495 1367/1009
f 1369/1020 1353/1497 1352/1496 1368/1018
f 1370/1022 1354/1498 1353/1497 1369/1020
f 1371/1024 1355/1499 1354/1498 1370/1022
f 1372/1026 1356/1500 1355/1499 1371/1024
f 1373/1028 1357/1360 1356/1500 1372/1026
f 1358/1501 956/1041 939/991 1359/994
f 1374/1502 958/1043 956/1041 1358/1501
f 1373/1028 969/1027 958/1043 1374/1502
f 1226/1357 1227/1325 1377/1324 1376/1503
f 1242/1358 1226/1357 1376/1503 1375/1504
f 1241/1353 1242/1358 1375/1504 1391/1354
f 1395/1505 1394/1304 1377/1324 1378/1323
f 1396/1506 1395/1505 1378/1323 1379/1327
f 1397/1507 1396/1506 1379/1327 1380/1329
f 1398/1508 1397/1507 1380/1329 1381/1331
f 1399/1509 1398/1510 1381/1334 1382/1333
f 1383/1338 1400/1511 1399/1509 1382/1333
f 1384/1340 1401/1512 1400/1511 1383/1338
f 1385/1342 1402/1513 1401/1512 1384/1340
f 1386/1344 1403/1514 1402/1513 1385/1342
f 1387/1346 1404/1515 1403/1514 1386/1344
f 1388/1348 1405/1516 1404/1515 1387/1346
f 1389/1350 1406/1517 1405/1516 1388/1348
f 1390/1352 1407/1518 1406/1517 1389/1350
f 1391/1354 1408/1321 1407/1518 1390/1352
f 1376/1503 1377/1324 1394/1304 1393/1303
f 1375/1504 1376/1503 1393/1303 1392/1307
f 1391/1354 1375/1504 1392/1307 1408/1321
f 1212/1519 1211/1305 1394/1304 1395/1505
f 1213/1520 1212/1519 1395/1505 1396/1506
f 1214/1521 1213/1520 1396/1506 1397/1507
f 1215/1522 1214/1521 1397/1507 1398/1508
f 1216/1523 1215/1524 1398/1510 1399/1509
f 1400/1511 1217/1525 1216/1523 1399/1509
f 1401/1512 1218/1526 1217/1525 1400/1511
f 1402/1513 1219/1527 1218/1526 1401/1512
f 1403/1514 1220/1528 1219/1527 1402/1513
f 1404/1515 1221/1529 1220/1528 1403/1514
f 1405/1516 1222/1530 1221/1529 1404/1515
f 1406/1517 1223/1531 1222/1530 1405/1516
f 1407/1518 1224/1532 1223/1531 1406/1517
f 1408/1321 1225/1322 1224/1532 1407/1518
f 1409/1533 1410/1534 938/1285 942/1287
f 1411/1535 1412/1536 1410/1534 1409/1533
f 1413/1537 1414/1538 1412/1536 1411/1535
f 1416/1539 1414/1538 1413/1537 1415/1540
f 1418/1541 1416/1539 1415/1540 1417/1542
f 1420/1543 1418/1541 1417/1542 1419/1544
f 1421/1545 1422/1546 1420/1543 1419/1544
f 1423/1547 1424/1548 1422/1546 1421/1545
f 1426/1549 1424/1548 1423/1547 1425/1550
f 1426/1549 1425/1550 920/980 919/977
f 1427/1551 921/982 920/980 1425/1550
f 1425/1550 1423/1547 1428/1552 1427/1551
f 1428/1552 1423/1547 1421/1545 1429/1553
f 1421/1545 1419/1544 1430/1554 1429/1553
f 1419/1544 1417/1542 1431/1555 1430/1554
f 1417/1542 1415/1540 1432/1556 1431/1555
f 1415/1540 1413/1537 1433/1557 1432/1556
f 1413/1537 1411/1535 1434/1558 1433/1557
f 1411/1535 1409/1533 1435/1559 1434/1558
f 1435/1559 1409/1533 942/1287 1436/1560
f 1436/1560 942/1287 944/1289 1437/1561
f 1437/1561 944/1289 946/1291 1438/1562
f 946/1294 948/1293 1439/1563 1438/1564
f 1439/1563 948/1293 950/1298 1440/1565
f 950/1298 952/1300 1441/1566 1440/1565
f 952/1300 954/1302 1442/1567 1441/1566
f 954/1302 1244/1361 1443/1568 1442/1567
f 1244/1361 1246/1363 1444/1569 1443/1568
f 1246/1363 1248/1365 1445/1570 1444/1569
f 1248/1365 1250/1367 1446/1571 1445/1570
f 1250/1367 1252/1369 1447/1572 1446/1571
f 931/1573 1447/1572 1252/1369 930/1372
f 931/1573 932/1574 1448/1575 1447/1572
f 1449/1576 1446/1571 1447/1572 1448/1575
f 1450/1577 1445/1570 1446/1571 1449/1576
f 1451/1578 1444/1569 1445/1570 1450/1577
f 1452/1579 1443/1568 1444/1569 1451/1578
f 1453/1580 1442/1567 1443/1568 1452/1579
f 1454/1581 1441/1566 1442/1567 1453/1580
f 1455/1582 1440/1565 1441/1566 1454/1581
f 1456/1583 1439/1563 1440/1565 1455/1582
f 1457/1584 1438/1564 1439/1563 1456/1583
f 1458/1585 1437/1561 1438/1562 1457/1586
f 1459/1587 1436/1560 1437/1561 1458/1585
f 1435/1559 1436/1560 1459/1587 1434/1558
f 1460/1588 1461/1589 1434/1558 1459/1587
f 1433/1557 1434/1558 1461/1589 1432/1556
f 1459/1587 1458/1585 1462/1590 1460/1588
f 1458/1585 1457/1586 1463/1591 1462/1590
f 1463/1592 1457/1584 1456/1583 1464/1593
f 1456/1583 1455/1582 1465/1594 1464/1593
f 1455/1582 1454/1581 1466/1595 1465/1594
f 1454/1581 1453/1580 1467/1596 1466/1595
f 1453/1580 1452/1579 1468/1597 1467/1596
f 1452/1579 1451/1578 1469/1598 1468/1597
f 1451/1578 1450/1577 1470/1599 1469/1598
f 1450/1577 1449/1576 1471/1600 1470/1599
f 1449/1576 1448/1575 1472/1601 1471/1600
f 932/1574 933/1602 1472/1601 1448/1575
f 1473/1603 922/984 921/982 1427/1551
f 1427/1551 1428/1552 1474/1604 1473/1603
f 1428/1552 1429/1553 1475/1605 1474/1604
f 1429/1553 1430/1554 1476/1606 1475/1605
f 1476/1606 1430/1554 1431/1555 1477/1607
f 1431/1555 1432/1556 1478/1608 1477/1607
f 1478/1608 1432/1556 1461/1589 1479/1609
f 1461/1589 1460/1588 1480/1610 1479/1609
f 1460/1588 1462/1590 1481/1611 1480/1610
f 1462/1590 1463/1591 1482/1612 1481/1611
f 1482/1613 1463/1592 1464/1593 1483/1614
f 1464/1593 1465/1594 1484/1615 1483/1614
f 1465/1594 1466/1595 1485/1616 1484/1615
f 1466/1595 1467/1596 1486/1617 1485/1616
f 1467/1596 1468/1597 1487/1618 1486/1617
f 1468/1597 1469/1598 1488/1619 1487/1618
f 1469/1598 1470/1599 1489/1620 1488/1619
f 1470/1599 1471/1600 1490/1621 1489/1620
f 1471/1600 1472/1601 1491/1622 1490/1621
f 933/1602 934/1623 1491/1622 1472/1601
f 1492/1624 923/986 922/984 1473/1603
f 1473/1603 1474/1604 1493/1625 1492/1624
f 1493/1625 1474/1604 1475/1605 1494/1626
f 1475/1605 1476/1606 1495/1627 1494/1626
f 1476/1606 1477/1607 1496/1628 1495/1627
f 1477/1607 1478/1608 1497/1629 1496/1628
f 1497/1629 1478/1608 1479/1609 1498/1630
f 1479/1609 1480/1610 1499/1631 1498/1630
f 1480/1610 1481/1611 1500/1632 1499/1631
f 1481/1611 1482/1612 1501/1633 1500/1632
f 1501/1634 1482/1613 1483/1614 1502/1635
f 1483/1614 1484/1615 1503/1636 1502/1635
f 1484/1615 1485/1616 1504/1637 1503/1636
f 1485/1616 1486/1617 1505/1638 1504/1637
f 1486/1617 1487/1618 1506/1639 1505/1638
f 1487/1618 1488/1619 1507/1640 1506/1639
f 1488/1619 1489/1620 1508/1641 1507/1640
f 1489/1620 1490/1621 1509/1642 1508/1641
f 1490/1621 1491/1622 1510/1643 1509/1642
f 934/1623 935/1644 1510/1643 1491/1622
f 1510/1643 935/1644 1613/1645 1612/1646
f 1731/1647 1732/1648 1511/1649 1512/1650
f 1730/1651 1731/1647 1512/1650 1513/1652
f 1729/1653 1730/1651 1513/1652 1514/1654
f 1728/1655 1729/1653 1514/1654 1515/1656
f 1727/1657 1728/1655 1515/1656 1516/1658
f 1726/1659 1727/1657 1516/1658 1517/1660
f 1725/1661 1726/1659 1517/1660 1518/1662
f 1724/1663 1725/1661 1518/1662 1519/1664
f 1723/1665 1724/1663 1519/1664 1520/1666
f 1722/1667 1723/1668 1520/1669 1521/1670
f 1721/1671 1722/1667 1521/1670 1522/1672
f 1720/1673 1721/1671 1522/1672 1523/1674
f 1719/1675 1720/1673 1523/1674 1524/1676
f 1718/1677 1719/1675 1524/1676 1525/1678
f 1717/1679 1718/1677 1525/1678 1526/1680
f 1716/1681 1717/1679 1526/1680 1527/1682
f 1528/1683 1715/1684 1716/1681 1527/1682
f 1529/1685 1714/1686 1715/1684 1528/1683
f 1492/1624 1594/1687 1593/1688 923/986
f 1712/1689 1793/1690 1790/1691 1550/1692
f 1733/1693 1732/1648 1549/1694 1550/1692
f 1710/1695 1711/1696 1549/1694 1548/1697
f 1709/1698 1710/1695 1548/1697 1547/1699
f 1708/1700 1709/1698 1547/1699 1546/1701
f 1707/1702 1708/1700 1546/1701 1545/1703
f 1706/1704 1707/1702 1545/1703 1544/1705
f 1705/1706 1706/1704 1544/1705 1543/1707
f 1704/1708 1705/1706 1543/1707 1542/1709
f 1703/1710 1704/1708 1542/1709 1541/1711
f 1702/1712 1703/1710 1541/1711 1540/1713
f 1701/1714 1702/1715 1540/1716 1539/1717
f 1700/1718 1701/1714 1539/1717 1538/1719
f 1699/1720 1700/1718 1538/1719 1537/1721
f 1698/1722 1699/1720 1537/1721 1536/1723
f 1697/1724 1698/1722 1536/1723 1535/1725
f 1696/1726 1697/1724 1535/1725 1534/1727
f 1695/1728 1696/1726 1534/1727 1533/1729
f 1532/1730 1694/1731 1695/1728 1533/1729
f 1531/1732 1693/1733 1694/1731 1532/1730
f 1714/1686 1713/989 1530/1734 1531/1732
f 1712/1689 1711/1696 1570/1735 1571/1736
f 1552/1737 1693/1733 1692/1738 1551/1739
f 1691/1740 1791/1741 3531/1742 1571/1736
f 1689/1743 1690/1744 1570/1735 1569/1745
f 1688/1746 1689/1743 1569/1745 1568/1747
f 1687/1748 1688/1746 1568/1747 1567/1749
f 1686/1750 1687/1748 1567/1749 1566/1751
f 1685/1752 1686/1750 1566/1751 1565/1753
f 1684/1754 1685/1752 1565/1753 1564/1755
f 1683/1756 1684/1754 1564/1755 1563/1757
f 1682/1758 1683/1756 1563/1757 1562/1759
f 1681/1760 1682/1758 1562/1759 1561/1761
f 1680/1762 1681/1763 1561/1764 1560/1765
f 1679/1766 1680/1762 1560/1765 1559/1767
f 1678/1768 1679/1766 1559/1767 1558/1769
f 1677/1770 1678/1768 1558/1769 1557/1771
f 1676/1772 1677/1770 1557/1771 1556/1773
f 1675/1774 1676/1772 1556/1773 1555/1775
f 1674/1776 1675/1774 1555/1775 1554/1777
f 1553/1778 1673/1779 1674/1776 1554/1777
f 1552/1737 1672/1780 1673/1779 1553/1778
f 1691/1740 1690/1744 1591/1781 1592/1782
f 1573/1783 1672/1780 1671/1784 1572/1785
f 1592/1782 1670/1786 3574/1787 3575/1788
f 1668/1789 1669/1790 1591/1781 1590/1791
f 1667/1792 1668/1789 1590/1791 1589/1793
f 1666/1794 1667/1792 1589/1793 1588/1795
f 1665/1796 1666/1794 1588/1795 1587/1797
f 1664/1798 1665/1796 1587/1797 1586/1799
f 1663/1800 1664/1798 1586/1799 1585/1801
f 1662/1802 1663/1800 1585/1801 1584/1803
f 1661/1804 1662/1802 1584/1803 1583/1805
f 1660/1806 1661/1804 1583/1805 1582/1807
f 1659/1808 1660/1809 1582/1810 1581/1811
f 1658/1812 1659/1808 1581/1811 1580/1813
f 1657/1814 1658/1812 1580/1813 1579/1815
f 1656/1816 1657/1814 1579/1815 1578/1817
f 1655/1818 1656/1816 1578/1817 1577/1819
f 1654/1820 1655/1818 1577/1819 1576/1821
f 1575/1822 1653/1823 1654/1820 1576/1821
f 1574/1824 1652/1825 1653/1823 1575/1822
f 1573/1783 1651/1826 1652/1825 1574/1824
f 1670/1786 1669/1790 1612/1646 1613/1645
f 1594/1687 1651/1826 1650/1827 1593/1688
f 935/1644 1788/1828 3613/1829 1613/1645
f 1611/1830 1509/1642 1510/1643 1612/1646
f 1508/1641 1509/1642 1611/1830 1610/1831
f 1507/1640 1508/1641 1610/1831 1609/1832
f 1506/1639 1507/1640 1609/1832 1608/1833
f 1505/1638 1506/1639 1608/1833 1607/1834
f 1504/1637 1505/1638 1607/1834 1606/1835
f 1503/1636 1504/1637 1606/1835 1605/1836
f 1604/1837 1502/1635 1503/1636 1605/1836
f 1501/1634 1502/1635 1604/1837 1603/1838
f 1500/1632 1501/1633 1603/1839 1602/1840
f 1499/1631 1500/1632 1602/1840 1601/1841
f 1600/1842 1498/1630 1499/1631 1601/1841
f 1599/1843 1497/1629 1498/1630 1600/1842
f 1598/1844 1496/1628 1497/1629 1599/1843
f 1597/1845 1495/1627 1496/1628 1598/1844
f 1596/1846 1494/1626 1495/1627 1597/1845
f 1595/1847 1493/1625 1494/1626 1596/1846
f 1594/1687 1492/1624 1493/1625 1595/1847
f 1614/1848 917/973 916/971 1263/1384
f 1615/1849 918/975 917/973 1614/1848
f 1616/1850 919/977 918/975 1615/1849
f 1617/1851 1426/1549 919/977 1616/1850
f 1618/1852 1424/1548 1426/1549 1617/1851
f 1619/1853 1422/1546 1424/1548 1618/1852
f 1620/1854 1420/1543 1422/1546 1619/1853
f 1621/1855 1418/1541 1420/1543 1620/1854
f 1622/1856 1416/1539 1418/1541 1621/1855
f 1623/1857 1414/1538 1416/1539 1622/1856
f 1624/1858 1412/1536 1414/1538 1623/1857
f 1625/1859 1410/1534 1412/1536 1624/1858
f 1410/1534 1625/1859 1253/1373 938/1285
f 1614/1848 1263/1384 1261/1382 1626/1860
f 1627/1861 1615/1849 1614/1848 1626/1860
f 1628/1862 1616/1850 1615/1849 1627/1861
f 1629/1863 1617/1851 1616/1850 1628/1862
f 1630/1864 1618/1852 1617/1851 1629/1863
f 1631/1865 1619/1853 1618/1852 1630/1864
f 1632/1866 1620/1854 1619/1853 1631/1865
f 1633/1867 1621/1855 1620/1854 1632/1866
f 1634/1868 1622/1856 1621/1855 1633/1867
f 1635/1869 1623/1857 1622/1856 1634/1868
f 1636/1870 1624/1858 1623/1857 1635/1869
f 1637/1871 1625/1859 1624/1858 1636/1870
f 1625/1859 1637/1871 1255/1375 1253/1373
f 1261/1382 1259/1379 1638/1872 1626/1860
f 1627/1861 1626/1860 1638/1872 1639/1873
f 1628/1862 1627/1861 1639/1873 1640/1874
f 1641/1875 1629/1863 1628/1862 1640/1874
f 1642/1876 1630/1864 1629/1863 1641/1875
f 1643/1877 1631/1865 1630/1864 1642/1876
f 1644/1878 1632/1866 1631/1865 1643/1877
f 1645/1879 1633/1867 1632/1866 1644/1878
f 1646/1880 1634/1868 1633/1867 1645/1879
f 1647/1881 1635/1869 1634/1868 1646/1880
f 1648/1882 1636/1870 1635/1869 1647/1881
f 1649/1883 1637/1871 1636/1870 1648/1882
f 1649/1883 1257/1378 1255/1375 1637/1871
f 1638/1872 1259/1379 1257/1378 1649/1883
f 1648/1882 1639/1873 1638/1872 1649/1883
f 1647/1881 1640/1874 1639/1873 1648/1882
f 1644/1878 1643/1877 1640/1874 1647/1881
f 1643/1877 1642/1876 1641/1875 1640/1874
f 1646/1880 1645/1879 1644/1878 1647/1881
f 1613/1645 3613/1829 3574/1787 1670/1786
f 1611/1830 1612/1646 1669/1790 1668/1789
f 1610/1831 1611/1830 1668/1789 1667/1792
f 1609/1832 1610/1831 1667/1792 1666/1794
f 1608/1833 1609/1832 1666/1794 1665/1796
f 1607/1834 1608/1833 1665/1796 1664/1798
f 1606/1835 1607/1834 1664/1798 1663/1800
f 1605/1836 1606/1835 1663/1800 1662/1802
f 1604/1837 1605/1836 1662/1802 1661/1804
f 1603/1838 1604/1837 1661/1804 1660/1806
f 1602/1840 1603/1839 1660/1809 1659/1808
f 1601/1841 1602/1840 1659/1808 1658/1812
f 1600/1842 1601/1841 1658/1812 1657/1814
f 1599/1843 1600/1842 1657/1814 1656/1816
f 1598/1844 1599/1843 1656/1816 1655/1818
f 1597/1845 1598/1844 1655/1818 1654/1820
f 1653/1823 1596/1846 1597/1845 1654/1820
f 1652/1825 1595/1847 1596/1846 1653/1823
f 1651/1826 1594/1687 1595/1847 1652/1825
f 1592/1782 1591/1781 1669/1790 1670/1786
f 1651/1826 1573/1783 1572/1785 1650/1827
f 1691/1740 1592/1782 3575/1788 1791/1741
f 1590/1791 1591/1781 1690/1744 1689/1743
f 1589/1793 1590/1791 1689/1743 1688/1746
f 1588/1795 1589/1793 1688/1746 1687/1748
f 1587/1797 1588/1795 1687/1748 1686/1750
f 1586/1799 1587/1797 1686/1750 1685/1752
f 1585/1801 1586/1799 1685/1752 1684/1754
f 1584/1803 1585/1801 1684/1754 1683/1756
f 1583/1805 1584/1803 1683/1756 1682/1758
f 1582/1807 1583/1805 1682/1758 1681/1760
f 1581/1811 1582/1810 1681/1763 1680/1762
f 1580/1813 1581/1811 1680/1762 1679/1766
f 1579/1815 1580/1813 1679/1766 1678/1768
f 1578/1817 1579/1815 1678/1768 1677/1770
f 1577/1819 1578/1817 1677/1770 1676/1772
f 1576/1821 1577/1819 1676/1772 1675/1774
f 1674/1776 1575/1822 1576/1821 1675/1774
f 1673/1779 1574/1824 1575/1822 1674/1776
f 1672/1780 1573/1783 1574/1824 1673/1779
f 1571/1736 1570/1735 1690/1744 1691/1740
f 1672/1780 1552/1737 1551/1739 1671/1784
f 1571/1736 3531/1742 1793/1690 1712/1689
f 1569/1745 1570/1735 1711/1696 1710/1695
f 1568/1747 1569/1745 1710/1695 1709/1698
f 1567/1749 1568/1747 1709/1698 1708/1700
f 1566/1751 1567/1749 1708/1700 1707/1702
f 1565/1753 1566/1751 1707/1702 1706/1704
f 1564/1755 1565/1753 1706/1704 1705/1706
f 1563/1757 1564/1755 1705/1706 1704/1708
f 1562/1759 1563/1757 1704/1708 1703/1710
f 1561/1761 1562/1759 1703/1710 1702/1712
f 1560/1765 1561/1764 1702/1715 1701/1714
f 1559/1767 1560/1765 1701/1714 1700/1718
f 1558/1769 1559/1767 1700/1718 1699/1720
f 1557/1771 1558/1769 1699/1720 1698/1722
f 1556/1773 1557/1771 1698/1722 1697/1724
f 1555/1775 1556/1773 1697/1724 1696/1726
f 1554/1777 1555/1775 1696/1726 1695/1728
f 1694/1731 1553/1778 1554/1777 1695/1728
f 1693/1733 1552/1737 1553/1778 1694/1731
f 1550/1692 1549/1694 1711/1696 1712/1689
f 1693/1733 1531/1732 1530/1734 1692/1738
f 1550/1692 1790/1691 3667/1884 1733/1693
f 1548/1697 1549/1694 1732/1648 1731/1647
f 1547/1699 1548/1697 1731/1647 1730/1651
f 1546/1701 1547/1699 1730/1651 1729/1653
f 1545/1703 1546/1701 1729/1653 1728/1655
f 1544/1705 1545/1703 1728/1655 1727/1657
f 1543/1707 1544/1705 1727/1657 1726/1659
f 1542/1709 1543/1707 1726/1659 1725/1661
f 1541/1711 1542/1709 1725/1661 1724/1663
f 1540/1713 1541/1711 1724/1663 1723/1665
f 1539/1717 1540/1716 1723/1668 1722/1667
f 1538/1719 1539/1717 1722/1667 1721/1671
f 1537/1721 1538/1719 1721/1671 1720/1673
f 1536/1723 1537/1721 1720/1673 1719/1675
f 1535/1725 1536/1723 1719/1675 1718/1677
f 1534/1727 1535/1725 1718/1677 1717/1679
f 1533/1729 1534/1727 1717/1679 1716/1681
f 1715/1684 1532/1730 1533/1729 1716/1681
f 1714/1686 1531/1732 1532/1730 1715/1684
f 936/1885 1511/1649 1732/1648 1733/1693
f 1529/1685 924/990 1713/989 1714/1686
f 1074/1886 1073/1887 1735/1268 1734/1267
f 1075/1888 1074/1886 1734/1267 1750/1269
f 1749/1270 1076/1889 1075/1888 1750/1269
f 1077/1890 1076/1889 1749/1270 1748/1271
f 1078/1891 1077/1890 1748/1271 1747/1272
f 1079/1892 1078/1891 1747/1272 1746/1273
f 1080/1893 1079/1892 1746/1273 1745/1274
f 1081/1894 1080/1893 1745/1274 1744/1275
f 1082/1895 1081/1894 1744/1275 1743/1276
f 1742/1277 1083/1896 1082/1895 1743/1276
f 1741/1278 1084/1897 1083/1896 1742/1277
f 1740/1279 1085/1898 1084/1897 1741/1278
f 1739/1280 1086/1899 1085/1898 1740/1279
f 1738/1281 1087/1900 1086/1899 1739/1280
f 1737/1282 1088/1901 1087/1902 1738/1283
f 1736/1284 1089/1903 1088/1901 1737/1282
f 1073/1887 1089/1903 1736/1284 1735/1268
f 1754/1904 1755/1905 1753/1906 1752/1907
f 1752/1907 1753/1906 1757/1908 1756/1909
f 1756/1909 1757/1908 1759/1910 1758/1911
f 1758/1911 1759/1910 1761/1912 1760/1913
f 1760/1913 1761/1912 1763/1914 1762/1915
f 1763/1914 1765/1916 1764/1917 1762/1915
f 1765/1916 1767/1918 1766/1919 1764/1917
f 1768/1920 1769/1921 1755/1905 1754/1904
f 1767/1918 1771/1922 1770/1923 1766/1919
f 1770/1923 1771/1922 1769/1921 1768/1920
f 1755/1905 1751/1924 1753/1906
f 1752/1907 152/153 154/152 1754/1904
f 1753/1906 1751/1924 1757/1908
f 1756/1909 155/156 152/153 1752/1907
f 1757/1908 1751/1924 1759/1910
f 1758/1911 157/157 155/156 1756/1909
f 1759/1910 1751/1924 1761/1912
f 1760/1913 159/159 157/157 1758/1911
f 1761/1912 1751/1924 1763/1914
f 1762/1915 161/161 159/159 1760/1913
f 1763/1914 1751/1924 1765/1916
f 163/163 161/161 1762/1915 1764/1917
f 1765/1916 1751/1924 1767/1918
f 165/165 163/163 1764/1917 1766/1919
f 1769/1921 1751/1924 1755/1905
f 1754/1904 154/152 167/168 1768/1920
f 1767/1918 1751/1924 1771/1922
f 225/231 165/165 1766/1919 1770/1923
f 1771/1922 1751/1924 1769/1921
f 1768/1920 167/168 225/231 1770/1923
f 3707/1925 176/176 177/177 1772/235
f 1773/1926 178/178 176/176 3707/1925
f 1774/1927 179/179 178/178 1773/1926
f 1811/1928 180/189 179/179 1774/1927
f 3708/1929 181/200 180/189 1811/1928
f 1812/1930 182/203 181/200 3708/1929
f 3709/1931 183/204 182/203 1812/1930
f 206/207 183/204 3709/1931 2107/210
f 210/213 208/208 2108/211 2113/216
f 234/244 235/243 2157/264 255/263
f 2185/292 2196/307 279/289 278/290
f 1813/1932 290/375 326/313 2261/374
f 2136/242 236/241 344/301 1798/300
f 589/612 588/613 2683/807 1803/660
f 2471/587 563/586 617/647 1778/1933
f 3710/1934 645/662 631/617 1801/616
f 1778/1933 617/647 645/662 3710/1934
f 754/910 753/786 1814/785 1779/1935
f 1780/1936 755/908 754/910 1779/1935
f 756/906 755/908 1780/1936 3711/1937
f 757/904 756/906 3711/1937 1815/1938
f 758/901 757/904 1815/1938 3712/1939
f 759/900 758/901 3712/1939 1816/1940
f 760/788 759/900 1816/1940 1781/789
f 2675/796 763/795 762/792 2670/791
f 3713/1941 926/1416 925/1421 3714/1942
f 1785/1943 927/1411 926/1416 3713/1941
f 1786/1944 928/1409 927/1411 1785/1943
f 929/1371 928/1409 1786/1944 1817/1945
f 930/1372 929/1371 1817/1945 1787/1946
f 3715/1947 931/1573 930/1372 1787/1946
f 3716/1948 932/1574 931/1573 3715/1947
f 1818/1949 933/1602 932/1574 3716/1948
f 3717/1950 934/1623 933/1602 1818/1949
f 1788/1828 935/1644 934/1623 3717/1950
f 1819/1951 936/1885 1733/1693 3667/1884
f 3714/1942 925/1421 1340/1485 1789/1486
f 1792/1952 1692/1738 1530/1734 3718/1953
f 1820/1954 1671/1784 1551/1739 3719/1955
f 1650/1827 1572/1785 3720/1956 1821/1957
f 923/986 1593/1688 3721/1958 2853/985
f 1593/1688 1650/1827 1821/1957 3721/1958
f 1572/1785 1671/1784 1820/1954 3720/1956
f 3719/1955 1551/1739 1692/1738 1792/1952
f 3718/1953 1530/1734 1713/989 1794/988
f 538/554 537/553 528/556 535/551
f 527/545 535/551 528/556
f 536/552 445/462 447/463 526/542
f 449/466 526/542 447/463
f 52/1959 51/1960 3914/1961 3915/1962
f 51/1960 53/1963 3916/1964 3914/1961
f 53/1963 54/1965 3917/1966 3916/1964
f 54/1965 55/1967 3918/1968 3917/1966
f 55/1967 56/1969 3919/1970 3918/1968
f 56/1969 57/1971 3920/1972 3919/1970
f 58/1973 52/1959 3915/1962 3921/1974
f 59/1975 58/1973 3921/1974 3922/1976
f 60/1977 59/1975 3922/1976 3923/1978
f 61/1979 60/1977 3923/1978 3924/1980
f 62/1981 61/1979 3924/1980 3925/1982
f 63/1983 62/1981 3925/1982 3926/1984
f 64/1985 63/1983 3926/1984 3927/1986
f 57/1971 65/1987 3928/1988 3920/1972
f 65/1987 66/1989 3929/1990 3928/1988
f 66/1989 67/1991 3930/1992 3929/1990
f 67/1991 68/1993 3931/1994 3930/1992
f 68/1993 69/1995 3932/1996 3931/1994
f 69/1995 70/1997 3933/1998 3932/1996
f 70/1997 71/1999 3934/2000 3933/1998
f 71/1999 72/2001 3935/2002 3934/2000
f 72/2001 73/2003 3936/2004 3935/2002
f 73/2003 74/2005 3937/2006 3936/2004
f 74/2005 75/2007 3938/2008 3937/2006
f 75/2007 64/1985 3927/1986 3938/2008
f 1823/2009 1822/2010 1847/2011 1848/2012
f 1822/2010 1824/2013 1849/2014 1847/2011
f 1824/2013 1825/2015 1850/2016 1849/2014
f 1825/2015 1826/2017 1851/2018 1850/2016
f 1826/2017 1827/2019 1852/2020 1851/2018
f 1827/2019 1828/2021 1853/2022 1852/2020
f 1829/2023 1823/2009 1848/2012 1854/2024
f 1830/2025 1829/2023 1854/2024 1855/2026
f 1831/2027 1830/2025 1855/2026 1856/2028
f 1832/2029 1831/2027 1856/2028 1857/2030
f 1833/2031 1832/2029 1857/2030 1858/2032
f 1834/2033 1833/2031 1858/2032 1859/2034
f 1835/2035 1834/2033 1859/2034 1860/2036
f 1828/2021 1836/2037 1861/2038 1853/2022
f 1836/2037 1837/2039 1862/2040 1861/2038
f 1837/2039 1838/2041 1863/2042 1862/2040
f 1838/2041 1839/2043 1864/2044 1863/2042
f 1839/2043 1840/2045 1865/2046 1864/2044
f 1840/2045 1841/2047 1866/2048 1865/2046
f 1841/2047 1842/2049 1867/2050 1866/2048
f 1842/2049 1843/2051 1868/2052 1867/2050
f 1843/2051 1844/2053 1869/2054 1868/2052
f 1844/2053 1845/2055 1870/2056 1869/2054
f 1845/2055 1846/2057 1871/2058 1870/2056
f 1846/2057 1835/2035 1860/2036 1871/2058
f 1848/2012 1847/2011 1872/2059 1873/2060
f 1847/2011 1849/2014 1874/2061 1872/2059
f 1849/2014 1850/2016 1875/2062 1874/2061
f 1850/2016 1851/2018 1876/2063 1875/2062
f 1851/2018 1852/2020 1877/2064 1876/2063
f 1852/2020 1853/2022 1878/2065 1877/2064
f 1854/2024 1848/2012 1873/2060 1879/2066
f 1855/2026 1854/2024 1879/2066 1880/2067
f 1856/2028 1855/2026 1880/2067 1881/2068
f 1857/2030 1856/2028 1881/2068 1882/2069
f 1858/2032 1857/2030 1882/2069 1883/2070
f 1859/2034 1858/2032 1883/2070 1884/2071
f 1860/2036 1859/2034 1884/2071 1885/2072
f 1853/2022 1861/2038 1886/2073 1878/2065
f 1861/2038 1862/2040 1887/2074 1886/2073
f 1862/2040 1863/2042 1888/2075 1887/2074
f 1863/2042 1864/2044 1889/2076 1888/2075
f 1864/2044 1865/2046 1890/2077 1889/2076
f 1865/2046 1866/2048 1891/2078 1890/2077
f 1866/2048 1867/2050 1892/2079 1891/2078
f 1867/2050 1868/2052 1893/2080 1892/2079
f 1868/2052 1869/2054 1894/2081 1893/2080
f 1869/2054 1870/2056 1895/2082 1894/2081
f 1870/2056 1871/2058 1896/2083 1895/2082
f 1871/2058 1860/2036 1885/2072 1896/2083
f 1873/2060 1872/2059 1897/2084
f 1872/2059 1874/2061 1897/2084
f 1874/2061 1875/2062 1897/2084
f 1875/2062 1876/2063 1897/2084
f 1876/2063 1877/2064 1897/2084
f 1877/2064 1878/2065 1897/2084
f 1879/2066 1873/2060 1897/2084
f 1880/2067 1879/2066 1897/2084
f 1881/2068 1880/2067 1897/2084
f 1882/2069 1881/2068 1897/2084
f 1883/2070 1882/2069 1897/2084
f 1884/2071 1883/2070 1897/2084
f 1885/2072 1884/2071 1897/2084
f 1878/2065 1886/2073 1897/2084
f 1886/2073 1887/2074 1897/2084
f 1887/2074 1888/2075 1897/2084
f 1888/2075 1889/2076 1897/2084
f 1889/2076 1890/2077 1897/2084
f 1890/2077 1891/2078 1897/2084
f 1891/2078 1892/2079 1897/2084
f 1892/2079 1893/2080 1897/2084
f 1893/2080 1894/2081 1897/2084
f 1894/2081 1895/2082 1897/2084
f 1895/2082 1896/2083 1897/2084
f 1896/2083 1885/2072 1897/2084
f 770/887 847/804 2680/803 3798/2085
f 1806/824 780/825 770/887 3798/2085
f 1901/2086 1900/2087 1899/2088 1898/2089
f 1899/2088 1900/2087 1903/2090 1902/2091
f 1904/2092 1902/2091 1903/2090 1905/2093
f 1904/2092 1905/2093 1907/2094 1906/2095
f 1908/2096 1906/2095 1907/2094 1909/2097
f 1910/2098 1908/2096 1909/2097 1911/2099
f 1912/2100 1901/2086 1898/2089 1913/2101
f 1912/2100 1913/2101 1915/2102 1914/2103
f 1916/2104 1914/2103 1915/2102 1917/2105
f 1910/2098 1911/2099 1919/2106 1918/2107
f 1918/2107 1919/2106 1921/2108 1920/2109
f 1922/2110 1920/2109 1921/2108 1923/2111
f 1924/2112 1922/2110 1923/2111 1925/2113
f 1924/2112 1925/2113 1927/2114 1926/2115
f 1928/2116 1926/2115 1927/2114 1929/2117
f 1928/2116 1929/2117 1931/2118 1930/2119
f 1932/2120 1930/2119 1931/2118 1933/2121
f 1932/2120 1933/2121 1935/2122 1934/2123
f 1934/2123 1935/2122 1937/2124 1936/2125
f 1938/2126 1936/2125 1937/2124 1939/2127
f 1938/2126 1939/2127 1941/2128 1940/2129
f 1940/2129 1941/2128 1943/2130 1942/2131
f 1942/2131 1943/2130 1945/2132 1944/2133
f 1946/2134 1944/2133 1945/2132 1947/2135
f 1916/2104 1917/2105 1946/2134 1947/2135
f 1948/2136 1910/2098 1918/2107 1949/2137
f 1950/2138 1908/2096 1910/2098 1948/2136
f 1951/2139 1906/2095 1908/2096 1950/2138
f 1952/2140 1904/2092 1906/2095 1951/2139
f 1953/2141 1902/2091 1904/2092 1952/2140
f 1954/2142 1899/2088 1902/2091 1953/2141
f 1955/2143 1949/2137 1918/2107 1920/2109
f 1956/2144 1955/2143 1920/2109 1922/2110
f 1957/2145 1956/2144 1922/2110 1924/2112
f 1958/2146 1957/2145 1924/2112 1926/2115
f 1959/2147 1958/2146 1926/2115 1928/2116
f 1960/2148 1959/2147 1928/2116 1930/2119
f 1961/2149 1960/2148 1930/2119 1932/2120
f 1962/2150 1898/2089 1899/2088 1954/2142
f 1963/2151 1913/2101 1898/2089 1962/2150
f 1964/2152 1915/2102 1913/2101 1963/2151
f 1965/2153 1917/2105 1915/2102 1964/2152
f 1966/2154 1946/2134 1917/2105 1965/2153
f 1966/2154 1967/2155 1944/2133 1946/2134
f 1968/2156 1942/2131 1944/2133 1967/2155
f 1968/2156 1969/2157 1940/2129 1942/2131
f 1969/2157 1970/2158 1938/2126 1940/2129
f 1970/2158 1971/2159 1936/2125 1938/2126
f 1971/2159 1972/2160 1934/2123 1936/2125
f 1961/2149 1932/2120 1934/2123 1972/2160
f 1933/2121 1931/2118 1974/2161 1973/2162
f 1975/2163 1974/2161 1931/2118 1929/2117
f 1976/2164 1975/2163 1929/2117 1927/2114
f 1977/2165 1976/2164 1927/2114 1925/2113
f 1978/2166 1977/2165 1925/2113 1923/2111
f 1979/2167 1978/2166 1923/2111 1921/2108
f 1980/2168 1979/2167 1921/2108 1919/2106
f 1981/2169 1980/2168 1919/2106 1911/2099
f 1982/2170 1981/2169 1911/2099 1909/2097
f 1983/2171 1982/2170 1909/2097 1907/2094
f 1984/2172 1983/2171 1907/2094 1905/2093
f 1985/2173 1984/2172 1905/2093 1903/2090
f 1986/2174 1985/2173 1903/2090 1900/2087
f 1987/2175 1986/2174 1900/2087 1901/2086
f 1988/2176 1987/2175 1901/2086 1912/2100
f 1989/2177 1988/2176 1912/2100 1914/2103
f 1990/2178 1989/2177 1914/2103 1916/2104
f 1991/2179 1990/2178 1916/2104 1947/2135
f 1992/2180 1991/2179 1947/2135 1945/2132
f 1993/2181 1992/2180 1945/2132 1943/2130
f 1994/2182 1993/2181 1943/2130 1941/2128
f 1995/2183 1994/2182 1941/2128 1939/2127
f 1996/2184 1995/2183 1939/2127 1937/2124
f 1997/2185 1996/2184 1937/2124 1935/2122
f 1973/2162 1997/2185 1935/2122 1933/2121
f 2001/2186 2000/2187 1999/2188 1998/2189
f 2002/2190 1999/2188 2000/2187 2003/2191
f 2002/2190 2003/2191 2005/2192 2004/2193
f 2004/2193 2005/2192 2007/2194 2006/2195
f 2008/2196 2006/2195 2007/2194 2009/2197
f 2010/2198 2008/2196 2009/2197 2011/2199
f 2010/2198 2011/2199 2013/2200 2012/2201
f 2014/2202 2012/2201 2013/2200 2015/2203
f 2016/2204 2014/2202 2015/2203 2017/2205
f 2018/2206 2016/2204 2017/2205 2019/2207
f 2018/2206 2019/2207 2021/2208 2020/2209
f 2020/2209 2021/2208 2023/2210 2022/2211
f 2022/2211 2023/2210 2025/2212 2024/2213
f 2024/2213 2025/2212 2027/2214 2026/2215
f 2028/2216 2026/2215 2027/2214 2029/2217
f 2028/2216 2029/2217 2031/2218 2030/2219
f 2030/2219 2031/2218 2033/2220 2032/2221
f 2032/2221 2033/2220 2035/2222 2034/2223
f 2036/2224 2034/2223 2035/2222 2037/2225
f 2036/2224 2037/2225 2039/2226 2038/2227
f 2038/2227 2039/2226 2041/2228 2040/2229
f 2040/2229 2041/2228 2043/2230 2042/2231
f 2045/2232 2044/2233 2001/2186 1998/2189
f 2047/2234 2046/2235 2044/2233 2045/2232
f 2042/2231 2043/2230 2046/2235 2047/2234
f 2001/2186 1996/2184 1997/2185 2000/2187
f 2000/2187 1997/2185 1973/2162 2003/2191
f 2003/2191 1973/2162 1974/2161 2005/2192
f 2007/2194 2005/2192 1974/2161 1975/2163
f 2009/2197 2007/2194 1975/2163 1976/2164
f 2009/2197 1976/2164 1977/2165 2011/2199
f 2011/2199 1977/2165 1978/2166 2013/2200
f 2013/2200 1978/2166 1979/2167 2015/2203
f 2015/2203 1979/2167 1980/2168 2017/2205
f 2019/2207 2017/2205 1980/2168 1981/2169
f 2021/2208 2019/2207 1981/2169 1982/2170
f 2021/2208 1982/2170 1983/2171 2023/2210
f 2023/2210 1983/2171 1984/2172 2025/2212
f 2025/2212 1984/2172 1985/2173 2027/2214
f 2027/2214 1985/2173 1986/2174 2029/2217
f 2029/2217 1986/2174 1987/2175 2031/2218
f 2031/2218 1987/2175 1988/2176 2033/2220
f 2033/2220 1988/2176 1989/2177 2035/2222
f 2035/2222 1989/2177 1990/2178 2037/2225
f 2037/2225 1990/2178 1991/2179 2039/2226
f 2039/2226 1991/2179 1992/2180 2041/2228
f 2041/2228 1992/2180 1993/2181 2043/2230
f 2044/2233 1995/2183 1996/2184 2001/2186
f 2046/2235 1994/2182 1995/2183 2044/2233
f 2043/2230 1993/2181 1994/2182 2046/2235
f 2048/2236 2051/2237 2050/2238 2049/2239
f 2050/2238 2051/2237 2053/2240 2052/2241
f 2054/2242 2052/2241 2053/2240 2055/2243
f 2056/2244 2054/2242 2055/2243 2057/2245
f 2058/2246 2056/2244 2057/2245 2059/2247
f 2060/2248 2058/2246 2059/2247 2061/2249
f 2062/2250 2060/2248 2061/2249 2063/2251
f 2064/2252 2048/2236 2049/2239 2065/2253
f 2053/2240 2051/2237 2067/2254 2066/2255
f 2067/2254 2051/2237 2069/2256 2068/2257
f 2069/2256 2051/2237 2048/2236
f 2070/2258 2055/2243 2053/2240 2066/2255
f 2071/2259 2057/2245 2055/2243 2070/2258
f 2072/2260 2059/2247 2057/2245 2071/2259
f 2073/2261 2061/2249 2059/2247 2072/2260
f 2074/2262 2063/2251 2061/2249 2073/2261
f 2072/2260 2075/2263 2073/2261
f 2077/2264 2076/2265 2075/2263 2072/2260
f 2078/2266 2079/2267 2071/2259 2070/2258
f 2080/2268 2078/2266 2070/2258 2066/2255
f 2081/2269 2080/2268 2066/2255 2067/2254
f 2082/2270 2081/2269 2067/2254 2068/2257
f 2083/2271 2077/2264 2072/2260 2071/2259
f 2084/2272 2083/2271 2071/2259 2079/2267
f 2085/2273 2077/2264 2083/2271 2084/2272
f 2077/2264 2085/2273 2086/2274 2076/2265
f 2087/2275 2079/2267 2078/2266 2088/2276
f 2087/2275 2088/2276 2090/2277 2089/2278
f 2089/2278 2090/2277 2092/2279 2091/2280
f 2093/2281 2081/2269 2082/2270 2094/2282
f 2091/2280 2092/2279 2093/2281 2094/2282
f 2080/2268 2081/2269 2093/2281 2092/2279
f 2080/2268 2092/2279 2090/2277
f 2088/2276 2078/2266 2080/2268 2090/2277
f 2095/2283 2084/2272 2079/2267 2087/2275
f 2096/2284 2085/2273 2084/2272 2095/2283
f 2086/2274 2085/2273 2096/2284 2097/2285
f 2098/2286 2095/2283 2087/2275 2089/2278
f 2099/2287 2096/2284 2095/2283 2098/2286
f 2097/2285 2096/2284 2099/2287 2100/2288
f 2102/2289 2101/2290 2100/2288 2099/2287
f 2103/2291 2104/2292 2101/2290 2102/2289
f 2105/2293 2104/2292 2103/2291 2106/2294
f 2108/211 2107/210 2104/2292 2105/2293
f 2103/2291 2038/2227 2040/2229 2106/2294
f 2109/2295 2110/2296 2105/2293 2106/2294
f 2106/2294 2040/2229 2042/2231 2109/2295
f 2111/2297 2109/2295 2042/2231 2047/2234
f 2112/2298 2110/2296 2109/2295 2111/2297
f 2114/217 2113/216 2110/2296 2112/2298
f 2115/2299 2111/2297 2047/2234 2045/2232
f 2116/2300 2112/2298 2111/2297 2115/2299
f 1795/220 2114/217 2112/2298 2116/2300
f 2117/2301 2089/2278 2091/2280 2118/2302
f 2032/2221 2034/2223 2117/2301 2118/2302
f 2119/2303 2098/2286 2089/2278 2117/2301
f 2119/2303 2102/2289 2099/2287 2098/2286
f 2034/2223 2036/2224 2119/2303 2117/2301
f 2036/2224 2038/2227 2102/2289 2119/2303
f 2038/2227 2103/2291 2102/2289
f 2120/2304 2118/2302 2091/2280 2094/2282
f 2121/2305 2032/2221 2118/2302 2120/2304
f 2122/2306 2030/2219 2032/2221 2121/2305
f 2123/2307 2120/2304 2094/2282 2082/2270
f 2124/2308 2121/2305 2120/2304 2123/2307
f 2125/2309 2122/2306 2121/2305 2124/2308
f 2062/2250 2063/2251 2127/2310 2126/2311
f 2065/2253 2126/2311 2127/2310 2064/2252
f 2128/2312 2063/2251 2074/2262 2129/2313
f 1796/234 2129/2313 2074/2262 1772/235
f 2130/2314 2127/2310 2063/2251 2128/2312
f 2131/2315 2064/2252 2127/2310 2130/2314
f 2132/2316 2048/2236 2064/2252 2131/2315
f 2133/2317 2069/2256 2048/2236 2132/2316
f 2134/2318 2068/2257 2069/2256 2133/2317
f 2068/2257 2134/2318 2123/2307 2082/2270
f 2135/2319 2137/2320 235/243 2136/242
f 2141/2321 2140/2322 2139/2323 2138/2324
f 2138/2324 2139/2323 2143/2325 2142/2326
f 2142/2326 2143/2325 2145/2327 2144/2328
f 2144/2328 2145/2327 2147/2329 2146/2330
f 2148/2331 2146/2330 2147/2329 2149/2332
f 2148/2331 2149/2332 2151/2333 2150/2334
f 2150/2334 2151/2333 2153/2335 2152/2336
f 2152/2336 2153/2335 2155/2337 2154/2338
f 2156/2339 2129/2313 1796/234 2157/264
f 2158/2340 2128/2312 2129/2313 2156/2339
f 2137/2320 2135/2319 2160/2341 2159/2342
f 2159/2342 2160/2341 2140/2322 2141/2321
f 2159/2342 2158/2340 2156/2339 2137/2320
f 2161/2343 2130/2314 2128/2312 2158/2340
f 2141/2321 2161/2343 2158/2340 2159/2342
f 2162/2344 2131/2315 2130/2314 2161/2343
f 2141/2321 2138/2324 2162/2344 2161/2343
f 2163/2345 2162/2344 2138/2324 2142/2326
f 2164/2346 2163/2345 2142/2326 2144/2328
f 2165/2347 2164/2346 2144/2328 2146/2330
f 2166/2348 2165/2347 2146/2330 2148/2331
f 2167/2349 2166/2348 2148/2331 2150/2334
f 2168/2350 2167/2349 2150/2334 2152/2336
f 2169/2351 2168/2350 2152/2336 2154/2338
f 2170/2352 2154/2338 2155/2337 2171/2353
f 2172/2354 2170/2352 2171/2353 2173/2355
f 2174/2356 2172/2354 2173/2355 2175/2357
f 2176/2358 2174/2356 2175/2357 2177/2359
f 2178/2360 2181/2361 2180/2362 2179/2363
f 2178/2360 2179/2363 2183/2364 2182/2365
f 2182/2365 2185/292 1797/291 2184/2366
f 2186/2367 2178/2360 2182/2365 2184/2366
f 2186/2367 2187/2368 2181/2361 2178/2360
f 2189/2369 2172/2354 2174/2356 2188/2370
f 2190/2371 2170/2352 2172/2354 2189/2369
f 2154/2338 2170/2352 2190/2371 2169/2351
f 2192/2372 1798/300 287/299 2191/2373
f 2193/2374 2195/2375 2194/305 1775/304
f 2197/2376 362/308 2196/307 2183/2364
f 2198/2377 2200/2378 2197/2376 2199/2379
f 2202/2380 2201/2381 2200/2378 2198/2377
f 2204/2382 2203/2383 2192/2372 2191/2373
f 2206/2384 2195/2375 2193/2374 2205/2385
f 2204/2382 2208/2386 2207/2387 2203/2383
f 2210/2388 2206/2384 2205/2385 2209/2389
f 2208/2386 2212/2390 2211/2391 2207/2387
f 2214/2392 2210/2388 2209/2389 2213/2393
f 2215/2394 2218/2395 2217/2396 2216/2397
f 2220/2398 2219/2399 2180/2362 2177/2359
f 2212/2390 2222/2400 2221/2401 2211/2391
f 2224/2402 2214/2392 2213/2393 2223/2403
f 2222/2400 2226/2404 2225/2405 2221/2401
f 2228/2406 2224/2402 2223/2403 2227/2407
f 2226/2404 2230/2408 2229/2409 2225/2405
f 2232/2410 2228/2406 2227/2407 2231/2411
f 2233/2412 2235/2413 2220/2398 2234/2414
f 2233/2412 2236/2415 2216/2397 2235/2413
f 2237/2416 2233/2412 2234/2414 2238/2417
f 2237/2416 2239/2418 2236/2415 2233/2412
f 2240/2419 2237/2416 2238/2417 2241/2420
f 2240/2419 2242/2421 2239/2418 2237/2416
f 2244/2422 2243/2423 2229/2409 2230/2408
f 2246/2424 2245/2425 2243/2423 2244/2422
f 2247/2426 2240/2419 2241/2420 2248/2427
f 2249/2428 2247/2426 2248/2427 2250/2429
f 2151/2333 2245/2425 2250/2429 2153/2335
f 2247/2426 2251/2430 2242/2421 2240/2419
f 2252/2431 2254/2432 2251/2430 2253/2433
f 2252/2431 2253/2433 2256/2434 2255/2435
f 2255/2435 2256/2434 2258/2436 2257/2437
f 2230/2408 2232/2410 2258/2436 2244/2422
f 2181/2361 2176/2358 2177/2359 2180/2362
f 2187/2368 2259/2438 2176/2358 2181/2361
f 2217/2396 2202/2380 2198/2377 2260/2439
f 2219/2399 2199/2379 2179/2363 2180/2362
f 2195/2375 2191/2373 287/299 2194/305
f 2261/374 1799/373 2200/2378 2201/2381
f 2201/2381 2202/2380 2263/2440 2262/2441
f 2195/2375 2206/2384 2204/2382 2191/2373
f 2206/2384 2210/2388 2208/2386 2204/2382
f 2210/2388 2214/2392 2212/2390 2208/2386
f 2216/2397 2217/2396 2260/2439 2235/2413
f 2214/2392 2224/2402 2222/2400 2212/2390
f 2224/2402 2228/2406 2226/2404 2222/2400
f 2228/2406 2232/2410 2230/2408 2226/2404
f 2236/2415 2264/2442 2215/2394 2216/2397
f 2239/2418 2265/2443 2264/2442 2236/2415
f 2242/2421 2266/2444 2265/2443 2239/2418
f 2251/2430 2254/2432 2266/2444 2242/2421
f 2253/2433 2251/2430 2247/2426 2249/2428
f 2253/2433 2249/2428 2246/2424 2256/2434
f 2256/2434 2246/2424 2244/2422 2258/2436
f 2232/2410 2231/2411 2257/2437 2258/2436
f 2202/2380 2217/2396 2218/2395 2263/2440
f 2197/2376 2200/2378 1799/373 362/308
f 2199/2379 2197/2376 2183/2364 2179/2363
f 2203/2383 2160/2341 2135/2319 2192/2372
f 2207/2387 2140/2322 2160/2341 2203/2383
f 2207/2387 2211/2391 2139/2323 2140/2322
f 2219/2399 2220/2398 2235/2413 2260/2439
f 2211/2391 2221/2401 2143/2325 2139/2323
f 2221/2401 2225/2405 2145/2327 2143/2325
f 2225/2405 2229/2409 2147/2329 2145/2327
f 2234/2414 2220/2398 2177/2359 2175/2357
f 2238/2417 2234/2414 2175/2357 2173/2355
f 2241/2420 2238/2417 2173/2355 2171/2353
f 2243/2423 2149/2332 2147/2329 2229/2409
f 2245/2425 2151/2333 2149/2332 2243/2423
f 2248/2427 2241/2420 2171/2353 2155/2337
f 2250/2429 2248/2427 2155/2337 2153/2335
f 2245/2425 2246/2424 2249/2428 2250/2429
f 2199/2379 2219/2399 2260/2439 2198/2377
f 2174/2356 2176/2358 2259/2438 2188/2370
f 2270/2445 2269/2446 2268/2447 2267/2448
f 2270/2445 2267/2448 2272/2449 2271/2450
f 2273/2451 2271/2450 2272/2449 2274/2452
f 2275/2453 2273/2451 2274/2452 2276/2454
f 2275/2453 2276/2454 2278/2455 2277/2456
f 2279/2457 2277/2456 2278/2455 2280/2458
f 2279/2457 2280/2458 2282/2459 2281/2460
f 2281/2460 2282/2459 2284/2461 2283/2462
f 2269/2446 2270/2445 2286/2463 2285/2464
f 2287/2465 2286/2463 2270/2445 2271/2450
f 2288/2466 2287/2465 2271/2450 2273/2451
f 2289/2467 2288/2466 2273/2451 2275/2453
f 2290/2468 2289/2467 2275/2453 2277/2456
f 2291/2469 2290/2468 2277/2456 2279/2457
f 2292/2470 2291/2469 2279/2457 2281/2460
f 2293/2471 2292/2470 2281/2460 2283/2462
f 2284/2461 2282/2459 2295/2472 2294/2473
f 2296/2474 2295/2472 2282/2459 2280/2458
f 2297/2475 2296/2474 2280/2458 2278/2455
f 2298/2476 2297/2475 2278/2455 2276/2454
f 2299/2477 2298/2476 2276/2454 2274/2452
f 2300/2478 2299/2477 2274/2452 2272/2449
f 2301/2479 2300/2478 2272/2449 2267/2448
f 2302/2480 2301/2479 2267/2448 2268/2447
f 2268/2447 2269/2446 2304/2481 2303/2482
f 2303/2482 2304/2481 2306/2483 2305/2484
f 2305/2484 2306/2483 2308/2485 2307/2486
f 2309/2487 2307/2486 2308/2485 2310/2488
f 2309/2487 2310/2488 2312/2489 2311/2490
f 2313/2491 2311/2490 2312/2489 2314/2492
f 2313/2491 2314/2492 2316/2493 2315/2494
f 2317/2495 2315/2494 2316/2493 2318/2496
f 2319/2497 2317/2495 2318/2496 2320/2498
f 2321/2499 2319/2497 2320/2498 2322/2500
f 2323/2501 2321/2499 2322/2500 2324/2502
f 2323/2501 2324/2502 2326/2503 2325/2504
f 2327/2505 2304/2481 2269/2446 2285/2464
f 2328/2506 2308/2485 2306/2483 2329/2507
f 2330/2508 2310/2488 2308/2485 2328/2506
f 2331/2509 2312/2489 2310/2488 2330/2508
f 2332/2510 2314/2492 2312/2489 2331/2509
f 2333/2511 2316/2493 2314/2492 2332/2510
f 2316/2493 2333/2511 2320/2498 2318/2496
f 2334/2512 2322/2500 2320/2498 2333/2511
f 2335/2513 2334/2512 2333/2511 2332/2510
f 2336/2514 2335/2513 2332/2510 2331/2509
f 2337/2515 2336/2514 2331/2509 2330/2508
f 2338/2516 2337/2515 2330/2508 2328/2506
f 2339/2517 2338/2516 2328/2506 2329/2507
f 2293/2471 2283/2462 2341/2518 2340/2519
f 2340/2519 2341/2518 2343/2520 2342/2521
f 2325/2504 2326/2503 2345/2522 2344/2523
f 2346/2524 2344/2523 2345/2522 2347/2525
f 2348/2526 2344/2523 2346/2524 2349/2527
f 2348/2526 2349/2527 2351/2528 2350/2529
f 2352/2530 2340/2519 2342/2521 2353/2531
f 2353/2531 2342/2521 2350/2529 2351/2528
f 2354/2532 2350/2529 2342/2521 2343/2520
f 2355/2533 2348/2526 2350/2529 2354/2532
f 2355/2533 2325/2504 2344/2523 2348/2526
f 2356/2534 2341/2518 2283/2462 2284/2461
f 2357/2535 2343/2520 2341/2518 2356/2534
f 2358/2536 2354/2532 2343/2520 2357/2535
f 2359/2537 2355/2533 2354/2532 2358/2536
f 2359/2537 2323/2501 2325/2504 2355/2533
f 2360/2538 2356/2534 2284/2461 2294/2473
f 2361/2539 2357/2535 2356/2534 2360/2538
f 2362/2540 2358/2536 2357/2535 2361/2539
f 2363/2541 2359/2537 2358/2536 2362/2540
f 2321/2499 2323/2501 2359/2537 2363/2541
f 2364/2542 2319/2497 2321/2499 2363/2541
f 2365/2543 2364/2542 2363/2541 2362/2540
f 2366/2544 2365/2543 2362/2540 2361/2539
f 2317/2495 2319/2497 2364/2542 2365/2543
f 2366/2544 2317/2495 2365/2543
f 2367/2545 2366/2544 2361/2539 2360/2538
f 2368/2546 2367/2545 2360/2538 2294/2473
f 2369/2547 2368/2546 2294/2473 2295/2472
f 2370/2548 2369/2547 2295/2472 2296/2474
f 2371/2549 2370/2548 2296/2474 2297/2475
f 2372/2550 2371/2549 2297/2475 2298/2476
f 2373/2551 2372/2550 2298/2476 2374/2552
f 2375/2553 2373/2551 2374/2552 2376/2554
f 2377/2555 2375/2553 2376/2554 2378/2556
f 2307/2486 2309/2487 2377/2555 2378/2556
f 2379/2557 2305/2484 2307/2486 2378/2556
f 2380/2558 2303/2482 2305/2484 2379/2557
f 2303/2482 2380/2558 2302/2480 2268/2447
f 2381/2559 2379/2557 2378/2556 2376/2554
f 2381/2559 2302/2480 2380/2558 2379/2557
f 2382/2560 2381/2559 2376/2554 2374/2552
f 2301/2479 2302/2480 2381/2559 2382/2560
f 2374/2552 2298/2476 2299/2477 2382/2560
f 2382/2560 2300/2478 2301/2479
f 2382/2560 2299/2477 2300/2478
f 2311/2490 2313/2491 2384/2561 2383/2562
f 2371/2549 2372/2550 2383/2562 2384/2561
f 2383/2562 2372/2550 2373/2551 2375/2553
f 2311/2490 2383/2562 2375/2553 2377/2555
f 2377/2555 2309/2487 2311/2490
f 2385/2563 2384/2561 2313/2491 2315/2494
f 2370/2548 2371/2549 2384/2561 2385/2563
f 2385/2563 2369/2547 2370/2548
f 2386/2564 2368/2546 2369/2547 2385/2563
f 2315/2494 2386/2564 2385/2563
f 2387/2565 2367/2545 2368/2546 2386/2564
f 2315/2494 2387/2565 2386/2564
f 2387/2565 2317/2495 2366/2544 2367/2545
f 2387/2565 2315/2494 2317/2495
f 2327/2505 2285/2464 2389/2566 2388/2567
f 2390/2568 2389/2566 2285/2464 2286/2463
f 2391/2569 2390/2568 2286/2463 2287/2465
f 2392/2570 2391/2569 2287/2465 2288/2466
f 2393/2571 2392/2570 2288/2466 2289/2467
f 2394/2572 2393/2571 2289/2467 2290/2468
f 2395/2573 2394/2572 2290/2468 2291/2469
f 2396/2574 2395/2573 2291/2469 2292/2470
f 2397/2575 2396/2574 2292/2470 2293/2471
f 2293/2471 2340/2519 2352/2530 2397/2575
f 2398/2576 2397/2575 2352/2530 2399/2577
f 2398/2576 2399/2577 2401/2578 2400/2579
f 2402/2580 2396/2574 2397/2575 2398/2576
f 2403/2581 2402/2580 2398/2576 2400/2579
f 2404/2582 2395/2573 2396/2574 2402/2580
f 2405/2583 2404/2582 2402/2580 2403/2581
f 2406/2584 2394/2572 2395/2573 2404/2582
f 2407/2585 2406/2584 2404/2582 2405/2583
f 2408/2586 2393/2571 2394/2572 2406/2584
f 2408/2586 2406/2584 2407/2585 2409/2587
f 2410/2588 2392/2570 2393/2571 2408/2586
f 2411/2589 2410/2588 2408/2586 2409/2587
f 2412/2590 2391/2569 2392/2570 2410/2588
f 2413/2591 2412/2590 2410/2588 2411/2589
f 2414/2592 2390/2568 2391/2569 2412/2590
f 2415/2593 2414/2592 2412/2590 2413/2591
f 2415/2593 2389/2566 2390/2568 2414/2592
f 2416/2594 2389/2566 2415/2593 2417/2595
f 2418/2596 2388/2567 2389/2566 2416/2594
f 2417/2595 2415/2593 2420/2597 2419/2598
f 2413/2591 2420/2597 2415/2593
f 2421/2599 2420/2597 2413/2591 2411/2589
f 2422/2600 2419/2598 2420/2597 2421/2599
f 2423/2601 2421/2599 2411/2589 2409/2587
f 2424/2602 2423/2601 2409/2587 2407/2585
f 2425/2603 2422/2600 2421/2599 2423/2601
f 2426/2604 2425/2603 2423/2601 2424/2602
f 2427/2605 2424/2602 2407/2585 2405/2583
f 2428/2606 2426/2604 2424/2602 2427/2605
f 2401/2578 2399/2577 2430/2607 2429/2608
f 2432/2609 2401/2578 2429/2608 2431/2610
f 2433/2611 2400/2579 2401/2578 2432/2609
f 2433/2611 2434/2612 2403/2581 2400/2579
f 2403/2581 2434/2612 2427/2605 2405/2583
f 2435/2613 2428/2606 2427/2605 2434/2612
f 2436/2614 2435/2613 2434/2612 2433/2611
f 2437/2615 2436/2614 2433/2611 2432/2609
f 2438/2616 2437/2615 2432/2609 2431/2610
f 2439/2617 2349/2527 2346/2524 2440/2618
f 2346/2524 2347/2525 2441/2619 2440/2618
f 2352/2530 2353/2531 2430/2607 2399/2577
f 2443/2620 2439/2617 2440/2618 2442/2621
f 2429/2608 2443/2620 2442/2621 2431/2610
f 2443/2620 2429/2608 2430/2607 2439/2617
f 2444/2622 2306/2483 2304/2481 2327/2505
f 2445/2623 2444/2622 2327/2505 2388/2567
f 2446/2624 2445/2623 2388/2567 2418/2596
f 2329/2507 2444/2622 2445/2623 2339/2517
f 2306/2483 2444/2622 2329/2507
f 2447/2625 2339/2517 2445/2623 2446/2624
f 2448/2626 2338/2516 2339/2517 2447/2625
f 2338/2516 2448/2626 2337/2515
f 2449/2627 2336/2514 2337/2515 2448/2626
f 2450/2628 2335/2513 2336/2514 2449/2627
f 2451/2629 2334/2512 2335/2513 2450/2628
f 2452/2630 2322/2500 2334/2512 2451/2629
f 2453/2631 2324/2502 2322/2500 2452/2630
f 2454/2632 2326/2503 2324/2502 2453/2631
f 2016/2204 2018/2206 2456/2633 2455/2634
f 2455/2634 2456/2633 2458/2635 2457/2636
f 2457/2636 2458/2635 2460/2637 2459/2638
f 2459/2638 2460/2637 2449/2627 2448/2626
f 2184/2366 1797/291 1776/574 2461/2639
f 2461/2639 1776/574 1777/576 2462/2640
f 2462/2640 1777/576 2464/578 2463/2641
f 2463/2641 2464/578 2466/580 2465/2642
f 2465/2642 2466/580 1800/582 2467/2643
f 2467/2643 1800/582 2469/584 2468/2644
f 2470/2645 2468/2644 2469/584 2471/587
f 2472/2646 2468/2644 2470/2645 2473/2647
f 2472/2646 2473/2647 2475/2648 2474/2649
f 2474/2649 2475/2648 2477/2650 2476/2651
f 2476/2651 2477/2650 2479/2652 2478/2653
f 2478/2653 2479/2652 2481/2654 2480/2655
f 2480/2655 2481/2654 2483/2656 2482/2657
f 2484/2658 2482/2657 2483/2656 2485/2659
f 2484/2658 2485/2659 2487/2660 2486/2661
f 2486/2661 2487/2660 2489/2662 2488/2663
f 2488/2663 2489/2662 2491/2664 2490/2665
f 2490/2665 2491/2664 2493/2666 2492/2667
f 2492/2667 2493/2666 2495/2668 2494/2669
f 2494/2669 2495/2668 2497/2670 2496/2671
f 2498/2672 2500/2673 1801/616 2499/615
f 2502/2674 2501/2675 2500/2673 2498/2672
f 2504/2676 2503/2677 2501/2675 2502/2674
f 2506/2678 2505/2679 2503/2677 2504/2676
f 2508/2680 2507/2681 2505/2679 2506/2678
f 2510/2682 2509/2683 2507/2681 2508/2680
f 2512/2684 2511/2685 2509/2683 2510/2682
f 2514/2686 2513/2687 2511/2685 2512/2684
f 2516/2688 2515/2689 2513/2687 2514/2686
f 2516/2688 2518/2690 2517/2691 2515/2689
f 2518/2690 2520/2692 2519/2693 2517/2691
f 2520/2692 2522/2694 2521/2695 2519/2693
f 2522/2694 2524/2696 2523/2697 2521/2695
f 2524/2696 2526/2698 2525/2699 2523/2697
f 2526/2698 1802/2700 2527/2701 2525/2699
f 2529/2702 2473/2647 2470/2645 2528/2703
f 2530/2704 2475/2648 2473/2647 2529/2702
f 2531/2705 2477/2650 2475/2648 2530/2704
f 2532/2706 2479/2652 2477/2650 2531/2705
f 2533/2707 2481/2654 2479/2652 2532/2706
f 2534/2708 2483/2656 2481/2654 2533/2707
f 2535/2709 2485/2659 2483/2656 2534/2708
f 2536/2710 2487/2660 2485/2659 2535/2709
f 2537/2711 2489/2662 2487/2660 2536/2710
f 2538/2712 2491/2664 2489/2662 2537/2711
f 2539/2713 2493/2666 2491/2664 2538/2712
f 2539/2713 2540/2714 2495/2668 2493/2666
f 2540/2714 2541/2715 2497/2670 2495/2668
f 2541/2715 2542/2716 1803/2717 2497/2670
f 2501/2675 2544/2718 2543/2719 2500/2673
f 2503/2677 2545/2720 2544/2718 2501/2675
f 2505/2679 2546/2721 2545/2720 2503/2677
f 2507/2681 2547/2722 2546/2721 2505/2679
f 2509/2683 2548/2723 2547/2722 2507/2681
f 2511/2685 2549/2724 2548/2723 2509/2683
f 2513/2687 2550/2725 2549/2724 2511/2685
f 2515/2689 2551/2726 2550/2725 2513/2687
f 2517/2691 2552/2727 2551/2726 2515/2689
f 2519/2693 2553/2728 2552/2727 2517/2691
f 2521/2695 2554/2729 2553/2728 2519/2693
f 2521/2695 2523/2697 2555/2730 2554/2729
f 2523/2697 2525/2699 2556/2731 2555/2730
f 2525/2699 2527/2701 2557/2732 2556/2731
f 2544/2718 2529/2702 2528/2703 2543/2719
f 2545/2720 2530/2704 2529/2702 2544/2718
f 2546/2721 2531/2705 2530/2704 2545/2720
f 2547/2722 2532/2706 2531/2705 2546/2721
f 2548/2723 2533/2707 2532/2706 2547/2722
f 2549/2724 2534/2708 2533/2707 2548/2723
f 2550/2725 2535/2709 2534/2708 2549/2724
f 2551/2726 2536/2710 2535/2709 2550/2725
f 2552/2727 2537/2711 2536/2710 2551/2726
f 2553/2728 2538/2712 2537/2711 2552/2727
f 2554/2729 2539/2713 2538/2712 2553/2728
f 2554/2729 2555/2730 2540/2714 2539/2713
f 2555/2730 2556/2731 2541/2715 2540/2714
f 2556/2731 2557/2732 2542/2716 2541/2715
f 2347/2525 2482/2657 2484/2658 2441/2619
f 2438/2616 2441/2619 2484/2658 2486/2661
f 2558/2733 2186/2367 2184/2366 2461/2639
f 2559/2734 2187/2368 2186/2367 2558/2733
f 2560/2735 2259/2438 2187/2368 2559/2734
f 2561/2736 2188/2370 2259/2438 2560/2735
f 2562/2737 2189/2369 2188/2370 2561/2736
f 2563/2738 2190/2371 2189/2369 2562/2737
f 2564/2739 2169/2351 2190/2371 2563/2738
f 2565/2740 2168/2350 2169/2351 2564/2739
f 2565/2740 2566/2741 2167/2349 2168/2350
f 2567/2742 2166/2348 2167/2349 2566/2741
f 2568/2743 2165/2347 2166/2348 2567/2742
f 2569/2744 2164/2346 2165/2347 2568/2743
f 2570/2745 2163/2345 2164/2346 2569/2744
f 2571/2746 2162/2344 2163/2345 2570/2745
f 2131/2315 2162/2344 2571/2746 2132/2316
f 2132/2316 2571/2746 2570/2745 2133/2317
f 2572/2747 2133/2317 2570/2745 2569/2744
f 2572/2747 2573/2748 2134/2318 2133/2317
f 2134/2318 2573/2748 2124/2308 2123/2307
f 2574/2749 2125/2309 2124/2308 2573/2748
f 2575/2750 2574/2749 2573/2748 2572/2747
f 2575/2750 2572/2747 2569/2744 2568/2743
f 2576/2751 2575/2750 2568/2743 2567/2742
f 2577/2752 2574/2749 2575/2750 2576/2751
f 2577/2752 2578/2753 2125/2309 2574/2749
f 2578/2753 2579/2754 2122/2306 2125/2309
f 2028/2216 2030/2219 2122/2306 2579/2754
f 2579/2754 2580/2755 2026/2215 2028/2216
f 2581/2756 2580/2755 2579/2754 2578/2753
f 2582/2757 2581/2756 2578/2753 2577/2752
f 2583/2758 2582/2757 2577/2752 2576/2751
f 2583/2758 2576/2751 2567/2742 2566/2741
f 2580/2755 2584/2759 2024/2213 2026/2215
f 2585/2760 2584/2759 2580/2755 2581/2756
f 2586/2761 2585/2760 2581/2756 2582/2757
f 2587/2762 2586/2761 2582/2757 2583/2758
f 2588/2763 2587/2762 2583/2758 2566/2741
f 2589/2764 2588/2763 2566/2741 2565/2740
f 2590/2765 2589/2764 2565/2740 2564/2739
f 2591/2766 2590/2765 2564/2739 2563/2738
f 2592/2767 2591/2766 2563/2738 2562/2737
f 2593/2768 2592/2767 2562/2737 2561/2736
f 2594/2769 2593/2768 2561/2736 2560/2735
f 2595/2770 2594/2769 2560/2735 2559/2734
f 2596/2771 2595/2770 2559/2734 2558/2733
f 2558/2733 2461/2639 2462/2640 2596/2771
f 2597/2772 2596/2771 2462/2640 2463/2641
f 2598/2773 2595/2770 2596/2771 2597/2772
f 2599/2774 2594/2769 2595/2770 2598/2773
f 2600/2775 2593/2768 2594/2769 2599/2774
f 2601/2776 2592/2767 2593/2768 2600/2775
f 2602/2777 2591/2766 2592/2767 2601/2776
f 2603/2778 2590/2765 2591/2766 2602/2777
f 2604/2779 2589/2764 2590/2765 2603/2778
f 2605/2780 2588/2763 2589/2764 2604/2779
f 2606/2781 2587/2762 2588/2763 2605/2780
f 2607/2782 2586/2761 2587/2762 2606/2781
f 2607/2782 2608/2783 2585/2760 2586/2761
f 2608/2783 2609/2784 2584/2759 2585/2760
f 2609/2784 2022/2211 2024/2213 2584/2759
f 2610/2785 2597/2772 2463/2641 2465/2642
f 2611/2786 2598/2773 2597/2772 2610/2785
f 2612/2787 2599/2774 2598/2773 2611/2786
f 2613/2788 2600/2775 2599/2774 2612/2787
f 2614/2789 2601/2776 2600/2775 2613/2788
f 2615/2790 2602/2777 2601/2776 2614/2789
f 2616/2791 2603/2778 2602/2777 2615/2790
f 2617/2792 2604/2779 2603/2778 2616/2791
f 2618/2793 2605/2780 2604/2779 2617/2792
f 2619/2794 2606/2781 2605/2780 2618/2793
f 2620/2795 2607/2782 2606/2781 2619/2794
f 2621/2796 2608/2783 2607/2782 2620/2795
f 2622/2797 2609/2784 2608/2783 2621/2796
f 2622/2797 2020/2209 2022/2211 2609/2784
f 2623/2798 2610/2785 2465/2642 2467/2643
f 2624/2799 2611/2786 2610/2785 2623/2798
f 2625/2800 2612/2787 2611/2786 2624/2799
f 2626/2801 2613/2788 2612/2787 2625/2800
f 2627/2802 2614/2789 2613/2788 2626/2801
f 2628/2803 2615/2790 2614/2789 2627/2802
f 2629/2804 2616/2791 2615/2790 2628/2803
f 2629/2804 2630/2805 2617/2792 2616/2791
f 2631/2806 2618/2793 2617/2792 2630/2805
f 2632/2807 2619/2794 2618/2793 2631/2806
f 2632/2807 2633/2808 2620/2795 2619/2794
f 2633/2808 2634/2809 2621/2796 2620/2795
f 2635/2810 2622/2797 2621/2796 2634/2809
f 2635/2810 2018/2206 2020/2209 2622/2797
f 2628/2803 2474/2649 2476/2651 2629/2804
f 2629/2804 2476/2651 2478/2653
f 2636/2811 2345/2522 2326/2503 2454/2632
f 2636/2811 2482/2657 2347/2525 2345/2522
f 2637/2812 2480/2655 2482/2657 2636/2811
f 2638/2813 2478/2653 2480/2655 2637/2812
f 2478/2653 2638/2813 2629/2804
f 2639/2814 2630/2805 2629/2804 2638/2813
f 2623/2798 2467/2643 2468/2644
f 2468/2644 2624/2799 2623/2798
f 2468/2644 2472/2646 2625/2800 2624/2799
f 2472/2646 2626/2801 2625/2800
f 2640/2815 2454/2632 2453/2631 2641/2816
f 2642/2817 2641/2816 2453/2631 2452/2630
f 2643/2818 2642/2817 2452/2630 2451/2629
f 2644/2819 2643/2818 2451/2629 2450/2628
f 2449/2627 2460/2637 2644/2819 2450/2628
f 2645/2820 2456/2633 2018/2206 2635/2810
f 2646/2821 2458/2635 2456/2633 2645/2820
f 2646/2821 2644/2819 2460/2637 2458/2635
f 2647/2822 2645/2820 2635/2810 2634/2809
f 2648/2823 2646/2821 2645/2820 2647/2822
f 2643/2818 2644/2819 2646/2821 2648/2823
f 2649/2824 2642/2817 2643/2818 2648/2823
f 2650/2825 2649/2824 2648/2823 2647/2822
f 2633/2808 2650/2825 2647/2822 2634/2809
f 2651/2826 2650/2825 2633/2808 2632/2807
f 2652/2827 2649/2824 2650/2825 2651/2826
f 2652/2827 2640/2815 2641/2816 2649/2824
f 2649/2824 2641/2816 2642/2817
f 2653/2828 2651/2826 2632/2807 2631/2806
f 2654/2829 2652/2827 2651/2826 2653/2828
f 2639/2814 2653/2828 2631/2806 2630/2805
f 2655/2830 2639/2814 2638/2813 2637/2812
f 2655/2830 2654/2829 2653/2828 2639/2814
f 2656/2831 2640/2815 2652/2827 2654/2829
f 2657/2832 2656/2831 2654/2829 2655/2830
f 2657/2832 2655/2830 2637/2812 2636/2811
f 2454/2632 2656/2831 2657/2832 2636/2811
f 2656/2831 2454/2632 2640/2815
f 2658/2833 2459/2638 2448/2626 2447/2625
f 2659/2834 2457/2636 2459/2638 2658/2833
f 2660/2835 2455/2634 2457/2636 2659/2834
f 2660/2835 2014/2202 2016/2204 2455/2634
f 2661/2836 2658/2833 2447/2625 2446/2624
f 2662/2837 2659/2834 2658/2833 2661/2836
f 2663/2838 2660/2835 2659/2834 2662/2837
f 2663/2838 2012/2201 2014/2202 2660/2835
f 2664/783 1795/220 2116/2300 2665/2839
f 2115/2299 2665/2839 2116/2300
f 1814/785 2664/783 2665/2839 2666/2840
f 1781/2841 2669/2842 2668/2843 2667/2844
f 2670/2845 2667/2844 2668/2843 2671/2846
f 2672/2847 2675/2848 2674/2849 2673/2850
f 2676/2851 2672/2847 2673/2850 2677/2852
f 2676/2851 2677/2852 2678/2853 766/2854
f 768/2855 766/2854 2678/2853 2679/2856
f 2680/2857 768/2855 2679/2856 2681/2858
f 2682/2859 2496/2671 2683/2860 1804/2861
f 2684/2862 2682/2859 1804/2861 2685/2863
f 2686/2864 2684/2862 2685/2863 2687/2865
f 2688/2866 2686/2864 2687/2865 1805/2867
f 2689/2868 2688/2866 1805/2867 1782/2869
f 2689/2868 1782/2869 2691/2870 2690/2871
f 2692/2872 2690/2871 2691/2870 2693/2873
f 2692/2872 2693/2873 2695/2874 2694/2875
f 2694/2875 2695/2874 2697/2876 2696/2877
f 2696/2877 2697/2876 1806/2878 2698/2879
f 2699/2880 2418/2596 2416/2594 2700/2881
f 2699/2880 2700/2881 2702/2882 2701/2883
f 2703/2884 2701/2883 2702/2882 2704/2885
f 2705/2886 2703/2884 2704/2885 2706/2887
f 2707/2888 2705/2886 2706/2887 2708/2889
f 2709/2890 2707/2888 2708/2889 2710/2891
f 2711/2892 2709/2890 2710/2891 2712/2893
f 2673/2850 2711/2892 2712/2893 2677/2852
f 2713/2894 2494/2669 2496/2671 2682/2859
f 2714/2895 2492/2667 2494/2669 2713/2894
f 2715/2896 2490/2665 2492/2667 2714/2895
f 2490/2665 2715/2896 2717/2897 2716/2898
f 2426/2604 2428/2606 2716/2898 2717/2897
f 2488/2663 2435/2613 2436/2614
f 2716/2898 2428/2606 2435/2613 2488/2663
f 2716/2898 2488/2663 2490/2665
f 2718/2899 2425/2603 2426/2604 2717/2897
f 2719/2900 2718/2899 2717/2897 2715/2896
f 2720/2901 2719/2900 2715/2896 2714/2895
f 2721/2902 2720/2901 2714/2895 2713/2894
f 2682/2859 2684/2862 2721/2902 2713/2894
f 2722/2903 2422/2600 2425/2603 2718/2899
f 2723/2904 2722/2903 2718/2899 2719/2900
f 2724/2905 2723/2904 2719/2900 2720/2901
f 2725/2906 2724/2905 2720/2901 2721/2902
f 2721/2902 2684/2862 2686/2864 2725/2906
f 2726/2907 2419/2598 2422/2600 2722/2903
f 2727/2908 2726/2907 2722/2903 2723/2904
f 2728/2909 2727/2908 2723/2904 2724/2905
f 2729/2910 2728/2909 2724/2905 2725/2906
f 2725/2906 2686/2864 2688/2866 2729/2910
f 2730/2911 2729/2910 2688/2866 2689/2868
f 2731/2912 2728/2909 2729/2910 2730/2911
f 2732/2913 2727/2908 2728/2909 2731/2912
f 2733/2914 2726/2907 2727/2908 2732/2913
f 2733/2914 2417/2595 2419/2598 2726/2907
f 2734/2915 2730/2911 2689/2868 2690/2871
f 2735/2916 2731/2912 2730/2911 2734/2915
f 2736/2917 2732/2913 2731/2912 2735/2916
f 2737/2918 2733/2914 2732/2913 2736/2917
f 2737/2918 2738/2919 2417/2595 2733/2914
f 2416/2594 2417/2595 2738/2919 2700/2881
f 2739/2920 2734/2915 2690/2871 2692/2872
f 2739/2920 2740/2921 2735/2916 2734/2915
f 2741/2922 2736/2917 2735/2916 2740/2921
f 2742/2923 2737/2918 2736/2917 2741/2922
f 2743/2924 2738/2919 2737/2918 2742/2923
f 2700/2881 2738/2919 2743/2924 2702/2882
f 2744/2925 2739/2920 2692/2872 2694/2875
f 2745/2926 2740/2921 2739/2920 2744/2925
f 2745/2926 2746/2927 2741/2922 2740/2921
f 2747/2928 2742/2923 2741/2922 2746/2927
f 2748/2929 2743/2924 2742/2923 2747/2928
f 2702/2882 2743/2924 2748/2929 2704/2885
f 2749/2930 2744/2925 2694/2875 2696/2877
f 2750/2931 2745/2926 2744/2925 2749/2930
f 2751/2932 2746/2927 2745/2926 2750/2931
f 2752/2933 2747/2928 2746/2927 2751/2932
f 2753/2934 2748/2929 2747/2928 2752/2933
f 2704/2885 2748/2929 2753/2934 2706/2887
f 2754/2935 2749/2930 2696/2877 2698/2879
f 2755/2936 2750/2931 2749/2930 2754/2935
f 2756/2937 2751/2932 2750/2931 2755/2936
f 2757/2938 2752/2933 2751/2932 2756/2937
f 2758/2939 2753/2934 2752/2933 2757/2938
f 2706/2887 2753/2934 2758/2939 2708/2889
f 2759/2940 2754/2935 2698/2879 2760/2941
f 2761/2942 2755/2936 2754/2935 2759/2940
f 2762/2943 2756/2937 2755/2936 2761/2942
f 2763/2944 2757/2938 2756/2937 2762/2943
f 2764/2945 2758/2939 2757/2938 2763/2944
f 2708/2889 2758/2939 2764/2945 2710/2891
f 2712/2893 2765/2946 2678/2853 2677/2852
f 2710/2891 2764/2945 2765/2946 2712/2893
f 2681/2858 2759/2940 2760/2941
f 2766/2947 2761/2942 2759/2940 2681/2858
f 2761/2942 2766/2947 2762/2943
f 2767/2948 2763/2944 2762/2943 2766/2947
f 2767/2948 2765/2946 2764/2945 2763/2944
f 2765/2946 2767/2948 2679/2856 2678/2853
f 2679/2856 2767/2948 2766/2947 2681/2858
f 2768/2949 2711/2892 2673/2850 2674/2849
f 2769/2950 2768/2949 2674/2849 2671/2846
f 2770/2951 2769/2950 2671/2846 2668/2843
f 2771/2952 2770/2951 2668/2843 2669/2842
f 2772/2953 2771/2952 2669/2842 2773/2954
f 2772/2953 2773/2954 2775/2955 2774/2956
f 2776/2957 2774/2956 2775/2955 2777/2958
f 2778/2959 2776/2957 2777/2958 2779/2960
f 2780/2961 2778/2959 2779/2960 2781/2962
f 2782/2963 2780/2961 2781/2962 2783/2964
f 2784/2965 2782/2963 2783/2964 2666/2840
f 2785/2966 2784/2965 2666/2840 2665/2839
f 2045/2232 2785/2966 2665/2839 2115/2299
f 1998/2189 2785/2966 2045/2232
f 2786/2967 2785/2966 1998/2189 1999/2188
f 2787/2968 2786/2967 1999/2188 2002/2190
f 2788/2969 2787/2968 2002/2190 2004/2193
f 2789/2970 2788/2969 2004/2193 2006/2195
f 2790/2971 2789/2970 2006/2195 2008/2196
f 2791/2972 2790/2971 2008/2196 2010/2198
f 2791/2972 2010/2198 2012/2201 2663/2838
f 2792/2973 2791/2972 2663/2838 2662/2837
f 2793/2974 2792/2973 2662/2837 2661/2836
f 2794/2975 2793/2974 2661/2836 2446/2624
f 2418/2596 2699/2880 2794/2975 2446/2624
f 2795/2976 2794/2975 2699/2880 2701/2883
f 2795/2976 2796/2977 2793/2974 2794/2975
f 2796/2977 2797/2978 2792/2973 2793/2974
f 2798/2979 2791/2972 2792/2973 2797/2978
f 2798/2979 2799/2980 2790/2971 2791/2972
f 2800/2981 2789/2970 2790/2971 2799/2980
f 2801/2982 2788/2969 2789/2970 2800/2981
f 2802/2983 2787/2968 2788/2969 2801/2982
f 2803/2984 2786/2967 2787/2968 2802/2983
f 2784/2965 2785/2966 2786/2967 2803/2984
f 2804/2985 2795/2976 2701/2883 2703/2884
f 2804/2985 2805/2986 2796/2977 2795/2976
f 2805/2986 2806/2987 2797/2978 2796/2977
f 2806/2987 2807/2988 2798/2979 2797/2978
f 2807/2988 2808/2989 2799/2980 2798/2979
f 2809/2990 2800/2981 2799/2980 2808/2989
f 2810/2991 2801/2982 2800/2981 2809/2990
f 2811/2992 2802/2983 2801/2982 2810/2991
f 2812/2993 2803/2984 2802/2983 2811/2992
f 2782/2963 2784/2965 2803/2984 2812/2993
f 2813/2994 2804/2985 2703/2884 2705/2886
f 2814/2995 2805/2986 2804/2985 2813/2994
f 2815/2996 2806/2987 2805/2986 2814/2995
f 2815/2996 2816/2997 2807/2988 2806/2987
f 2817/2998 2808/2989 2807/2988 2816/2997
f 2818/2999 2809/2990 2808/2989 2817/2998
f 2819/3000 2810/2991 2809/2990 2818/2999
f 2820/3001 2811/2992 2810/2991 2819/3000
f 2820/3001 2821/3002 2812/2993 2811/2992
f 2780/2961 2782/2963 2812/2993 2821/3002
f 2822/3003 2813/2994 2705/2886 2707/2888
f 2823/3004 2814/2995 2813/2994 2822/3003
f 2824/3005 2815/2996 2814/2995 2823/3004
f 2825/3006 2816/2997 2815/2996 2824/3005
f 2825/3006 2826/3007 2817/2998 2816/2997
f 2827/3008 2818/2999 2817/2998 2826/3007
f 2828/3009 2819/3000 2818/2999 2827/3008
f 2829/3010 2820/3001 2819/3000 2828/3009
f 2830/3011 2821/3002 2820/3001 2829/3010
f 2778/2959 2780/2961 2821/3002 2830/3011
f 2831/3012 2822/3003 2707/2888 2709/2890
f 2832/3013 2823/3004 2822/3003 2831/3012
f 2833/3014 2824/3005 2823/3004 2832/3013
f 2834/3015 2825/3006 2824/3005 2833/3014
f 2835/3016 2826/3007 2825/3006 2834/3015
f 2836/3017 2827/3008 2826/3007 2835/3016
f 2836/3017 2837/3018 2828/3009 2827/3008
f 2828/3009 2837/3018 2829/3010
f 2709/2890 2711/2892 2768/2949 2831/3012
f 2831/3012 2768/2949 2769/2950 2832/3013
f 2832/3013 2769/2950 2770/2951 2833/3014
f 2833/3014 2770/2951 2771/2952 2834/3015
f 2771/2952 2772/2953 2835/3016 2834/3015
f 2772/2953 2774/2956 2836/3017 2835/3016
f 2774/2956 2776/2957 2837/3018 2836/3017
f 2830/3011 2776/2957 2778/2959
f 2837/3018 2776/2957 2830/3011 2829/3010
f 2486/2661 2437/2615 2438/2616
f 2488/2663 2436/2614 2437/2615 2486/2661
f 2474/2649 2628/2803 2627/2802
f 2472/2646 2474/2649 2627/2802 2626/2801
f 2838/3019 2498/3020 2499/967 2839/966
f 2840/3021 2838/3019 2839/966 1807/970
f 2841/3022 2840/3021 1807/970 1808/972
f 2842/3023 2841/3022 1808/972 1783/974
f 2843/3024 2842/3023 1783/974 2844/976
f 2845/3025 2843/3024 2844/976 2846/978
f 2845/3025 2846/978 1784/979 2847/3026
f 2847/3026 1784/979 2849/981 2848/3027
f 2848/3027 2849/981 2851/983 2850/3028
f 2850/3028 2851/983 2853/985 2852/3029
f 2855/3030 1794/988 1809/987 2854/3031
f 2856/3032 2859/3033 2858/3034 2857/3035
f 2860/3036 2857/3035 2858/3034 2861/3037
f 2860/3036 2861/3037 2863/3038 2862/3039
f 2862/3039 2863/3038 2865/3040 2864/3041
f 2864/3042 2865/3043 2867/3044 2866/3045
f 2866/3045 2867/3044 2869/3046 2868/3047
f 2868/3047 2869/3046 2871/3048 2870/3049
f 2870/3049 2871/3048 2873/3050 2872/3051
f 2877/3052 2876/3053 2875/3054 2874/3055
f 2874/3055 2875/3054 2879/3056 2878/3057
f 2880/3058 2872/3051 2873/3050 2881/3059
f 2882/3060 2880/3058 2881/3059 2883/3061
f 2884/3062 2882/3060 2883/3061 2885/3063
f 2886/3064 2884/3062 2885/3063 2887/3065
f 2888/3066 2886/3064 2887/3065 2889/3067
f 2890/3068 2888/3066 2889/3067 2891/3069
f 2892/3070 2878/3057 2879/3056 2893/3071
f 2872/3051 2895/3072 2894/3073 2870/3049
f 2870/3049 2894/3073 2896/3074 2868/3047
f 2868/3047 2896/3074 2897/3075 2866/3045
f 2866/3045 2897/3075 2898/3076 2864/3042
f 2864/3041 2898/3077 2899/3078 2862/3039
f 2862/3039 2899/3078 2900/3079 2860/3036
f 2900/3079 2901/3080 2857/3035 2860/3036
f 2901/3080 2902/3081 2856/3032 2857/3035
f 2902/3081 2904/3082 2903/3083 2856/3032
f 2904/3082 2906/3084 2905/3085 2903/3083
f 2906/3084 2907/3086 2890/3068 2905/3085
f 2907/3086 2908/3087 2888/3066 2890/3068
f 2908/3087 2909/3088 2886/3064 2888/3066
f 2886/3064 2909/3088 2910/3089 2884/3062
f 2910/3089 2911/3090 2882/3060 2884/3062
f 2882/3060 2911/3090 2912/3091 2880/3058
f 2912/3091 2895/3072 2872/3051 2880/3058
f 2913/3092 2916/3093 2915/3094 2914/3095
f 2914/3095 2915/3094 2918/3096 2917/3097
f 2917/3097 2918/3096 2920/3098 2919/3099
f 2919/3099 2920/3098 2922/3100 2921/3101
f 2921/3102 2922/3103 2924/3104 2923/3105
f 2923/3105 2924/3104 2926/3106 2925/3107
f 2926/3106 2928/3108 2927/3109 2925/3107
f 2928/3108 2930/3110 2929/3111 2927/3109
f 2930/3110 2932/3112 2931/3113 2929/3111
f 2932/3112 2934/3114 2933/3115 2931/3113
f 2934/3114 2936/3116 2935/3117 2933/3115
f 2936/3116 2938/3118 2937/3119 2935/3117
f 2938/3118 2940/3120 2939/3121 2937/3119
f 2939/3121 2940/3120 2942/3122 2941/3123
f 2942/3122 2944/3124 2943/3125 2941/3123
f 2943/3125 2944/3124 2946/3126 2945/3127
f 2946/3126 2916/3093 2913/3092 2945/3127
f 2947/3128 2950/3129 2949/3130 2948/3131
f 2948/3131 2949/3130 2952/3132 2951/3133
f 2951/3133 2952/3132 2954/3134 2953/3135
f 2953/3135 2954/3134 2956/3136 2955/3137
f 2955/3137 2956/3136 2958/3138 2957/3139
f 2957/3139 2958/3138 2960/3140 2959/3141
f 2959/3141 2960/3140 2962/3142 2961/3143
f 2961/3143 2962/3142 2964/3144 2963/3145
f 2963/3145 2964/3144 2966/3146 2965/3147
f 2965/3147 2966/3146 2968/3148 2967/3149
f 2967/3149 2968/3148 2970/3150 2969/3151
f 2969/3151 2970/3150 2972/3152 2971/3153
f 2971/3153 2972/3152 2974/3154 2973/3155
f 2973/3155 2974/3154 2976/3156 2975/3157
f 2975/3158 2976/3159 2978/3160 2977/3161
f 2977/3161 2978/3160 2980/3162 2979/3163
f 2979/3163 2980/3162 2950/3129 2947/3128
f 2982/3164 2981/3165 2949/3130 2950/3129
f 2981/3165 2983/3166 2952/3132 2949/3130
f 2983/3166 2984/3167 2954/3134 2952/3132
f 2984/3167 2985/3168 2956/3136 2954/3134
f 2956/3136 2985/3168 2986/3169 2958/3138
f 2958/3138 2986/3169 2987/3170 2960/3140
f 2960/3140 2987/3170 2988/3171 2962/3142
f 2962/3142 2988/3171 2989/3172 2964/3144
f 2964/3144 2989/3172 2990/3173 2966/3146
f 2990/3173 2991/3174 2968/3148 2966/3146
f 2968/3148 2991/3174 2992/3175 2970/3150
f 2992/3175 2993/3176 2972/3152 2970/3150
f 2993/3176 2994/3177 2974/3154 2972/3152
f 2994/3177 2995/3178 2976/3156 2974/3154
f 2976/3159 2995/3179 2996/3180 2978/3160
f 2996/3180 2997/3181 2980/3162 2978/3160
f 2997/3181 2982/3164 2950/3129 2980/3162
f 3001/3182 3000/3183 2999/3184 2998/3185
f 3000/3183 3003/3186 3002/3187 2999/3184
f 3003/3186 3005/3188 3004/3189 3002/3187
f 3005/3188 3007/3190 3006/3191 3004/3189
f 3006/3191 3007/3190 3009/3192 3008/3193
f 3008/3193 3009/3192 3011/3194 3010/3195
f 3010/3195 3011/3194 3013/3196 3012/3197
f 3012/3197 3013/3196 3015/3198 3014/3199
f 3014/3199 3015/3198 3017/3200 3016/3201
f 3017/3200 3019/3202 3018/3203 3016/3201
f 3018/3203 3019/3202 3021/3204 3020/3205
f 3021/3204 3023/3206 3022/3207 3020/3205
f 3023/3206 3025/3208 3024/3209 3022/3207
f 3025/3208 3027/3210 3026/3211 3024/3209
f 3026/3212 3027/3213 3029/3214 3028/3215
f 3029/3214 3031/3216 3030/3217 3028/3215
f 3031/3216 3001/3182 2998/3185 3030/3217
f 3032/3218 3035/3219 3034/3220 3033/3221
f 3033/3221 3034/3220 3037/3222 3036/3223
f 3036/3223 3037/3222 3039/3224 3038/3225
f 3038/3225 3039/3224 3041/3226 3040/3227
f 3040/3227 3041/3226 3043/3228 3042/3229
f 3042/3229 3043/3228 3045/3230 3044/3231
f 3044/3231 3045/3230 3047/3232 3046/3233
f 3046/3233 3047/3232 3049/3234 3048/3235
f 3048/3235 3049/3234 3051/3236 3050/3237
f 3050/3237 3051/3236 3053/3238 3052/3239
f 3052/3239 3053/3238 3055/3240 3054/3241
f 3054/3241 3055/3240 3057/3242 3056/3243
f 3056/3243 3057/3242 3059/3244 3058/3245
f 3058/3245 3059/3244 3061/3246 3060/3247
f 3060/3248 3061/3249 3063/3250 3062/3251
f 3062/3251 3063/3250 3065/3252 3064/3253
f 3064/3253 3065/3252 3035/3219 3032/3218
f 3067/3254 3066/3255 3034/3220 3035/3219
f 3066/3255 3068/3256 3037/3222 3034/3220
f 3068/3256 3069/3257 3039/3224 3037/3222
f 3039/3224 3069/3257 3070/3258 3041/3226
f 3041/3226 3070/3258 3071/3259 3043/3228
f 3043/3228 3071/3259 3072/3260 3045/3230
f 3045/3230 3072/3260 3073/3261 3047/3232
f 3047/3232 3073/3261 3074/3262 3049/3234
f 3049/3234 3074/3262 3075/3263 3051/3236
f 3075/3263 3076/3264 3053/3238 3051/3236
f 3053/3238 3076/3264 3077/3265 3055/3240
f 3077/3265 3078/3266 3057/3242 3055/3240
f 3078/3266 3079/3267 3059/3244 3057/3242
f 3079/3267 3080/3268 3061/3246 3059/3244
f 3061/3249 3080/3269 3081/3270 3063/3250
f 3081/3270 3082/3271 3065/3252 3063/3250
f 3082/3271 3067/3254 3035/3219 3065/3252
f 3086/3272 3085/3273 3084/3274 3083/3275
f 3083/3275 3084/3274 3088/3276 3087/3277
f 3087/3277 3088/3276 3090/3278 3089/3279
f 3089/3279 3090/3278 3092/3280 3091/3281
f 3091/3282 3092/3283 3094/3284 3093/3285
f 3093/3285 3094/3284 3096/3286 3095/3287
f 3097/3288 3095/3287 3096/3286 3098/3289
f 3099/3290 3097/3288 3098/3289 3100/3291
f 3101/3292 3099/3290 3100/3291 3102/3293
f 3103/3294 3101/3292 3102/3293 3104/3295
f 3105/3296 3103/3294 3104/3295 3106/3297
f 3107/3298 3105/3296 3106/3297 3108/3299
f 3109/3300 3107/3298 3108/3299 3110/3301
f 3109/3300 3110/3301 3112/3302 3111/3303
f 3113/3304 3111/3303 3112/3302 3114/3305
f 3113/3304 3114/3305 3116/3306 3115/3307
f 3086/3272 3115/3307 3116/3306 3085/3273
f 3000/3183 3001/3182 3032/3218 3033/3221
f 3003/3186 3000/3183 3033/3221 3036/3223
f 3005/3188 3003/3186 3036/3223 3038/3225
f 3007/3190 3005/3188 3038/3225 3040/3227
f 3007/3190 3040/3227 3042/3229 3009/3192
f 3009/3192 3042/3229 3044/3231 3011/3194
f 3011/3194 3044/3231 3046/3233 3013/3196
f 3013/3196 3046/3233 3048/3235 3015/3198
f 3015/3198 3048/3235 3050/3237 3017/3200
f 3019/3202 3017/3200 3050/3237 3052/3239
f 3019/3202 3052/3239 3054/3241 3021/3204
f 3023/3206 3021/3204 3054/3241 3056/3243
f 3025/3208 3023/3206 3056/3243 3058/3245
f 3027/3210 3025/3208 3058/3245 3060/3247
f 3027/3213 3060/3248 3062/3251 3029/3214
f 3031/3216 3029/3214 3062/3251 3064/3253
f 3001/3182 3031/3216 3064/3253 3032/3218
f 3067/3254 3118/3308 3117/3309 3066/3255
f 3066/3255 3117/3309 3119/3310 3068/3256
f 3069/3257 3068/3256 3119/3310 3120/3311
f 3069/3257 3120/3311 3121/3312 3070/3258
f 3070/3258 3121/3312 3122/3313 3071/3259
f 3071/3259 3122/3313 3123/3314 3072/3260
f 3072/3260 3123/3314 3124/3315 3073/3261
f 3073/3261 3124/3315 3125/3316 3074/3262
f 3074/3262 3125/3316 3126/3317 3075/3263
f 3076/3264 3075/3263 3126/3317 3127/3318
f 3077/3265 3076/3264 3127/3318 3128/3319
f 3078/3266 3077/3265 3128/3319 3129/3320
f 3079/3267 3078/3266 3129/3320 3130/3321
f 3080/3268 3079/3267 3130/3321 3131/3322
f 3081/3270 3080/3269 3131/3323 3132/3324
f 3082/3271 3081/3270 3132/3324 3133/3325
f 3082/3271 3133/3325 3118/3308 3067/3254
f 2981/3165 2982/3164 2998/3185 2999/3184
f 2983/3166 2981/3165 2999/3184 3002/3187
f 2984/3167 2983/3166 3002/3187 3004/3189
f 2985/3168 2984/3167 3004/3189 3006/3191
f 2985/3168 3006/3191 3008/3193 2986/3169
f 2986/3169 3008/3193 3010/3195 2987/3170
f 2987/3170 3010/3195 3012/3197 2988/3171
f 2988/3171 3012/3197 3014/3199 2989/3172
f 2989/3172 3014/3199 3016/3201 2990/3173
f 2991/3174 2990/3173 3016/3201 3018/3203
f 2991/3174 3018/3203 3020/3205 2992/3175
f 2993/3176 2992/3175 3020/3205 3022/3207
f 2994/3177 2993/3176 3022/3207 3024/3209
f 2995/3178 2994/3177 3024/3209 3026/3211
f 2995/3179 3026/3212 3028/3215 2996/3180
f 2997/3181 2996/3180 3028/3215 3030/3217
f 2982/3164 2997/3181 3030/3217 2998/3185
f 3085/3273 2967/3149 2969/3151 3084/3274
f 3084/3274 2969/3151 2971/3153 3088/3276
f 3088/3276 2971/3153 2973/3155 3090/3278
f 3090/3278 2973/3155 2975/3157 3092/3280
f 3092/3283 2975/3158 2977/3161 3094/3284
f 3094/3284 2977/3161 2979/3163 3096/3286
f 3098/3289 3096/3286 2979/3163 2947/3128
f 3100/3291 3098/3289 2947/3128 2948/3131
f 3102/3293 3100/3291 2948/3131 2951/3133
f 3104/3295 3102/3293 2951/3133 2953/3135
f 3106/3297 3104/3295 2953/3135 2955/3137
f 3108/3299 3106/3297 2955/3137 2957/3139
f 3110/3301 3108/3299 2957/3139 2959/3141
f 3110/3301 2959/3141 2961/3143 3112/3302
f 3114/3305 3112/3302 2961/3143 2963/3145
f 3114/3305 2963/3145 2965/3147 3116/3306
f 3085/3273 3116/3306 2965/3147 2967/3149
f 2916/3093 3086/3272 3083/3275 2915/3094
f 2915/3094 3083/3275 3087/3277 2918/3096
f 2918/3096 3087/3277 3089/3279 2920/3098
f 2920/3098 3089/3279 3091/3281 2922/3100
f 2922/3103 3091/3282 3093/3285 2924/3104
f 2924/3104 3093/3285 3095/3287 2926/3106
f 2928/3108 2926/3106 3095/3287 3097/3288
f 2930/3110 2928/3108 3097/3288 3099/3290
f 2932/3112 2930/3110 3099/3290 3101/3292
f 2934/3114 2932/3112 3101/3292 3103/3294
f 2936/3116 2934/3114 3103/3294 3105/3296
f 2938/3118 2936/3116 3105/3296 3107/3298
f 2940/3120 2938/3118 3107/3298 3109/3300
f 2940/3120 3109/3300 3111/3303 2942/3122
f 2944/3124 2942/3122 3111/3303 3113/3304
f 2944/3124 3113/3304 3115/3307 2946/3126
f 2916/3093 2946/3126 3115/3307 3086/3272
f 2895/3072 2913/3092 2914/3095 2894/3073
f 2894/3073 2914/3095 2917/3097 2896/3074
f 2896/3074 2917/3097 2919/3099 2897/3075
f 2897/3075 2919/3099 2921/3101 2898/3076
f 2898/3077 2921/3102 2923/3105 2899/3078
f 2899/3078 2923/3105 2925/3107 2900/3079
f 2901/3080 2900/3079 2925/3107 2927/3109
f 2902/3081 2901/3080 2927/3109 2929/3111
f 2904/3082 2902/3081 2929/3111 2931/3113
f 2906/3084 2904/3082 2931/3113 2933/3115
f 2907/3086 2906/3084 2933/3115 2935/3117
f 2908/3087 2907/3086 2935/3117 2937/3119
f 2909/3088 2908/3087 2937/3119 2939/3121
f 2909/3088 2939/3121 2941/3123 2910/3089
f 2911/3090 2910/3089 2941/3123 2943/3125
f 2911/3090 2943/3125 2945/3127 2912/3091
f 2895/3072 2912/3091 2945/3127 2913/3092
f 2876/3053 2877/3052 3135/3326 3134/3327
f 3134/3327 3135/3326 3137/3328 3136/3329
f 3136/3329 3137/3328 3139/3330 3138/3331
f 3138/3331 3139/3330 3141/3332 3140/3333
f 3140/3334 3141/3335 3143/3336 3142/3337
f 3144/3338 3142/3337 3143/3336 3145/3339
f 3146/3340 3144/3338 3145/3339 3147/3341
f 3148/3342 3146/3340 3147/3341 3149/3343
f 2876/3344 3151/3345 3150/3346 2875/3347
f 2875/3347 3150/3346 3152/3348 2879/3349
f 3153/3350 3148/3342 3149/3343 3154/3351
f 3155/3352 3153/3350 3154/3351 3156/3353
f 3157/3354 3155/3352 3156/3353 3158/3355
f 3159/3356 3157/3354 3158/3355 3160/3357
f 3161/3358 3159/3356 3160/3357 3162/3359
f 2893/3360 3161/3358 3162/3359 2892/3361
f 2879/3349 3152/3348 3163/3362 2893/3363
f 3167/3364 3166/3365 3165/3366 3164/3367
f 3164/3367 3165/3366 3169/3368 3168/3369
f 3168/3369 3169/3368 3171/3370 3170/3371
f 3170/3371 3171/3370 3173/3372 3172/3373
f 3172/3374 3173/3375 3175/3376 3174/3377
f 3176/3378 3174/3377 3175/3376 3177/3379
f 3178/3380 3176/3378 3177/3379 3179/3381
f 3180/3382 3178/3380 3179/3381 3181/3383
f 3182/3384 3180/3382 3181/3383 3183/3385
f 3184/3386 3182/3384 3183/3385 3185/3387
f 3186/3388 3184/3386 3185/3387 3187/3389
f 3188/3390 3186/3388 3187/3389 3189/3391
f 3190/3392 3188/3390 3189/3391 3191/3393
f 3192/3394 3190/3392 3191/3393 3193/3395
f 3167/3364 3196/3396 3195/3397 3194/3398
f 3197/3399 3194/3398 3195/3397 3198/3400
f 3192/3394 3197/3399 3198/3400 3199/3401
f 3154/3351 3149/3343 3201/3402 3200/3403
f 3200/3403 3201/3402 3203/3404 3202/3405
f 3202/3405 3203/3404 3205/3406 3204/3407
f 3204/3407 3205/3406 3207/3408 3206/3409
f 3206/3409 3207/3408 3209/3410 3208/3411
f 3210/3412 3208/3411 3209/3410 3211/3413
f 3212/3414 3135/3326 2877/3052 3213/3415
f 3214/3416 3212/3414 3213/3415 3215/3417
f 3214/3416 3215/3417 3217/3418 3216/3419
f 3218/3420 3216/3419 3217/3418 3219/3421
f 3218/3420 3219/3421 3221/3422 3220/3423
f 3220/3423 3221/3422 3223/3424 3222/3425
f 3223/3424 2840/3021 2841/3022 3222/3425
f 3224/3426 3213/3415 2877/3052 2874/3055
f 3225/3427 3215/3417 3213/3415 3224/3426
f 3225/3427 3226/3428 3217/3418 3215/3417
f 3227/3429 3219/3421 3217/3418 3226/3428
f 3228/3430 3221/3422 3219/3421 3227/3429
f 3228/3430 3229/3431 3223/3424 3221/3422
f 3229/3431 2838/3019 2840/3021 3223/3424
f 3230/3432 2498/3020 2838/3019 3229/3431
f 3231/3433 3230/3432 3229/3431 3228/3430
f 3231/3433 3228/3430 3227/3429 3232/3434
f 3232/3434 3227/3429 3226/3428 3233/3435
f 3234/3436 3233/3435 3226/3428 3225/3427
f 3234/3436 3225/3427 3224/3426 3235/3437
f 3236/3438 3235/3437 3224/3426 2874/3055
f 3237/3439 3236/3438 2874/3055 2878/3057
f 3238/3440 3237/3439 2878/3057 2892/3070
f 3239/3441 3238/3442 2892/3361 3162/3359
f 3240/3443 3239/3441 3162/3359 3160/3357
f 3241/3444 3240/3443 3160/3357 3158/3355
f 3242/3445 3241/3444 3158/3355 3156/3353
f 3200/3403 3242/3445 3156/3353 3154/3351
f 3243/3446 3242/3445 3200/3403 3202/3405
f 3244/3447 3243/3446 3202/3405 3204/3407
f 3245/3448 3244/3447 3204/3407 3206/3409
f 3245/3448 3206/3409 3208/3411 3246/3449
f 3246/3449 3208/3411 3210/3412 3247/3450
f 3248/3451 3246/3449 3247/3450 3249/3452
f 3250/3453 3245/3448 3246/3449 3248/3451
f 3251/3454 3244/3447 3245/3448 3250/3453
f 3252/3455 3243/3446 3244/3447 3251/3454
f 3252/3455 3241/3444 3242/3445 3243/3446
f 3253/3456 3248/3451 3249/3452 3254/3457
f 3255/3458 3250/3453 3248/3451 3253/3456
f 3256/3459 3251/3454 3250/3453 3255/3458
f 3257/3460 3252/3455 3251/3454 3256/3459
f 3257/3460 3240/3443 3241/3444 3252/3455
f 3258/3461 3253/3456 3254/3457 3259/3462
f 3260/3463 3255/3458 3253/3456 3258/3461
f 3261/3464 3256/3459 3255/3458 3260/3463
f 3262/3465 3257/3460 3256/3459 3261/3464
f 3263/3466 3240/3443 3257/3460 3262/3465
f 3264/3467 3239/3441 3240/3443 3263/3466
f 3265/3468 3238/3442 3239/3441 3264/3467
f 3265/3469 3266/3470 3237/3439 3238/3440
f 3267/3471 3236/3438 3237/3439 3266/3470
f 3268/3472 3235/3437 3236/3438 3267/3471
f 3269/3473 3234/3436 3235/3437 3268/3472
f 3270/3474 3233/3435 3234/3436 3269/3473
f 3271/3475 3232/3434 3233/3435 3270/3474
f 3272/3476 3231/3433 3232/3434 3271/3475
f 3273/3477 3230/3432 3231/3433 3272/3476
f 3230/3432 3273/3477 2502/3478 2498/3020
f 3273/3477 3272/3476 2504/3479 2502/3478
f 3274/3480 2516/3481 2514/3482 3275/3483
f 3274/3480 3275/3483 3277/3484 3276/3485
f 3276/3485 3277/3484 3279/3486 3278/3487
f 3264/3467 3278/3487 3279/3486 3265/3468
f 3280/3488 3266/3470 3265/3469 3279/3489
f 3281/3490 3280/3488 3279/3489 3277/3491
f 3282/3492 3281/3490 3277/3491 3275/3493
f 3282/3492 3275/3493 2514/3494 2512/3495
f 3283/3496 3267/3471 3266/3470 3280/3488
f 3284/3497 3283/3496 3280/3488 3281/3490
f 3285/3498 3284/3497 3281/3490 3282/3492
f 3285/3498 3282/3492 2512/3495 2510/3499
f 3286/3500 2506/3501 2504/3479 3272/3476
f 3287/3502 3286/3500 3272/3476 3271/3475
f 3288/3503 3287/3502 3271/3475 3270/3474
f 3289/3504 3288/3503 3270/3474 3269/3473
f 3289/3504 3269/3473 3268/3472 3290/3505
f 3283/3496 3290/3505 3268/3472 3267/3471
f 3283/3496 3284/3497 3289/3504 3290/3505
f 3284/3497 3285/3498 3288/3503 3289/3504
f 3291/3506 3287/3502 3288/3503 3285/3498
f 3291/3506 3285/3498 2510/3499 2508/3507
f 3291/3506 3286/3500 3287/3502
f 3286/3500 3291/3506 2508/3507 2506/3501
f 3292/3508 2518/3509 2516/3481 3274/3480
f 3293/3510 2520/3511 2518/3509 3292/3508
f 3294/3512 2522/3513 2520/3511 3293/3510
f 3295/3514 2524/3515 2522/3513 3294/3512
f 3295/3514 3296/3516 2526/3517 2524/3515
f 3296/3516 1810/1478 1802/1477 2526/3517
f 3278/3487 3264/3467 3263/3466 3297/3518
f 3298/3519 3276/3485 3278/3487 3297/3518
f 3292/3508 3274/3480 3276/3485 3298/3519
f 3299/3520 3297/3518 3263/3466 3262/3465
f 3300/3521 3298/3519 3297/3518 3299/3520
f 3292/3508 3298/3519 3300/3521 3293/3510
f 3261/3464 3300/3521 3299/3520 3262/3465
f 3300/3521 3261/3464 3260/3463 3301/3522
f 3293/3510 3300/3521 3301/3522 3294/3512
f 3301/3522 3260/3463 3258/3461 3302/3523
f 3294/3512 3301/3522 3302/3523 3295/3514
f 3303/3524 3296/3516 3295/3514 3302/3523
f 3303/3524 1789/1486 1810/1478 3296/3516
f 3303/3524 3302/3523 3258/3461 3259/3462
f 3196/3396 3167/3364 3164/3367 3304/3525
f 3304/3525 3164/3367 3168/3369 3305/3526
f 3305/3526 3168/3369 3170/3371 3306/3527
f 3306/3527 3170/3371 3172/3373 3307/3528
f 3307/3529 3172/3374 3174/3377 3308/3530
f 3309/3531 3308/3530 3174/3377 3176/3378
f 3310/3532 3309/3531 3176/3378 3178/3380
f 3311/3533 3310/3532 3178/3380 3180/3382
f 3312/3534 3311/3533 3180/3382 3182/3384
f 3313/3535 3312/3534 3182/3384 3184/3386
f 3314/3536 3313/3535 3184/3386 3186/3388
f 3315/3537 3314/3536 3186/3388 3188/3390
f 3316/3538 3315/3537 3188/3390 3190/3392
f 3199/3401 3316/3538 3190/3392 3192/3394
f 3196/3396 2859/3033 3317/3539 3195/3397
f 3198/3400 3195/3397 3317/3539 3318/3540
f 3199/3401 3198/3400 3318/3540 2891/3069
f 2859/3033 3196/3396 3304/3525 2858/3034
f 2858/3034 3304/3525 3305/3526 2861/3037
f 2861/3037 3305/3526 3306/3527 2863/3038
f 2863/3038 3306/3527 3307/3528 2865/3040
f 2865/3043 3307/3529 3308/3530 2867/3044
f 2869/3046 2867/3044 3308/3530 3309/3531
f 2871/3048 2869/3046 3309/3531 3310/3532
f 2873/3050 2871/3048 3310/3532 3311/3533
f 2881/3059 2873/3050 3311/3533 3312/3534
f 2883/3061 2881/3059 3312/3534 3313/3535
f 2885/3063 2883/3061 3313/3535 3314/3536
f 2887/3065 2885/3063 3314/3536 3315/3537
f 2889/3067 2887/3065 3315/3537 3316/3538
f 2891/3069 2889/3067 3316/3538 3199/3401
f 3317/3539 2859/3033 2856/3032 2903/3083
f 3318/3540 3317/3539 2903/3083 2905/3085
f 2891/3069 3318/3540 2905/3085 2890/3068
f 3166/3365 3167/3364 3194/3398 3319/3541
f 3319/3541 3194/3398 3197/3399 3320/3542
f 3320/3542 3197/3399 3192/3394 3193/3395
f 3166/3365 3151/3345 3321/3543 3165/3366
f 3165/3366 3321/3543 3322/3544 3169/3368
f 3169/3368 3322/3544 3323/3545 3171/3370
f 3171/3370 3323/3545 3324/3546 3173/3372
f 3173/3375 3324/3547 3325/3548 3175/3376
f 3177/3379 3175/3376 3325/3548 3326/3549
f 3179/3381 3177/3379 3326/3549 3327/3550
f 3181/3383 3179/3381 3327/3550 3328/3551
f 3183/3385 3181/3383 3328/3551 3329/3552
f 3185/3387 3183/3385 3329/3552 3330/3553
f 3187/3389 3185/3387 3330/3553 3331/3554
f 3189/3391 3187/3389 3331/3554 3332/3555
f 3191/3393 3189/3391 3332/3555 3333/3556
f 3193/3395 3191/3393 3333/3556 3163/3362
f 3151/3345 3166/3365 3319/3541 3150/3346
f 3150/3346 3319/3541 3320/3542 3152/3348
f 3152/3348 3320/3542 3193/3395 3163/3362
f 3151/3345 2876/3344 3134/3557 3321/3543
f 3321/3543 3134/3557 3136/3558 3322/3544
f 3322/3544 3136/3558 3138/3559 3323/3545
f 3323/3545 3138/3559 3140/3560 3324/3546
f 3324/3547 3140/3561 3142/3562 3325/3548
f 3326/3549 3325/3548 3142/3562 3144/3563
f 3327/3550 3326/3549 3144/3563 3146/3564
f 3328/3551 3327/3550 3146/3564 3148/3565
f 3329/3552 3328/3551 3148/3565 3153/3566
f 3330/3553 3329/3552 3153/3566 3155/3567
f 3331/3554 3330/3553 3155/3567 3157/3568
f 3332/3555 3331/3554 3157/3568 3159/3569
f 3333/3556 3332/3555 3159/3569 3161/3570
f 3163/3362 3333/3556 3161/3570 2893/3363
f 3334/3571 3137/3328 3135/3326 3335/3572
f 3336/3573 3334/3571 3335/3572 3337/3574
f 3338/3575 3336/3573 3337/3574 3339/3576
f 3338/3575 3339/3576 3341/3577 3340/3578
f 3340/3578 3341/3577 3343/3579 3342/3580
f 3342/3580 3343/3579 3345/3581 3344/3582
f 3346/3583 3344/3582 3345/3581 3347/3584
f 3348/3585 3346/3583 3347/3584 3349/3586
f 3348/3585 3349/3586 3351/3587 3350/3588
f 3351/3587 2845/3025 2847/3026 3350/3588
f 3352/3589 3350/3588 2847/3026 2848/3027
f 3353/3590 3348/3585 3350/3588 3352/3589
f 3353/3590 3354/3591 3346/3583 3348/3585
f 3355/3592 3344/3582 3346/3583 3354/3591
f 3356/3593 3342/3580 3344/3582 3355/3592
f 3357/3594 3340/3578 3342/3580 3356/3593
f 3358/3595 3338/3575 3340/3578 3357/3594
f 3359/3596 3336/3573 3338/3575 3358/3595
f 3360/3597 3334/3571 3336/3573 3359/3596
f 3360/3597 3361/3598 3137/3328 3334/3571
f 3361/3598 3362/3599 3139/3330 3137/3328
f 3362/3599 3363/3600 3141/3332 3139/3330
f 3364/3601 3143/3336 3141/3335 3363/3602
f 3364/3601 3365/3603 3145/3339 3143/3336
f 3366/3604 3147/3341 3145/3339 3365/3603
f 3367/3605 3149/3343 3147/3341 3366/3604
f 3368/3606 3201/3402 3149/3343 3367/3605
f 3369/3607 3203/3404 3201/3402 3368/3606
f 3370/3608 3205/3406 3203/3404 3369/3607
f 3371/3609 3207/3408 3205/3406 3370/3608
f 3372/3610 3209/3410 3207/3408 3371/3609
f 3209/3410 3372/3610 3373/3611 3211/3413
f 3375/3612 3374/3613 3373/3611 3372/3610
f 3376/3614 3375/3612 3372/3610 3371/3609
f 3377/3615 3376/3614 3371/3609 3370/3608
f 3378/3616 3377/3615 3370/3608 3369/3607
f 3379/3617 3378/3616 3369/3607 3368/3606
f 3380/3618 3379/3617 3368/3606 3367/3605
f 3381/3619 3380/3618 3367/3605 3366/3604
f 3382/3620 3381/3619 3366/3604 3365/3603
f 3383/3621 3382/3620 3365/3603 3364/3601
f 3384/3622 3383/3621 3364/3601 3363/3602
f 3385/3623 3384/3624 3363/3600 3362/3599
f 3386/3625 3385/3623 3362/3599 3361/3598
f 3386/3625 3361/3598 3360/3597 3359/3596
f 3387/3626 3386/3625 3359/3596 3388/3627
f 3388/3627 3359/3596 3358/3595 3357/3594
f 3389/3628 3385/3623 3386/3625 3387/3626
f 3390/3629 3384/3624 3385/3623 3389/3628
f 3390/3630 3391/3631 3383/3621 3384/3622
f 3392/3632 3382/3620 3383/3621 3391/3631
f 3393/3633 3381/3619 3382/3620 3392/3632
f 3394/3634 3380/3618 3381/3619 3393/3633
f 3395/3635 3379/3617 3380/3618 3394/3634
f 3396/3636 3378/3616 3379/3617 3395/3635
f 3397/3637 3377/3615 3378/3616 3396/3636
f 3398/3638 3376/3614 3377/3615 3397/3637
f 3399/3639 3375/3612 3376/3614 3398/3638
f 3374/3613 3375/3612 3399/3639 3400/3640
f 3401/3641 3352/3589 2848/3027 2850/3028
f 3402/3642 3353/3590 3352/3589 3401/3641
f 3403/3643 3354/3591 3353/3590 3402/3642
f 3404/3644 3355/3592 3354/3591 3403/3643
f 3404/3644 3405/3645 3356/3593 3355/3592
f 3406/3646 3357/3594 3356/3593 3405/3645
f 3406/3646 3407/3647 3388/3627 3357/3594
f 3408/3648 3387/3626 3388/3627 3407/3647
f 3409/3649 3389/3628 3387/3626 3408/3648
f 3410/3650 3390/3629 3389/3628 3409/3649
f 3410/3651 3411/3652 3391/3631 3390/3630
f 3412/3653 3392/3632 3391/3631 3411/3652
f 3413/3654 3393/3633 3392/3632 3412/3653
f 3414/3655 3394/3634 3393/3633 3413/3654
f 3415/3656 3395/3635 3394/3634 3414/3655
f 3416/3657 3396/3636 3395/3635 3415/3656
f 3417/3658 3397/3637 3396/3636 3416/3657
f 3418/3659 3398/3638 3397/3637 3417/3658
f 3419/3660 3399/3639 3398/3638 3418/3659
f 3400/3640 3399/3639 3419/3660 3420/3661
f 3421/3662 3401/3641 2850/3028 2852/3029
f 3422/3663 3402/3642 3401/3641 3421/3662
f 3422/3663 3423/3664 3403/3643 3402/3642
f 3424/3665 3404/3644 3403/3643 3423/3664
f 3425/3666 3405/3645 3404/3644 3424/3665
f 3426/3667 3406/3646 3405/3645 3425/3666
f 3426/3667 3427/3668 3407/3647 3406/3646
f 3428/3669 3408/3648 3407/3647 3427/3668
f 3429/3670 3409/3649 3408/3648 3428/3669
f 3430/3671 3410/3650 3409/3649 3429/3670
f 3430/3672 3431/3673 3411/3652 3410/3651
f 3432/3674 3412/3653 3411/3652 3431/3673
f 3433/3675 3413/3654 3412/3653 3432/3674
f 3434/3676 3414/3655 3413/3654 3433/3675
f 3435/3677 3415/3656 3414/3655 3434/3676
f 3436/3678 3416/3657 3415/3656 3435/3677
f 3437/3679 3417/3658 3416/3657 3436/3678
f 3438/3680 3418/3659 3417/3658 3437/3679
f 3439/3681 3419/3660 3418/3659 3438/3680
f 3420/3661 3419/3660 3439/3681 3440/3682
f 3439/3681 3442/3683 3441/3684 3440/3682
f 3446/3685 3445/3686 3444/3687 3443/3688
f 3443/3688 3444/3687 3448/3689 3447/3690
f 3447/3690 3448/3689 3450/3691 3449/3692
f 3449/3692 3450/3691 3452/3693 3451/3694
f 3451/3694 3452/3693 3454/3695 3453/3696
f 3453/3696 3454/3695 3456/3697 3455/3698
f 3455/3698 3456/3697 3458/3699 3457/3700
f 3457/3700 3458/3699 3460/3701 3459/3702
f 3459/3702 3460/3701 3462/3703 3461/3704
f 3461/3705 3462/3706 3464/3707 3463/3708
f 3463/3708 3464/3707 3466/3709 3465/3710
f 3465/3710 3466/3709 3468/3711 3467/3712
f 3467/3712 3468/3711 3470/3713 3469/3714
f 3469/3714 3470/3713 3472/3715 3471/3716
f 3471/3716 3472/3715 3474/3717 3473/3718
f 3473/3718 3474/3717 3476/3719 3475/3720
f 3477/3721 3475/3720 3476/3719 3478/3722
f 3479/3723 3477/3721 3478/3722 3480/3724
f 3421/3662 2852/3029 3482/3725 3481/3726
f 1790/1691 1793/1690 3484/3727 3483/3728
f 3486/3729 3445/3686 3485/3730 3483/3728
f 3486/3729 3489/3731 3488/3732 3487/3733
f 3487/3733 3488/3732 3491/3734 3490/3735
f 3490/3735 3491/3734 3493/3736 3492/3737
f 3492/3737 3493/3736 3495/3738 3494/3739
f 3494/3739 3495/3738 3497/3740 3496/3741
f 3496/3741 3497/3740 3499/3742 3498/3743
f 3498/3743 3499/3742 3501/3744 3500/3745
f 3500/3745 3501/3744 3503/3746 3502/3747
f 3502/3747 3503/3746 3505/3748 3504/3749
f 3504/3750 3505/3751 3507/3752 3506/3753
f 3506/3753 3507/3752 3509/3754 3508/3755
f 3508/3755 3509/3754 3511/3756 3510/3757
f 3510/3757 3511/3756 3513/3758 3512/3759
f 3512/3759 3513/3758 3515/3760 3514/3761
f 3514/3761 3515/3760 3517/3762 3516/3763
f 3516/3763 3517/3762 3519/3764 3518/3765
f 3520/3766 3518/3765 3519/3764 3521/3767
f 3522/3768 3520/3766 3521/3767 3523/3769
f 3524/3770 2855/3030 3480/3724 3522/3768
f 3526/3771 3489/3731 3484/3727 3525/3772
f 3527/3773 3529/3774 3528/3775 3523/3769
f 3531/1742 1791/1741 3530/3776 3525/3772
f 3526/3771 3534/3777 3533/3778 3532/3779
f 3532/3779 3533/3778 3536/3780 3535/3781
f 3535/3781 3536/3780 3538/3782 3537/3783
f 3537/3783 3538/3782 3540/3784 3539/3785
f 3539/3785 3540/3784 3542/3786 3541/3787
f 3541/3787 3542/3786 3544/3788 3543/3789
f 3543/3789 3544/3788 3546/3790 3545/3791
f 3545/3791 3546/3790 3548/3792 3547/3793
f 3547/3793 3548/3792 3550/3794 3549/3795
f 3549/3796 3550/3797 3552/3798 3551/3799
f 3551/3799 3552/3798 3554/3800 3553/3801
f 3553/3801 3554/3800 3556/3802 3555/3803
f 3555/3803 3556/3802 3558/3804 3557/3805
f 3557/3805 3558/3804 3560/3806 3559/3807
f 3559/3807 3560/3806 3562/3808 3561/3809
f 3561/3809 3562/3808 3564/3810 3563/3811
f 3565/3812 3563/3811 3564/3810 3566/3813
f 3527/3773 3565/3812 3566/3813 3567/3814
f 3569/3815 3534/3777 3530/3776 3568/3816
f 3570/3817 3572/3818 3571/3819 3567/3814
f 3568/3816 3575/1788 3574/1787 3573/3820
f 3569/3815 3578/3821 3577/3822 3576/3823
f 3576/3823 3577/3822 3580/3824 3579/3825
f 3579/3825 3580/3824 3582/3826 3581/3827
f 3581/3827 3582/3826 3584/3828 3583/3829
f 3583/3829 3584/3828 3586/3830 3585/3831
f 3585/3831 3586/3830 3588/3832 3587/3833
f 3587/3833 3588/3832 3590/3834 3589/3835
f 3589/3835 3590/3834 3592/3836 3591/3837
f 3591/3837 3592/3836 3594/3838 3593/3839
f 3593/3840 3594/3841 3596/3842 3595/3843
f 3595/3843 3596/3842 3598/3844 3597/3845
f 3597/3845 3598/3844 3600/3846 3599/3847
f 3599/3847 3600/3846 3602/3848 3601/3849
f 3601/3849 3602/3848 3604/3850 3603/3851
f 3603/3851 3604/3850 3606/3852 3605/3853
f 3607/3854 3605/3853 3606/3852 3608/3855
f 3609/3856 3607/3854 3608/3855 3610/3857
f 3570/3817 3609/3856 3610/3857 3611/3858
f 3442/3683 3578/3821 3573/3820 3441/3684
f 3481/3726 3482/3725 3612/3859 3611/3858
f 3613/1829 1788/1828 3440/3682 3441/3684
f 3614/3860 3442/3683 3439/3681 3438/3680
f 3614/3860 3438/3680 3437/3679 3615/3861
f 3615/3861 3437/3679 3436/3678 3616/3862
f 3616/3862 3436/3678 3435/3677 3617/3863
f 3617/3863 3435/3677 3434/3676 3618/3864
f 3618/3864 3434/3676 3433/3675 3619/3865
f 3619/3865 3433/3675 3432/3674 3620/3866
f 3621/3867 3620/3866 3432/3674 3431/3673
f 3621/3867 3431/3673 3430/3672 3622/3868
f 3622/3869 3430/3671 3429/3670 3623/3870
f 3623/3870 3429/3670 3428/3669 3624/3871
f 3625/3872 3624/3871 3428/3669 3427/3668
f 3626/3873 3625/3872 3427/3668 3426/3667
f 3627/3874 3626/3873 3426/3667 3425/3666
f 3628/3875 3627/3874 3425/3666 3424/3665
f 3629/3876 3628/3875 3424/3665 3423/3664
f 3630/3877 3629/3876 3423/3664 3422/3663
f 3481/3726 3630/3877 3422/3663 3421/3662
f 3631/3878 3222/3425 2841/3022 2842/3023
f 3632/3879 3631/3878 2842/3023 2843/3024
f 3633/3880 3632/3879 2843/3024 2845/3025
f 3634/3881 3633/3880 2845/3025 3351/3587
f 3635/3882 3634/3881 3351/3587 3349/3586
f 3636/3883 3635/3882 3349/3586 3347/3584
f 3637/3884 3636/3883 3347/3584 3345/3581
f 3638/3885 3637/3884 3345/3581 3343/3579
f 3639/3886 3638/3885 3343/3579 3341/3577
f 3640/3887 3639/3886 3341/3577 3339/3576
f 3641/3888 3640/3887 3339/3576 3337/3574
f 3642/3889 3641/3888 3337/3574 3335/3572
f 3335/3572 3135/3326 3212/3414 3642/3889
f 3631/3878 3643/3890 3220/3423 3222/3425
f 3644/3891 3643/3890 3631/3878 3632/3879
f 3645/3892 3644/3891 3632/3879 3633/3880
f 3646/3893 3645/3892 3633/3880 3634/3881
f 3647/3894 3646/3893 3634/3881 3635/3882
f 3648/3895 3647/3894 3635/3882 3636/3883
f 3649/3896 3648/3895 3636/3883 3637/3884
f 3650/3897 3649/3896 3637/3884 3638/3885
f 3651/3898 3650/3897 3638/3885 3639/3886
f 3652/3899 3651/3898 3639/3886 3640/3887
f 3653/3900 3652/3899 3640/3887 3641/3888
f 3654/3901 3653/3900 3641/3888 3642/3889
f 3642/3889 3212/3414 3214/3416 3654/3901
f 3655/3902 3218/3420 3220/3423 3643/3890
f 3655/3902 3643/3890 3644/3891 3656/3903
f 3656/3903 3644/3891 3645/3892 3657/3904
f 3658/3905 3657/3904 3645/3892 3646/3893
f 3659/3906 3658/3905 3646/3893 3647/3894
f 3660/3907 3659/3906 3647/3894 3648/3895
f 3661/3908 3660/3907 3648/3895 3649/3896
f 3662/3909 3661/3908 3649/3896 3650/3897
f 3663/3910 3662/3909 3650/3897 3651/3898
f 3664/3911 3663/3910 3651/3898 3652/3899
f 3665/3912 3664/3911 3652/3899 3653/3900
f 3666/3913 3665/3912 3653/3900 3654/3901
f 3214/3416 3216/3419 3666/3913 3654/3901
f 3216/3419 3218/3420 3655/3902 3666/3913
f 3655/3902 3656/3903 3665/3912 3666/3913
f 3656/3903 3657/3904 3664/3911 3665/3912
f 3657/3904 3660/3907 3661/3908 3664/3911
f 3660/3907 3657/3904 3658/3905 3659/3906
f 3661/3908 3662/3909 3663/3910 3664/3911
f 3574/1787 3613/1829 3441/3684 3573/3820
f 3578/3821 3442/3683 3614/3860 3577/3822
f 3577/3822 3614/3860 3615/3861 3580/3824
f 3580/3824 3615/3861 3616/3862 3582/3826
f 3582/3826 3616/3862 3617/3863 3584/3828
f 3584/3828 3617/3863 3618/3864 3586/3830
f 3586/3830 3618/3864 3619/3865 3588/3832
f 3588/3832 3619/3865 3620/3866 3590/3834
f 3590/3834 3620/3866 3621/3867 3592/3836
f 3592/3836 3621/3867 3622/3868 3594/3838
f 3594/3841 3622/3869 3623/3870 3596/3842
f 3596/3842 3623/3870 3624/3871 3598/3844
f 3598/3844 3624/3871 3625/3872 3600/3846
f 3600/3846 3625/3872 3626/3873 3602/3848
f 3602/3848 3626/3873 3627/3874 3604/3850
f 3604/3850 3627/3874 3628/3875 3606/3852
f 3608/3855 3606/3852 3628/3875 3629/3876
f 3610/3857 3608/3855 3629/3876 3630/3877
f 3611/3858 3610/3857 3630/3877 3481/3726
f 3578/3821 3569/3815 3568/3816 3573/3820
f 3611/3858 3612/3859 3572/3818 3570/3817
f 3530/3776 1791/1741 3575/1788 3568/3816
f 3534/3777 3569/3815 3576/3823 3533/3778
f 3533/3778 3576/3823 3579/3825 3536/3780
f 3536/3780 3579/3825 3581/3827 3538/3782
f 3538/3782 3581/3827 3583/3829 3540/3784
f 3540/3784 3583/3829 3585/3831 3542/3786
f 3542/3786 3585/3831 3587/3833 3544/3788
f 3544/3788 3587/3833 3589/3835 3546/3790
f 3546/3790 3589/3835 3591/3837 3548/3792
f 3548/3792 3591/3837 3593/3839 3550/3794
f 3550/3797 3593/3840 3595/3843 3552/3798
f 3552/3798 3595/3843 3597/3845 3554/3800
f 3554/3800 3597/3845 3599/3847 3556/3802
f 3556/3802 3599/3847 3601/3849 3558/3804
f 3558/3804 3601/3849 3603/3851 3560/3806
f 3560/3806 3603/3851 3605/3853 3562/3808
f 3564/3810 3562/3808 3605/3853 3607/3854
f 3566/3813 3564/3810 3607/3854 3609/3856
f 3567/3814 3566/3813 3609/3856 3570/3817
f 3534/3777 3526/3771 3525/3772 3530/3776
f 3567/3814 3571/3819 3529/3774 3527/3773
f 1793/1690 3531/1742 3525/3772 3484/3727
f 3489/3731 3526/3771 3532/3779 3488/3732
f 3488/3732 3532/3779 3535/3781 3491/3734
f 3491/3734 3535/3781 3537/3783 3493/3736
f 3493/3736 3537/3783 3539/3785 3495/3738
f 3495/3738 3539/3785 3541/3787 3497/3740
f 3497/3740 3541/3787 3543/3789 3499/3742
f 3499/3742 3543/3789 3545/3791 3501/3744
f 3501/3744 3545/3791 3547/3793 3503/3746
f 3503/3746 3547/3793 3549/3795 3505/3748
f 3505/3751 3549/3796 3551/3799 3507/3752
f 3507/3752 3551/3799 3553/3801 3509/3754
f 3509/3754 3553/3801 3555/3803 3511/3756
f 3511/3756 3555/3803 3557/3805 3513/3758
f 3513/3758 3557/3805 3559/3807 3515/3760
f 3515/3760 3559/3807 3561/3809 3517/3762
f 3517/3762 3561/3809 3563/3811 3519/3764
f 3521/3767 3519/3764 3563/3811 3565/3812
f 3523/3769 3521/3767 3565/3812 3527/3773
f 3489/3731 3486/3729 3483/3728 3484/3727
f 3523/3769 3528/3775 3524/3770 3522/3768
f 3667/1884 1790/1691 3483/3728 3485/3730
f 3445/3686 3486/3729 3487/3733 3444/3687
f 3444/3687 3487/3733 3490/3735 3448/3689
f 3448/3689 3490/3735 3492/3737 3450/3691
f 3450/3691 3492/3737 3494/3739 3452/3693
f 3452/3693 3494/3739 3496/3741 3454/3695
f 3454/3695 3496/3741 3498/3743 3456/3697
f 3456/3697 3498/3743 3500/3745 3458/3699
f 3458/3699 3500/3745 3502/3747 3460/3701
f 3460/3701 3502/3747 3504/3749 3462/3703
f 3462/3706 3504/3750 3506/3753 3464/3707
f 3464/3707 3506/3753 3508/3755 3466/3709
f 3466/3709 3508/3755 3510/3757 3468/3711
f 3468/3711 3510/3757 3512/3759 3470/3713
f 3470/3713 3512/3759 3514/3761 3472/3715
f 3472/3715 3514/3761 3516/3763 3474/3717
f 3474/3717 3516/3763 3518/3765 3476/3719
f 3478/3722 3476/3719 3518/3765 3520/3766
f 3480/3724 3478/3722 3520/3766 3522/3768
f 3445/3686 3446/3685 3668/3914 3485/3730
f 2855/3030 2854/3031 3479/3723 3480/3724
f 3118/3308 3670/3915 3669/3916 3117/3309
f 3117/3309 3669/3916 3671/3917 3119/3310
f 3120/3311 3119/3310 3671/3917 3672/3918
f 3120/3311 3672/3918 3673/3919 3121/3312
f 3121/3312 3673/3919 3674/3920 3122/3313
f 3122/3313 3674/3920 3675/3921 3123/3314
f 3123/3314 3675/3921 3676/3922 3124/3315
f 3124/3315 3676/3922 3677/3923 3125/3316
f 3125/3316 3677/3923 3678/3924 3126/3317
f 3127/3318 3126/3317 3678/3924 3679/3925
f 3128/3319 3127/3318 3679/3925 3680/3926
f 3129/3320 3128/3319 3680/3926 3681/3927
f 3130/3321 3129/3320 3681/3927 3682/3928
f 3131/3322 3130/3321 3682/3928 3683/3929
f 3132/3324 3131/3323 3683/3930 3684/3931
f 3133/3325 3132/3324 3684/3931 3685/3932
f 3133/3325 3685/3932 3670/3915 3118/3308
f 3686/3933 3689/3934 3688/3935 3687/3936
f 3689/3934 3691/3937 3690/3938 3688/3935
f 3691/3937 3693/3939 3692/3940 3690/3938
f 3693/3939 3695/3941 3694/3942 3692/3940
f 3695/3941 3697/3943 3696/3944 3694/3942
f 3699/3945 3698/3946 3696/3944 3697/3943
f 3701/3947 3700/3948 3698/3946 3699/3945
f 3702/3949 3686/3933 3687/3936 3703/3950
f 3705/3951 3704/3952 3700/3948 3701/3947
f 3705/3951 3702/3949 3703/3950 3704/3952
f 3687/3936 3688/3935 3706/3953
f 3689/3934 3686/3933 2049/2239 2050/2238
f 3688/3935 3690/3938 3706/3953
f 3691/3937 3689/3934 2050/2238 2052/2241
f 3690/3938 3692/3940 3706/3953
f 3693/3939 3691/3937 2052/2241 2054/2242
f 3692/3940 3694/3942 3706/3953
f 3695/3941 3693/3939 2054/2242 2056/2244
f 3694/3942 3696/3944 3706/3953
f 3697/3943 3695/3941 2056/2244 2058/2246
f 3696/3944 3698/3946 3706/3953
f 3697/3943 2058/2246 2060/2248 3699/3945
f 3698/3946 3700/3948 3706/3953
f 3699/3945 2060/2248 2062/2250 3701/3947
f 3703/3950 3687/3936 3706/3953
f 3686/3933 3702/3949 2065/2253 2049/2239
f 3700/3948 3704/3952 3706/3953
f 3701/3947 2062/2250 2126/2311 3705/3951
f 3704/3952 3703/3950 3706/3953
f 3702/3949 3705/3951 2126/2311 2065/2253
f 3707/1925 1772/235 2074/2262 2073/2261
f 1773/1926 3707/1925 2073/2261 2075/2263
f 1774/1927 1773/1926 2075/2263 2076/2265
f 1811/1928 1774/1927 2076/2265 2086/2274
f 3708/1929 1811/1928 2086/2274 2097/2285
f 1812/1930 3708/1929 2097/2285 2100/2288
f 3709/1931 1812/1930 2100/2288 2101/2290
f 3709/1931 2101/2290 2104/2292 2107/210
f 2108/211 2105/2293 2110/2296 2113/216
f 2157/264 235/243 2137/2320 2156/2339
f 2185/292 2182/2365 2183/2364 2196/307
f 1813/1932 2261/374 2201/2381 2262/2441
f 2192/2372 2135/2319 2136/242 1798/300
f 2683/2860 2496/2671 2497/2670 1803/2717
f 2471/587 1778/1933 2528/2703 2470/2645
f 3710/1934 1801/616 2500/2673 2543/2719
f 1778/1933 3710/1934 2543/2719 2528/2703
f 1814/785 2666/2840 2783/2964 1779/1935
f 1780/1936 1779/1935 2783/2964 2781/2962
f 1780/1936 2781/2962 2779/2960 3711/1937
f 3711/1937 2779/2960 2777/2958 1815/3954
f 1815/3954 2777/2958 2775/2955 3712/3955
f 3712/3955 2775/2955 2773/2954 1816/3956
f 1816/3956 2773/2954 2669/2842 1781/2841
f 2675/2848 2670/2845 2671/2846 2674/2849
f 3713/1941 3714/1942 3259/3462 3254/3457
f 1785/1943 3713/1941 3254/3457 3249/3452
f 1786/1944 1785/1943 3249/3452 3247/3450
f 1786/1944 3247/3450 3210/3412 1817/1945
f 1817/1945 3210/3412 3211/3413 1787/1946
f 3715/1947 1787/1946 3211/3413 3373/3611
f 3716/1948 3715/1947 3373/3611 3374/3613
f 1818/1949 3716/1948 3374/3613 3400/3640
f 3717/1950 1818/1949 3400/3640 3420/3661
f 1788/1828 3717/1950 3420/3661 3440/3682
f 1819/1951 3667/1884 3485/3730 3668/3914
f 3714/1942 1789/1486 3303/3524 3259/3462
f 1792/1952 3718/1953 3524/3770 3528/3775
f 1820/1954 3719/1955 3529/3774 3571/3819
f 3720/1956 3572/3818 3612/3859 1821/1957
f 3721/1958 3482/3725 2852/3029 2853/985
f 1821/1957 3612/3859 3482/3725 3721/1958
f 1820/1954 3571/3819 3572/3818 3720/1956
f 3719/1955 1792/1952 3528/3775 3529/3774
f 3718/1953 1794/988 2855/3030 3524/3770
f 2442/2621 2440/2618 2441/2619 2438/2616
f 2431/2610 2442/2621 2438/2616
f 2351/2528 2349/2527 2439/2617 2430/2607
f 2353/2531 2351/2528 2430/2607
f 1949/3957 3939/3958 3940/3959 1948/3960
f 1948/3960 3940/3959 3941/3961 1950/3962
f 1950/3962 3941/3961 3942/3963 1951/3964
f 1951/3964 3942/3963 3943/3965 1952/3966
f 1952/3966 3943/3965 3944/3967 1953/3968
f 1953/3968 3944/3967 3945/3969 1954/3970
f 1955/3971 3946/3972 3939/3958 1949/3957
f 1956/3973 3947/3974 3946/3972 1955/3971
f 1957/3975 3948/3976 3947/3974 1956/3973
f 1958/3977 3949/3978 3948/3976 1957/3975
f 1959/3979 3950/3980 3949/3978 1958/3977
f 1960/3981 3951/3982 3950/3980 1959/3979
f 1961/3983 3952/3984 3951/3982 1960/3981
f 1954/3970 3945/3969 3953/3985 1962/3986
f 1962/3986 3953/3985 3954/3987 1963/3988
f 1963/3988 3954/3987 3955/3989 1964/3990
f 1964/3990 3955/3989 3956/3991 1965/3992
f 1965/3992 3956/3991 3957/3993 1966/3994
f 1966/3994 3957/3993 3958/3995 1967/3996
f 1967/3996 3958/3995 3959/3997 1968/3998
f 1968/3998 3959/3997 3960/3999 1969/4000
f 1969/4000 3960/3999 3961/4001 1970/4002
f 1970/4002 3961/4001 3962/4003 1971/4004
f 1971/4004 3962/4003 3963/4005 1972/4006
f 1972/4006 3963/4005 3952/3984 1961/3983
f 3723/4007 3748/4008 3747/4009 3722/4010
f 3722/4010 3747/4009 3749/4011 3724/4012
f 3724/4012 3749/4011 3750/4013 3725/4014
f 3725/4014 3750/4013 3751/4015 3726/4016
f 3726/4016 3751/4015 3752/4017 3727/4018
f 3727/4018 3752/4017 3753/4019 3728/4020
f 3729/4021 3754/4022 3748/4008 3723/4007
f 3730/4023 3755/4024 3754/4022 3729/4021
f 3731/4025 3756/4026 3755/4024 3730/4023
f 3732/4027 3757/4028 3756/4026 3731/4025
f 3733/4029 3758/4030 3757/4028 3732/4027
f 3734/4031 3759/4032 3758/4030 3733/4029
f 3735/4033 3760/4034 3759/4032 3734/4031
f 3728/4020 3753/4019 3761/4035 3736/4036
f 3736/4036 3761/4035 3762/4037 3737/4038
f 3737/4038 3762/4037 3763/4039 3738/4040
f 3738/4040 3763/4039 3764/4041 3739/4042
f 3739/4042 3764/4041 3765/4043 3740/4044
f 3740/4044 3765/4043 3766/4045 3741/4046
f 3741/4046 3766/4045 3767/4047 3742/4048
f 3742/4048 3767/4047 3768/4049 3743/4050
f 3743/4050 3768/4049 3769/4051 3744/4052
f 3744/4052 3769/4051 3770/4053 3745/4054
f 3745/4054 3770/4053 3771/4055 3746/4056
f 3746/4056 3771/4055 3760/4034 3735/4033
f 3748/4008 3773/4057 3772/4058 3747/4009
f 3747/4009 3772/4058 3774/4059 3749/4011
f 3749/4011 3774/4059 3775/4060 3750/4013
f 3750/4013 3775/4060 3776/4061 3751/4015
f 3751/4015 3776/4061 3777/4062 3752/4017
f 3752/4017 3777/4062 3778/4063 3753/4019
f 3754/4022 3779/4064 3773/4057 3748/4008
f 3755/4024 3780/4065 3779/4064 3754/4022
f 3756/4026 3781/4066 3780/4065 3755/4024
f 3757/4028 3782/4067 3781/4066 3756/4026
f 3758/4030 3783/4068 3782/4067 3757/4028
f 3759/4032 3784/4069 3783/4068 3758/4030
f 3760/4034 3785/4070 3784/4069 3759/4032
f 3753/4019 3778/4063 3786/4071 3761/4035
f 3761/4035 3786/4071 3787/4072 3762/4037
f 3762/4037 3787/4072 3788/4073 3763/4039
f 3763/4039 3788/4073 3789/4074 3764/4041
f 3764/4041 3789/4074 3790/4075 3765/4043
f 3765/4043 3790/4075 3791/4076 3766/4045
f 3766/4045 3791/4076 3792/4077 3767/4047
f 3767/4047 3792/4077 3793/4078 3768/4049
f 3768/4049 3793/4078 3794/4079 3769/4051
f 3769/4051 3794/4079 3795/4080 3770/4053
f 3770/4053 3795/4080 3796/4081 3771/4055
f 3771/4055 3796/4081 3785/4070 3760/4034
f 3773/4057 3797/4082 3772/4058
f 3772/4058 3797/4082 3774/4059
f 3774/4059 3797/4082 3775/4060
f 3775/4060 3797/4082 3776/4061
f 3776/4061 3797/4082 3777/4062
f 3777/4062 3797/4082 3778/4063
f 3779/4064 3797/4082 3773/4057
f 3780/4065 3797/4082 3779/4064
f 3781/4066 3797/4082 3780/4065
f 3782/4067 3797/4082 3781/4066
f 3783/4068 3797/4082 3782/4067
f 3784/4069 3797/4082 3783/4068
f 3785/4070 3797/4082 3784/4069
f 3778/4063 3797/4082 3786/4071
f 3786/4071 3797/4082 3787/4072
f 3787/4072 3797/4082 3788/4073
f 3788/4073 3797/4082 3789/4074
f 3789/4074 3797/4082 3790/4075
f 3790/4075 3797/4082 3791/4076
f 3791/4076 3797/4082 3792/4077
f 3792/4077 3797/4082 3793/4078
f 3793/4078 3797/4082 3794/4079
f 3794/4079 3797/4082 3795/4080
f 3795/4080 3797/4082 3796/4081
f 3796/4081 3797/4082 3785/4070
f 2680/2857 2681/2858 2760/2941 3798/4083
f 1806/2878 3798/4083 2760/2941 2698/2879
f 1775/4084 288/4085 3876/4086 3877/4087
f 292/4088 290/4089 3878/4090 3879/4091
f 288/4085 294/4092 3880/4093 3876/4086
f 294/4092 296/4094 3881/4095 3880/4093
f 296/4094 298/4096 3882/4097 3881/4095
f 325/4098 292/4088 3879/4091 3883/4099
f 298/4096 302/4100 3884/4101 3882/4097
f 302/4100 304/4102 3885/4103 3884/4101
f 304/4102 306/4104 3886/4105 3885/4103
f 308/4106 299/4107 3887/4108 3888/4109
f 310/4110 308/4106 3888/4109 3889/4111
f 312/4112 310/4110 3889/4111 3890/4113
f 317/4114 312/4112 3890/4113 3891/4115
f 318/4116 317/4114 3891/4115 3892/4117
f 318/4116 3892/4117 3893/4118 319/4119
f 320/4120 319/4119 3893/4118 3894/4121
f 306/4104 320/4120 3894/4121 3886/4105
f 299/4107 325/4098 3883/4099 3887/4108
f 290/4089 1813/4122 3895/4123 3878/4090
f 2193/4124 1775/4084 3877/4087 3896/4125
f 2205/4126 2193/4124 3896/4125 3897/4127
f 2209/4128 2205/4126 3897/4127 3898/4129
f 2213/4130 2209/4128 3898/4129 3899/4131
f 2218/4132 2215/4133 3900/4134 3901/4135
f 2223/4136 2213/4130 3899/4131 3902/4137
f 2227/4138 2223/4136 3902/4137 3903/4139
f 2231/4140 2227/4138 3903/4139 3904/4141
f 2254/4142 2252/4143 3905/4144 3906/4145
f 2252/4143 2255/4146 3907/4147 3905/4144
f 2255/4146 2257/4148 3908/4149 3907/4147
f 2262/4150 2263/4151 3909/4152 3910/4153
f 2215/4133 2264/4154 3911/4155 3900/4134
f 2264/4154 2265/4156 3912/4157 3911/4155
f 2265/4156 2266/4158 3913/4159 3912/4157
f 2266/4158 2254/4142 3906/4145 3913/4159
f 2257/4148 2231/4140 3904/4141 3908/4149
f 2263/4151 2218/4132 3901/4135 3909/4152
f 1813/4122 2262/4150 3910/4153 3895/4123
f 3817/4160 3799/4161 3837/4162 3855/4163
f 3801/4164 3800/4165 3838/4166 3839/4167
f 3799/4161 3802/4168 3840/4169 3837/4162
f 3802/4168 3803/4170 3841/4171 3840/4169
f 3803/4170 3804/4172 3842/4173 3841/4171
f 3816/4174 3801/4164 3839/4167 3854/4175
f 3804/4172 3806/4176 3844/4177 3842/4173
f 3806/4176 3807/4178 3845/4179 3844/4177
f 3807/4178 3808/4180 3846/4181 3845/4179
f 3809/4182 3805/4183 3843/4184 3847/4185
f 3810/4186 3809/4182 3847/4185 3848/4187
f 3811/4188 3810/4186 3848/4187 3849/4189
f 3812/4190 3811/4188 3849/4189 3850/4191
f 3813/4192 3812/4190 3850/4191 3851/4193
f 3814/4194 3813/4192 3851/4193 3852/4195
f 3815/4196 3814/4194 3852/4195 3853/4197
f 3808/4180 3815/4196 3853/4197 3846/4181
f 3805/4183 3816/4174 3854/4175 3843/4184
f 3800/4165 3818/4198 3856/4199 3838/4166
f 3819/4200 3817/4160 3855/4163 3857/4201
f 3820/4202 3819/4200 3857/4201 3858/4203
f 3821/4204 3820/4202 3858/4203 3859/4205
f 3822/4206 3821/4204 3859/4205 3860/4207
f 3824/4208 3823/4209 3861/4210 3862/4211
f 3825/4212 3822/4206 3860/4207 3863/4213
f 3826/4214 3825/4212 3863/4213 3864/4215
f 3827/4216 3826/4214 3864/4215 3865/4217
f 3829/4218 3828/4219 3866/4220 3867/4221
f 3828/4219 3830/4222 3868/4223 3866/4220
f 3830/4222 3831/4224 3869/4225 3868/4223
f 3832/4226 3833/4227 3871/4228 3870/4229
f 3823/4209 3834/4230 3872/4231 3861/4210
f 3834/4230 3835/4232 3873/4233 3872/4231
f 3835/4232 3836/4234 3874/4235 3873/4233
f 3836/4234 3829/4218 3867/4221 3874/4235
f 3831/4224 3827/4216 3865/4217 3869/4225
f 3833/4227 3824/4208 3862/4211 3871/4228
f 3818/4198 3832/4226 3870/4229 3856/4199
f 3855/4163 3837/4162 3875/4236
f 3839/4167 3838/4166 3875/4236
f 3837/4162 3840/4169 3875/4236
f 3840/4169 3841/4171 3875/4236
f 3841/4171 3842/4173 3875/4236
f 3854/4175 3839/4167 3875/4236
f 3842/4173 3844/4177 3875/4236
f 3844/4177 3845/4179 3875/4236
f 3845/4179 3846/4181 3875/4236
f 3847/4185 3843/4184 3875/4236
f 3848/4187 3847/4185 3875/4236
f 3849/4189 3848/4187 3875/4236
f 3850/4191 3849/4189 3875/4236
f 3851/4193 3850/4191 3875/4236
f 3852/4195 3851/4193 3875/4236
f 3853/4197 3852/4195 3875/4236
f 3846/4181 3853/4197 3875/4236
f 3843/4184 3854/4175 3875/4236
f 3838/4166 3856/4199 3875/4236
f 3857/4201 3855/4163 3875/4236
f 3858/4203 3857/4201 3875/4236
f 3859/4205 3858/4203 3875/4236
f 3860/4207 3859/4205 3875/4236
f 3862/4211 3861/4210 3875/4236
f 3863/4213 3860/4207 3875/4236
f 3864/4215 3863/4213 3875/4236
f 3865/4217 3864/4215 3875/4236
f 3867/4221 3866/4220 3875/4236
f 3866/4220 3868/4223 3875/4236
f 3868/4223 3869/4225 3875/4236
f 3870/4229 3871/4228 3875/4236
f 3861/4210 3872/4231 3875/4236
f 3872/4231 3873/4233 3875/4236
f 3873/4233 3874/4235 3875/4236
f 3874/4235 3867/4221 3875/4236
f 3869/4225 3865/4217 3875/4236
f 3871/4228 3862/4211 3875/4236
f 3856/4199 3870/4229 3875/4236
f 3877/4087 3876/4086 3799/4161 3817/4160
f 3879/4091 3878/4090 3800/4165 3801/4164
f 3876/4086 3880/4093 3802/4168 3799/4161
f 3880/4093 3881/4095 3803/4170 3802/4168
f 3881/4095 3882/4097 3804/4172 3803/4170
f 3883/4099 3879/4091 3801/4164 3816/4174
f 3882/4097 3884/4101 3806/4176 3804/4172
f 3884/4101 3885/4103 3807/4178 3806/4176
f 3885/4103 3886/4105 3808/4180 3807/4178
f 3888/4109 3887/4108 3805/4183 3809/4182
f 3889/4111 3888/4109 3809/4182 3810/4186
f 3890/4113 3889/4111 3810/4186 3811/4188
f 3891/4115 3890/4113 3811/4188 3812/4190
f 3892/4117 3891/4115 3812/4190 3813/4192
f 3893/4118 3892/4117 3813/4192 3814/4194
f 3894/4121 3893/4118 3814/4194 3815/4196
f 3886/4105 3894/4121 3815/4196 3808/4180
f 3887/4108 3883/4099 3816/4174 3805/4183
f 3878/4090 3895/4123 3818/4198 3800/4165
f 3896/4125 3877/4087 3817/4160 3819/4200
f 3897/4127 3896/4125 3819/4200 3820/4202
f 3898/4129 3897/4127 3820/4202 3821/4204
f 3899/4131 3898/4129 3821/4204 3822/4206
f 3901/4135 3900/4134 3823/4209 3824/4208
f 3902/4137 3899/4131 3822/4206 3825/4212
f 3903/4139 3902/4137 3825/4212 3826/4214
f 3904/4141 3903/4139 3826/4214 3827/4216
f 3906/4145 3905/4144 3828/4219 3829/4218
f 3905/4144 3907/4147 3830/4222 3828/4219
f 3907/4147 3908/4149 3831/4224 3830/4222
f 3910/4153 3909/4152 3833/4227 3832/4226
f 3900/4134 3911/4155 3834/4230 3823/4209
f 3911/4155 3912/4157 3835/4232 3834/4230
f 3912/4157 3913/4159 3836/4234 3835/4232
f 3913/4159 3906/4145 3829/4218 3836/4234
f 3908/4149 3904/4141 3827/4216 3831/4224
f 3909/4152 3901/4135 3824/4208 3833/4227
f 3895/4123 3910/4153 3832/4226 3818/4198
f 3915/1962 3914/1961 1822/2010 1823/2009
f 3914/1961 3916/1964 1824/2013 1822/2010
f 3916/1964 3917/1966 1825/2015 1824/2013
f 3917/1966 3918/1968 1826/2017 1825/2015
f 3918/1968 3919/1970 1827/2019 1826/2017
f 3919/1970 3920/1972 1828/2021 1827/2019
f 3921/1974 3915/1962 1823/2009 1829/2023
f 3922/1976 3921/1974 1829/2023 1830/2025
f 3923/1978 3922/1976 1830/2025 1831/2027
f 3924/1980 3923/1978 1831/2027 1832/2029
f 3925/1982 3924/1980 1832/2029 1833/2031
f 3926/1984 3925/1982 1833/2031 1834/2033
f 3927/1986 3926/1984 1834/2033 1835/2035
f 3920/1972 3928/1988 1836/2037 1828/2021
f 3928/1988 3929/1990 1837/2039 1836/2037
f 3929/1990 3930/1992 1838/2041 1837/2039
f 3930/1992 3931/1994 1839/2043 1838/2041
f 3931/1994 3932/1996 1840/2045 1839/2043
f 3932/1996 3933/1998 1841/2047 1840/2045
f 3933/1998 3934/2000 1842/2049 1841/2047
f 3934/2000 3935/2002 1843/2051 1842/2049
f 3935/2002 3936/2004 1844/2053 1843/2051
f 3936/2004 3937/2006 1845/2055 1844/2053
f 3937/2006 3938/2008 1846/2057 1845/2055
f 3938/2008 3927/1986 1835/2035 1846/2057
f 3939/3958 3723/4007 3722/4010 3940/3959
f 3940/3959 3722/4010 3724/4012 3941/3961
f 3941/3961 3724/4012 3725/4014 3942/3963
f 3942/3963 3725/4014 3726/4016 3943/3965
f 3943/3965 3726/4016 3727/4018 3944/3967
f 3944/3967 3727/4018 3728/4020 3945/3969
f 3946/3972 3729/4021 3723/4007 3939/3958
f 3947/3974 3730/4023 3729/4021 3946/3972
f 3948/3976 3731/4025 3730/4023 3947/3974
f 3949/3978 3732/4027 3731/4025 3948/3976
f 3950/3980 3733/4029 3732/4027 3949/3978
f 3951/3982 3734/4031 3733/4029 3950/3980
f 3952/3984 3735/4033 3734/4031 3951/3982
f 3945/3969 3728/4020 3736/4036 3953/3985
f 3953/3985 3736/4036 3737/4038 3954/3987
f 3954/3987 3737/4038 3738/4040 3955/3989
f 3955/3989 3738/4040 3739/4042 3956/3991
f 3956/3991 3739/4042 3740/4044 3957/3993
f 3957/3993 3740/4044 3741/4046 3958/3995
f 3958/3995 3741/4046 3742/4048 3959/3997
f 3959/3997 3742/4048 3743/4050 3960/3999
f 3960/3999 3743/4050 3744/4052 3961/4001
f 3961/4001 3744/4052 3745/4054 3962/4003
f 3962/4003 3745/4054 3746/4056 3963/4005
f 3963/4005 3746/4056 3735/4033 3952/3984
f 3964/4237 4000/4238 4001/4239 4002/4240
f 3964/4237 4002/4240 4003/4241 4004/4242
f 3964/4237 4004/4242 4005/4243 4000/4238
f 3965/4244 4006/4245 4007/4246 4008/4247
f 3965/4244 4009/4248 4010/4249 4006/4245
f 3965/4244 4011/4250 4012/4251 4009/4248
f 3965/4244 4013/4252 4014/4253 4011/4250
f 3965/4244 4008/4247 4015/4254 4013/4252
f 3966/4255 4016/4256 4017/4257 4018/4258
f 3966/4259 4018/4260 4019/4261 4020/4262
f 3966/4255 4021/4263 4022/4264 4016/4256
f 3966/4259 4015/4254 4023/4265 4021/4266
f 3966/4259 4020/4262 4013/4252 4015/4254
f 3967/4267 4024/4268 4025/4269 4026/4270
f 3967/4267 4019/4261 4018/4260 4027/4271
f 3967/4267 4026/4270 4028/4272 4019/4261
f 3967/4267 4029/4273 4030/4274 4024/4268
f 3967/4267 4027/4271 4031/4275 4029/4273
f 3968/4276 4032/4277 4033/4278 4034/4279
f 3968/4276 4035/4280 4036/4281 4032/4277
f 3968/4276 4037/4282 4038/4283 4035/4280
f 3968/4276 4034/4279 4039/4284 4040/4285
f 3968/4276 4040/4285 3971/4286 4037/4282
f 3969/4287 4041/4288 4042/4289 4043/4290
f 3969/4287 4043/4290 4044/4291 4045/4292
f 3969/4287 4045/4292 4046/4293 4047/4294
f 3969/4287 4047/4294 4048/4295 4049/4296
f 3969/4287 4049/4296 4050/4297 4041/4288
f 3970/4298 4051/4299 4052/4300 4053/4301
f 3970/4298 4054/4302 4055/4303 4051/4299
f 3970/4298 4053/4301 4056/4304 4054/4302
f 3971/4286 4040/4285 4057/4305 4058/4306
f 3971/4286 4048/4295 4059/4307 4060/4308
f 3971/4286 4058/4306 4049/4296 4048/4295
f 3971/4286 4060/4308 4061/4309 4037/4282
f 3972/4310 4062/4311 4063/4312 4064/4313
f 3972/4310 4065/4314 4066/4315 4062/4311
f 3972/4310 4064/4313 4067/4316 4065/4314
f 3973/4317 4068/4318 4069/4319 4070/4320
f 3973/4317 4070/4320 4071/4321 4072/4322
f 3973/4317 4073/4323 4074/4324 4068/4318
f 3974/4325 4075/4326 4076/4327 4077/4328
f 3974/4325 4077/4328 4078/4329 4079/4330
f 3974/4325 4079/4330 4080/4331 4075/4326
f 3975/4332 4081/4333 4082/4334 4083/4335
f 3975/4332 4083/4335 4076/4327 4084/4336
f 3975/4332 4084/4336 4085/4337 4081/4333
f 3976/4338 4086/4339 4087/4340 4088/4341
f 3976/4338 4088/4341 4072/4322 4071/4321
f 3976/4338 4089/4342 4090/4343 4086/4339
f 3977/4344 4091/4345 4092/4346 4093/4347
f 3977/4344 4094/4348 4095/4349 4091/4345
f 3977/4344 4096/4350 4097/4351 4094/4348
f 3977/4344 4098/4352 4099/4353 4096/4350
f 3977/4344 4093/4347 4100/4354 4098/4352
f 3978/4355 4101/4356 4102/4357 4103/4358
f 3978/4355 4103/4358 4104/4359 4105/4360
f 3978/4355 4105/4360 4106/4361 4101/4356
f 3979/4362 4107/4363 4108/4364 4109/4365
f 3979/4362 4110/4366 4111/4367 4112/4368
f 3979/4362 4112/4368 4113/4369 4107/4363
f 3980/4370 4113/4369 4114/4371 4115/4372
f 3980/4370 4116/4373 4117/4374 4118/4375
f 3980/4370 4119/4376 4107/4363 4113/4369
f 3980/4370 4118/4375 4120/4377 4119/4376
f 3980/4370 4115/4372 4121/4378 4116/4373
f 3981/4379 4122/4380 4123/4381 4124/4382
f 3981/4379 4124/4382 4125/4383 4126/4384
f 3981/4379 4126/4384 4127/4385 4122/4380
f 3982/4386 4128/4387 4129/4388 4130/4389
f 3982/4386 4131/4390 4132/4391 4128/4387
f 3982/4386 4130/4389 4133/4392 4131/4390
f 3983/4393 4134/4394 4135/4395 4136/4396
f 3983/4393 4137/4397 3991/4398 4134/4394
f 3983/4393 4136/4396 4138/4399 4139/4400
f 3983/4393 4140/4401 4141/4402 4137/4397
f 3983/4393 4139/4400 4142/4403 4140/4401
f 3984/4404 4143/4405 4144/4406 4145/4407
f 3984/4404 4146/4408 4147/4409 4143/4405
f 3984/4404 4145/4407 4148/4410 4146/4408
f 3985/4411 4149/4412 4150/4413 4151/4414
f 3985/4411 4151/4414 4152/4415 4153/4416
f 3985/4411 4153/4416 4154/4417 4149/4412
f 3986/4418 4155/4419 4156/4420 4157/4421
f 3986/4418 4157/4421 4158/4422 4159/4423
f 3986/4418 4159/4423 4160/4424 4155/4419
f 3987/4425 4161/4426 4162/4427 4163/4428
f 3987/4425 4163/4428 4164/4429 4165/4430
f 3987/4425 4165/4430 4166/4431 4161/4426
f 3988/4432 4167/4433 4168/4434 4169/4435
f 3988/4432 4170/4436 4171/4437 4167/4433
f 3988/4432 4172/4438 4173/4439 4174/4440
f 3988/4432 4169/4435 4175/4441 4172/4438
f 3988/4432 4174/4440 4176/4442 4170/4436
f 3989/4443 4177/4444 4178/4445 4179/4446
f 3989/4443 4179/4446 4180/4447 4181/4448
f 3989/4443 4182/4449 4183/4450 4177/4444
f 3990/4451 4184/4452 4092/4346 4185/4453
f 3990/4451 4185/4453 4186/4454 4187/4455
f 3990/4451 4187/4455 4188/4456 4189/4457
f 3990/4451 4189/4457 4190/4458 4191/4459
f 3990/4451 4191/4459 4192/4460 4184/4452
f 3991/4398 4193/4461 4194/4462 4134/4394
f 3991/4398 4195/4463 4196/4464 4193/4461
f 3991/4398 4137/4397 4197/4465 4198/4466
f 3991/4398 4198/4466 4199/4467 4195/4463
f 3992/4468 4200/4469 4201/4470 4202/4471
f 3992/4468 4202/4471 4203/4472 4204/4473
f 3992/4468 4204/4473 4205/4474 4200/4469
f 3993/4475 4206/4476 4154/4417 4207/4477
f 3993/4475 4207/4477 4208/4478 4209/4479
f 3993/4475 4209/4479 4210/4480 4206/4476
f 3994/4481 4211/4482 4212/4483 4213/4484
f 3994/4481 4213/4484 4214/4485 4215/4486
f 3994/4481 4215/4486 4216/4487 4211/4482
f 3995/4488 4217/4489 4218/4490 4219/4491
f 3995/4488 4220/4492 4221/4493 4217/4489
f 3995/4488 4219/4491 4222/4494 4220/4492
f 3996/4495 4223/4496 4224/4497 4225/4498
f 3996/4495 4225/4498 4226/4499 4227/4500
f 3996/4495 4227/4500 4228/4501 4223/4496
f 3997/4502 4229/4503 4230/4504 4231/4505
f 3997/4502 4231/4505 4232/4506 4233/4507
f 3997/4502 4233/4507 4234/4508 4229/4503
f 3998/4509 4235/4510 4236/4511 4237/4512
f 3998/4509 4237/4512 4238/4513 4239/4514
f 3998/4509 4239/4514 4240/4515 4235/4510
f 3999/4516 4241/4517 4242/4518 4243/4519
f 3999/4516 4244/4520 4245/4521 4241/4517
f 3999/4516 4243/4519 4246/4522 4244/4520
f 4246/4522 4247/4523 4248/4524 4244/4520
f 4246/4522 4243/4519 4236/4525 4249/4526
f 4246/4522 4249/4526 4250/4527 4247/4523
f 4250/4527 4251/4528 4252/4529 4247/4523
f 4250/4530 4249/4531 4253/4532 4254/4533
f 4250/4530 4254/4533 4230/4504 4251/4534
f 4254/4533 4253/4532 4255/4535 4256/4536
f 4254/4533 4256/4536 4231/4505 4230/4504
f 4256/4536 4255/4535 4257/4537 4258/4538
f 4256/4536 4258/4538 4232/4506 4231/4505
f 4258/4538 4257/4537 4259/4539 4260/4540
f 4258/4538 4260/4540 4261/4541 4232/4506
f 4261/4541 4262/4542 4233/4507 4232/4506
f 4261/4541 4260/4540 4263/4543 4264/4544
f 4261/4541 4264/4544 4265/4545 4262/4542
f 4265/4545 4266/4546 4267/4547 4262/4542
f 4265/4545 4264/4544 4268/4548 4269/4549
f 4265/4545 4269/4549 4270/4550 4266/4546
f 4270/4550 4271/4551 4272/4552 4266/4546
f 4270/4550 4269/4549 4273/4553 4274/4554
f 4270/4550 4274/4554 4275/4555 4271/4551
f 4275/4556 4276/4557 4277/4558 4271/4559
f 4275/4555 4274/4554 4278/4560 4279/4561
f 4275/4556 4279/4562 4280/4563 4276/4557
f 4280/4563 4281/4564 4282/4565 4276/4557
f 4280/4563 4279/4562 4283/4566 4284/4567
f 4280/4563 4284/4567 4285/4568 4281/4564
f 4285/4568 4286/4569 4287/4570 4281/4564
f 4285/4568 4284/4567 4288/4571 4289/4572
f 4285/4568 4289/4572 4290/4573 4286/4569
f 4290/4573 4291/4574 4292/4575 4286/4569
f 4290/4573 4289/4572 4293/4576 4294/4577
f 4290/4573 4294/4577 4295/4578 4291/4574
f 4295/4578 4296/4579 4297/4580 4291/4574
f 4295/4578 4294/4577 4298/4581 4299/4582
f 4295/4578 4299/4582 4300/4583 4296/4579
f 4300/4583 4301/4584 4302/4585 4296/4579
f 4300/4583 4299/4582 4303/4586 4304/4587
f 4300/4583 4304/4587 4305/4588 4301/4584
f 4305/4588 4306/4589 4307/4590 4301/4584
f 4305/4588 4304/4587 4308/4591 4309/4592
f 4305/4588 4309/4592 4310/4593 4306/4589
f 4310/4593 4311/4594 4312/4595 4306/4589
f 4310/4593 4309/4592 4313/4596 4314/4597
f 4310/4593 4314/4597 4315/4598 4311/4594
f 4315/4598 4316/4599 4317/4600 4311/4594
f 4315/4601 4314/4602 4117/4603 4318/4604
f 4315/4601 4318/4604 4319/4605 4316/4606
f 4319/4605 4320/4607 4321/4608 4316/4606
f 4319/4605 4318/4604 4322/4609 4323/4610
f 4319/4605 4323/4610 4324/4611 4320/4607
f 4324/4611 4030/4274 4029/4273 4320/4607
f 4324/4611 4323/4610 4036/4281 4035/4280
f 4324/4611 4035/4280 4038/4283 4030/4274
f 4323/4610 4322/4609 4325/4612 4036/4281
f 4325/4612 4322/4609 4116/4613 4121/4614
f 4325/4612 4121/4614 4326/4615 4327/4616
f 4325/4612 4327/4616 4032/4277 4036/4281
f 4327/4616 4326/4615 4328/4617 4329/4618
f 4327/4616 4329/4618 4033/4278 4032/4277
f 4329/4619 4328/4620 4330/4621 4331/4622
f 4329/4623 4331/4624 4332/4625 4033/4626
f 4332/4625 4331/4624 4333/4627 4334/4628
f 4332/4625 4334/4628 4335/4629 4336/4630
f 4332/4625 4336/4630 4034/4631 4033/4626
f 4336/4630 4335/4629 4337/4632 4338/4633
f 4336/4630 4338/4633 4039/4634 4034/4631
f 4338/4633 4337/4632 4339/4635 4340/4636
f 4338/4633 4340/4636 4341/4637 4039/4634
f 4341/4637 4340/4636 4342/4638 4343/4639
f 4341/4640 4343/4641 4344/4642 4057/4305
f 4341/4640 4057/4305 4040/4285 4039/4284
f 4344/4642 4343/4641 4345/4643 4346/4644
f 4344/4642 4346/4644 4347/4645 4348/4646
f 4344/4642 4348/4646 4058/4306 4057/4305
f 4348/4646 4347/4645 4349/4647 4050/4297
f 4348/4646 4050/4297 4049/4296 4058/4306
f 4349/4647 4347/4645 4196/4648 4195/4649
f 4349/4647 4195/4649 4199/4650 4350/4651
f 4349/4647 4350/4651 4041/4288 4050/4297
f 4350/4651 4199/4650 4351/4652 4352/4653
f 4350/4651 4352/4653 4042/4289 4041/4288
f 4352/4654 4351/4655 4353/4656 4354/4657
f 4352/4658 4354/4659 4355/4660 4042/4661
f 4355/4660 4354/4659 4356/4662 4357/4663
f 4355/4660 4357/4663 4358/4664 4359/4665
f 4355/4660 4359/4665 4043/4666 4042/4661
f 4359/4665 4358/4664 4360/4667 4361/4668
f 4359/4665 4361/4668 4044/4669 4043/4666
f 4361/4668 4360/4667 4362/4670 4363/4671
f 4361/4668 4363/4671 4364/4672 4044/4669
f 4364/4672 4363/4671 4365/4673 4366/4674
f 4364/4675 4366/4676 4367/4677 4368/4678
f 4364/4675 4368/4678 4045/4292 4044/4291
f 4368/4678 4367/4677 4369/4679 4370/4680
f 4368/4678 4370/4680 4046/4293 4045/4292
f 4370/4680 4369/4679 4371/4681 4372/4682
f 4370/4680 4372/4682 4373/4683 4046/4293
f 4373/4683 4374/4684 4047/4294 4046/4293
f 4373/4683 4372/4682 4375/4685 4376/4686
f 4373/4683 4376/4686 4377/4687 4374/4684
f 4377/4687 4378/4688 4059/4307 4374/4684
f 4377/4687 4376/4686 4379/4689 4380/4690
f 4377/4687 4380/4690 4381/4691 4378/4688
f 4381/4691 4382/4692 4383/4693 4378/4688
f 4381/4691 4380/4690 4384/4694 4385/4695
f 4381/4691 4385/4695 4386/4696 4382/4692
f 4386/4696 4387/4697 4388/4698 4382/4692
f 4386/4696 4385/4695 4389/4699 4390/4700
f 4386/4696 4390/4700 4391/4701 4387/4697
f 4391/4701 4392/4702 4393/4703 4387/4697
f 4391/4701 4390/4700 4394/4704 4395/4705
f 4391/4701 4395/4705 4396/4706 4392/4702
f 4396/4706 4397/4707 4398/4708 4392/4702
f 4396/4706 4395/4705 4399/4709 4400/4710
f 4396/4706 4400/4710 4401/4711 4397/4707
f 4401/4711 4402/4712 4403/4713 4397/4707
f 4401/4711 4400/4710 4404/4714 4405/4715
f 4401/4711 4405/4715 4406/4716 4402/4712
f 4406/4716 4407/4717 4408/4718 4402/4712
f 4406/4716 4405/4715 4409/4719 4410/4720
f 4406/4716 4410/4720 4411/4721 4407/4717
f 4411/4721 4412/4722 4413/4723 4407/4717
f 4411/4721 4410/4720 4414/4724 4415/4725
f 4411/4721 4415/4725 4416/4726 4412/4722
f 4416/4726 4417/4727 4418/4728 4412/4722
f 4416/4726 4415/4725 4419/4729 4420/4730
f 4416/4726 4420/4730 4421/4731 4417/4727
f 4421/4731 4422/4732 4423/4733 4417/4727
f 4421/4731 4420/4730 4424/4734 4425/4735
f 4421/4731 4425/4735 4426/4736 4422/4732
f 4426/4736 4427/4737 4428/4738 4422/4732
f 4426/4736 4425/4735 4429/4739 4430/4740
f 4426/4736 4430/4740 4431/4741 4427/4737
f 4431/4742 4432/4743 4433/4744 4427/4745
f 4431/4741 4430/4740 4434/4746 4435/4747
f 4431/4742 4435/4748 4436/4749 4432/4743
f 4436/4749 4437/4750 4438/4751 4432/4743
f 4436/4749 4435/4748 4439/4752 4440/4753
f 4436/4749 4440/4753 4441/4754 4437/4750
f 4441/4754 4442/4755 4443/4756 4437/4750
f 4441/4754 4440/4753 4444/4757 4445/4758
f 4441/4754 4445/4758 4446/4759 4442/4755
f 4446/4759 4447/4760 4448/4761 4442/4755
f 4446/4762 4445/4763 4449/4764 4450/4765
f 4446/4762 4450/4765 4451/4766 4447/4767
f 4451/4766 4452/4768 4453/4769 4447/4767
f 4451/4766 4450/4765 4454/4770 4455/4771
f 4451/4766 4455/4771 4456/4772 4452/4768
f 4456/4772 4457/4773 4458/4774 4452/4768
f 4456/4772 4455/4771 4459/4775 4460/4776
f 4456/4772 4460/4776 4461/4777 4457/4773
f 4461/4777 4462/4778 4463/4779 4457/4773
f 4461/4777 4460/4776 4464/4780 4465/4781
f 4461/4777 4465/4781 4466/4782 4462/4778
f 4466/4782 4467/4783 4164/4429 4462/4778
f 4466/4782 4465/4781 4468/4784 4469/4785
f 4466/4782 4469/4785 4470/4786 4467/4783
f 4470/4786 4471/4787 4472/4788 4467/4783
f 4470/4786 4469/4785 4473/4789 4474/4790
f 4470/4786 4474/4790 4156/4420 4471/4787
f 4474/4790 4473/4789 4475/4791 4476/4792
f 4474/4790 4476/4792 4157/4421 4156/4420
f 4476/4792 4475/4791 4477/4793 4478/4794
f 4476/4792 4478/4794 4158/4422 4157/4421
f 4478/4795 4477/4796 4066/4315 4065/4314
f 4478/4795 4065/4314 4067/4316 4158/4797
f 4477/4793 4475/4791 4479/4798 4480/4799
f 4477/4796 4480/4800 4481/4801 4066/4315
f 4481/4801 4480/4800 4482/4802 4483/4803
f 4481/4801 4483/4803 4484/4804 4485/4805
f 4481/4801 4485/4805 4062/4311 4066/4315
f 4485/4805 4484/4804 4486/4806 4487/4807
f 4485/4805 4487/4807 4063/4312 4062/4311
f 4487/4807 4486/4806 4488/4808 4489/4809
f 4487/4807 4489/4809 4490/4810 4063/4312
f 4490/4810 4491/4811 4064/4313 4063/4312
f 4490/4810 4489/4809 4492/4812 4493/4813
f 4490/4810 4493/4813 4494/4814 4491/4811
f 4494/4814 4495/4815 4496/4816 4491/4811
f 4494/4814 4493/4813 4497/4817 4498/4818
f 4494/4814 4498/4818 4499/4819 4495/4815
f 4499/4819 4500/4820 4160/4821 4495/4815
f 4499/4819 4498/4818 4501/4822 4502/4823
f 4499/4819 4502/4823 4503/4824 4500/4820
f 4503/4824 4502/4823 4004/4242 4003/4241
f 4503/4825 4003/4826 4166/4431 4504/4827
f 4503/4825 4504/4827 4505/4828 4500/4829
f 4505/4828 4504/4827 4472/4788 4471/4787
f 4505/4828 4471/4787 4156/4420 4155/4419
f 4505/4828 4155/4419 4160/4424 4500/4829
f 4504/4827 4166/4431 4165/4430 4472/4788
f 4502/4823 4501/4822 4005/4243 4004/4242
f 4501/4822 4498/4818 4497/4817 4506/4830
f 4501/4822 4506/4830 4507/4831 4005/4243
f 4507/4831 4506/4830 4508/4832 4509/4833
f 4507/4831 4509/4833 4510/4834 4511/4835
f 4507/4831 4511/4835 4000/4238 4005/4243
f 4511/4835 4510/4834 4512/4836 4513/4837
f 4511/4835 4513/4837 4001/4239 4000/4238
f 4513/4838 4512/4839 4458/4774 4514/4840
f 4513/4838 4514/4840 4162/4427 4001/4841
f 4514/4840 4458/4774 4457/4773 4463/4779
f 4514/4840 4463/4779 4163/4428 4162/4427
f 4512/4836 4510/4834 4515/4842 4453/4843
f 4512/4839 4453/4769 4452/4768 4458/4774
f 4515/4842 4510/4834 4509/4833 4516/4844
f 4515/4842 4516/4844 4517/4845 4448/4761
f 4515/4842 4448/4761 4447/4760 4453/4843
f 4517/4845 4516/4844 4518/4846 4519/4847
f 4517/4845 4519/4847 4520/4848 4443/4756
f 4517/4845 4443/4756 4442/4755 4448/4761
f 4520/4848 4519/4847 4521/4849 4522/4850
f 4520/4848 4522/4850 4523/4851 4438/4751
f 4520/4848 4438/4751 4437/4750 4443/4756
f 4523/4851 4522/4850 4524/4852 4525/4853
f 4523/4851 4525/4853 4526/4854 4433/4744
f 4523/4851 4433/4744 4432/4743 4438/4751
f 4526/4854 4525/4853 4527/4855 4528/4856
f 4526/4854 4528/4856 4529/4857 4428/4858
f 4526/4854 4428/4858 4427/4745 4433/4744
f 4529/4857 4528/4856 4530/4859 4531/4860
f 4529/4861 4531/4862 4532/4863 4423/4733
f 4529/4861 4423/4733 4422/4732 4428/4738
f 4532/4863 4531/4862 4175/4441 4169/4435
f 4532/4863 4169/4435 4168/4434 4418/4728
f 4532/4863 4418/4728 4417/4727 4423/4733
f 4531/4860 4530/4859 4533/4864 4175/4865
f 4533/4864 4534/4866 4535/4867 4536/4868
f 4533/4864 4536/4868 4172/4869 4175/4865
f 4533/4864 4530/4859 4537/4870 4534/4866
f 4537/4870 4538/4871 4539/4872 4534/4866
f 4537/4870 4530/4859 4528/4856 4527/4855
f 4537/4870 4527/4855 4540/4873 4538/4871
f 4540/4873 4541/4874 4542/4875 4538/4871
f 4540/4873 4527/4855 4525/4853 4524/4852
f 4540/4873 4524/4852 4543/4876 4541/4874
f 4543/4876 4544/4877 4488/4808 4541/4874
f 4543/4876 4524/4852 4522/4850 4521/4849
f 4543/4876 4521/4849 4545/4878 4544/4877
f 4545/4878 4546/4879 4492/4812 4544/4877
f 4545/4878 4521/4849 4519/4847 4518/4846
f 4545/4878 4518/4846 4508/4832 4546/4879
f 4546/4879 4497/4817 4493/4813 4492/4812
f 4546/4879 4508/4832 4506/4830 4497/4817
f 4544/4877 4492/4812 4489/4809 4488/4808
f 4542/4875 4486/4806 4484/4804 4547/4880
f 4542/4875 4547/4880 4539/4872 4538/4871
f 4542/4875 4541/4874 4488/4808 4486/4806
f 4547/4880 4484/4804 4483/4803 4548/4881
f 4547/4880 4548/4881 4549/4882 4539/4872
f 4549/4882 4548/4881 4550/4883 4551/4884
f 4549/4882 4551/4884 4552/4885 4535/4867
f 4549/4882 4535/4867 4534/4866 4539/4872
f 4552/4886 4551/4887 4553/4888 4554/4889
f 4552/4886 4554/4889 4555/4890 4556/4891
f 4552/4885 4556/4892 4536/4868 4535/4867
f 4556/4891 4555/4890 4557/4893 4173/4894
f 4556/4892 4173/4895 4172/4869 4536/4868
f 4557/4893 4555/4890 4558/4896 4559/4897
f 4557/4898 4559/4899 4560/4900 4561/4901
f 4557/4898 4561/4901 4174/4440 4173/4439
f 4561/4901 4560/4900 4562/4902 4563/4903
f 4561/4901 4563/4903 4176/4442 4174/4440
f 4563/4903 4562/4902 4564/4904 4565/4905
f 4563/4903 4565/4905 4566/4906 4176/4442
f 4566/4906 4565/4905 4567/4907 4568/4908
f 4566/4906 4568/4908 4569/4909 4570/4910
f 4566/4906 4570/4910 4170/4436 4176/4442
f 4570/4910 4569/4909 4571/4911 4572/4912
f 4570/4910 4572/4912 4171/4437 4170/4436
f 4572/4912 4571/4911 4573/4913 4574/4914
f 4572/4912 4574/4914 4575/4915 4171/4437
f 4575/4915 4574/4914 4576/4916 4577/4917
f 4575/4915 4577/4917 4408/4718 4578/4918
f 4575/4915 4578/4918 4167/4433 4171/4437
f 4578/4918 4408/4718 4407/4717 4413/4723
f 4578/4918 4413/4723 4168/4434 4167/4433
f 4577/4917 4576/4916 4579/4919 4403/4713
f 4577/4917 4403/4713 4402/4712 4408/4718
f 4579/4919 4576/4916 4580/4920 4581/4921
f 4579/4919 4581/4921 4582/4922 4398/4708
f 4579/4919 4398/4708 4397/4707 4403/4713
f 4582/4922 4581/4921 4583/4923 4584/4924
f 4582/4922 4584/4924 4585/4925 4393/4703
f 4582/4922 4393/4703 4392/4702 4398/4708
f 4585/4925 4584/4924 4025/4269 4586/4926
f 4585/4925 4586/4926 4587/4927 4388/4698
f 4585/4925 4388/4698 4387/4697 4393/4703
f 4587/4927 4586/4926 4588/4928 4061/4309
f 4587/4927 4061/4309 4060/4308 4383/4693
f 4587/4927 4383/4693 4382/4692 4388/4698
f 4588/4928 4024/4268 4030/4274 4038/4283
f 4588/4928 4038/4283 4037/4282 4061/4309
f 4588/4928 4586/4926 4025/4269 4024/4268
f 4584/4924 4583/4923 4026/4270 4025/4269
f 4583/4923 4589/4929 4028/4272 4026/4270
f 4583/4923 4581/4921 4580/4920 4589/4929
f 4589/4929 4590/4930 4591/4931 4028/4272
f 4589/4929 4580/4920 4573/4913 4590/4930
f 4591/4931 4014/4253 4013/4252 4020/4262
f 4591/4931 4020/4262 4019/4261 4028/4272
f 4591/4931 4590/4930 4592/4932 4014/4253
f 4592/4932 4593/4933 4011/4250 4014/4253
f 4592/4932 4590/4930 4573/4913 4571/4911
f 4592/4932 4571/4911 4569/4909 4593/4933
f 4593/4933 4594/4934 4012/4251 4011/4250
f 4593/4933 4569/4909 4568/4908 4594/4934
f 4594/4934 4595/4935 4596/4936 4012/4251
f 4594/4934 4568/4908 4567/4907 4595/4935
f 4596/4936 4597/4937 4598/4938 4599/4939
f 4596/4936 4599/4939 4009/4248 4012/4251
f 4596/4936 4595/4935 4600/4940 4597/4937
f 4600/4940 4601/4941 4602/4942 4597/4937
f 4600/4940 4595/4935 4567/4907 4603/4943
f 4600/4940 4603/4943 4604/4944 4601/4941
f 4604/4945 4605/4946 4606/4947 4601/4948
f 4604/4944 4603/4943 4564/4904 4607/4949
f 4604/4945 4607/4950 4608/4951 4605/4946
f 4608/4951 4609/4952 4610/4953 4605/4946
f 4608/4951 4607/4950 4611/4954 4612/4955
f 4608/4951 4612/4955 4613/4956 4609/4952
f 4613/4956 4614/4957 4615/4958 4609/4952
f 4613/4956 4612/4955 3973/4317 4072/4322
f 4613/4956 4072/4322 4088/4341 4614/4957
f 4615/4958 4616/4959 4617/4960 4618/4961
f 4615/4958 4618/4961 4610/4953 4609/4952
f 4615/4958 4614/4957 4619/4962 4616/4959
f 4619/4962 4620/4963 4621/4964 4616/4959
f 4619/4962 4614/4957 4088/4341 4087/4340
f 4619/4962 4087/4340 4622/4965 4620/4963
f 4622/4965 4623/4966 4624/4967 4620/4963
f 4622/4965 4087/4340 4086/4339 4625/4968
f 4622/4965 4625/4968 4626/4969 4623/4966
f 4626/4969 4627/4970 4628/4971 4623/4966
f 4626/4969 4625/4968 4629/4972 4630/4973
f 4626/4969 4630/4973 4631/4974 4627/4970
f 4631/4974 4632/4975 4633/4976 4627/4970
f 4631/4974 4630/4973 4634/4977 4635/4978
f 4631/4974 4635/4978 4636/4979 4632/4975
f 4636/4979 4637/4980 4638/4981 4632/4975
f 4636/4979 4635/4978 4639/4982 4640/4983
f 4636/4979 4640/4983 4641/4984 4637/4980
f 4641/4984 4642/4985 4643/4986 4637/4980
f 4641/4984 4640/4983 4644/4987 4645/4988
f 4641/4984 4645/4988 4646/4989 4642/4985
f 4646/4989 4647/4990 4648/4991 4642/4985
f 4646/4989 4645/4988 4649/4992 4650/4993
f 4646/4989 4650/4993 4651/4994 4647/4990
f 4651/4994 4652/4995 4653/4996 4647/4990
f 4651/4994 4650/4993 4654/4997 4655/4998
f 4651/4994 4655/4998 4656/4999 4652/4995
f 4656/4999 4657/5000 4658/5001 4652/4995
f 4656/4999 4655/4998 4659/5002 4660/5003
f 4656/4999 4660/5003 4661/5004 4657/5000
f 4661/5004 4662/5005 4663/5006 4657/5000
f 4661/5004 4660/5003 4664/5007 4665/5008
f 4661/5004 4665/5008 4666/5009 4662/5005
f 4666/5009 4667/5010 4668/5011 4662/5005
f 4666/5009 4665/5008 4669/5012 4670/5013
f 4666/5009 4670/5013 4671/5014 4667/5010
f 4671/5014 4672/5015 4673/5016 4667/5010
f 4671/5014 4670/5013 4674/5017 4675/5018
f 4671/5014 4675/5018 4676/5019 4672/5015
f 4676/5019 4677/5020 4678/5021 4672/5015
f 4678/5022 4679/5023 4680/5024 4681/5025
f 4678/5021 4681/5026 4673/5016 4672/5015
f 4678/5022 4677/5027 4682/5028 4679/5023
f 4682/5028 4683/5029 4684/5030 4679/5023
f 4684/5030 4685/5031 4686/5032 4687/5033
f 4684/5030 4687/5033 4680/5024 4679/5023
f 4684/5030 4683/5029 4688/5034 4685/5031
f 4688/5034 4689/5035 4690/5036 4685/5031
f 4690/5036 4691/5037 4183/4450 4692/5038
f 4690/5036 4692/5038 4686/5032 4685/5031
f 4690/5036 4689/5035 4693/5039 4691/5037
f 4693/5039 4694/5040 4695/5041 4691/5037
f 4695/5041 4177/4444 4183/4450 4691/5037
f 4695/5041 4694/5040 4696/5042 4697/5043
f 4695/5041 4697/5043 4178/4445 4177/4444
f 4697/5043 4696/5042 4698/5044 4699/5045
f 4697/5043 4699/5045 4700/5046 4178/4445
f 4700/5046 4701/5047 4179/4446 4178/4445
f 4700/5046 4699/5045 4702/5048 4703/5049
f 4700/5046 4703/5049 4704/5050 4701/5047
f 4704/5050 4705/5051 4706/5052 4701/5047
f 4704/5053 4703/5054 4707/5055 4708/5056
f 4704/5053 4708/5056 4709/5057 4705/5058
f 4709/5057 4710/5059 4711/5060 4705/5058
f 4709/5057 4708/5056 4712/5061 4713/5062
f 4709/5057 4713/5062 4714/5063 4710/5059
f 4714/5063 4715/5064 4716/5065 4710/5059
f 4714/5063 4713/5062 4717/5066 4718/5067
f 4714/5063 4718/5067 4719/5068 4715/5064
f 4719/5068 4720/5069 4721/5070 4715/5064
f 4719/5068 4718/5067 4722/5071 4723/5072
f 4719/5068 4723/5072 4724/5073 4720/5069
f 4724/5073 4725/5074 4726/5075 4727/5076
f 4724/5073 4727/5076 4728/5077 4720/5069
f 4724/5073 4723/5072 4729/5078 4725/5074
f 4729/5078 4730/5079 4731/5080 4725/5074
f 4729/5078 4723/5072 4722/5071 4732/5081
f 4729/5078 4732/5081 4733/5082 4730/5079
f 4733/5082 4734/5083 4735/5084 4730/5079
f 4733/5082 4732/5081 4736/5085 4737/5086
f 4733/5082 4737/5086 4738/5087 4734/5083
f 4738/5087 4739/5088 4740/5089 4734/5083
f 4738/5087 4737/5086 4741/5090 4742/5091
f 4738/5087 4742/5091 4743/5092 4739/5088
f 4743/5092 4744/5093 4745/5094 4739/5088
f 4743/5092 4742/5091 4746/5095 4747/5096
f 4743/5092 4747/5096 4748/5097 4744/5093
f 4748/5097 4749/5098 4750/5099 4744/5093
f 4748/5097 4747/5096 4751/5100 4752/5101
f 4748/5097 4752/5101 4753/5102 4749/5098
f 4753/5102 4754/5103 4755/5104 4749/5098
f 4753/5102 4752/5101 4756/5105 4757/5106
f 4753/5102 4757/5106 4758/5107 4754/5103
f 4758/5107 4759/5108 4760/5109 4754/5103
f 4760/5109 4669/5012 4665/5008 4664/5007
f 4760/5109 4664/5007 4755/5104 4754/5103
f 4760/5109 4759/5108 4761/5110 4669/5012
f 4761/5110 4674/5017 4670/5013 4669/5012
f 4756/5105 4752/5101 4751/5100 4762/5111
f 4762/5111 4751/5100 4763/5112 4764/5113
f 4764/5113 4763/5112 4765/5114 4766/5115
f 4766/5115 4765/5114 4767/5116 4768/5117
f 4768/5117 4767/5116 4769/5118 4770/5119
f 4770/5119 4769/5118 4771/5120 4772/5121
f 4772/5121 4771/5120 4773/5122 4774/5123
f 4774/5123 4773/5122 4775/5124 4776/5125
f 4776/5125 4775/5124 4702/5126 4777/5127
f 4777/5128 4702/5048 4699/5045 4698/5044
f 4775/5124 4707/5055 4703/5054 4702/5126
f 4775/5124 4773/5122 4778/5129 4707/5055
f 4778/5129 4712/5061 4708/5056 4707/5055
f 4778/5129 4773/5122 4771/5120 4779/5130
f 4778/5129 4779/5130 4780/5131 4712/5061
f 4780/5131 4781/5132 4782/5133 4717/5066
f 4780/5131 4717/5066 4713/5062 4712/5061
f 4780/5131 4779/5130 4783/5134 4781/5132
f 4783/5134 4784/5135 4785/5136 4781/5132
f 4783/5134 4779/5130 4771/5120 4769/5118
f 4783/5134 4769/5118 4767/5116 4784/5135
f 4785/5136 4741/5090 4737/5086 4736/5085
f 4785/5136 4736/5085 4782/5133 4781/5132
f 4785/5136 4784/5135 4786/5137 4741/5090
f 4786/5137 4746/5095 4742/5091 4741/5090
f 4786/5137 4784/5135 4767/5116 4765/5114
f 4786/5137 4765/5114 4763/5112 4746/5095
f 4782/5133 4736/5085 4732/5081 4722/5071
f 4782/5133 4722/5071 4718/5067 4717/5066
f 4763/5112 4751/5100 4747/5096 4746/5095
f 4755/5104 4664/5007 4660/5003 4659/5002
f 4755/5104 4659/5002 4750/5099 4749/5098
f 4750/5099 4659/5002 4655/4998 4654/4997
f 4750/5099 4654/4997 4745/5094 4744/5093
f 4745/5094 4654/4997 4650/4993 4649/4992
f 4745/5094 4649/4992 4740/5089 4739/5088
f 4740/5089 4649/4992 4645/4988 4644/4987
f 4740/5089 4644/4987 4735/5084 4734/5083
f 4735/5084 4644/4987 4640/4983 4639/4982
f 4735/5084 4639/4982 4731/5080 4730/5079
f 4731/5080 4639/4982 4635/4978 4634/4977
f 4731/5080 4634/4977 4726/5075 4725/5074
f 4728/5077 4089/4342 4787/5138 4788/5139
f 4728/5077 4788/5139 4721/5070 4720/5069
f 4728/5077 4727/5076 4090/4343 4089/4342
f 4788/5139 4787/5138 4789/5140 4790/5141
f 4788/5139 4790/5141 4791/5142 4721/5070
f 4791/5142 4790/5141 4792/5143 4793/5144
f 4791/5142 4793/5144 4794/5145 4716/5065
f 4791/5142 4716/5065 4715/5064 4721/5070
f 4794/5146 4793/5147 4795/5148 4796/5149
f 4794/5146 4796/5149 4797/5150 4711/5151
f 4794/5145 4711/5060 4710/5059 4716/5065
f 4797/5150 4796/5149 4798/5152 4799/5153
f 4797/5150 4799/5153 4180/4447 4706/5052
f 4797/5150 4706/5052 4705/5051 4711/5151
f 4799/5153 4798/5152 4800/5154 4801/5155
f 4799/5153 4801/5155 4181/4448 4180/4447
f 4801/5155 4800/5154 4802/5156 4803/5157
f 4801/5155 4803/5157 4804/5158 4181/4448
f 4804/5158 4803/5157 4805/5159 4806/5160
f 4804/5158 4806/5160 4807/5161 4808/5162
f 4804/5158 4808/5162 3989/4443 4181/4448
f 4808/5162 4807/5161 4809/5163 4810/5164
f 4808/5162 4810/5164 4182/4449 3989/4443
f 4810/5164 4809/5163 4811/5165 4812/5166
f 4810/5164 4812/5166 4813/5167 4182/4449
f 4813/5167 4812/5166 4814/5168 4815/5169
f 4813/5167 4815/5169 4686/5032 4692/5038
f 4813/5167 4692/5038 4183/4450 4182/4449
f 4815/5169 4814/5168 4816/5170 4817/5171
f 4815/5169 4817/5171 4687/5033 4686/5032
f 4817/5171 4816/5170 4818/5172 4819/5173
f 4817/5171 4819/5173 4680/5024 4687/5033
f 4819/5173 4818/5172 4820/5174 4821/5175
f 4819/5173 4821/5175 4681/5025 4680/5024
f 4821/5176 4820/5177 4822/5178 4823/5179
f 4821/5176 4823/5179 4673/5016 4681/5026
f 4823/5179 4822/5178 4824/5180 4668/5011
f 4823/5179 4668/5011 4667/5010 4673/5016
f 4824/5180 4822/5178 4825/5181 4826/5182
f 4824/5180 4826/5182 4827/5183 4663/5006
f 4824/5180 4663/5006 4662/5005 4668/5011
f 4827/5183 4826/5182 4828/5184 4829/5185
f 4827/5183 4829/5185 4830/5186 4658/5001
f 4827/5183 4658/5001 4657/5000 4663/5006
f 4830/5186 4829/5185 4831/5187 4832/5188
f 4830/5186 4832/5188 4833/5189 4653/4996
f 4830/5186 4653/4996 4652/4995 4658/5001
f 4833/5189 4832/5188 4834/5190 4835/5191
f 4833/5189 4835/5191 4836/5192 4648/4991
f 4833/5189 4648/4991 4647/4990 4653/4996
f 4836/5192 4835/5191 4837/5193 4838/5194
f 4836/5192 4838/5194 4839/5195 4643/4986
f 4836/5192 4643/4986 4642/4985 4648/4991
f 4839/5195 4838/5194 4840/5196 4841/5197
f 4839/5195 4841/5197 4842/5198 4638/4981
f 4839/5195 4638/4981 4637/4980 4643/4986
f 4842/5198 4841/5197 4843/5199 4844/5200
f 4842/5198 4844/5200 4845/5201 4633/4976
f 4842/5198 4633/4976 4632/4975 4638/4981
f 4845/5201 4844/5200 4846/5202 4847/5203
f 4845/5201 4847/5203 4848/5204 4628/4971
f 4845/5201 4628/4971 4627/4970 4633/4976
f 4848/5204 4847/5203 4849/5205 4850/5206
f 4848/5204 4850/5206 4851/5207 4624/4967
f 4848/5204 4624/4967 4623/4966 4628/4971
f 4851/5207 4850/5206 4189/4457 4188/4456
f 4851/5207 4188/4456 4852/5208 4621/4964
f 4851/5207 4621/4964 4620/4963 4624/4967
f 4852/5208 4188/4456 4187/4455 4853/5209
f 4852/5208 4853/5209 4854/5210 4617/4960
f 4852/5208 4617/4960 4616/4959 4621/4964
f 4854/5210 4853/5209 4855/5211 4856/5212
f 4854/5210 4856/5212 4857/5213 4858/5214
f 4854/5210 4858/5214 4618/4961 4617/4960
f 4858/5214 4857/5213 4859/5215 4860/5216
f 4858/5214 4860/5216 4610/4953 4618/4961
f 4860/5216 4859/5215 4861/5217 4606/4947
f 4860/5216 4606/4947 4605/4946 4610/4953
f 4861/5217 4859/5215 4862/5218 4863/5219
f 4861/5217 4863/5219 4864/5220 4602/5221
f 4861/5217 4602/5221 4601/4948 4606/4947
f 4864/5220 4863/5219 4865/5222 4866/5223
f 4864/5224 4866/5225 4867/5226 4598/4938
f 4864/5224 4598/4938 4597/4937 4602/4942
f 4867/5227 4866/5228 4868/5229 4869/5230
f 4867/5227 4869/5230 4870/5231 4871/5232
f 4867/5226 4871/5233 4599/4939 4598/4938
f 4871/5232 4870/5231 4872/5234 4010/5235
f 4871/5233 4010/4249 4009/4248 4599/4939
f 4872/5234 4870/5231 4873/5236 4874/5237
f 4872/5234 4874/5237 4875/5238 4876/5239
f 4872/5234 4876/5239 4006/5240 4010/5235
f 4876/5239 4875/5238 4877/5241 4878/5242
f 4876/5239 4878/5242 4007/5243 4006/5240
f 4878/5242 4877/5241 4879/5244 4880/5245
f 4878/5242 4880/5245 4881/5246 4007/5243
f 4881/5247 4880/5248 4882/5249 4883/5250
f 4881/5251 4883/5252 4884/5253 4885/5254
f 4881/5251 4885/5254 4008/4247 4007/4246
f 4885/5254 4884/5253 4886/5255 4023/4265
f 4885/5254 4023/4265 4015/4254 4008/4247
f 4886/5255 4884/5253 4096/5256 4099/5257
f 4886/5255 4099/5257 4887/5258 4888/5259
f 4886/5255 4888/5259 4021/4266 4023/4265
f 4888/5260 4887/5261 4889/5262 4890/5263
f 4888/5260 4890/5263 4022/4264 4021/4263
f 4890/5263 4889/5262 4891/5264 4892/5265
f 4890/5263 4892/5265 4893/5266 4022/4264
f 4893/5266 4892/5265 4894/5267 4895/5268
f 4893/5266 4895/5268 4896/5269 4897/5270
f 4893/5266 4897/5270 4016/4256 4022/4264
f 4897/5270 4896/5269 4898/5271 4899/5272
f 4897/5270 4899/5272 4017/4257 4016/4256
f 4899/5272 4898/5271 4900/5273 4901/5274
f 4899/5272 4901/5274 4902/5275 4017/4257
f 4902/5275 4901/5274 4903/5276 4904/5277
f 4902/5275 4904/5277 4031/5278 4027/5279
f 4902/5275 4027/5279 4018/4258 4017/4257
f 4904/5277 4903/5276 4905/5280 4906/5281
f 4904/5277 4906/5281 4321/5282 4031/5278
f 4906/5283 4905/5284 4907/5285 4317/4600
f 4906/5283 4317/4600 4316/4599 4321/5286
f 4907/5285 4905/5284 4908/5287 4909/5288
f 4907/5285 4909/5288 4910/5289 4312/4595
f 4907/5285 4312/4595 4311/4594 4317/4600
f 4910/5289 4909/5288 4911/5290 4912/5291
f 4910/5289 4912/5291 4913/5292 4307/4590
f 4910/5289 4307/4590 4306/4589 4312/4595
f 4913/5292 4912/5291 4914/5293 4915/5294
f 4913/5292 4915/5294 4916/5295 4302/4585
f 4913/5292 4302/4585 4301/4584 4307/4590
f 4916/5295 4915/5294 4917/5296 4918/5297
f 4916/5295 4918/5297 4919/5298 4297/4580
f 4916/5295 4297/4580 4296/4579 4302/4585
f 4919/5298 4918/5297 4920/5299 4921/5300
f 4919/5298 4921/5300 4922/5301 4292/4575
f 4919/5298 4292/4575 4291/4574 4297/4580
f 4922/5301 4921/5300 4923/5302 4924/5303
f 4922/5301 4924/5303 4925/5304 4287/4570
f 4922/5301 4287/4570 4286/4569 4292/4575
f 4925/5304 4924/5303 4926/5305 4927/5306
f 4925/5304 4927/5306 4928/5307 4282/4565
f 4925/5304 4282/4565 4281/4564 4287/4570
f 4928/5307 4927/5306 4929/5308 4930/5309
f 4928/5307 4930/5309 4931/5310 4277/4558
f 4928/5307 4277/4558 4276/4557 4282/4565
f 4931/5310 4930/5309 4932/5311 4933/5312
f 4931/5310 4933/5312 4934/5313 4272/5314
f 4931/5310 4272/5314 4271/4559 4277/4558
f 4934/5313 4933/5312 4935/5315 4936/5316
f 4934/5317 4936/5318 4234/4508 4267/4547
f 4934/5317 4267/4547 4266/4546 4272/4552
f 4936/5316 4935/5315 4937/5319 4938/5320
f 4936/5318 4938/5321 4229/4503 4234/4508
f 4938/5320 4937/5319 4252/4529 4251/4528
f 4938/5321 4251/4534 4230/4504 4229/4503
f 4937/5319 4939/5322 4940/5323 4252/4529
f 4937/5319 4935/5315 4941/5324 4939/5322
f 4941/5324 4224/4497 4223/4496 4939/5322
f 4941/5324 4935/5315 4933/5312 4932/5311
f 4941/5324 4932/5311 4942/5325 4224/4497
f 4942/5325 4943/5326 4225/4498 4224/4497
f 4942/5325 4932/5311 4930/5309 4929/5308
f 4942/5325 4929/5308 4944/5327 4943/5326
f 4944/5327 4945/5328 4946/5329 4943/5326
f 4944/5327 4929/5308 4927/5306 4926/5305
f 4944/5327 4926/5305 4947/5330 4945/5328
f 4947/5330 4948/5331 4949/5332 4945/5328
f 4947/5330 4926/5305 4924/5303 4923/5302
f 4947/5330 4923/5302 4950/5333 4948/5331
f 4950/5333 4951/5334 4952/5335 4948/5331
f 4950/5333 4923/5302 4921/5300 4920/5299
f 4950/5333 4920/5299 4953/5336 4951/5334
f 4953/5336 4954/5337 4955/5338 4951/5334
f 4953/5336 4920/5299 4918/5297 4917/5296
f 4953/5336 4917/5296 4956/5339 4954/5337
f 4956/5339 4957/5340 4958/5341 4954/5337
f 4956/5339 4917/5296 4915/5294 4914/5293
f 4956/5339 4914/5293 4959/5342 4957/5340
f 4959/5342 4960/5343 4961/5344 4957/5340
f 4959/5342 4914/5293 4912/5291 4911/5290
f 4959/5342 4911/5290 4962/5345 4960/5343
f 4962/5346 4963/5347 4964/5348 4960/5349
f 4962/5345 4911/5290 4909/5288 4908/5287
f 4962/5346 4908/5350 4965/5351 4963/5347
f 4965/5351 4900/5273 4966/5352 4963/5347
f 4965/5351 4908/5350 4905/5280 4903/5276
f 4965/5351 4903/5276 4901/5274 4900/5273
f 4966/5352 4967/5353 4968/5354 4969/5355
f 4966/5352 4969/5355 4964/5348 4963/5347
f 4966/5352 4900/5273 4898/5271 4967/5353
f 4969/5355 4968/5354 4970/5356 4971/5357
f 4969/5355 4971/5357 4972/5358 4964/5348
f 4972/5358 4971/5357 4973/5359 4974/5360
f 4972/5358 4974/5360 4975/5361 4961/5362
f 4972/5358 4961/5362 4960/5349 4964/5348
f 4975/5361 4974/5360 4976/5363 4977/5364
f 4975/5365 4977/5366 4978/5367 4958/5341
f 4975/5365 4958/5341 4957/5340 4961/5344
f 4978/5367 4977/5366 4979/5368 4980/5369
f 4978/5367 4980/5369 4981/5370 4955/5338
f 4978/5367 4955/5338 4954/5337 4958/5341
f 4981/5370 4980/5369 4982/5371 4983/5372
f 4981/5370 4983/5372 4984/5373 4952/5335
f 4981/5370 4952/5335 4951/5334 4955/5338
f 4984/5373 4983/5372 4985/5374 4986/5375
f 4984/5373 4986/5375 4987/5376 4949/5332
f 4984/5373 4949/5332 4948/5331 4952/5335
f 4987/5376 4986/5375 4988/5377 4989/5378
f 4987/5376 4989/5378 4226/4499 4946/5329
f 4987/5376 4946/5329 4945/5328 4949/5332
f 4989/5378 4988/5377 4990/5379 4991/5380
f 4989/5378 4991/5380 4227/4500 4226/4499
f 4991/5380 4990/5379 4245/4521 4992/5381
f 4991/5380 4992/5381 4228/4501 4227/4500
f 4992/5381 4245/4521 4244/4520 4248/4524
f 4992/5381 4248/4524 4940/5323 4228/4501
f 4990/5379 4993/5382 4241/4517 4245/4521
f 4990/5379 4988/5377 4994/5383 4993/5382
f 4994/5383 4995/5384 4996/5385 4993/5382
f 4994/5383 4988/5377 4986/5375 4985/5374
f 4994/5383 4985/5374 4997/5386 4995/5384
f 4997/5386 4998/5387 4999/5388 4995/5384
f 4997/5386 4985/5374 4983/5372 4982/5371
f 4997/5386 4982/5371 5000/5389 4998/5387
f 5000/5390 5001/5391 5002/5392 4998/5393
f 5000/5389 4982/5371 4980/5369 4979/5368
f 5000/5390 4979/5394 5003/5395 5001/5391
f 5003/5395 5004/5396 5005/5397 5001/5391
f 5003/5395 4979/5394 4977/5364 4976/5363
f 5003/5395 4976/5363 5006/5398 5004/5396
f 5006/5398 5007/5399 5008/5400 5004/5396
f 5006/5398 4976/5363 4974/5360 4973/5359
f 5006/5398 4973/5359 5009/5401 5007/5399
f 5009/5401 5010/5402 5011/5403 5007/5399
f 5009/5401 4973/5359 4971/5357 4970/5356
f 5009/5401 4970/5356 5012/5404 5010/5402
f 5012/5404 5013/5405 5014/5406 5010/5402
f 5012/5404 4970/5356 4968/5354 5015/5407
f 5012/5404 5015/5407 5016/5408 5013/5405
f 5016/5408 5017/5409 5018/5410 5013/5405
f 5016/5408 5015/5407 5019/5411 5020/5412
f 5016/5408 5020/5412 5021/5413 5017/5409
f 5021/5413 5022/5414 5023/5415 5017/5409
f 5021/5413 5020/5412 4895/5268 4894/5267
f 5021/5413 4894/5267 5024/5416 5022/5414
f 5024/5416 5025/5417 5026/5418 5022/5414
f 5024/5416 4894/5267 4892/5265 4891/5264
f 5024/5416 4891/5264 5027/5419 5025/5417
f 5027/5420 5028/5421 5029/5422 5025/5423
f 5027/5419 4891/5264 4889/5262 5030/5424
f 5027/5420 5030/5425 5031/5426 5028/5421
f 5031/5426 5032/5427 5033/5428 5028/5421
f 5031/5426 5030/5425 5034/5429 5035/5430
f 5031/5426 5035/5430 5036/5431 5032/5427
f 5036/5431 5037/5432 5038/5433 5032/5427
f 5036/5434 5035/5435 4100/4354 5039/5436
f 5036/5434 5039/5436 5040/5437 5037/5438
f 5040/5437 5041/5439 5042/5440 5037/5438
f 5040/5437 5039/5436 5043/5441 5044/5442
f 5040/5437 5044/5442 5045/5443 5041/5439
f 5045/5443 4119/4376 4120/4377 5041/5439
f 5045/5443 5044/5442 4192/4460 4108/4364
f 5045/5443 4108/4364 4107/4363 4119/4376
f 5044/5442 5043/5441 4184/4452 4192/4460
f 5043/5441 5039/5436 4100/4354 4093/4347
f 5043/5441 4093/4347 4092/4346 4184/4452
f 5042/5444 5046/5445 4308/4591 5047/5446
f 5042/5444 5047/5446 5038/5433 5037/5432
f 5042/5440 5041/5439 4120/4377 5046/5447
f 5047/5446 4308/4591 4304/4587 4303/4586
f 5047/5446 4303/4586 5048/5448 5038/5433
f 5048/5448 4303/4586 4299/4582 4298/4581
f 5048/5448 4298/4581 5049/5449 5033/5428
f 5048/5448 5033/5428 5032/5427 5038/5433
f 5049/5449 4298/4581 4294/4577 4293/4576
f 5049/5449 4293/4576 5050/5450 5029/5422
f 5049/5449 5029/5422 5028/5421 5033/5428
f 5050/5450 4293/4576 4289/4572 4288/4571
f 5050/5450 4288/4571 5051/5451 5026/5452
f 5050/5450 5026/5452 5025/5423 5029/5422
f 5051/5451 4288/4571 4284/4567 4283/4566
f 5051/5453 4283/5454 5052/5455 5023/5415
f 5051/5453 5023/5415 5022/5414 5026/5418
f 5052/5455 4283/5454 4279/4561 4278/4560
f 5052/5455 4278/4560 5053/5456 5018/5410
f 5052/5455 5018/5410 5017/5409 5023/5415
f 5053/5456 4278/4560 4274/4554 4273/4553
f 5053/5456 4273/4553 5054/5457 5014/5406
f 5053/5456 5014/5406 5013/5405 5018/5410
f 5054/5457 4273/4553 4269/4549 4268/4548
f 5054/5457 4268/4548 5055/5458 5011/5403
f 5054/5457 5011/5403 5010/5402 5014/5406
f 5055/5458 4268/4548 4264/4544 4263/4543
f 5055/5458 4263/4543 5056/5459 5008/5400
f 5055/5458 5008/5400 5007/5399 5011/5403
f 5056/5459 4263/4543 4260/4540 4259/4539
f 5056/5459 4259/4539 5057/5460 5005/5397
f 5056/5459 5005/5397 5004/5396 5008/5400
f 5057/5460 4259/4539 4257/4537 5058/5461
f 5057/5460 5058/5461 5059/5462 5002/5392
f 5057/5460 5002/5392 5001/5391 5005/5397
f 5059/5462 5058/5461 4240/4515 4239/4514
f 5059/5462 4239/4514 4238/4513 4999/5463
f 5059/5462 4999/5463 4998/5393 5002/5392
f 5058/5461 4257/4537 4255/4535 4240/4515
f 5046/5445 4313/4596 4309/4592 4308/4591
f 5046/5447 4120/4377 4118/4375 4313/5464
f 5035/5435 5034/5465 4098/4352 4100/4354
f 5034/5466 5030/5424 4889/5262 4887/5261
f 5034/5465 4887/5467 4099/4353 4098/4352
f 5020/5412 5019/5411 4896/5269 4895/5268
f 5019/5411 5015/5407 4968/5354 4967/5353
f 5019/5411 4967/5353 4898/5271 4896/5269
f 4999/5388 4238/5468 4996/5385 4995/5384
f 4996/5385 4238/5468 4237/5469 4242/4518
f 4996/5385 4242/4518 4241/4517 4993/5382
f 4946/5329 4226/4499 4225/4498 4943/5326
f 4940/5323 4248/4524 4247/4523 4252/4529
f 4940/5323 4939/5322 4223/4496 4228/4501
f 4884/5253 4883/5252 4097/5470 4096/5256
f 4883/5250 4882/5249 5060/5471 4097/5472
f 5060/5471 4882/5249 5061/5473 5062/5474
f 5060/5471 5062/5474 5063/5475 5064/5476
f 5060/5471 5064/5476 4094/5477 4097/5472
f 5064/5476 5063/5475 5065/5478 5066/5479
f 5064/5476 5066/5479 4095/5480 4094/5477
f 5066/5479 5065/5478 5067/5481 5068/5482
f 5066/5479 5068/5482 5069/5483 4095/5480
f 5069/5483 5068/5482 5070/5484 5071/5485
f 5069/5486 5071/5487 5072/5488 5073/5489
f 5069/5486 5073/5489 4091/4345 4095/4349
f 5073/5489 5072/5488 4186/4454 4185/4453
f 5073/5489 4185/4453 4092/4346 4091/4345
f 5072/5488 5071/5487 5074/5490 5075/5491
f 5072/5488 5075/5491 4855/5211 4186/4454
f 5075/5491 5074/5490 5076/5492 5077/5493
f 5075/5491 5077/5493 4856/5212 4855/5211
f 5077/5493 5076/5492 5078/5494 5079/5495
f 5077/5493 5079/5495 4857/5213 4856/5212
f 5079/5495 5078/5494 5080/5496 4862/5218
f 5079/5495 4862/5218 4859/5215 4857/5213
f 5080/5497 5078/5498 5081/5499 5082/5500
f 5080/5501 5082/5502 5083/5503 4865/5504
f 5080/5496 4865/5222 4863/5219 4862/5218
f 5083/5503 5082/5502 5084/5505 5085/5506
f 5083/5503 5085/5506 5086/5507 4868/5229
f 5083/5503 4868/5229 4866/5228 4865/5504
f 5086/5507 5085/5506 5087/5508 5088/5509
f 5086/5507 5088/5509 5089/5510 5090/5511
f 5086/5507 5090/5511 4869/5230 4868/5229
f 5090/5511 5089/5510 5091/5512 4873/5236
f 5090/5511 4873/5236 4870/5231 4869/5230
f 5091/5512 5089/5510 5092/5513 5093/5514
f 5091/5512 5093/5514 5094/5515 5095/5516
f 5091/5512 5095/5516 4874/5237 4873/5236
f 5095/5516 5094/5515 5096/5517 5097/5518
f 5095/5516 5097/5518 4875/5238 4874/5237
f 5097/5518 5096/5517 5098/5519 5099/5520
f 5097/5518 5099/5520 4877/5241 4875/5238
f 5099/5520 5098/5519 5100/5521 5101/5522
f 5099/5520 5101/5522 4879/5244 4877/5241
f 5101/5523 5100/5524 5102/5525 5103/5526
f 5101/5523 5103/5526 5061/5473 4879/5527
f 5103/5526 5102/5525 5104/5528 5105/5529
f 5103/5526 5105/5529 5062/5474 5061/5473
f 5105/5529 5104/5528 5106/5530 5107/5531
f 5105/5529 5107/5531 5063/5475 5062/5474
f 5107/5531 5106/5530 5108/5532 5109/5533
f 5107/5531 5109/5533 5065/5478 5063/5475
f 5109/5533 5108/5532 5110/5534 5111/5535
f 5109/5533 5111/5535 5067/5481 5065/5478
f 5111/5535 5110/5534 5112/5536 5113/5537
f 5111/5535 5113/5537 5114/5538 5067/5481
f 5114/5538 5113/5537 5115/5539 5116/5540
f 5114/5538 5116/5540 5117/5541 5070/5484
f 5114/5538 5070/5484 5068/5482 5067/5481
f 5117/5541 5116/5540 5118/5542 5119/5543
f 5117/5541 5119/5543 5076/5544 5074/5545
f 5117/5541 5074/5545 5071/5485 5070/5484
f 5119/5543 5118/5542 5120/5546 5081/5499
f 5119/5543 5081/5499 5078/5498 5076/5544
f 5120/5546 5118/5542 5121/5547 5122/5548
f 5120/5546 5122/5548 5123/5549 5084/5550
f 5120/5546 5084/5550 5082/5500 5081/5499
f 5123/5549 5122/5548 5124/5551 5125/5552
f 5123/5553 5125/5554 5126/5555 5087/5508
f 5123/5553 5087/5508 5085/5506 5084/5505
f 5126/5555 5125/5554 5127/5556 5128/5557
f 5126/5555 5128/5557 5129/5558 5130/5559
f 5126/5555 5130/5559 5088/5509 5087/5508
f 5130/5559 5129/5558 5131/5560 5092/5513
f 5130/5559 5092/5513 5089/5510 5088/5509
f 5131/5560 5129/5558 5132/5561 5133/5562
f 5131/5560 5133/5562 5134/5563 5135/5564
f 5131/5560 5135/5564 5093/5514 5092/5513
f 5135/5564 5134/5563 5136/5565 5137/5566
f 5135/5564 5137/5566 5094/5515 5093/5514
f 5137/5566 5136/5565 5138/5567 5139/5568
f 5137/5566 5139/5568 5096/5517 5094/5515
f 5139/5568 5138/5567 5140/5569 5141/5570
f 5139/5568 5141/5570 5098/5519 5096/5517
f 5141/5570 5140/5569 5142/5571 5143/5572
f 5141/5570 5143/5572 5100/5521 5098/5519
f 5143/5573 5142/5574 5144/5575 5145/5576
f 5143/5573 5145/5576 5102/5525 5100/5524
f 5145/5576 5144/5575 5146/5577 5147/5578
f 5145/5576 5147/5578 5104/5528 5102/5525
f 5147/5578 5146/5577 5148/5579 5149/5580
f 5147/5578 5149/5580 5106/5530 5104/5528
f 5149/5580 5148/5579 5150/5581 5151/5582
f 5149/5580 5151/5582 5108/5532 5106/5530
f 5151/5582 5150/5581 5152/5583 5153/5584
f 5151/5582 5153/5584 5110/5534 5108/5532
f 5153/5584 5152/5583 5154/5585 5155/5586
f 5153/5584 5155/5586 5112/5536 5110/5534
f 5155/5586 5154/5585 5156/5587 5157/5588
f 5155/5586 5157/5588 5158/5589 5112/5536
f 5158/5589 5157/5588 5159/5590 5160/5591
f 5158/5589 5160/5591 5121/5547 5115/5539
f 5158/5589 5115/5539 5113/5537 5112/5536
f 5160/5591 5159/5590 5161/5592 5124/5551
f 5160/5591 5124/5551 5122/5548 5121/5547
f 5161/5592 5159/5590 5162/5593 5163/5594
f 5161/5592 5163/5594 5164/5595 5127/5596
f 5161/5592 5127/5596 5125/5552 5124/5551
f 5164/5595 5163/5594 5165/5597 5166/5598
f 5164/5599 5166/5600 5167/5601 5168/5602
f 5164/5599 5168/5602 5128/5557 5127/5556
f 5168/5602 5167/5601 5169/5603 5132/5561
f 5168/5602 5132/5561 5129/5558 5128/5557
f 5169/5603 5167/5601 5170/5604 5171/5605
f 5169/5603 5171/5605 5172/5606 5173/5607
f 5169/5603 5173/5607 5133/5562 5132/5561
f 5173/5607 5172/5606 5174/5608 5175/5609
f 5173/5607 5175/5609 5134/5563 5133/5562
f 5175/5609 5174/5608 5176/5610 5177/5611
f 5175/5609 5177/5611 5136/5565 5134/5563
f 5177/5611 5176/5610 5178/5612 5179/5613
f 5177/5611 5179/5613 5138/5567 5136/5565
f 5179/5613 5178/5612 5180/5614 5181/5615
f 5179/5613 5181/5615 5140/5569 5138/5567
f 5181/5615 5180/5614 5182/5616 5183/5617
f 5181/5615 5183/5617 5142/5571 5140/5569
f 5183/5618 5182/5619 5184/5620 5185/5621
f 5183/5618 5185/5621 5144/5575 5142/5574
f 5185/5621 5184/5620 5186/5622 5187/5623
f 5185/5621 5187/5623 5146/5577 5144/5575
f 5187/5623 5186/5622 5188/5624 5189/5625
f 5187/5623 5189/5625 5148/5579 5146/5577
f 5189/5625 5188/5624 5190/5626 5191/5627
f 5189/5625 5191/5627 5150/5581 5148/5579
f 5191/5627 5190/5626 5192/5628 5193/5629
f 5191/5627 5193/5629 5152/5583 5150/5581
f 5193/5629 5192/5628 5194/5630 5195/5631
f 5193/5629 5195/5631 5154/5585 5152/5583
f 5195/5631 5194/5630 5196/5632 5197/5633
f 5195/5631 5197/5633 5156/5587 5154/5585
f 5197/5633 5196/5632 5198/5634 5199/5635
f 5197/5633 5199/5635 5162/5593 5156/5587
f 5199/5635 5198/5634 5200/5636 5165/5597
f 5199/5635 5165/5597 5163/5594 5162/5593
f 5200/5636 5198/5634 5201/5637 5202/5638
f 5200/5636 5202/5638 5203/5639 5204/5640
f 5200/5636 5204/5640 5166/5598 5165/5597
f 5204/5641 5203/5642 5205/5643 5170/5604
f 5204/5641 5170/5604 5167/5601 5166/5600
f 5205/5643 5203/5642 5206/5644 5207/5645
f 5205/5643 5207/5645 5208/5646 5209/5647
f 5205/5643 5209/5647 5171/5605 5170/5604
f 5209/5647 5208/5646 5210/5648 5211/5649
f 5209/5647 5211/5649 5172/5606 5171/5605
f 5211/5649 5210/5648 5212/5650 5213/5651
f 5211/5649 5213/5651 5174/5608 5172/5606
f 5213/5651 5212/5650 5214/5652 5215/5653
f 5213/5651 5215/5653 5176/5610 5174/5608
f 5215/5653 5214/5652 5216/5654 5217/5655
f 5215/5653 5217/5655 5178/5612 5176/5610
f 5217/5655 5216/5654 5218/5656 5219/5657
f 5217/5655 5219/5657 5180/5614 5178/5612
f 5219/5657 5218/5656 5220/5658 5221/5659
f 5219/5657 5221/5659 5182/5616 5180/5614
f 5221/5660 5220/5661 5222/5662 5223/5663
f 5221/5660 5223/5663 5184/5620 5182/5619
f 5223/5663 5222/5662 5224/5664 5225/5665
f 5223/5663 5225/5665 5186/5622 5184/5620
f 5225/5665 5224/5664 5226/5666 5227/5667
f 5225/5665 5227/5667 5188/5624 5186/5622
f 5227/5667 5226/5666 5228/5668 5229/5669
f 5227/5667 5229/5669 5190/5626 5188/5624
f 5229/5669 5228/5668 5230/5670 5231/5671
f 5229/5669 5231/5671 5192/5628 5190/5626
f 5231/5671 5230/5670 5232/5672 5233/5673
f 5231/5671 5233/5673 5194/5630 5192/5628
f 5233/5673 5232/5672 5234/5674 5235/5675
f 5233/5673 5235/5675 5196/5632 5194/5630
f 5235/5675 5234/5674 5236/5676 5201/5637
f 5235/5675 5201/5637 5198/5634 5196/5632
f 5236/5676 5234/5674 5237/5677 5238/5678
f 5236/5676 5238/5678 5239/5679 5240/5680
f 5236/5676 5240/5680 5202/5638 5201/5637
f 5240/5680 5239/5679 5241/5681 5206/5682
f 5240/5680 5206/5682 5203/5639 5202/5638
f 5241/5681 5239/5679 5242/5683 5243/5684
f 5241/5685 5243/5686 4211/4482 4216/4487
f 5241/5685 4216/4487 5207/5645 5206/5644
f 5243/5684 5242/5683 5244/5687 5245/5688
f 5243/5686 5245/5689 4212/4483 4211/4482
f 5245/5688 5244/5687 5246/5690 5247/5691
f 5245/5689 5247/5692 5248/5693 4212/4483
f 5248/5693 5249/5694 4213/4484 4212/4483
f 5248/5693 5247/5692 5250/5695 4221/4493
f 5248/5693 4221/4493 4220/4492 5249/5694
f 5250/5696 5247/5691 5246/5690 5251/5697
f 5250/5696 5251/5697 5252/5698 5253/5699
f 5250/5695 5253/5700 4217/4489 4221/4493
f 5253/5699 5252/5698 5254/5701 5255/5702
f 5253/5700 5255/5703 4218/4490 4217/4489
f 5255/5702 5254/5701 5222/5662 5220/5661
f 5255/5703 5220/5658 5218/5656 4218/4490
f 5254/5701 5252/5698 5256/5704 5257/5705
f 5254/5701 5257/5705 5224/5664 5222/5662
f 5257/5705 5256/5704 5258/5706 5259/5707
f 5257/5705 5259/5707 5226/5666 5224/5664
f 5259/5707 5258/5706 4083/4335 4082/4334
f 5259/5707 4082/4334 5228/5668 5226/5666
f 5258/5706 5256/5704 4078/4329 4077/4328
f 5258/5706 4077/4328 4076/4327 4083/4335
f 5256/5704 5252/5698 5251/5697 4078/4329
f 5251/5697 5246/5690 4079/4330 4078/4329
f 5249/5694 4220/4492 4222/4494 5260/5708
f 5249/5694 5260/5708 4214/4485 4213/4484
f 5260/5708 4222/4494 5214/5652 5212/5650
f 5260/5708 5212/5650 5210/5648 4214/4485
f 5246/5690 5244/5687 4080/4331 4079/4330
f 5244/5687 5242/5683 5261/5709 4080/4331
f 5261/5709 5262/5710 4075/4326 4080/4331
f 5261/5709 5242/5683 5239/5679 5238/5678
f 5261/5709 5238/5678 5237/5677 5262/5710
f 5262/5710 4084/4336 4076/4327 4075/4326
f 5262/5710 5237/5677 4085/4337 4084/4336
f 5237/5677 5234/5674 5232/5672 4085/4337
f 5232/5672 5230/5670 4081/4333 4085/4337
f 5230/5670 5228/5668 4082/4334 4081/4333
f 5218/5656 5216/5654 4219/4491 4218/4490
f 5216/5654 5214/5652 4222/4494 4219/4491
f 5210/5648 5208/5646 4215/4486 4214/4485
f 5208/5646 5207/5645 4216/4487 4215/4486
f 5162/5593 5159/5590 5157/5588 5156/5587
f 5121/5547 5118/5542 5116/5540 5115/5539
f 5061/5473 4882/5249 4880/5248 4879/5527
f 4855/5211 4853/5209 4187/4455 4186/4454
f 4850/5206 4849/5205 4190/4458 4189/4457
f 4849/5205 5263/5711 5264/5712 4190/4458
f 4849/5205 4847/5203 4846/5202 5263/5711
f 5264/5712 5265/5713 3979/4362 4109/4365
f 5264/5712 4109/4365 4191/4459 4190/4458
f 5264/5712 5263/5711 5266/5714 5265/5713
f 5266/5714 5267/5715 5268/5716 5265/5713
f 5266/5714 5263/5711 4846/5202 5269/5717
f 5266/5714 5269/5717 5270/5718 5267/5715
f 5270/5718 5271/5719 5272/5720 5267/5715
f 5270/5718 5269/5717 4843/5199 5273/5721
f 5270/5718 5273/5721 5274/5722 5271/5719
f 5274/5722 5275/5723 5276/5724 5271/5719
f 5274/5722 5273/5721 4840/5196 5277/5725
f 5274/5722 5277/5725 5278/5726 5275/5723
f 5278/5726 5279/5727 5280/5728 5275/5723
f 5278/5726 5277/5725 4837/5193 5281/5729
f 5278/5726 5281/5729 5282/5730 5279/5727
f 5282/5730 5283/5731 5284/5732 5279/5727
f 5282/5730 5281/5729 4834/5190 5285/5733
f 5282/5730 5285/5733 5286/5734 5283/5731
f 5286/5734 5287/5735 5288/5736 5283/5731
f 5286/5734 5285/5733 4831/5187 5289/5737
f 5286/5734 5289/5737 5290/5738 5287/5735
f 5290/5738 5291/5739 5292/5740 5287/5735
f 5290/5738 5289/5737 4828/5184 5293/5741
f 5290/5738 5293/5741 5294/5742 5291/5739
f 5294/5743 5295/5744 5296/5745 5291/5746
f 5294/5742 5293/5741 4825/5181 5297/5747
f 5294/5743 5297/5748 5298/5749 5295/5744
f 5298/5749 5299/5750 5300/5751 5295/5744
f 5298/5749 5297/5748 4820/5174 4818/5172
f 5298/5749 4818/5172 4816/5170 5299/5750
f 5300/5751 5301/5752 5302/5753 5303/5754
f 5300/5751 5303/5754 5296/5745 5295/5744
f 5300/5751 5299/5750 5304/5755 5301/5752
f 5304/5755 4811/5165 5305/5756 5301/5752
f 5304/5755 5299/5750 4816/5170 4814/5168
f 5304/5755 4814/5168 4812/5166 4811/5165
f 5305/5756 5306/5757 5307/5758 5308/5759
f 5305/5756 5308/5759 5302/5753 5301/5752
f 5305/5756 4811/5165 4809/5163 5306/5757
f 5308/5759 5307/5758 5309/5760 5310/5761
f 5308/5759 5310/5761 5311/5762 5302/5753
f 5311/5762 5310/5761 5312/5763 5313/5764
f 5311/5762 5313/5764 5314/5765 5315/5766
f 5311/5762 5315/5766 5303/5754 5302/5753
f 5315/5766 5314/5765 5316/5767 5317/5768
f 5315/5766 5317/5768 5296/5745 5303/5754
f 5317/5768 5316/5767 5318/5769 5292/5770
f 5317/5768 5292/5770 5291/5746 5296/5745
f 5318/5769 5316/5767 5319/5771 5320/5772
f 5318/5773 5320/5774 5321/5775 5288/5736
f 5318/5773 5288/5736 5287/5735 5292/5740
f 5321/5775 5320/5774 5322/5776 5323/5777
f 5321/5775 5323/5777 5324/5778 5284/5732
f 5321/5775 5284/5732 5283/5731 5288/5736
f 5324/5778 5323/5777 5325/5779 5326/5780
f 5324/5778 5326/5780 5327/5781 5280/5728
f 5324/5778 5280/5728 5279/5727 5284/5732
f 5327/5781 5326/5780 5328/5782 5329/5783
f 5327/5781 5329/5783 5330/5784 5276/5724
f 5327/5781 5276/5724 5275/5723 5280/5728
f 5330/5784 5329/5783 4142/4403 4139/4400
f 5330/5784 4139/4400 4138/4399 5272/5720
f 5330/5784 5272/5720 5271/5719 5276/5724
f 5329/5783 5328/5782 5331/5785 4142/4403
f 5331/5785 5332/5786 5333/5787 5334/5788
f 5331/5785 5334/5788 4140/4401 4142/4403
f 5331/5785 5328/5782 5335/5789 5332/5786
f 5335/5789 5336/5790 5337/5791 5332/5786
f 5335/5789 5328/5782 5326/5780 5325/5779
f 5335/5789 5325/5779 5338/5792 5336/5790
f 5338/5793 5339/5794 5340/5795 5336/5796
f 5338/5792 5325/5779 5323/5777 5322/5776
f 5338/5793 5322/5797 5341/5798 5339/5794
f 5341/5798 5342/5799 5343/5800 5339/5794
f 5341/5798 5322/5797 5320/5772 5319/5771
f 5341/5798 5319/5771 5344/5801 5342/5799
f 5344/5801 5345/5802 5346/5803 5342/5799
f 5344/5801 5319/5771 5316/5767 5314/5765
f 5344/5801 5314/5765 5313/5764 5345/5802
f 5346/5803 5347/5804 5348/5805 5349/5806
f 5346/5803 5349/5806 5343/5800 5342/5799
f 5346/5803 5345/5802 5350/5807 5347/5804
f 5350/5807 5351/5808 5352/5809 5347/5804
f 5350/5807 5345/5802 5313/5764 5312/5763
f 5350/5807 5312/5763 5353/5810 5351/5808
f 5353/5810 5354/5811 5355/5812 5351/5808
f 5353/5810 5312/5763 5310/5761 5309/5760
f 5353/5810 5309/5760 5356/5813 5354/5811
f 5356/5813 5357/5814 5358/5815 5354/5811
f 5356/5813 5309/5760 5307/5758 5359/5816
f 5356/5813 5359/5816 5360/5817 5357/5814
f 5360/5817 5361/5818 5362/5819 5357/5814
f 5360/5817 5359/5816 5363/5820 5364/5821
f 5360/5817 5364/5821 5365/5822 5361/5818
f 5365/5822 5366/5823 5367/5824 5361/5818
f 5365/5822 5364/5821 4806/5160 4805/5159
f 5365/5822 4805/5159 5368/5825 5366/5823
f 5368/5825 5369/5826 5370/5827 5366/5823
f 5368/5825 4805/5159 4803/5157 4802/5156
f 5368/5825 4802/5156 5371/5828 5369/5826
f 5371/5828 5372/5829 5373/5830 5369/5826
f 5371/5828 4802/5156 4800/5154 5374/5831
f 5371/5828 5374/5831 5375/5832 5372/5829
f 5375/5832 5376/5833 5377/5834 5372/5829
f 5375/5832 5374/5831 5378/5835 5379/5836
f 5375/5832 5379/5836 5380/5837 5376/5833
f 5380/5837 5381/5838 5382/5839 5376/5833
f 5380/5837 5379/5836 5383/5840 5384/5841
f 5380/5837 5384/5841 5385/5842 5381/5838
f 5385/5842 5386/5843 5387/5844 5381/5838
f 5385/5842 5384/5841 5388/5845 5389/5846
f 5385/5842 5389/5846 5390/5847 5386/5843
f 5390/5847 5391/5848 5392/5849 5386/5843
f 5390/5850 5389/5851 5393/5852 5394/5853
f 5390/5850 5394/5853 5395/5854 5391/5855
f 5395/5854 5396/5856 5397/5857 5391/5855
f 5395/5854 5394/5853 5398/5858 5399/5859
f 5395/5854 5399/5859 5400/5860 5396/5856
f 5400/5861 5401/5862 5402/5863 5396/5864
f 5400/5860 5399/5859 4070/4320 4069/4319
f 5400/5861 4069/5865 5403/5866 5401/5862
f 5403/5866 5404/5867 5405/5868 5401/5862
f 5403/5866 4069/5865 4068/5869 5406/5870
f 5403/5866 5406/5870 5407/5871 5404/5867
f 5407/5871 5408/5872 5409/5873 5404/5867
f 5407/5871 5406/5870 5410/5874 5411/5875
f 5407/5871 5411/5875 5412/5876 5408/5872
f 5412/5876 5413/5877 5414/5878 5408/5872
f 5412/5876 5411/5875 5415/5879 5416/5880
f 5412/5876 5416/5880 5417/5881 5413/5877
f 5417/5881 5418/5882 5419/5883 5413/5877
f 5417/5881 5416/5880 4553/4888 5420/5884
f 5417/5881 5420/5884 5421/5885 5418/5882
f 5421/5885 4479/4798 5422/5886 5418/5882
f 5421/5885 5420/5884 4550/5887 4482/5888
f 5421/5885 4482/5888 4480/4799 4479/4798
f 5422/5886 4473/4789 4469/4785 4468/4784
f 5422/5886 4468/4784 5419/5883 5418/5882
f 5422/5886 4479/4798 4475/4791 4473/4789
f 5420/5884 4553/4888 4551/4887 4550/5887
f 5419/5883 4468/4784 4465/4781 4464/4780
f 5419/5883 4464/4780 5414/5878 5413/5877
f 5416/5880 5415/5879 4554/4889 4553/4888
f 5415/5879 5411/5875 5410/5874 4558/4896
f 5415/5879 4558/4896 4555/4890 4554/4889
f 5414/5878 4464/4780 4460/4776 4459/4775
f 5414/5878 4459/4775 5409/5873 5408/5872
f 5410/5874 5406/5870 4068/5869 4074/5889
f 5410/5874 4074/5889 4559/4897 4558/4896
f 5409/5873 4459/4775 4455/4771 4454/4770
f 5409/5873 4454/4770 5405/5868 5404/5867
f 5405/5868 4454/4770 4450/4765 4449/4764
f 5405/5868 4449/4764 5402/5863 5401/5862
f 5402/5863 4449/4764 4445/4763 4444/5890
f 5402/5863 4444/5890 5397/5891 5396/5864
f 5399/5859 5398/5858 4071/4321 4070/4320
f 5398/5858 5394/5853 5393/5852 5423/5892
f 5398/5858 5423/5892 3976/4338 4071/4321
f 5423/5892 5393/5852 4789/5140 4787/5138
f 5423/5892 4787/5138 4089/4342 3976/4338
f 5397/5893 4444/4757 4440/4753 4439/4752
f 5397/5894 4439/5895 5392/5849 5391/5848
f 5393/5852 5389/5851 5388/5896 4789/5140
f 5392/5849 4439/5895 4435/4747 4434/4746
f 5392/5849 4434/4746 5387/5844 5386/5843
f 5388/5845 5384/5841 5383/5840 4792/5897
f 5388/5896 4792/5143 4790/5141 4789/5140
f 5387/5844 4434/4746 4430/4740 4429/4739
f 5387/5844 4429/4739 5382/5839 5381/5838
f 5383/5840 5379/5836 5378/5835 4795/5148
f 5383/5840 4795/5148 4793/5147 4792/5897
f 5382/5839 4429/4739 4425/4735 4424/4734
f 5382/5839 4424/4734 5377/5834 5376/5833
f 5378/5835 5374/5831 4800/5154 4798/5152
f 5378/5835 4798/5152 4796/5149 4795/5148
f 5377/5834 4424/4734 4420/4730 4419/4729
f 5377/5834 4419/4729 5373/5830 5372/5829
f 5373/5830 4419/4729 4415/4725 4414/4724
f 5373/5830 4414/4724 5370/5827 5369/5826
f 5370/5827 4414/4724 4410/4720 4409/4719
f 5370/5827 4409/4719 5367/5824 5366/5823
f 5367/5824 4409/4719 4405/4715 4404/4714
f 5367/5824 4404/4714 5362/5819 5361/5818
f 5364/5821 5363/5820 4807/5161 4806/5160
f 5363/5820 5359/5816 5307/5758 5306/5757
f 5363/5820 5306/5757 4809/5163 4807/5161
f 5362/5819 4404/4714 4400/4710 4399/4709
f 5362/5819 4399/4709 5358/5815 5357/5814
f 5358/5815 4399/4709 4395/4705 4394/4704
f 5358/5815 4394/4704 5355/5812 5354/5811
f 5355/5812 4394/4704 4390/4700 4389/4699
f 5355/5812 4389/4699 5352/5809 5351/5808
f 5352/5809 4389/4699 4385/4695 4384/4694
f 5352/5809 4384/4694 5348/5805 5347/5804
f 5349/5806 5348/5805 4379/4689 5424/5898
f 5349/5806 5424/5898 5425/5899 5343/5800
f 5425/5899 5424/5898 4375/4685 5426/5900
f 5425/5899 5426/5900 5427/5901 5340/5795
f 5425/5899 5340/5795 5339/5794 5343/5800
f 5427/5901 5426/5900 4371/4681 5428/5902
f 5427/5901 5428/5902 5429/5903 5337/5904
f 5427/5901 5337/5904 5336/5796 5340/5795
f 5429/5903 5428/5902 5430/5905 5431/5906
f 5429/5907 5431/5908 5432/5909 5333/5787
f 5429/5907 5333/5787 5332/5786 5337/5791
f 5432/5909 5431/5908 5433/5910 5434/5911
f 5432/5909 5434/5911 5435/5912 5436/5913
f 5432/5909 5436/5913 5334/5788 5333/5787
f 5436/5913 5435/5912 5437/5914 4141/4402
f 5436/5913 4141/4402 4140/4401 5334/5788
f 5437/5914 5435/5912 5438/5915 5439/5916
f 5437/5914 5439/5916 5440/5917 4197/4465
f 5437/5914 4197/4465 4137/4397 4141/4402
f 5440/5918 5439/5919 5441/5920 5442/5921
f 5440/5918 5442/5921 5443/5922 5444/5923
f 5440/5917 5444/5924 4198/4466 4197/4465
f 5444/5923 5443/5922 4353/4656 4351/4655
f 5444/5924 4351/5925 4199/4467 4198/4466
f 5443/5922 5442/5921 5445/5926 5446/5927
f 5443/5922 5446/5927 5447/5928 4353/4656
f 5447/5928 5446/5927 5448/5929 5449/5930
f 5447/5928 5449/5930 5450/5931 4356/5932
f 5447/5928 4356/5932 4354/4657 4353/4656
f 5450/5931 5449/5930 5451/5933 5452/5934
f 5450/5935 5452/5936 5453/5937 5454/5938
f 5450/5935 5454/5938 4357/4663 4356/4662
f 5454/5938 5453/5937 5455/5939 5456/5940
f 5454/5938 5456/5940 4358/4664 4357/4663
f 5456/5940 5455/5939 5457/5941 5458/5942
f 5456/5940 5458/5942 4360/4667 4358/4664
f 5458/5942 5457/5941 5459/5943 5460/5944
f 5458/5942 5460/5944 4362/4670 4360/4667
f 5460/5944 5459/5943 5461/5945 5462/5946
f 5460/5944 5462/5946 5463/5947 4362/4670
f 5463/5947 5462/5946 5464/5948 5465/5949
f 5463/5947 5465/5949 5466/5950 4365/4673
f 5463/5947 4365/4673 4363/4671 4362/4670
f 5466/5951 5465/5952 5467/5953 5468/5954
f 5466/5951 5468/5954 5469/5955 5470/5956
f 5466/5950 5470/5957 4366/4674 4365/4673
f 5470/5958 5469/5959 5433/5960 5471/5961
f 5470/5958 5471/5961 4367/4677 4366/4676
f 5471/5961 5433/5960 5431/5906 5430/5905
f 5471/5961 5430/5905 4369/4679 4367/4677
f 5469/5955 5468/5954 5472/5962 5473/5963
f 5469/5964 5473/5965 5434/5911 5433/5910
f 5473/5963 5472/5962 5474/5966 5438/5967
f 5473/5965 5438/5915 5435/5912 5434/5911
f 5474/5966 5472/5962 5475/5968 5476/5969
f 5474/5966 5476/5969 5477/5970 5441/5920
f 5474/5966 5441/5920 5439/5919 5438/5967
f 5477/5970 5476/5969 5478/5971 5479/5972
f 5477/5970 5479/5972 5480/5973 5445/5926
f 5477/5970 5445/5926 5442/5921 5441/5920
f 5480/5973 5479/5972 5481/5974 5482/5975
f 5480/5973 5482/5975 5483/5976 5448/5929
f 5480/5973 5448/5929 5446/5927 5445/5926
f 5483/5976 5482/5975 5484/5977 5485/5978
f 5483/5976 5485/5978 5486/5979 5451/5933
f 5483/5976 5451/5933 5449/5930 5448/5929
f 5486/5979 5485/5978 5487/5980 5488/5981
f 5486/5979 5488/5981 5489/5982 5490/5983
f 5486/5979 5490/5983 5452/5934 5451/5933
f 5490/5984 5489/5985 5491/5986 5492/5987
f 5490/5984 5492/5987 5453/5937 5452/5936
f 5492/5987 5491/5986 5493/5988 5494/5989
f 5492/5987 5494/5989 5455/5939 5453/5937
f 5494/5989 5493/5988 4055/4303 5495/5990
f 5494/5989 5495/5990 5457/5941 5455/5939
f 5495/5990 4055/4303 4054/4302 5496/5991
f 5495/5990 5496/5991 5459/5943 5457/5941
f 5496/5991 4054/4302 4056/4304 5497/5992
f 5496/5991 5497/5992 5461/5945 5459/5943
f 5497/5992 4056/4304 5498/5993 5499/5994
f 5497/5992 5499/5994 5500/5995 5461/5945
f 5500/5996 5499/5997 5501/5998 5502/5999
f 5500/5996 5502/5999 5503/6000 5464/6001
f 5500/5995 5464/5948 5462/5946 5461/5945
f 5503/6000 5502/5999 5504/6002 5505/6003
f 5503/6000 5505/6003 5475/5968 5467/5953
f 5503/6000 5467/5953 5465/5952 5464/6001
f 5505/6003 5504/6002 5506/6004 5478/5971
f 5505/6003 5478/5971 5476/5969 5475/5968
f 5506/6004 5504/6002 5507/6005 5508/6006
f 5506/6004 5508/6006 5509/6007 5481/5974
f 5506/6004 5481/5974 5479/5972 5478/5971
f 5509/6007 5508/6006 4210/4480 4209/4479
f 5509/6007 4209/4479 4208/4478 5484/5977
f 5509/6007 5484/5977 5482/5975 5481/5974
f 5508/6006 5507/6005 5510/6008 4210/4480
f 5510/6008 5511/6009 5512/6010 5513/6011
f 5510/6008 5513/6011 4206/4476 4210/4480
f 5510/6008 5507/6005 5501/5998 5511/6009
f 5513/6011 5512/6010 4150/4413 4149/4412
f 5513/6011 4149/4412 4154/4417 4206/4476
f 5512/6010 5514/6012 5515/6013 4150/4413
f 5512/6010 5511/6009 5498/6014 5514/6012
f 5515/6015 4052/4300 4145/4407 4144/4406
f 5515/6013 4144/6016 4151/4414 4150/4413
f 5515/6015 5514/6017 4053/4301 4052/4300
f 5514/6017 5498/5993 4056/4304 4053/4301
f 5511/6009 5501/5998 5499/5997 5498/6014
f 5507/6005 5504/6002 5502/5999 5501/5998
f 5493/5988 5491/5986 4146/4408 4148/4410
f 5493/5988 4148/4410 4051/4299 4055/4303
f 5491/5986 5489/5985 4147/4409 4146/4408
f 5489/5982 5488/5981 5516/6018 4147/6019
f 5516/6018 5517/6020 4153/4416 4152/4415
f 5516/6018 4152/4415 4143/6021 4147/6019
f 5516/6018 5488/5981 5487/5980 5517/6020
f 5517/6020 4207/4477 4154/4417 4153/4416
f 5517/6020 5487/5980 4208/4478 4207/4477
f 5487/5980 5485/5978 5484/5977 4208/4478
f 5475/5968 5472/5962 5468/5954 5467/5953
f 5430/5905 5428/5902 4371/4681 4369/4679
f 5426/5900 4375/4685 4372/4682 4371/4681
f 5424/5898 4379/4689 4376/4686 4375/4685
f 5348/5805 4384/4694 4380/4690 4379/4689
f 5297/5747 4825/5181 4822/5178 4820/5177
f 5293/5741 4828/5184 4826/5182 4825/5181
f 5289/5737 4831/5187 4829/5185 4828/5184
f 5285/5733 4834/5190 4832/5188 4831/5187
f 5281/5729 4837/5193 4835/5191 4834/5190
f 5277/5725 4840/5196 4838/5194 4837/5193
f 5273/5721 4843/5199 4841/5197 4840/5196
f 5272/5720 4138/4399 5268/5716 5267/5715
f 5269/5717 4846/5202 4844/5200 4843/5199
f 5268/5716 4138/4399 4136/4396 4110/4366
f 5268/5716 4110/4366 3979/4362 5265/5713
f 4727/5076 4726/5075 4629/4972 4090/4343
f 4726/5075 4634/4977 4630/4973 4629/4972
f 4706/5052 4180/4447 4179/4446 4701/5047
f 4629/4972 4625/4968 4086/4339 4090/4343
f 4612/4955 4611/4954 4073/4323 3973/4317
f 4611/6022 4607/4949 4564/4904 4562/4902
f 4611/6022 4562/4902 4560/4900 4073/6023
f 4603/4943 4567/4907 4565/4905 4564/4904
f 4580/4920 4576/4916 4574/4914 4573/4913
f 4560/4900 4559/4899 4074/6024 4073/6023
f 4550/4883 4548/4881 4483/4803 4482/4802
f 4518/4846 4516/4844 4509/4833 4508/4832
f 4496/4816 4159/6025 4158/4797 4067/4316
f 4496/4816 4067/4316 4064/4313 4491/4811
f 4496/4816 4495/4815 4160/4821 4159/6025
f 4472/4788 4165/4430 4164/4429 4467/4783
f 4463/4779 4462/4778 4164/4429 4163/4428
f 4418/4728 4168/4434 4413/4723 4412/4722
f 4383/4693 4060/4308 4059/4307 4378/4688
f 4374/4684 4059/4307 4048/4295 4047/4294
f 4347/4645 4346/4644 5518/6026 4196/4648
f 5518/6026 4346/4644 4345/4643 5519/6027
f 5518/6028 5519/6029 5520/6030 5521/6031
f 5518/6028 5521/6031 4193/4461 4196/4464
f 5521/6031 5520/6030 5522/6032 5523/6033
f 5521/6031 5523/6033 4194/4462 4193/4461
f 5523/6033 5522/6032 5524/6034 5525/6035
f 5523/6033 5525/6035 5526/6036 4194/4462
f 5526/6036 5525/6035 5527/6037 5528/6038
f 5526/6036 5528/6038 4111/4367 4135/4395
f 5526/6036 4135/4395 4134/4394 4194/4462
f 5528/6038 5527/6037 5529/6039 5530/6040
f 5528/6038 5530/6040 4112/4368 4111/4367
f 5530/6040 5529/6039 5531/6041 4114/4371
f 5530/6040 4114/4371 4113/4369 4112/4368
f 5531/6041 5529/6039 5532/6042 5533/6043
f 5531/6041 5533/6043 5534/6044 5535/6045
f 5531/6041 5535/6045 4115/4372 4114/4371
f 5535/6045 5534/6044 4328/6046 4326/6047
f 5535/6045 4326/6047 4121/4378 4115/4372
f 5534/6048 5533/6049 5536/6050 5537/6051
f 5534/6048 5537/6051 4330/4621 4328/4620
f 5537/6051 5536/6050 5538/6052 5539/6053
f 5537/6051 5539/6053 5540/6054 4330/4621
f 5540/6054 5539/6053 5541/6055 5542/6056
f 5540/6054 5542/6056 5543/6057 4333/6058
f 5540/6054 4333/6058 4331/4622 4330/4621
f 5543/6057 5542/6056 5544/6059 5545/6060
f 5543/6061 5545/6062 5546/6063 5547/6064
f 5543/6061 5547/6064 4334/4628 4333/4627
f 5547/6064 5546/6063 5548/6065 5549/6066
f 5547/6064 5549/6066 4335/4629 4334/4628
f 5549/6066 5548/6065 5550/6067 5551/6068
f 5549/6066 5551/6068 4337/4632 4335/4629
f 5551/6068 5550/6067 5552/6069 5553/6070
f 5551/6068 5553/6070 4339/4635 4337/4632
f 5553/6070 5552/6069 5554/6071 5555/6072
f 5553/6070 5555/6072 5556/6073 4339/4635
f 5556/6073 5555/6072 5557/6074 5558/6075
f 5556/6073 5558/6075 5559/6076 4342/4638
f 5556/6073 4342/4638 4340/4636 4339/4635
f 5559/6077 5558/6078 5560/6079 5561/6080
f 5559/6077 5561/6080 5519/6081 4345/6082
f 5559/6076 4345/6083 4343/4639 4342/4638
f 5561/6080 5560/6079 5562/6084 5563/6085
f 5561/6080 5563/6085 5520/6086 5519/6081
f 5563/6085 5562/6084 5564/6087 5565/6088
f 5563/6085 5565/6088 5522/6089 5520/6086
f 5565/6088 5564/6087 5566/6090 5567/6091
f 5565/6088 5567/6091 5524/6092 5522/6089
f 5567/6091 5566/6090 5568/6093 5569/6094
f 5567/6091 5569/6094 5570/6095 5524/6092
f 5570/6095 5569/6094 5571/6096 5532/6097
f 5570/6098 5532/6042 5529/6039 5527/6037
f 5570/6098 5527/6037 5525/6035 5524/6034
f 5571/6096 5569/6094 5568/6093 5572/6099
f 5571/6096 5572/6099 5538/6052 5536/6050
f 5571/6096 5536/6050 5533/6049 5532/6097
f 5572/6099 5568/6093 5573/6100 5574/6101
f 5572/6099 5574/6101 5575/6102 5538/6052
f 5575/6102 5574/6101 5576/6103 5577/6104
f 5575/6102 5577/6104 5578/6105 5541/6055
f 5575/6102 5541/6055 5539/6053 5538/6052
f 5578/6105 5577/6104 5579/6106 5580/6107
f 5578/6105 5580/6107 5581/6108 5544/6059
f 5578/6105 5544/6059 5542/6056 5541/6055
f 5581/6108 5580/6107 5582/6109 5583/6110
f 5581/6108 5583/6110 5584/6111 5585/6112
f 5581/6108 5585/6112 5545/6060 5544/6059
f 5585/6113 5584/6114 5586/6115 5587/6116
f 5585/6113 5587/6116 5546/6063 5545/6062
f 5587/6116 5586/6115 5588/6117 5589/6118
f 5587/6116 5589/6118 5548/6065 5546/6063
f 5589/6118 5588/6117 5590/6119 5591/6120
f 5589/6118 5591/6120 5550/6067 5548/6065
f 5591/6120 5590/6119 5592/6121 5593/6122
f 5591/6120 5593/6122 5552/6069 5550/6067
f 5593/6122 5592/6121 5594/6123 5595/6124
f 5593/6122 5595/6124 5554/6071 5552/6069
f 5595/6124 5594/6123 5596/6125 5597/6126
f 5595/6124 5597/6126 5598/6127 5554/6071
f 5598/6128 5597/6129 5599/6130 5600/6131
f 5598/6128 5600/6131 5601/6132 5557/6133
f 5598/6127 5557/6074 5555/6072 5554/6071
f 5601/6132 5600/6131 5602/6134 5603/6135
f 5601/6132 5603/6135 5562/6084 5560/6079
f 5601/6132 5560/6079 5558/6078 5557/6133
f 5603/6135 5602/6134 5604/6136 5605/6137
f 5603/6135 5605/6137 5564/6087 5562/6084
f 5605/6137 5604/6136 5606/6138 5607/6139
f 5605/6137 5607/6139 5566/6090 5564/6087
f 5607/6139 5606/6138 5608/6140 5573/6100
f 5607/6139 5573/6100 5568/6093 5566/6090
f 5608/6140 5606/6138 5609/6141 5610/6142
f 5608/6140 5610/6142 5611/6143 5576/6103
f 5608/6140 5576/6103 5574/6101 5573/6100
f 5611/6143 5610/6142 5612/6144 5613/6145
f 5611/6143 5613/6145 5614/6146 5579/6106
f 5611/6143 5579/6106 5577/6104 5576/6103
f 5614/6146 5613/6145 5615/6147 5616/6148
f 5614/6146 5616/6148 5617/6149 5582/6109
f 5614/6146 5582/6109 5580/6107 5579/6106
f 5617/6149 5616/6148 5618/6150 5619/6151
f 5617/6149 5619/6151 5620/6152 5621/6153
f 5617/6149 5621/6153 5583/6110 5582/6109
f 5621/6153 5620/6152 5622/6154 5623/6155
f 5621/6153 5623/6155 5584/6111 5583/6110
f 5623/6156 5622/6157 5624/6158 5625/6159
f 5623/6156 5625/6159 5586/6115 5584/6114
f 5625/6159 5624/6158 5626/6160 5627/6161
f 5625/6159 5627/6161 5588/6117 5586/6115
f 5627/6161 5626/6160 5628/6162 5629/6163
f 5627/6161 5629/6163 5590/6119 5588/6117
f 5629/6163 5628/6162 5630/6164 5631/6165
f 5629/6163 5631/6165 5592/6121 5590/6119
f 5631/6165 5630/6164 5632/6166 5633/6167
f 5631/6165 5633/6167 5594/6123 5592/6121
f 5633/6167 5632/6166 5634/6168 5635/6169
f 5633/6167 5635/6169 5596/6125 5594/6123
f 5635/6170 5634/6171 5636/6172 5637/6173
f 5635/6170 5637/6173 5638/6174 5596/6175
f 5638/6174 5637/6173 5639/6176 5640/6177
f 5638/6174 5640/6177 5641/6178 5599/6130
f 5638/6174 5599/6130 5597/6129 5596/6175
f 5641/6178 5640/6177 5642/6179 5643/6180
f 5641/6178 5643/6180 5604/6136 5602/6134
f 5641/6178 5602/6134 5600/6131 5599/6130
f 5643/6180 5642/6179 5644/6181 5609/6141
f 5643/6180 5609/6141 5606/6138 5604/6136
f 5644/6181 5642/6179 5645/6182 5646/6183
f 5644/6181 5646/6183 5647/6184 5612/6144
f 5644/6181 5612/6144 5610/6142 5609/6141
f 5647/6184 5646/6183 5648/6185 5649/6186
f 5647/6184 5649/6186 5650/6187 5615/6147
f 5647/6184 5615/6147 5613/6145 5612/6144
f 5650/6187 5649/6186 5651/6188 5652/6189
f 5650/6187 5652/6189 5653/6190 5618/6150
f 5650/6187 5618/6150 5616/6148 5615/6147
f 5653/6190 5652/6189 5654/6191 5655/6192
f 5653/6190 5655/6192 5656/6193 5657/6194
f 5653/6190 5657/6194 5619/6151 5618/6150
f 5657/6194 5656/6193 5658/6195 5659/6196
f 5657/6194 5659/6196 5620/6152 5619/6151
f 5659/6196 5658/6195 5660/6197 5661/6198
f 5659/6196 5661/6198 5622/6154 5620/6152
f 5661/6199 5660/6200 5662/6201 5663/6202
f 5661/6199 5663/6202 5624/6158 5622/6157
f 5663/6202 5662/6201 5664/6203 5665/6204
f 5663/6202 5665/6204 5626/6160 5624/6158
f 5665/6204 5664/6203 5666/6205 5667/6206
f 5665/6204 5667/6206 5628/6162 5626/6160
f 5667/6206 5666/6205 5668/6207 5669/6208
f 5667/6206 5669/6208 5630/6164 5628/6162
f 5669/6208 5668/6207 5670/6209 5671/6210
f 5669/6208 5671/6210 5632/6166 5630/6164
f 5671/6210 5670/6209 5672/6211 5673/6212
f 5671/6210 5673/6212 5634/6168 5632/6166
f 5673/6213 5672/6214 5674/6215 5675/6216
f 5673/6213 5675/6216 5636/6172 5634/6171
f 5675/6216 5674/6215 5676/6217 5677/6218
f 5675/6216 5677/6218 5678/6219 5636/6172
f 5678/6219 5677/6218 5679/6220 5680/6221
f 5678/6219 5680/6221 5645/6182 5639/6176
f 5678/6219 5639/6176 5637/6173 5636/6172
f 5680/6221 5679/6220 5681/6222 5648/6185
f 5680/6221 5648/6185 5646/6183 5645/6182
f 5681/6222 5679/6220 5682/6223 5683/6224
f 5681/6222 5683/6224 5684/6225 5651/6188
f 5681/6222 5651/6188 5649/6186 5648/6185
f 5684/6225 5683/6224 5685/6226 4123/4381
f 5684/6225 4123/4381 4122/4380 5654/6191
f 5684/6225 5654/6191 5652/6189 5651/6188
f 5685/6226 5686/6227 4200/4469 4205/4474
f 5685/6226 4205/4474 4124/4382 4123/4381
f 5685/6226 5683/6224 5682/6223 5686/6227
f 5686/6227 5687/6228 4201/4470 4200/4469
f 5686/6227 5682/6223 5676/6217 5687/6228
f 5687/6228 5688/6229 5689/6230 4201/4470
f 5687/6228 5676/6217 5674/6215 5688/6229
f 5689/6230 5690/6231 5691/6232 5692/6233
f 5689/6230 5692/6233 4202/4471 4201/4470
f 5689/6230 5688/6229 5693/6234 5690/6231
f 5693/6235 4132/4391 4131/4390 5690/6236
f 5693/6234 5688/6229 5674/6215 5672/6214
f 5693/6235 5672/6211 5670/6209 4132/4391
f 5692/6233 5691/6232 4104/6237 5694/6238
f 5692/6233 5694/6238 4203/4472 4202/4471
f 5694/6238 4104/6237 4103/6239 5695/6240
f 5694/6238 5695/6240 5696/6241 4203/4472
f 5696/6241 4125/4383 4204/4473 4203/4472
f 5696/6241 5695/6240 5697/6242 5698/6243
f 5696/6241 5698/6243 4126/4384 4125/4383
f 5698/6243 5697/6242 5699/6244 5700/6245
f 5698/6243 5700/6245 4127/4385 4126/4384
f 5700/6245 5699/6244 5658/6195 5656/6193
f 5700/6245 5656/6193 5655/6192 4127/4385
f 5699/6244 5697/6242 4102/6246 5701/6247
f 5699/6244 5701/6247 5660/6197 5658/6195
f 5701/6248 4102/4357 4101/4356 5702/6249
f 5701/6248 5702/6249 5662/6201 5660/6200
f 5702/6249 4101/4356 4106/4361 5703/6250
f 5702/6249 5703/6250 5664/6203 5662/6201
f 5703/6250 4106/4361 4130/4389 4129/4388
f 5703/6250 4129/4388 5666/6205 5664/6203
f 5697/6242 5695/6240 4103/6239 4102/6246
f 5691/6251 4133/4392 4105/4360 4104/4359
f 5691/6251 5690/6236 4131/4390 4133/4392
f 5682/6223 5679/6220 5677/6218 5676/6217
f 5670/6209 5668/6207 4128/4387 4132/4391
f 5668/6207 5666/6205 4129/4388 4128/4387
f 5655/6192 5654/6191 4122/4380 4127/4385
f 5645/6182 5642/6179 5640/6177 5639/6176
f 4322/4609 4318/4604 4117/4603 4116/4613
f 4321/4608 4320/4607 4029/4273 4031/4275
f 4314/6252 4313/5464 4118/4375 4117/4374
f 4267/4547 4234/4508 4233/4507 4262/4542
f 4255/4535 4253/4532 4235/4510 4240/4515
f 4253/4532 4249/4531 4236/4511 4235/4510
f 4243/4519 4242/4518 4237/5469 4236/4525
f 4205/4474 4204/4473 4125/4383 4124/4382
f 4192/4460 4191/4459 4109/4365 4108/4364
f 4166/4431 4003/4826 4002/6253 4161/4426
f 4162/4427 4161/4426 4002/6253 4001/4841
f 4152/4415 4151/4414 4144/6016 4143/6021
f 4148/4410 4145/4407 4052/4300 4051/4299
f 4136/4396 4135/4395 4111/4367 4110/4366
f 4133/4392 4130/4389 4106/4361 4105/4360
f 5704/6254 5707/6255 5706/6256 5705/6257
f 5704/6254 5709/6258 5708/6259 5707/6255
f 5704/6254 5705/6257 5710/6260 5709/6258
f 5711/6261 5714/6262 5713/6263 5712/6264
f 5711/6261 5712/6264 5716/6265 5715/6266
f 5711/6261 5715/6266 5718/6267 5717/6268
f 5711/6261 5717/6268 5720/6269 5719/6270
f 5711/6261 5719/6270 5721/6271 5714/6262
f 5722/6272 5725/6273 5724/6274 5723/6275
f 5722/6276 5727/6277 5726/6278 5725/6279
f 5722/6272 5723/6275 5729/6280 5728/6281
f 5722/6276 5728/6282 5730/6283 5721/6271
f 5722/6276 5721/6271 5719/6270 5727/6277
f 5731/6284 5734/6285 5733/6286 5732/6287
f 5731/6284 5735/6288 5725/6279 5726/6278
f 5731/6284 5726/6278 5736/6289 5734/6285
f 5731/6284 5732/6287 5738/6290 5737/6291
f 5731/6284 5737/6291 5739/6292 5735/6288
f 5740/6293 5743/6294 5742/6295 5741/6296
f 5740/6293 5741/6296 5745/6297 5744/6298
f 5740/6293 5744/6298 5747/6299 5746/6300
f 5740/6293 5749/6301 5748/6302 5743/6294
f 5740/6293 5746/6300 5750/6303 5749/6301
f 5751/6304 5754/6305 5753/6306 5752/6307
f 5751/6304 5756/6308 5755/6309 5754/6305
f 5751/6304 5758/6310 5757/6311 5756/6308
f 5751/6304 5760/6312 5759/6313 5758/6310
f 5751/6304 5752/6307 5761/6314 5760/6312
f 5762/6315 5765/6316 5764/6317 5763/6318
f 5762/6315 5763/6318 5767/6319 5766/6320
f 5762/6315 5766/6320 5768/6321 5765/6316
f 5750/6303 5770/6322 5769/6323 5749/6301
f 5750/6303 5772/6324 5771/6325 5759/6313
f 5750/6303 5759/6313 5760/6312 5770/6322
f 5750/6303 5746/6300 5773/6326 5772/6324
f 5774/6327 5777/6328 5776/6329 5775/6330
f 5774/6327 5775/6330 5779/6331 5778/6332
f 5774/6327 5778/6332 5780/6333 5777/6328
f 5781/6334 5784/6335 5783/6336 5782/6337
f 5781/6334 5786/6338 5785/6339 5784/6335
f 5781/6334 5782/6337 5788/6340 5787/6341
f 5789/6342 5792/6343 5791/6344 5790/6345
f 5789/6342 5794/6346 5793/6347 5792/6343
f 5789/6342 5790/6345 5795/6348 5794/6346
f 5796/6349 5799/6350 5798/6351 5797/6352
f 5796/6349 5800/6353 5791/6344 5799/6350
f 5796/6349 5797/6352 5801/6354 5800/6353
f 5802/6355 5805/6356 5804/6357 5803/6358
f 5802/6355 5785/6339 5786/6338 5805/6356
f 5802/6355 5803/6358 5807/6359 5806/6360
f 5808/6361 5811/6362 5810/6363 5809/6364
f 5808/6361 5809/6364 5813/6365 5812/6366
f 5808/6361 5812/6366 5815/6367 5814/6368
f 5808/6361 5814/6368 5817/6369 5816/6370
f 5808/6361 5816/6370 5818/6371 5811/6362
f 5819/6372 5822/6373 5821/6374 5820/6375
f 5819/6372 5824/6376 5823/6377 5822/6373
f 5819/6372 5820/6375 5825/6378 5824/6376
f 5826/6379 5829/6380 5828/6381 5827/6382
f 5826/6379 5832/6383 5831/6384 5830/6385
f 5826/6379 5827/6382 5833/6386 5832/6383
f 5834/6387 5836/6388 5835/6389 5833/6386
f 5834/6387 5839/6390 5838/6391 5837/6392
f 5834/6387 5833/6386 5827/6382 5840/6393
f 5834/6387 5840/6393 5841/6394 5839/6390
f 5834/6387 5837/6392 5842/6395 5836/6388
f 5843/6396 5846/6397 5845/6398 5844/6399
f 5843/6396 5848/6400 5847/6401 5846/6397
f 5843/6396 5844/6399 5849/6402 5848/6400
f 5850/6403 5853/6404 5852/6405 5851/6406
f 5850/6403 5851/6406 5855/6407 5854/6408
f 5850/6403 5854/6408 5856/6409 5853/6404
f 5857/6410 5860/6411 5859/6412 5858/6413
f 5857/6410 5858/6413 5862/6414 5861/6415
f 5857/6410 5864/6416 5863/6417 5860/6411
f 5857/6410 5861/6415 5866/6418 5865/6419
f 5857/6410 5865/6419 5867/6420 5864/6416
f 5868/6421 5871/6422 5870/6423 5869/6424
f 5868/6421 5869/6424 5873/6425 5872/6426
f 5868/6421 5872/6426 5874/6427 5871/6422
f 5875/6428 5878/6429 5877/6430 5876/6431
f 5875/6428 5880/6432 5879/6433 5878/6429
f 5875/6428 5876/6431 5881/6434 5880/6432
f 5882/6435 5885/6436 5884/6437 5883/6438
f 5882/6435 5887/6439 5886/6440 5885/6436
f 5882/6435 5883/6438 5888/6441 5887/6439
f 5889/6442 5892/6443 5891/6444 5890/6445
f 5889/6442 5894/6446 5893/6447 5892/6443
f 5889/6442 5890/6445 5895/6448 5894/6446
f 5896/6449 5899/6450 5898/6451 5897/6452
f 5896/6449 5897/6452 5901/6453 5900/6454
f 5896/6449 5904/6455 5903/6456 5902/6457
f 5896/6449 5902/6457 5905/6458 5899/6450
f 5896/6449 5900/6454 5906/6459 5904/6455
f 5907/6460 5910/6461 5909/6462 5908/6463
f 5907/6460 5912/6464 5911/6465 5910/6461
f 5907/6460 5908/6463 5914/6466 5913/6467
f 5915/6468 5917/6469 5810/6363 5916/6470
f 5915/6468 5919/6471 5918/6472 5917/6469
f 5915/6468 5921/6473 5920/6474 5919/6471
f 5915/6468 5923/6475 5922/6476 5921/6473
f 5915/6468 5916/6470 5924/6477 5923/6475
f 5862/6414 5858/6413 5926/6478 5925/6479
f 5862/6414 5925/6479 5928/6480 5927/6481
f 5862/6414 5930/6482 5929/6483 5861/6415
f 5862/6414 5927/6481 5931/6484 5930/6482
f 5932/6485 5935/6486 5934/6487 5933/6488
f 5932/6485 5937/6489 5936/6490 5935/6486
f 5932/6485 5933/6488 5938/6491 5937/6489
f 5939/6492 5941/6493 5881/6434 5940/6494
f 5939/6492 5943/6495 5942/6496 5941/6493
f 5939/6492 5940/6494 5944/6497 5943/6495
f 5945/6498 5948/6499 5947/6500 5946/6501
f 5945/6498 5950/6502 5949/6503 5948/6499
f 5945/6498 5946/6501 5951/6504 5950/6502
f 5952/6505 5955/6506 5954/6507 5953/6508
f 5952/6505 5953/6508 5957/6509 5956/6510
f 5952/6505 5956/6510 5958/6511 5955/6506
f 5959/6512 5962/6513 5961/6514 5960/6515
f 5959/6512 5964/6516 5963/6517 5962/6513
f 5959/6512 5960/6515 5965/6518 5964/6516
f 5966/6519 5969/6520 5968/6521 5967/6522
f 5966/6519 5971/6523 5970/6524 5969/6520
f 5966/6519 5967/6522 5972/6525 5971/6523
f 5973/6526 5976/6527 5975/6528 5974/6529
f 5973/6526 5978/6530 5977/6531 5976/6527
f 5973/6526 5974/6529 5979/6532 5978/6530
f 5980/6533 5983/6534 5982/6535 5981/6536
f 5980/6533 5981/6536 5985/6537 5984/6538
f 5980/6533 5984/6538 5986/6539 5983/6534
f 5986/6539 5984/6538 5988/6540 5987/6541
f 5986/6539 5989/6542 5975/6543 5983/6534
f 5986/6539 5987/6541 5990/6544 5989/6542
f 5990/6544 5987/6541 5992/6545 5991/6546
f 5990/6547 5994/6548 5993/6549 5989/6550
f 5990/6547 5991/6551 5968/6521 5994/6548
f 5994/6548 5996/6552 5995/6553 5993/6549
f 5994/6548 5968/6521 5969/6520 5996/6552
f 5996/6552 5998/6554 5997/6555 5995/6553
f 5996/6552 5969/6520 5970/6524 5998/6554
f 5998/6554 6000/6556 5999/6557 5997/6555
f 5998/6554 5970/6524 6001/6558 6000/6556
f 6001/6558 5970/6524 5971/6523 6002/6559
f 6001/6558 6004/6560 6003/6561 6000/6556
f 6001/6558 6002/6559 6005/6562 6004/6560
f 6005/6562 6002/6559 6007/6563 6006/6564
f 6005/6562 6009/6565 6008/6566 6004/6560
f 6005/6562 6006/6564 6010/6567 6009/6565
f 6010/6567 6006/6564 6012/6568 6011/6569
f 6010/6567 6014/6570 6013/6571 6009/6565
f 6010/6567 6011/6569 6015/6572 6014/6570
f 6015/6573 6011/6574 6017/6575 6016/6576
f 6015/6572 6019/6577 6018/6578 6014/6570
f 6015/6573 6016/6576 6020/6579 6019/6580
f 6020/6579 6016/6576 6022/6581 6021/6582
f 6020/6579 6024/6583 6023/6584 6019/6580
f 6020/6579 6021/6582 6025/6585 6024/6583
f 6025/6585 6021/6582 6027/6586 6026/6587
f 6025/6585 6029/6588 6028/6589 6024/6583
f 6025/6585 6026/6587 6030/6590 6029/6588
f 6030/6590 6026/6587 6032/6591 6031/6592
f 6030/6590 6034/6593 6033/6594 6029/6588
f 6030/6590 6031/6592 6035/6595 6034/6593
f 6035/6595 6031/6592 6037/6596 6036/6597
f 6035/6595 6039/6598 6038/6599 6034/6593
f 6035/6595 6036/6597 6040/6600 6039/6598
f 6040/6600 6036/6597 6042/6601 6041/6602
f 6040/6600 6044/6603 6043/6604 6039/6598
f 6040/6600 6041/6602 6045/6605 6044/6603
f 6045/6605 6041/6602 6047/6606 6046/6607
f 6045/6605 6049/6608 6048/6609 6044/6603
f 6045/6605 6046/6607 6050/6610 6049/6608
f 6050/6610 6046/6607 6052/6611 6051/6612
f 6050/6610 6054/6613 6053/6614 6049/6608
f 6050/6610 6051/6612 6055/6615 6054/6613
f 6055/6615 6051/6612 6057/6616 6056/6617
f 6055/6618 6058/6619 5838/6620 6054/6621
f 6055/6618 6056/6622 6059/6623 6058/6619
f 6059/6623 6056/6622 6061/6624 6060/6625
f 6059/6623 6063/6626 6062/6627 6058/6619
f 6059/6623 6060/6625 6064/6628 6063/6626
f 6064/6628 6060/6625 5737/6291 5738/6290
f 6064/6628 5744/6298 5745/6297 6063/6626
f 6064/6628 5738/6290 5747/6299 5744/6298
f 6063/6626 5745/6297 6065/6629 6062/6627
f 6065/6629 5842/6630 5837/6631 6062/6627
f 6065/6629 6067/6632 6066/6633 5842/6630
f 6065/6629 5745/6297 5741/6296 6067/6632
f 6067/6632 6069/6634 6068/6635 6066/6633
f 6067/6632 5741/6296 5742/6295 6069/6634
f 6069/6636 6071/6637 6070/6638 6068/6639
f 6069/6640 5742/6641 6072/6642 6071/6643
f 6072/6642 6074/6644 6073/6645 6071/6643
f 6072/6642 6076/6646 6075/6647 6074/6644
f 6072/6642 5742/6641 5743/6648 6076/6646
f 6076/6646 6078/6649 6077/6650 6075/6647
f 6076/6646 5743/6648 5748/6651 6078/6649
f 6078/6649 6080/6652 6079/6653 6077/6650
f 6078/6649 5748/6651 6081/6654 6080/6652
f 6081/6654 6083/6655 6082/6656 6080/6652
f 6081/6657 5769/6323 6084/6658 6083/6659
f 6081/6657 5748/6302 5749/6301 5769/6323
f 6084/6658 6086/6660 6085/6661 6083/6659
f 6084/6658 6088/6662 6087/6663 6086/6660
f 6084/6658 5769/6323 5770/6322 6088/6662
f 6088/6662 5761/6314 6089/6664 6087/6663
f 6088/6662 5770/6322 5760/6312 5761/6314
f 6089/6664 5927/6665 5928/6666 6087/6663
f 6089/6664 6090/6667 5931/6668 5927/6665
f 6089/6664 5761/6314 5752/6307 6090/6667
f 6090/6667 6092/6669 6091/6670 5931/6668
f 6090/6667 5752/6307 5753/6306 6092/6669
f 6092/6671 6094/6672 6093/6673 6091/6674
f 6092/6675 5753/6676 6095/6677 6094/6678
f 6095/6677 6097/6679 6096/6680 6094/6678
f 6095/6677 6099/6681 6098/6682 6097/6679
f 6095/6677 5753/6676 5754/6683 6099/6681
f 6099/6681 6101/6684 6100/6685 6098/6682
f 6099/6681 5754/6683 5755/6686 6101/6684
f 6101/6684 6103/6687 6102/6688 6100/6685
f 6101/6684 5755/6686 6104/6689 6103/6687
f 6104/6689 6106/6690 6105/6691 6103/6687
f 6104/6692 6108/6693 6107/6694 6106/6695
f 6104/6692 5755/6309 5756/6308 6108/6693
f 6108/6693 6110/6696 6109/6697 6107/6694
f 6108/6693 5756/6308 5757/6311 6110/6696
f 6110/6696 6112/6698 6111/6699 6109/6697
f 6110/6696 5757/6311 6113/6700 6112/6698
f 6113/6700 5757/6311 5758/6310 6114/6701
f 6113/6700 6116/6702 6115/6703 6112/6698
f 6113/6700 6114/6701 6117/6704 6116/6702
f 6117/6704 6114/6701 5771/6325 6118/6705
f 6117/6704 6120/6706 6119/6707 6116/6702
f 6117/6704 6118/6705 6121/6708 6120/6706
f 6121/6708 6118/6705 6123/6709 6122/6710
f 6121/6708 6125/6711 6124/6712 6120/6706
f 6121/6708 6122/6710 6126/6713 6125/6711
f 6126/6713 6122/6710 6128/6714 6127/6715
f 6126/6713 6130/6716 6129/6717 6125/6711
f 6126/6713 6127/6715 6131/6718 6130/6716
f 6131/6718 6127/6715 6133/6719 6132/6720
f 6131/6718 6135/6721 6134/6722 6130/6716
f 6131/6718 6132/6720 6136/6723 6135/6721
f 6136/6723 6132/6720 6138/6724 6137/6725
f 6136/6723 6140/6726 6139/6727 6135/6721
f 6136/6723 6137/6725 6141/6728 6140/6726
f 6141/6728 6137/6725 6143/6729 6142/6730
f 6141/6728 6145/6731 6144/6732 6140/6726
f 6141/6728 6142/6730 6146/6733 6145/6731
f 6146/6733 6142/6730 6148/6734 6147/6735
f 6146/6733 6150/6736 6149/6737 6145/6731
f 6146/6733 6147/6735 6151/6738 6150/6736
f 6151/6738 6147/6735 6153/6739 6152/6740
f 6151/6738 6155/6741 6154/6742 6150/6736
f 6151/6738 6152/6740 6156/6743 6155/6741
f 6156/6743 6152/6740 6158/6744 6157/6745
f 6156/6743 6160/6746 6159/6747 6155/6741
f 6156/6743 6157/6745 6161/6748 6160/6746
f 6161/6748 6157/6745 6163/6749 6162/6750
f 6161/6748 6165/6751 6164/6752 6160/6746
f 6161/6748 6162/6750 6166/6753 6165/6751
f 6166/6753 6162/6750 6168/6754 6167/6755
f 6166/6753 6170/6756 6169/6757 6165/6751
f 6166/6753 6167/6755 6171/6758 6170/6756
f 6171/6759 6167/6760 6173/6761 6172/6762
f 6171/6758 6175/6763 6174/6764 6170/6756
f 6171/6759 6172/6762 6176/6765 6175/6766
f 6176/6765 6172/6762 6178/6767 6177/6768
f 6176/6765 6180/6769 6179/6770 6175/6766
f 6176/6765 6177/6768 6181/6771 6180/6769
f 6181/6771 6177/6768 6183/6772 6182/6773
f 6181/6771 6185/6774 6184/6775 6180/6769
f 6181/6771 6182/6773 6186/6776 6185/6774
f 6186/6776 6182/6773 6188/6777 6187/6778
f 6186/6779 6190/6780 6189/6781 6185/6782
f 6186/6779 6187/6783 6191/6784 6190/6780
f 6191/6784 6187/6783 6193/6785 6192/6786
f 6191/6784 6195/6787 6194/6788 6190/6780
f 6191/6784 6192/6786 6196/6789 6195/6787
f 6196/6789 6192/6786 6198/6790 6197/6791
f 6196/6789 6200/6792 6199/6793 6195/6787
f 6196/6789 6197/6791 6201/6794 6200/6792
f 6201/6794 6197/6791 6203/6795 6202/6796
f 6201/6794 6205/6797 6204/6798 6200/6792
f 6201/6794 6202/6796 6206/6799 6205/6797
f 6206/6799 6202/6796 5893/6447 6207/6800
f 6206/6799 6209/6801 6208/6802 6205/6797
f 6206/6799 6207/6800 6210/6803 6209/6801
f 6210/6803 6207/6800 6212/6804 6211/6805
f 6210/6803 6214/6806 6213/6807 6209/6801
f 6210/6803 6211/6805 5884/6437 6214/6806
f 6214/6806 6216/6808 6215/6809 6213/6807
f 6214/6806 5884/6437 5885/6436 6216/6808
f 6216/6808 6218/6810 6217/6811 6215/6809
f 6216/6808 5885/6436 5886/6440 6218/6810
f 6218/6812 5778/6332 5779/6331 6217/6813
f 6218/6812 5886/6814 5780/6333 5778/6332
f 6217/6811 6220/6815 6219/6816 6215/6809
f 6217/6813 5779/6331 6221/6817 6220/6818
f 6221/6817 6223/6819 6222/6820 6220/6818
f 6221/6817 6225/6821 6224/6822 6223/6819
f 6221/6817 5779/6331 5775/6330 6225/6821
f 6225/6821 6227/6823 6226/6824 6224/6822
f 6225/6821 5775/6330 5776/6329 6227/6823
f 6227/6823 6229/6825 6228/6826 6226/6824
f 6227/6823 5776/6329 6230/6827 6229/6825
f 6230/6827 5776/6329 5777/6328 6231/6828
f 6230/6827 6233/6829 6232/6830 6229/6825
f 6230/6827 6231/6828 6234/6831 6233/6829
f 6234/6831 6231/6828 6236/6832 6235/6833
f 6234/6831 6238/6834 6237/6835 6233/6829
f 6234/6831 6235/6833 6239/6836 6238/6834
f 6239/6836 6235/6833 5888/6837 6240/6838
f 6239/6836 6242/6839 6241/6840 6238/6834
f 6239/6836 6240/6838 6243/6841 6242/6839
f 6243/6841 5708/6259 5709/6258 6242/6839
f 6243/6842 6244/6843 5895/6448 5708/6844
f 6243/6842 6240/6845 6245/6846 6244/6843
f 6245/6846 6211/6805 6212/6804 6244/6843
f 6245/6846 5883/6438 5884/6437 6211/6805
f 6245/6846 6240/6845 5888/6441 5883/6438
f 6244/6843 6212/6804 5894/6446 5895/6448
f 6242/6839 5709/6258 5710/6260 6241/6840
f 6241/6840 6246/6847 6237/6835 6238/6834
f 6241/6840 5710/6260 6247/6848 6246/6847
f 6247/6848 6249/6849 6248/6850 6246/6847
f 6247/6848 6251/6851 6250/6852 6249/6849
f 6247/6848 5710/6260 5705/6257 6251/6851
f 6251/6851 6253/6853 6252/6854 6250/6852
f 6251/6851 5705/6257 5706/6256 6253/6853
f 6253/6855 6254/6856 6198/6790 6252/6857
f 6253/6855 5706/6858 5891/6444 6254/6856
f 6254/6856 6203/6795 6197/6791 6198/6790
f 6254/6856 5891/6444 5892/6443 6203/6795
f 6252/6854 6193/6859 6255/6860 6250/6852
f 6252/6857 6198/6790 6192/6786 6193/6785
f 6255/6860 6256/6861 6249/6849 6250/6852
f 6255/6860 6188/6777 6257/6862 6256/6861
f 6255/6860 6193/6859 6187/6778 6188/6777
f 6257/6862 6259/6863 6258/6864 6256/6861
f 6257/6862 6183/6772 6260/6865 6259/6863
f 6257/6862 6188/6777 6182/6773 6183/6772
f 6260/6865 6262/6866 6261/6867 6259/6863
f 6260/6865 6178/6767 6263/6868 6262/6866
f 6260/6865 6183/6772 6177/6768 6178/6767
f 6263/6868 6265/6869 6264/6870 6262/6866
f 6263/6868 6173/6761 6266/6871 6265/6869
f 6263/6868 6178/6767 6172/6762 6173/6761
f 6266/6871 6268/6872 6267/6873 6265/6869
f 6266/6871 6168/6874 6269/6875 6268/6872
f 6266/6871 6173/6761 6167/6760 6168/6874
f 6269/6875 6271/6876 6270/6877 6268/6872
f 6269/6878 6163/6749 6272/6879 6271/6880
f 6269/6878 6168/6754 6162/6750 6163/6749
f 6272/6879 5899/6450 5905/6458 6271/6880
f 6272/6879 6158/6744 5898/6451 5899/6450
f 6272/6879 6163/6749 6157/6745 6158/6744
f 6271/6876 5905/6881 6273/6882 6270/6877
f 6273/6882 6276/6883 6275/6884 6274/6885
f 6273/6882 5905/6881 5902/6886 6276/6883
f 6273/6882 6274/6885 6277/6887 6270/6877
f 6277/6887 6274/6885 6279/6888 6278/6889
f 6277/6887 6267/6873 6268/6872 6270/6877
f 6277/6887 6278/6889 6280/6890 6267/6873
f 6280/6890 6278/6889 6282/6891 6281/6892
f 6280/6890 6264/6870 6265/6869 6267/6873
f 6280/6890 6281/6892 6283/6893 6264/6870
f 6283/6893 6281/6892 6228/6826 6284/6894
f 6283/6893 6261/6867 6262/6866 6264/6870
f 6283/6893 6284/6894 6285/6895 6261/6867
f 6285/6895 6284/6894 6232/6830 6286/6896
f 6285/6895 6258/6864 6259/6863 6261/6867
f 6285/6895 6286/6896 6248/6850 6258/6864
f 6286/6896 6232/6830 6233/6829 6237/6835
f 6286/6896 6237/6835 6246/6847 6248/6850
f 6284/6894 6228/6826 6229/6825 6232/6830
f 6282/6891 6287/6897 6224/6822 6226/6824
f 6282/6891 6278/6889 6279/6888 6287/6897
f 6282/6891 6226/6824 6228/6826 6281/6892
f 6287/6897 6288/6898 6223/6819 6224/6822
f 6287/6897 6279/6888 6289/6899 6288/6898
f 6289/6899 6291/6900 6290/6901 6288/6898
f 6289/6899 6275/6884 6292/6902 6291/6900
f 6289/6899 6279/6888 6274/6885 6275/6884
f 6292/6903 6294/6904 6293/6905 6291/6906
f 6292/6903 6296/6907 6295/6908 6294/6904
f 6292/6902 6275/6884 6276/6883 6296/6909
f 6296/6907 5903/6910 6297/6911 6295/6908
f 6296/6909 6276/6883 5902/6886 5903/6912
f 6297/6911 6299/6913 6298/6914 6295/6908
f 6297/6915 6301/6916 6300/6917 6299/6918
f 6297/6915 5903/6456 5904/6455 6301/6916
f 6301/6916 6303/6919 6302/6920 6300/6917
f 6301/6916 5904/6455 5906/6459 6303/6919
f 6303/6919 6305/6921 6304/6922 6302/6920
f 6303/6919 5906/6459 6306/6923 6305/6921
f 6306/6923 6308/6924 6307/6925 6305/6921
f 6306/6923 6310/6926 6309/6927 6308/6924
f 6306/6923 5906/6459 5900/6454 6310/6926
f 6310/6926 6312/6928 6311/6929 6309/6927
f 6310/6926 5900/6454 5901/6453 6312/6928
f 6312/6928 6314/6930 6313/6931 6311/6929
f 6312/6928 5901/6453 6315/6932 6314/6930
f 6315/6932 6317/6933 6316/6934 6314/6930
f 6315/6932 6318/6935 6148/6734 6317/6933
f 6315/6932 5901/6453 5897/6452 6318/6935
f 6318/6935 6153/6739 6147/6735 6148/6734
f 6318/6935 5897/6452 5898/6451 6153/6739
f 6317/6933 6143/6729 6319/6936 6316/6934
f 6317/6933 6148/6734 6142/6730 6143/6729
f 6319/6936 6321/6937 6320/6938 6316/6934
f 6319/6936 6138/6724 6322/6939 6321/6937
f 6319/6936 6143/6729 6137/6725 6138/6724
f 6322/6939 6324/6940 6323/6941 6321/6937
f 6322/6939 6133/6719 6325/6942 6324/6940
f 6322/6939 6138/6724 6132/6720 6133/6719
f 6325/6942 6326/6943 5733/6286 6324/6940
f 6325/6942 6128/6714 6327/6944 6326/6943
f 6325/6942 6133/6719 6127/6715 6128/6714
f 6327/6944 5773/6326 6328/6945 6326/6943
f 6327/6944 6123/6709 5772/6324 5773/6326
f 6327/6944 6128/6714 6122/6710 6123/6709
f 6328/6945 5747/6299 5738/6290 5732/6287
f 6328/6945 5773/6326 5746/6300 5747/6299
f 6328/6945 5732/6287 5733/6286 6326/6943
f 6324/6940 5733/6286 5734/6285 6323/6941
f 6323/6941 5734/6285 5736/6289 6329/6946
f 6323/6941 6329/6946 6320/6938 6321/6937
f 6329/6946 5736/6289 6331/6947 6330/6948
f 6329/6946 6330/6948 6313/6931 6320/6938
f 6331/6947 5727/6277 5719/6270 5720/6269
f 6331/6947 5736/6289 5726/6278 5727/6277
f 6331/6947 5720/6269 6332/6949 6330/6948
f 6332/6949 5720/6269 5717/6268 6333/6950
f 6332/6949 6311/6929 6313/6931 6330/6948
f 6332/6949 6333/6950 6309/6927 6311/6929
f 6333/6950 5717/6268 5718/6267 6334/6951
f 6333/6950 6334/6951 6308/6924 6309/6927
f 6334/6951 5718/6267 6336/6952 6335/6953
f 6334/6951 6335/6953 6307/6925 6308/6924
f 6336/6952 6339/6954 6338/6955 6337/6956
f 6336/6952 5718/6267 5715/6266 6339/6954
f 6336/6952 6337/6956 6340/6957 6335/6953
f 6340/6957 6337/6956 6342/6958 6341/6959
f 6340/6957 6343/6960 6307/6925 6335/6953
f 6340/6957 6341/6959 6344/6961 6343/6960
f 6344/6962 6341/6963 6346/6964 6345/6965
f 6344/6961 6347/6966 6304/6922 6343/6960
f 6344/6962 6345/6965 6348/6967 6347/6968
f 6348/6967 6345/6965 6350/6969 6349/6970
f 6348/6967 6352/6971 6351/6972 6347/6968
f 6348/6967 6349/6970 6353/6973 6352/6971
f 6353/6973 6349/6970 6355/6974 6354/6975
f 6353/6973 5786/6338 5781/6334 6352/6971
f 6353/6973 6354/6975 5805/6356 5786/6338
f 6355/6974 6358/6976 6357/6977 6356/6978
f 6355/6974 6349/6970 6350/6969 6358/6976
f 6355/6974 6356/6978 6359/6979 6354/6975
f 6359/6979 6356/6978 6361/6980 6360/6981
f 6359/6979 5804/6357 5805/6356 6354/6975
f 6359/6979 6360/6981 6362/6982 5804/6357
f 6362/6982 6360/6981 6364/6983 6363/6984
f 6362/6982 6365/6985 5803/6358 5804/6357
f 6362/6982 6363/6984 6366/6986 6365/6985
f 6366/6986 6363/6984 6368/6987 6367/6988
f 6366/6986 6370/6989 6369/6990 6365/6985
f 6366/6986 6367/6988 6371/6991 6370/6989
f 6371/6991 6367/6988 6373/6992 6372/6993
f 6371/6991 6375/6994 6374/6995 6370/6989
f 6371/6991 6372/6993 6376/6996 6375/6994
f 6376/6996 6372/6993 6378/6997 6377/6998
f 6376/6996 6380/6999 6379/7000 6375/6994
f 6376/6996 6377/6998 6381/7001 6380/6999
f 6381/7001 6377/6998 6383/7002 6382/7003
f 6381/7001 6385/7004 6384/7005 6380/6999
f 6381/7001 6382/7003 6386/7006 6385/7004
f 6386/7006 6382/7003 6388/7007 6387/7008
f 6386/7006 6390/7009 6389/7010 6385/7004
f 6386/7006 6387/7008 6391/7011 6390/7009
f 6391/7011 6387/7008 6393/7012 6392/7013
f 6391/7011 6395/7014 6394/7015 6390/7009
f 6391/7011 6392/7013 6396/7016 6395/7014
f 6396/7016 6392/7013 6398/7017 6397/7018
f 6396/7016 6400/7019 6399/7020 6395/7014
f 6396/7016 6397/7018 6401/7021 6400/7019
f 6401/7021 6397/7018 6403/7022 6402/7023
f 6401/7021 6405/7024 6404/7025 6400/7019
f 6401/7021 6402/7023 6406/7026 6405/7024
f 6406/7026 6402/7023 6408/7027 6407/7028
f 6406/7026 6410/7029 6409/7030 6405/7024
f 6406/7026 6407/7028 6411/7031 6410/7029
f 6411/7031 6407/7028 6413/7032 6412/7033
f 6411/7031 6415/7034 6414/7035 6410/7029
f 6411/7031 6412/7033 6416/7036 6415/7034
f 6416/7036 6412/7033 6418/7037 6417/7038
f 6418/7039 6421/7040 6420/7041 6419/7042
f 6418/7037 6412/7033 6413/7032 6421/7043
f 6418/7039 6419/7042 6422/7044 6417/7045
f 6422/7044 6419/7042 6424/7046 6423/7047
f 6424/7046 6427/7048 6426/7049 6425/7050
f 6424/7046 6419/7042 6420/7041 6427/7048
f 6424/7046 6425/7050 6428/7051 6423/7047
f 6428/7051 6425/7050 6430/7052 6429/7053
f 6430/7052 6432/7054 5914/6466 6431/7055
f 6430/7052 6425/7050 6426/7049 6432/7054
f 6430/7052 6431/7055 6433/7056 6429/7053
f 6433/7056 6431/7055 6435/7057 6434/7058
f 6435/7057 6431/7055 5914/6466 5908/6463
f 6435/7057 6437/7059 6436/7060 6434/7058
f 6435/7057 5908/6463 5909/6462 6437/7059
f 6437/7059 6439/7061 6438/7062 6436/7060
f 6437/7059 5909/6462 6440/7063 6439/7061
f 6440/7063 5909/6462 5910/6461 6441/7064
f 6440/7063 6443/7065 6442/7066 6439/7061
f 6440/7063 6441/7064 6444/7067 6443/7065
f 6444/7067 6441/7064 6446/7068 6445/7069
f 6444/7070 6448/7071 6447/7072 6443/7073
f 6444/7070 6445/7074 6449/7075 6448/7071
f 6449/7075 6445/7074 6451/7076 6450/7077
f 6449/7075 6453/7078 6452/7079 6448/7071
f 6449/7075 6450/7077 6454/7080 6453/7078
f 6454/7080 6450/7077 6456/7081 6455/7082
f 6454/7080 6458/7083 6457/7084 6453/7078
f 6454/7080 6455/7082 6459/7085 6458/7083
f 6459/7085 6455/7082 6461/7086 6460/7087
f 6459/7085 6463/7088 6462/7089 6458/7083
f 6459/7085 6460/7087 6464/7090 6463/7088
f 6464/7090 6467/7091 6466/7092 6465/7093
f 6464/7090 6460/7087 6468/7094 6467/7091
f 6464/7090 6465/7093 6469/7095 6463/7088
f 6469/7095 6465/7093 6471/7096 6470/7097
f 6469/7095 6472/7098 6462/7089 6463/7088
f 6469/7095 6470/7097 6473/7099 6472/7098
f 6473/7099 6470/7097 6475/7100 6474/7101
f 6473/7099 6477/7102 6476/7103 6472/7098
f 6473/7099 6474/7101 6478/7104 6477/7102
f 6478/7104 6474/7101 6480/7105 6479/7106
f 6478/7104 6482/7107 6481/7108 6477/7102
f 6478/7104 6479/7106 6483/7109 6482/7107
f 6483/7109 6479/7106 6485/7110 6484/7111
f 6483/7109 6487/7112 6486/7113 6482/7107
f 6483/7109 6484/7111 6488/7114 6487/7112
f 6488/7114 6484/7111 6490/7115 6489/7116
f 6488/7114 6492/7117 6491/7118 6487/7112
f 6488/7114 6489/7116 6493/7119 6492/7117
f 6493/7119 6489/7116 6495/7120 6494/7121
f 6493/7119 6497/7122 6496/7123 6492/7117
f 6493/7119 6494/7121 6498/7124 6497/7122
f 6498/7124 6494/7121 6500/7125 6499/7126
f 6500/7125 6404/7025 6405/7024 6409/7030
f 6500/7125 6494/7121 6495/7120 6404/7025
f 6500/7125 6409/7030 6501/7127 6499/7126
f 6501/7127 6409/7030 6410/7029 6414/7035
f 6496/7123 6502/7128 6491/7118 6492/7117
f 6502/7128 6504/7129 6503/7130 6491/7118
f 6504/7129 6506/7131 6505/7132 6503/7130
f 6506/7131 6508/7133 6507/7134 6505/7132
f 6508/7133 6510/7135 6509/7136 6507/7134
f 6510/7135 6512/7137 6511/7138 6509/7136
f 6512/7137 6514/7139 6513/7140 6511/7138
f 6514/7139 6516/7141 6515/7142 6513/7140
f 6516/7141 6517/7143 6442/7144 6515/7142
f 6517/7145 6438/7062 6439/7061 6442/7066
f 6515/7142 6442/7144 6443/7073 6447/7072
f 6515/7142 6447/7072 6518/7146 6513/7140
f 6518/7146 6447/7072 6448/7071 6452/7079
f 6518/7146 6519/7147 6511/7138 6513/7140
f 6518/7146 6452/7079 6520/7148 6519/7147
f 6520/7148 6457/7084 6522/7149 6521/7150
f 6520/7148 6452/7079 6453/7078 6457/7084
f 6520/7148 6521/7150 6523/7151 6519/7147
f 6523/7151 6521/7150 6525/7152 6524/7153
f 6523/7151 6509/7136 6511/7138 6519/7147
f 6523/7151 6524/7153 6507/7134 6509/7136
f 6525/7152 6476/7103 6477/7102 6481/7108
f 6525/7152 6521/7150 6522/7149 6476/7103
f 6525/7152 6481/7108 6526/7154 6524/7153
f 6526/7154 6481/7108 6482/7107 6486/7113
f 6526/7154 6505/7132 6507/7134 6524/7153
f 6526/7154 6486/7113 6503/7130 6505/7132
f 6522/7149 6462/7089 6472/7098 6476/7103
f 6522/7149 6457/7084 6458/7083 6462/7089
f 6503/7130 6486/7113 6487/7112 6491/7118
f 6495/7120 6399/7020 6400/7019 6404/7025
f 6495/7120 6489/7116 6490/7115 6399/7020
f 6490/7115 6394/7015 6395/7014 6399/7020
f 6490/7115 6484/7111 6485/7110 6394/7015
f 6485/7110 6389/7010 6390/7009 6394/7015
f 6485/7110 6479/7106 6480/7105 6389/7010
f 6480/7105 6384/7005 6385/7004 6389/7010
f 6480/7105 6474/7101 6475/7100 6384/7005
f 6475/7100 6379/7000 6380/6999 6384/7005
f 6475/7100 6470/7097 6471/7096 6379/7000
f 6471/7096 6374/6995 6375/6994 6379/7000
f 6471/7096 6465/7093 6466/7092 6374/6995
f 6468/7094 6528/7155 6527/7156 5806/6360
f 6468/7094 6460/7087 6461/7086 6528/7155
f 6468/7094 5806/6360 5807/6359 6467/7091
f 6528/7155 6530/7157 6529/7158 6527/7156
f 6528/7155 6461/7086 6531/7159 6530/7157
f 6531/7159 6533/7160 6532/7161 6530/7157
f 6531/7159 6456/7081 6534/7162 6533/7160
f 6531/7159 6461/7086 6455/7082 6456/7081
f 6534/7163 6536/7164 6535/7165 6533/7166
f 6534/7163 6451/7167 6537/7168 6536/7164
f 6534/7162 6456/7081 6450/7077 6451/7076
f 6537/7168 6539/7169 6538/7170 6536/7164
f 6537/7168 6446/7068 5911/6465 6539/7169
f 6537/7168 6451/7167 6445/7069 6446/7068
f 6539/7169 6541/7171 6540/7172 6538/7170
f 6539/7169 5911/6465 5912/6464 6541/7171
f 6541/7171 6543/7173 6542/7174 6540/7172
f 6541/7171 5912/6464 6544/7175 6543/7173
f 6544/7175 6546/7176 6545/7177 6543/7173
f 6544/7175 6548/7178 6547/7179 6546/7176
f 6544/7175 5912/6464 5907/6460 6548/7178
f 6548/7178 6550/7180 6549/7181 6547/7179
f 6548/7178 5907/6460 5913/6467 6550/7180
f 6550/7180 6552/7182 6551/7183 6549/7181
f 6550/7180 5913/6467 6553/7184 6552/7182
f 6553/7184 6555/7185 6554/7186 6552/7182
f 6553/7184 6432/7054 6426/7049 6555/7185
f 6553/7184 5913/6467 5914/6466 6432/7054
f 6555/7185 6557/7187 6556/7188 6554/7186
f 6555/7185 6426/7049 6427/7048 6557/7187
f 6557/7187 6559/7189 6558/7190 6556/7188
f 6557/7187 6427/7048 6420/7041 6559/7189
f 6559/7189 6561/7191 6560/7192 6558/7190
f 6559/7189 6420/7041 6421/7040 6561/7191
f 6561/7193 6563/7194 6562/7195 6560/7196
f 6561/7193 6421/7043 6413/7032 6563/7194
f 6563/7194 6408/7027 6564/7197 6562/7195
f 6563/7194 6413/7032 6407/7028 6408/7027
f 6564/7197 6566/7198 6565/7199 6562/7195
f 6564/7197 6403/7022 6567/7200 6566/7198
f 6564/7197 6408/7027 6402/7023 6403/7022
f 6567/7200 6569/7201 6568/7202 6566/7198
f 6567/7200 6398/7017 6570/7203 6569/7201
f 6567/7200 6403/7022 6397/7018 6398/7017
f 6570/7203 6572/7204 6571/7205 6569/7201
f 6570/7203 6393/7012 6573/7206 6572/7204
f 6570/7203 6398/7017 6392/7013 6393/7012
f 6573/7206 6575/7207 6574/7208 6572/7204
f 6573/7206 6388/7007 6576/7209 6575/7207
f 6573/7206 6393/7012 6387/7008 6388/7007
f 6576/7209 6578/7210 6577/7211 6575/7207
f 6576/7209 6383/7002 6579/7212 6578/7210
f 6576/7209 6388/7007 6382/7003 6383/7002
f 6579/7212 6581/7213 6580/7214 6578/7210
f 6579/7212 6378/6997 6582/7215 6581/7213
f 6579/7212 6383/7002 6377/6998 6378/6997
f 6582/7215 6584/7216 6583/7217 6581/7213
f 6582/7215 6373/6992 6585/7218 6584/7216
f 6582/7215 6378/6997 6372/6993 6373/6992
f 6585/7218 6587/7219 6586/7220 6584/7216
f 6585/7218 6368/6987 6588/7221 6587/7219
f 6585/7218 6373/6992 6367/6988 6368/6987
f 6588/7221 6590/7222 6589/7223 6587/7219
f 6588/7221 6364/6983 6591/7224 6590/7222
f 6588/7221 6368/6987 6363/6984 6364/6983
f 6591/7224 5920/6474 5921/6473 6590/7222
f 6591/7224 6361/6980 6592/7225 5920/6474
f 6591/7224 6364/6983 6360/6981 6361/6980
f 6592/7225 6593/7226 5919/6471 5920/6474
f 6592/7225 6357/6977 6594/7227 6593/7226
f 6592/7225 6361/6980 6356/6978 6357/6977
f 6594/7227 6596/7228 6595/7229 6593/7226
f 6594/7227 6598/7230 6597/7231 6596/7228
f 6594/7227 6357/6977 6358/6976 6598/7230
f 6598/7230 6600/7232 6599/7233 6597/7231
f 6598/7230 6358/6976 6350/6969 6600/7232
f 6600/7232 6346/6964 6601/7234 6599/7233
f 6600/7232 6350/6969 6345/6965 6346/6964
f 6601/7234 6603/7235 6602/7236 6599/7233
f 6601/7234 6342/7237 6604/7238 6603/7235
f 6601/7234 6346/6964 6341/6963 6342/7237
f 6604/7238 6606/7239 6605/7240 6603/7235
f 6604/7241 6338/6955 6607/7242 6606/7243
f 6604/7241 6342/6958 6337/6956 6338/6955
f 6607/7244 6609/7245 6608/7246 6606/7247
f 6607/7244 6611/7248 6610/7249 6609/7245
f 6607/7242 6338/6955 6339/6954 6611/7250
f 6611/7248 5716/7251 6612/7252 6610/7249
f 6611/7250 6339/6954 5715/6266 5716/6265
f 6612/7252 6614/7253 6613/7254 6610/7249
f 6612/7252 6616/7255 6615/7256 6614/7253
f 6612/7252 5716/7251 5712/7257 6616/7255
f 6616/7255 6618/7258 6617/7259 6615/7256
f 6616/7255 5712/7257 5713/7260 6618/7258
f 6618/7258 6620/7261 6619/7262 6617/7259
f 6618/7258 5713/7260 6621/7263 6620/7261
f 6621/7264 6623/7265 6622/7266 6620/7267
f 6621/7268 6625/7269 6624/7270 6623/7271
f 6621/7268 5713/6263 5714/6262 6625/7269
f 6625/7269 5730/6283 6626/7272 6624/7270
f 6625/7269 5714/6262 5721/6271 5730/6283
f 6626/7272 5817/7273 5814/7274 6624/7270
f 6626/7272 6628/7275 6627/7276 5817/7273
f 6626/7272 5730/6283 5728/6282 6628/7275
f 6628/7277 6630/7278 6629/7279 6627/7280
f 6628/7277 5728/6281 5729/6280 6630/7278
f 6630/7278 6632/7281 6631/7282 6629/7279
f 6630/7278 5729/6280 6633/7283 6632/7281
f 6633/7283 6635/7284 6634/7285 6632/7281
f 6633/7283 6637/7286 6636/7287 6635/7284
f 6633/7283 5729/6280 5723/6275 6637/7286
f 6637/7286 6639/7288 6638/7289 6636/7287
f 6637/7286 5723/6275 5724/6274 6639/7288
f 6639/7288 6641/7290 6640/7291 6638/7289
f 6639/7288 5724/6274 6642/7292 6641/7290
f 6642/7292 6644/7293 6643/7294 6641/7290
f 6642/7292 5735/7295 5739/7296 6644/7293
f 6642/7292 5724/6274 5725/6273 5735/7295
f 6644/7293 6646/7297 6645/7298 6643/7294
f 6644/7293 5739/7296 6061/7299 6646/7297
f 6646/7300 6057/6616 6647/7301 6645/7302
f 6646/7300 6061/7303 6056/6617 6057/6616
f 6647/7301 6649/7304 6648/7305 6645/7302
f 6647/7301 6052/6611 6650/7306 6649/7304
f 6647/7301 6057/6616 6051/6612 6052/6611
f 6650/7306 6652/7307 6651/7308 6649/7304
f 6650/7306 6047/6606 6653/7309 6652/7307
f 6650/7306 6052/6611 6046/6607 6047/6606
f 6653/7309 6655/7310 6654/7311 6652/7307
f 6653/7309 6042/6601 6656/7312 6655/7310
f 6653/7309 6047/6606 6041/6602 6042/6601
f 6656/7312 6658/7313 6657/7314 6655/7310
f 6656/7312 6037/6596 6659/7315 6658/7313
f 6656/7312 6042/6601 6036/6597 6037/6596
f 6659/7315 6661/7316 6660/7317 6658/7313
f 6659/7315 6032/6591 6662/7318 6661/7316
f 6659/7315 6037/6596 6031/6592 6032/6591
f 6662/7318 6664/7319 6663/7320 6661/7316
f 6662/7318 6027/6586 6665/7321 6664/7319
f 6662/7318 6032/6591 6026/6587 6027/6586
f 6665/7321 6667/7322 6666/7323 6664/7319
f 6665/7321 6022/6581 6668/7324 6667/7322
f 6665/7321 6027/6586 6021/6582 6022/6581
f 6668/7324 6670/7325 6669/7326 6667/7322
f 6668/7324 6017/6575 6671/7327 6670/7325
f 6668/7324 6022/6581 6016/6576 6017/6575
f 6671/7327 6673/7328 6672/7329 6670/7325
f 6671/7327 6012/7330 6674/7331 6673/7328
f 6671/7327 6017/6575 6011/6574 6012/7330
f 6674/7331 6676/7332 6675/7333 6673/7328
f 6674/7334 6007/6563 5972/6525 6676/7335
f 6674/7334 6012/6568 6006/6564 6007/6563
f 6676/7332 6678/7336 6677/7337 6675/7333
f 6676/7335 5972/6525 5967/6522 6678/7338
f 6678/7336 5991/6546 5992/6545 6677/7337
f 6678/7338 5967/6522 5968/6521 5991/6551
f 6677/7337 5992/6545 6680/7339 6679/7340
f 6677/7337 6679/7340 6681/7341 6675/7333
f 6681/7341 6679/7340 5960/6515 5961/6514
f 6681/7341 6672/7329 6673/7328 6675/7333
f 6681/7341 5961/6514 6682/7342 6672/7329
f 6682/7342 5961/6514 5962/6513 6683/7343
f 6682/7342 6669/7326 6670/7325 6672/7329
f 6682/7342 6683/7343 6684/7344 6669/7326
f 6684/7344 6683/7343 6686/7345 6685/7346
f 6684/7344 6666/7323 6667/7322 6669/7326
f 6684/7344 6685/7346 6687/7347 6666/7323
f 6687/7347 6685/7346 6689/7348 6688/7349
f 6687/7347 6663/7320 6664/7319 6666/7323
f 6687/7347 6688/7349 6690/7350 6663/7320
f 6690/7350 6688/7349 6692/7351 6691/7352
f 6690/7350 6660/7317 6661/7316 6663/7320
f 6690/7350 6691/7352 6693/7353 6660/7317
f 6693/7353 6691/7352 6695/7354 6694/7355
f 6693/7353 6657/7314 6658/7313 6660/7317
f 6693/7353 6694/7355 6696/7356 6657/7314
f 6696/7356 6694/7355 6698/7357 6697/7358
f 6696/7356 6654/7311 6655/7310 6657/7314
f 6696/7356 6697/7358 6699/7359 6654/7311
f 6699/7359 6697/7358 6701/7360 6700/7361
f 6699/7359 6651/7308 6652/7307 6654/7311
f 6699/7359 6700/7361 6702/7362 6651/7308
f 6702/7363 6700/7364 6704/7365 6703/7366
f 6702/7362 6648/7305 6649/7304 6651/7308
f 6702/7363 6703/7366 6705/7367 6648/7368
f 6705/7367 6703/7366 6706/7369 6640/7291
f 6705/7367 6643/7294 6645/7298 6648/7368
f 6705/7367 6640/7291 6641/7290 6643/7294
f 6706/7369 6709/7370 6708/7371 6707/7372
f 6706/7369 6703/7366 6704/7365 6709/7370
f 6706/7369 6707/7372 6638/7289 6640/7291
f 6709/7370 6711/7373 6710/7374 6708/7371
f 6709/7370 6704/7365 6712/7375 6711/7373
f 6712/7375 6714/7376 6713/7377 6711/7373
f 6712/7375 6701/7378 6715/7379 6714/7376
f 6712/7375 6704/7365 6700/7364 6701/7378
f 6715/7379 6717/7380 6716/7381 6714/7376
f 6715/7382 6698/7357 6718/7383 6717/7384
f 6715/7382 6701/7360 6697/7358 6698/7357
f 6718/7383 6720/7385 6719/7386 6717/7384
f 6718/7383 6695/7354 6721/7387 6720/7385
f 6718/7383 6698/7357 6694/7355 6695/7354
f 6721/7387 6723/7388 6722/7389 6720/7385
f 6721/7387 6692/7351 6724/7390 6723/7388
f 6721/7387 6695/7354 6691/7352 6692/7351
f 6724/7390 6726/7391 6725/7392 6723/7388
f 6724/7390 6689/7348 6727/7393 6726/7391
f 6724/7390 6692/7351 6688/7349 6689/7348
f 6727/7393 6729/7394 6728/7395 6726/7391
f 6727/7393 6686/7345 5963/6517 6729/7394
f 6727/7393 6689/7348 6685/7346 6686/7345
f 6729/7394 6731/7396 6730/7397 6728/7395
f 6729/7394 5963/6517 5964/6516 6731/7396
f 6731/7396 6732/7398 5985/6537 6730/7397
f 6731/7396 5964/6516 5965/6518 6732/7398
f 6732/7398 5988/6540 5984/6538 5985/6537
f 6732/7398 5965/6518 6680/7339 5988/6540
f 6730/7397 5985/6537 5981/6536 6733/7399
f 6730/7397 6733/7399 6734/7400 6728/7395
f 6734/7400 6733/7399 6736/7401 6735/7402
f 6734/7400 6725/7392 6726/7391 6728/7395
f 6734/7400 6735/7402 6737/7403 6725/7392
f 6737/7403 6735/7402 6739/7404 6738/7405
f 6737/7403 6722/7389 6723/7388 6725/7392
f 6737/7403 6738/7405 6740/7406 6722/7389
f 6740/7407 6738/7408 6742/7409 6741/7410
f 6740/7406 6719/7386 6720/7385 6722/7389
f 6740/7407 6741/7410 6743/7411 6719/7412
f 6743/7411 6741/7410 6745/7413 6744/7414
f 6743/7411 6716/7381 6717/7380 6719/7412
f 6743/7411 6744/7414 6746/7415 6716/7381
f 6746/7415 6744/7414 6748/7416 6747/7417
f 6746/7415 6713/7377 6714/7376 6716/7381
f 6746/7415 6747/7417 6749/7418 6713/7377
f 6749/7418 6747/7417 6751/7419 6750/7420
f 6749/7418 6710/7374 6711/7373 6713/7377
f 6749/7418 6750/7420 6752/7421 6710/7374
f 6752/7421 6750/7420 6754/7422 6753/7423
f 6752/7421 6755/7424 6708/7371 6710/7374
f 6752/7421 6753/7423 6756/7425 6755/7424
f 6756/7425 6753/7423 6758/7426 6757/7427
f 6756/7425 6760/7428 6759/7429 6755/7424
f 6756/7425 6757/7427 6761/7430 6760/7428
f 6761/7430 6757/7427 6763/7431 6762/7432
f 6761/7430 6634/7285 6635/7284 6760/7428
f 6761/7430 6762/7432 6764/7433 6634/7285
f 6764/7433 6762/7432 6766/7434 6765/7435
f 6764/7433 6631/7282 6632/7281 6634/7285
f 6764/7433 6765/7435 6767/7436 6631/7282
f 6767/7437 6765/7438 6769/7439 6768/7440
f 6767/7436 6770/7441 6629/7279 6631/7282
f 6767/7437 6768/7440 6771/7442 6770/7443
f 6771/7442 6768/7440 6773/7444 6772/7445
f 6771/7442 6775/7446 6774/7447 6770/7443
f 6771/7442 6772/7445 6776/7448 6775/7446
f 6776/7448 6772/7445 6778/7449 6777/7450
f 6776/7451 6779/7452 5818/6371 6775/7453
f 6776/7451 6777/7454 6780/7455 6779/7452
f 6780/7455 6777/7454 6782/7456 6781/7457
f 6780/7455 6784/7458 6783/7459 6779/7452
f 6780/7455 6781/7457 6785/7460 6784/7458
f 6785/7460 6781/7457 5841/6394 5840/6393
f 6785/7460 5828/6381 5924/6477 6784/7458
f 6785/7460 5840/6393 5827/6382 5828/6381
f 6784/7458 5924/6477 5916/6470 6783/7459
f 6783/7459 5811/6362 5818/6371 6779/7452
f 6783/7459 5916/6470 5810/6363 5811/6362
f 6782/7461 6787/7462 6048/6609 6786/7463
f 6782/7461 6777/7450 6778/7449 6787/7462
f 6782/7456 6786/7464 5841/6394 6781/7457
f 6787/7462 6043/6604 6044/6603 6048/6609
f 6787/7462 6778/7449 6788/7465 6043/6604
f 6788/7465 6038/6599 6039/6598 6043/6604
f 6788/7465 6773/7444 6789/7466 6038/6599
f 6788/7465 6778/7449 6772/7445 6773/7444
f 6789/7466 6033/6594 6034/6593 6038/6599
f 6789/7466 6769/7439 6790/7467 6033/6594
f 6789/7466 6773/7444 6768/7440 6769/7439
f 6790/7467 6028/6589 6029/6588 6033/6594
f 6790/7467 6766/7468 6791/7469 6028/6589
f 6790/7467 6769/7439 6765/7438 6766/7468
f 6791/7469 6023/6584 6024/6583 6028/6589
f 6791/7470 6763/7431 6792/7471 6023/7472
f 6791/7470 6766/7434 6762/7432 6763/7431
f 6792/7471 6018/6578 6019/6577 6023/7472
f 6792/7471 6758/7426 6793/7473 6018/6578
f 6792/7471 6763/7431 6757/7427 6758/7426
f 6793/7473 6013/6571 6014/6570 6018/6578
f 6793/7473 6754/7422 6794/7474 6013/6571
f 6793/7473 6758/7426 6753/7423 6754/7422
f 6794/7474 6008/6566 6009/6565 6013/6571
f 6794/7474 6751/7419 6795/7475 6008/6566
f 6794/7474 6754/7422 6750/7420 6751/7419
f 6795/7475 6003/6561 6004/6560 6008/6566
f 6795/7475 6748/7416 6796/7476 6003/6561
f 6795/7475 6751/7419 6747/7417 6748/7416
f 6796/7476 5999/6557 6000/6556 6003/6561
f 6796/7476 6745/7413 6797/7477 5999/6557
f 6796/7476 6748/7416 6744/7414 6745/7413
f 6797/7477 6798/7478 5997/6555 5999/6557
f 6797/7477 6742/7409 6799/7479 6798/7478
f 6797/7477 6745/7413 6741/7410 6742/7409
f 6799/7479 5978/6530 5979/6532 6798/7478
f 6799/7479 6739/7480 5977/6531 5978/6530
f 6799/7479 6742/7409 6738/7408 6739/7480
f 6798/7478 5979/6532 5995/6553 5997/6555
f 6786/7463 6048/6609 6049/6608 6053/6614
f 6786/7464 6053/7481 5839/6390 5841/6394
f 6775/7453 5818/6371 5816/6370 6774/7482
f 6774/7483 6627/7280 6629/7279 6770/7441
f 6774/7482 5816/6370 5817/6369 6627/7484
f 6760/7428 6635/7284 6636/7287 6759/7429
f 6759/7429 6707/7372 6708/7371 6755/7424
f 6759/7429 6636/7287 6638/7289 6707/7372
f 6739/7404 6735/7402 6736/7401 5977/7485
f 6736/7401 5982/6535 5976/7486 5977/7485
f 6736/7401 6733/7399 5981/6536 5982/6535
f 6686/7345 6683/7343 5962/6513 5963/6517
f 6680/7339 5992/6545 5987/6541 5988/6540
f 6680/7339 5965/6518 5960/6515 6679/7340
f 6624/7270 5814/7274 5815/7487 6623/7271
f 6623/7265 5815/7488 6800/7489 6622/7266
f 6800/7489 6802/7490 6801/7491 6622/7266
f 6800/7489 6804/7492 6803/7493 6802/7490
f 6800/7489 5815/7488 5812/7494 6804/7492
f 6804/7492 6806/7495 6805/7496 6803/7493
f 6804/7492 5812/7494 5813/7497 6806/7495
f 6806/7495 6808/7498 6807/7499 6805/7496
f 6806/7495 5813/7497 6809/7500 6808/7498
f 6809/7500 6811/7501 6810/7502 6808/7498
f 6809/7503 6813/7504 6812/7505 6811/7506
f 6809/7503 5813/6365 5809/6364 6813/7504
f 6813/7504 5917/6469 5918/6472 6812/7505
f 6813/7504 5809/6364 5810/6363 5917/6469
f 6812/7505 6815/7507 6814/7508 6811/7506
f 6812/7505 5918/6472 6595/7229 6815/7507
f 6815/7507 6817/7509 6816/7510 6814/7508
f 6815/7507 6595/7229 6596/7228 6817/7509
f 6817/7509 6819/7511 6818/7512 6816/7510
f 6817/7509 6596/7228 6597/7231 6819/7511
f 6819/7511 6602/7236 6820/7513 6818/7512
f 6819/7511 6597/7231 6599/7233 6602/7236
f 6820/7514 6822/7515 6821/7516 6818/7517
f 6820/7518 6605/7519 6823/7520 6822/7521
f 6820/7513 6602/7236 6603/7235 6605/7240
f 6823/7520 6825/7522 6824/7523 6822/7521
f 6823/7520 6608/7246 6826/7524 6825/7522
f 6823/7520 6605/7519 6606/7247 6608/7246
f 6826/7524 6828/7525 6827/7526 6825/7522
f 6826/7524 6830/7527 6829/7528 6828/7525
f 6826/7524 6608/7246 6609/7245 6830/7527
f 6830/7527 6613/7254 6831/7529 6829/7528
f 6830/7527 6609/7245 6610/7249 6613/7254
f 6831/7529 6833/7530 6832/7531 6829/7528
f 6831/7529 6835/7532 6834/7533 6833/7530
f 6831/7529 6613/7254 6614/7253 6835/7532
f 6835/7532 6837/7534 6836/7535 6834/7533
f 6835/7532 6614/7253 6615/7256 6837/7534
f 6837/7534 6839/7536 6838/7537 6836/7535
f 6837/7534 6615/7256 6617/7259 6839/7536
f 6839/7536 6841/7538 6840/7539 6838/7537
f 6839/7536 6617/7259 6619/7262 6841/7538
f 6841/7540 6843/7541 6842/7542 6840/7543
f 6841/7540 6619/7544 6801/7491 6843/7541
f 6843/7541 6845/7545 6844/7546 6842/7542
f 6843/7541 6801/7491 6802/7490 6845/7545
f 6845/7545 6847/7547 6846/7548 6844/7546
f 6845/7545 6802/7490 6803/7493 6847/7547
f 6847/7547 6849/7549 6848/7550 6846/7548
f 6847/7547 6803/7493 6805/7496 6849/7549
f 6849/7549 6851/7551 6850/7552 6848/7550
f 6849/7549 6805/7496 6807/7499 6851/7551
f 6851/7551 6853/7553 6852/7554 6850/7552
f 6851/7551 6807/7499 6854/7555 6853/7553
f 6854/7555 6856/7556 6855/7557 6853/7553
f 6854/7555 6810/7502 6857/7558 6856/7556
f 6854/7555 6807/7499 6808/7498 6810/7502
f 6857/7558 6859/7559 6858/7560 6856/7556
f 6857/7558 6814/7561 6816/7562 6859/7559
f 6857/7558 6810/7502 6811/7501 6814/7561
f 6859/7559 6821/7516 6860/7563 6858/7560
f 6859/7559 6816/7562 6818/7517 6821/7516
f 6860/7563 6862/7564 6861/7565 6858/7560
f 6860/7563 6824/7566 6863/7567 6862/7564
f 6860/7563 6821/7516 6822/7515 6824/7566
f 6863/7567 6865/7568 6864/7569 6862/7564
f 6863/7570 6827/7526 6866/7571 6865/7572
f 6863/7570 6824/7523 6825/7522 6827/7526
f 6866/7571 6868/7573 6867/7574 6865/7572
f 6866/7571 6870/7575 6869/7576 6868/7573
f 6866/7571 6827/7526 6828/7525 6870/7575
f 6870/7575 6832/7531 6871/7577 6869/7576
f 6870/7575 6828/7525 6829/7528 6832/7531
f 6871/7577 6873/7578 6872/7579 6869/7576
f 6871/7577 6875/7580 6874/7581 6873/7578
f 6871/7577 6832/7531 6833/7530 6875/7580
f 6875/7580 6877/7582 6876/7583 6874/7581
f 6875/7580 6833/7530 6834/7533 6877/7582
f 6877/7582 6879/7584 6878/7585 6876/7583
f 6877/7582 6834/7533 6836/7535 6879/7584
f 6879/7584 6881/7586 6880/7587 6878/7585
f 6879/7584 6836/7535 6838/7537 6881/7586
f 6881/7586 6883/7588 6882/7589 6880/7587
f 6881/7586 6838/7537 6840/7539 6883/7588
f 6883/7590 6885/7591 6884/7592 6882/7593
f 6883/7590 6840/7543 6842/7542 6885/7591
f 6885/7591 6887/7594 6886/7595 6884/7592
f 6885/7591 6842/7542 6844/7546 6887/7594
f 6887/7594 6889/7596 6888/7597 6886/7595
f 6887/7594 6844/7546 6846/7548 6889/7596
f 6889/7596 6891/7598 6890/7599 6888/7597
f 6889/7596 6846/7548 6848/7550 6891/7598
f 6891/7598 6893/7600 6892/7601 6890/7599
f 6891/7598 6848/7550 6850/7552 6893/7600
f 6893/7600 6895/7602 6894/7603 6892/7601
f 6893/7600 6850/7552 6852/7554 6895/7602
f 6895/7602 6897/7604 6896/7605 6894/7603
f 6895/7602 6852/7554 6898/7606 6897/7604
f 6898/7606 6900/7607 6899/7608 6897/7604
f 6898/7606 6855/7557 6861/7565 6900/7607
f 6898/7606 6852/7554 6853/7553 6855/7557
f 6900/7607 6864/7569 6901/7609 6899/7608
f 6900/7607 6861/7565 6862/7564 6864/7569
f 6901/7609 6903/7610 6902/7611 6899/7608
f 6901/7609 6867/7612 6904/7613 6903/7610
f 6901/7609 6864/7569 6865/7568 6867/7612
f 6904/7613 6906/7614 6905/7615 6903/7610
f 6904/7616 6908/7617 6907/7618 6906/7619
f 6904/7616 6867/7574 6868/7573 6908/7617
f 6908/7617 6872/7579 6909/7620 6907/7618
f 6908/7617 6868/7573 6869/7576 6872/7579
f 6909/7620 6911/7621 6910/7622 6907/7618
f 6909/7620 6913/7623 6912/7624 6911/7621
f 6909/7620 6872/7579 6873/7578 6913/7623
f 6913/7623 6915/7625 6914/7626 6912/7624
f 6913/7623 6873/7578 6874/7581 6915/7625
f 6915/7625 6917/7627 6916/7628 6914/7626
f 6915/7625 6874/7581 6876/7583 6917/7627
f 6917/7627 6919/7629 6918/7630 6916/7628
f 6917/7627 6876/7583 6878/7585 6919/7629
f 6919/7629 6921/7631 6920/7632 6918/7630
f 6919/7629 6878/7585 6880/7587 6921/7631
f 6921/7631 6923/7633 6922/7634 6920/7632
f 6921/7631 6880/7587 6882/7589 6923/7633
f 6923/7635 6925/7636 6924/7637 6922/7638
f 6923/7635 6882/7593 6884/7592 6925/7636
f 6925/7636 6927/7639 6926/7640 6924/7637
f 6925/7636 6884/7592 6886/7595 6927/7639
f 6927/7639 6929/7641 6928/7642 6926/7640
f 6927/7639 6886/7595 6888/7597 6929/7641
f 6929/7641 6931/7643 6930/7644 6928/7642
f 6929/7641 6888/7597 6890/7599 6931/7643
f 6931/7643 6933/7645 6932/7646 6930/7644
f 6931/7643 6890/7599 6892/7601 6933/7645
f 6933/7645 6935/7647 6934/7648 6932/7646
f 6933/7645 6892/7601 6894/7603 6935/7647
f 6935/7647 6937/7649 6936/7650 6934/7648
f 6935/7647 6894/7603 6896/7605 6937/7649
f 6937/7649 6939/7651 6938/7652 6936/7650
f 6937/7649 6896/7605 6902/7611 6939/7651
f 6939/7651 6905/7615 6940/7653 6938/7652
f 6939/7651 6902/7611 6903/7610 6905/7615
f 6940/7653 6942/7654 6941/7655 6938/7652
f 6940/7653 6944/7656 6943/7657 6942/7654
f 6940/7653 6905/7615 6906/7614 6944/7656
f 6944/7658 6910/7622 6945/7659 6943/7660
f 6944/7658 6906/7619 6907/7618 6910/7622
f 6945/7659 6947/7661 6946/7662 6943/7660
f 6945/7659 6949/7663 6948/7664 6947/7661
f 6945/7659 6910/7622 6911/7621 6949/7663
f 6949/7663 6951/7665 6950/7666 6948/7664
f 6949/7663 6911/7621 6912/7624 6951/7665
f 6951/7665 6953/7667 6952/7668 6950/7666
f 6951/7665 6912/7624 6914/7626 6953/7667
f 6953/7667 6955/7669 6954/7670 6952/7668
f 6953/7667 6914/7626 6916/7628 6955/7669
f 6955/7669 6957/7671 6956/7672 6954/7670
f 6955/7669 6916/7628 6918/7630 6957/7671
f 6957/7671 6959/7673 6958/7674 6956/7672
f 6957/7671 6918/7630 6920/7632 6959/7673
f 6959/7673 6961/7675 6960/7676 6958/7674
f 6959/7673 6920/7632 6922/7634 6961/7675
f 6961/7677 6963/7678 6962/7679 6960/7680
f 6961/7677 6922/7638 6924/7637 6963/7678
f 6963/7678 6965/7681 6964/7682 6962/7679
f 6963/7678 6924/7637 6926/7640 6965/7681
f 6965/7681 6967/7683 6966/7684 6964/7682
f 6965/7681 6926/7640 6928/7642 6967/7683
f 6967/7683 6969/7685 6968/7686 6966/7684
f 6967/7683 6928/7642 6930/7644 6969/7685
f 6969/7685 6971/7687 6970/7688 6968/7686
f 6969/7685 6930/7644 6932/7646 6971/7687
f 6971/7687 6973/7689 6972/7690 6970/7688
f 6971/7687 6932/7646 6934/7648 6973/7689
f 6973/7689 6975/7691 6974/7692 6972/7690
f 6973/7689 6934/7648 6936/7650 6975/7691
f 6975/7691 6941/7655 6976/7693 6974/7692
f 6975/7691 6936/7650 6938/7652 6941/7655
f 6976/7693 6978/7694 6977/7695 6974/7692
f 6976/7693 6980/7696 6979/7697 6978/7694
f 6976/7693 6941/7655 6942/7654 6980/7696
f 6980/7696 6946/7698 6981/7699 6979/7697
f 6980/7696 6942/7654 6943/7657 6946/7698
f 6981/7699 6983/7700 6982/7701 6979/7697
f 6981/7702 5951/6504 5946/6501 6983/7703
f 6981/7702 6946/7662 6947/7661 5951/6504
f 6983/7700 6985/7704 6984/7705 6982/7701
f 6983/7703 5946/6501 5947/6500 6985/7706
f 6985/7704 6987/7707 6986/7708 6984/7705
f 6985/7706 5947/6500 6988/7709 6987/7710
f 6988/7709 5947/6500 5948/6499 6989/7711
f 6988/7709 5957/6509 6990/7712 6987/7710
f 6988/7709 6989/7711 5956/6510 5957/6509
f 6990/7713 6991/7714 6986/7708 6987/7707
f 6990/7713 6993/7715 6992/7716 6991/7714
f 6990/7712 5957/6509 5953/6508 6993/7717
f 6993/7715 6995/7718 6994/7719 6992/7716
f 6993/7717 5953/6508 5954/6507 6995/7720
f 6995/7718 6960/7680 6962/7679 6994/7719
f 6995/7720 5954/6507 6958/7674 6960/7676
f 6994/7719 6997/7721 6996/7722 6992/7716
f 6994/7719 6962/7679 6964/7682 6997/7721
f 6997/7721 6999/7723 6998/7724 6996/7722
f 6997/7721 6964/7682 6966/7684 6999/7723
f 6999/7723 5798/6351 5799/6350 6998/7724
f 6999/7723 6966/7684 6968/7686 5798/6351
f 6998/7724 5792/6343 5793/6347 6996/7722
f 6998/7724 5799/6350 5791/6344 5792/6343
f 6996/7722 5793/6347 6991/7714 6992/7716
f 6991/7714 5793/6347 5794/6346 6986/7708
f 6989/7711 7000/7725 5958/6511 5956/6510
f 6989/7711 5948/6499 5949/6503 7000/7725
f 7000/7725 6952/7668 6954/7670 5958/6511
f 7000/7725 5949/6503 6950/7666 6952/7668
f 6986/7708 5794/6346 5795/6348 6984/7705
f 6984/7705 5795/6348 7001/7726 6982/7701
f 7001/7726 5795/6348 5790/6345 7002/7727
f 7001/7726 6978/7694 6979/7697 6982/7701
f 7001/7726 7002/7727 6977/7695 6978/7694
f 7002/7727 5790/6345 5791/6344 5800/6353
f 7002/7727 5800/6353 5801/6354 6977/7695
f 6977/7695 5801/6354 6972/7690 6974/7692
f 6972/7690 5801/6354 5797/6352 6970/7688
f 6970/7688 5797/6352 5798/6351 6968/7686
f 6958/7674 5954/6507 5955/6506 6956/7672
f 6956/7672 5955/6506 5958/6511 6954/7670
f 6950/7666 5949/6503 5950/6502 6948/7664
f 6948/7664 5950/6502 5951/6504 6947/7661
f 6902/7611 6896/7605 6897/7604 6899/7608
f 6861/7565 6855/7557 6856/7556 6858/7560
f 6801/7491 6619/7544 6620/7267 6622/7266
f 6595/7229 5918/6472 5919/6471 6593/7226
f 6590/7222 5921/6473 5922/6476 6589/7223
f 6589/7223 5922/6476 7004/7728 7003/7729
f 6589/7223 7003/7729 6586/7220 6587/7219
f 7004/7728 5829/6380 5826/6379 7005/7730
f 7004/7728 5922/6476 5923/6475 5829/6380
f 7004/7728 7005/7730 7006/7731 7003/7729
f 7006/7731 7005/7730 7008/7732 7007/7733
f 7006/7731 7009/7734 6586/7220 7003/7729
f 7006/7731 7007/7733 7010/7735 7009/7734
f 7010/7735 7007/7733 7012/7736 7011/7737
f 7010/7735 7013/7738 6583/7217 7009/7734
f 7010/7735 7011/7737 7014/7739 7013/7738
f 7014/7739 7011/7737 7016/7740 7015/7741
f 7014/7739 7017/7742 6580/7214 7013/7738
f 7014/7739 7015/7741 7018/7743 7017/7742
f 7018/7743 7015/7741 7020/7744 7019/7745
f 7018/7743 7021/7746 6577/7211 7017/7742
f 7018/7743 7019/7745 7022/7747 7021/7746
f 7022/7747 7019/7745 7024/7748 7023/7749
f 7022/7747 7025/7750 6574/7208 7021/7746
f 7022/7747 7023/7749 7026/7751 7025/7750
f 7026/7751 7023/7749 7028/7752 7027/7753
f 7026/7751 7029/7754 6571/7205 7025/7750
f 7026/7751 7027/7753 7030/7755 7029/7754
f 7030/7755 7027/7753 7032/7756 7031/7757
f 7030/7755 7033/7758 6568/7202 7029/7754
f 7030/7755 7031/7757 7034/7759 7033/7758
f 7034/7760 7031/7761 7036/7762 7035/7763
f 7034/7759 7037/7764 6565/7199 7033/7758
f 7034/7760 7035/7763 7038/7765 7037/7766
f 7038/7765 7035/7763 7040/7767 7039/7768
f 7038/7765 6558/7190 6560/7192 7037/7766
f 7038/7765 7039/7768 6556/7188 6558/7190
f 7040/7767 7043/7769 7042/7770 7041/7771
f 7040/7767 7035/7763 7036/7762 7043/7769
f 7040/7767 7041/7771 7044/7772 7039/7768
f 7044/7772 7041/7771 7045/7773 6551/7183
f 7044/7772 6554/7186 6556/7188 7039/7768
f 7044/7772 6551/7183 6552/7182 6554/7186
f 7045/7773 7048/7774 7047/7775 7046/7776
f 7045/7773 7041/7771 7042/7770 7048/7774
f 7045/7773 7046/7776 6549/7181 6551/7183
f 7048/7774 7050/7777 7049/7778 7047/7775
f 7048/7774 7042/7770 7051/7779 7050/7777
f 7051/7779 7053/7780 7052/7781 7050/7777
f 7051/7779 7055/7782 7054/7783 7053/7780
f 7051/7779 7042/7770 7043/7769 7055/7782
f 7055/7782 7057/7784 7056/7785 7054/7783
f 7055/7782 7043/7769 7036/7762 7057/7784
f 7057/7784 7032/7786 7058/7787 7056/7785
f 7057/7784 7036/7762 7031/7761 7032/7786
f 7058/7787 7060/7788 7059/7789 7056/7785
f 7058/7790 7028/7752 7061/7791 7060/7792
f 7058/7790 7032/7756 7027/7753 7028/7752
f 7061/7791 7063/7793 7062/7794 7060/7792
f 7061/7791 7024/7748 7064/7795 7063/7793
f 7061/7791 7028/7752 7023/7749 7024/7748
f 7064/7795 7066/7796 7065/7797 7063/7793
f 7064/7795 7020/7744 7067/7798 7066/7796
f 7064/7795 7024/7748 7019/7745 7020/7744
f 7067/7798 7069/7799 7068/7800 7066/7796
f 7067/7798 7016/7740 7070/7801 7069/7799
f 7067/7798 7020/7744 7015/7741 7016/7740
f 7070/7801 5864/6416 5867/6420 7069/7799
f 7070/7801 7012/7736 5863/6417 5864/6416
f 7070/7801 7016/7740 7011/7737 7012/7736
f 7069/7799 5867/6420 7071/7802 7068/7800
f 7071/7802 7074/7803 7073/7804 7072/7805
f 7071/7802 5867/6420 5865/6419 7074/7803
f 7071/7802 7072/7805 7075/7806 7068/7800
f 7075/7806 7072/7805 7077/7807 7076/7808
f 7075/7806 7065/7797 7066/7796 7068/7800
f 7075/7806 7076/7808 7078/7809 7065/7797
f 7078/7810 7076/7811 7080/7812 7079/7813
f 7078/7809 7062/7794 7063/7793 7065/7797
f 7078/7810 7079/7813 7081/7814 7062/7815
f 7081/7814 7079/7813 7083/7816 7082/7817
f 7081/7814 7059/7789 7060/7788 7062/7815
f 7081/7814 7082/7817 7084/7818 7059/7789
f 7084/7818 7082/7817 7086/7819 7085/7820
f 7084/7818 7054/7783 7056/7785 7059/7789
f 7084/7818 7085/7820 7053/7780 7054/7783
f 7086/7819 7089/7821 7088/7822 7087/7823
f 7086/7819 7082/7817 7083/7816 7089/7821
f 7086/7819 7087/7823 7090/7824 7085/7820
f 7090/7824 7087/7823 7092/7825 7091/7826
f 7090/7824 7052/7781 7053/7780 7085/7820
f 7090/7824 7091/7826 7093/7827 7052/7781
f 7093/7827 7091/7826 7095/7828 7094/7829
f 7093/7827 7049/7778 7050/7777 7052/7781
f 7093/7827 7094/7829 7096/7830 7049/7778
f 7096/7830 7094/7829 7098/7831 7097/7832
f 7096/7830 7099/7833 7047/7775 7049/7778
f 7096/7830 7097/7832 7100/7834 7099/7833
f 7100/7834 7097/7832 7102/7835 7101/7836
f 7100/7834 7104/7837 7103/7838 7099/7833
f 7100/7834 7101/7836 7105/7839 7104/7837
f 7105/7839 7101/7836 7107/7840 7106/7841
f 7105/7839 6545/7177 6546/7176 7104/7837
f 7105/7839 7106/7841 7108/7842 6545/7177
f 7108/7842 7106/7841 7110/7843 7109/7844
f 7108/7842 6542/7174 6543/7173 6545/7177
f 7108/7842 7109/7844 7111/7845 6542/7174
f 7111/7845 7109/7844 7113/7846 7112/7847
f 7111/7845 7114/7848 6540/7172 6542/7174
f 7111/7845 7112/7847 7115/7849 7114/7848
f 7115/7849 7112/7847 7117/7850 7116/7851
f 7115/7849 7119/7852 7118/7853 7114/7848
f 7115/7849 7116/7851 7120/7854 7119/7852
f 7120/7854 7116/7851 7122/7855 7121/7856
f 7120/7854 7124/7857 7123/7858 7119/7852
f 7120/7854 7121/7856 7125/7859 7124/7857
f 7125/7859 7121/7856 7127/7860 7126/7861
f 7125/7859 7129/7862 7128/7863 7124/7857
f 7125/7859 7126/7861 7130/7864 7129/7862
f 7130/7864 7126/7861 7132/7865 7131/7866
f 7130/7867 7134/7868 7133/7869 7129/7870
f 7130/7867 7131/7871 7135/7872 7134/7868
f 7135/7872 7131/7871 7137/7873 7136/7874
f 7135/7872 7139/7875 7138/7876 7134/7868
f 7135/7872 7136/7874 7140/7877 7139/7875
f 7140/7878 7136/7879 7142/7880 7141/7881
f 7140/7877 5783/6336 5784/6335 7139/7875
f 7140/7878 7141/7881 7143/7882 5783/7883
f 7143/7882 7141/7881 7145/7884 7144/7885
f 7143/7882 7146/7886 5782/7887 5783/7883
f 7143/7882 7144/7885 7147/7888 7146/7886
f 7147/7888 7144/7885 7149/7889 7148/7890
f 7147/7888 7151/7891 7150/7892 7146/7886
f 7147/7888 7148/7890 7152/7893 7151/7891
f 7152/7893 7148/7890 7154/7894 7153/7895
f 7152/7893 7156/7896 7155/7897 7151/7891
f 7152/7893 7153/7895 7157/7898 7156/7896
f 7157/7898 7153/7895 7159/7899 7158/7900
f 7157/7898 7160/7901 6293/6905 7156/7896
f 7157/7898 7158/7900 7161/7902 7160/7901
f 7161/7902 7158/7900 7162/7903 6219/6816
f 7161/7902 6222/7904 6290/7905 7160/7901
f 7161/7902 6219/6816 6220/6815 6222/7904
f 7162/7903 6208/6802 6209/6801 6213/6807
f 7162/7903 7158/7900 7159/7899 6208/6802
f 7162/7903 6213/6807 6215/6809 6219/6816
f 7160/7901 6290/7905 6291/6906 6293/6905
f 7159/7899 6204/6798 6205/6797 6208/6802
f 7159/7899 7153/7895 7154/7894 6204/6798
f 7156/7896 6293/6905 6294/6904 7155/7897
f 7155/7897 6298/6914 7150/7892 7151/7891
f 7155/7897 6294/6904 6295/6908 6298/6914
f 7154/7894 6199/6793 6200/6792 6204/6798
f 7154/7894 7148/7890 7149/7889 6199/6793
f 7150/7892 5788/7906 5782/7887 7146/7886
f 7150/7892 6298/6914 6299/6913 5788/7906
f 7149/7889 6194/6788 6195/6787 6199/6793
f 7149/7889 7144/7885 7145/7884 6194/6788
f 7145/7884 6189/6781 6190/6780 6194/6788
f 7145/7884 7141/7881 7142/7880 6189/6781
f 7142/7880 6184/7907 6185/6782 6189/6781
f 7142/7880 7136/7879 7137/7908 6184/7907
f 7139/7875 5784/6335 5785/6339 7138/7876
f 7138/7876 7163/7909 7133/7869 7134/7868
f 7138/7876 5785/6339 5802/6355 7163/7909
f 7163/7909 6527/7156 6529/7158 7133/7869
f 7163/7909 5802/6355 5806/6360 6527/7156
f 7137/7910 6179/6770 6180/6769 6184/6775
f 7137/7911 7131/7866 7132/7865 6179/7912
f 7133/7869 6529/7158 7128/7913 7129/7870
f 7132/7865 6174/6764 6175/6763 6179/7912
f 7132/7865 7126/7861 7127/7860 6174/6764
f 7128/7863 6532/7914 7123/7858 7124/7857
f 7128/7913 6529/7158 6530/7157 6532/7161
f 7127/7860 6169/6757 6170/6756 6174/6764
f 7127/7860 7121/7856 7122/7855 6169/6757
f 7123/7858 6535/7165 7118/7853 7119/7852
f 7123/7858 6532/7914 6533/7166 6535/7165
f 7122/7855 6164/6752 6165/6751 6169/6757
f 7122/7855 7116/7851 7117/7850 6164/6752
f 7118/7853 6538/7170 6540/7172 7114/7848
f 7118/7853 6535/7165 6536/7164 6538/7170
f 7117/7850 6159/6747 6160/6746 6164/6752
f 7117/7850 7112/7847 7113/7846 6159/6747
f 7113/7846 6154/6742 6155/6741 6159/6747
f 7113/7846 7109/7844 7110/7843 6154/6742
f 7110/7843 6149/6737 6150/6736 6154/6742
f 7110/7843 7106/7841 7107/7840 6149/6737
f 7107/7840 6144/6732 6145/6731 6149/6737
f 7107/7840 7101/7836 7102/7835 6144/6732
f 7104/7837 6546/7176 6547/7179 7103/7838
f 7103/7838 7046/7776 7047/7775 7099/7833
f 7103/7838 6547/7179 6549/7181 7046/7776
f 7102/7835 6139/6727 6140/6726 6144/6732
f 7102/7835 7097/7832 7098/7831 6139/6727
f 7098/7831 6134/6722 6135/6721 6139/6727
f 7098/7831 7094/7829 7095/7828 6134/6722
f 7095/7828 6129/6717 6130/6716 6134/6722
f 7095/7828 7091/7826 7092/7825 6129/6717
f 7092/7825 6124/6712 6125/6711 6129/6717
f 7092/7825 7087/7823 7088/7822 6124/6712
f 7089/7821 7164/7915 6119/6707 7088/7822
f 7089/7821 7083/7816 7165/7916 7164/7915
f 7165/7916 7166/7917 6115/6703 7164/7915
f 7165/7916 7080/7812 7167/7918 7166/7917
f 7165/7916 7083/7816 7079/7813 7080/7812
f 7167/7918 7168/7919 6111/6699 7166/7917
f 7167/7918 7077/7920 7169/7921 7168/7919
f 7167/7918 7080/7812 7076/7811 7077/7920
f 7169/7921 7171/7922 7170/7923 7168/7919
f 7169/7924 7073/7804 7172/7925 7171/7926
f 7169/7924 7077/7807 7072/7805 7073/7804
f 7172/7925 7174/7927 7173/7928 7171/7926
f 7172/7925 7176/7929 7175/7930 7174/7927
f 7172/7925 7073/7804 7074/7803 7176/7929
f 7176/7929 5866/6418 7177/7931 7175/7930
f 7176/7929 7074/7803 5865/6419 5866/6418
f 7177/7931 7179/7932 7178/7933 7175/7930
f 7177/7931 5929/6483 7180/7934 7179/7932
f 7177/7931 5866/6418 5861/6415 5929/6483
f 7180/7935 7182/7936 7181/7937 7179/7938
f 7180/7935 7184/7939 7183/7940 7182/7936
f 7180/7934 5929/6483 5930/6482 7184/7941
f 7184/7939 6091/6674 6093/6673 7183/7940
f 7184/7941 5930/6482 5931/6484 6091/7942
f 7183/7940 7186/7943 7185/7944 7182/7936
f 7183/7940 6093/6673 7187/7945 7186/7943
f 7187/7945 7189/7946 7188/7947 7186/7943
f 7187/7945 6096/7948 7190/7949 7189/7946
f 7187/7945 6093/6673 6094/6672 6096/7948
f 7190/7949 7192/7950 7191/7951 7189/7946
f 7190/7952 7194/7953 7193/7954 7192/7955
f 7190/7952 6096/6680 6097/6679 7194/7953
f 7194/7953 7196/7956 7195/7957 7193/7954
f 7194/7953 6097/6679 6098/6682 7196/7956
f 7196/7956 7198/7958 7197/7959 7195/7957
f 7196/7956 6098/6682 6100/6685 7198/7958
f 7198/7958 7200/7960 7199/7961 7197/7959
f 7198/7958 6100/6685 6102/6688 7200/7960
f 7200/7960 7202/7962 7201/7963 7199/7961
f 7200/7960 6102/6688 7203/7964 7202/7962
f 7203/7964 7205/7965 7204/7966 7202/7962
f 7203/7964 6105/6691 7206/7967 7205/7965
f 7203/7964 6102/6688 6103/6687 6105/6691
f 7206/7968 7208/7969 7207/7970 7205/7971
f 7206/7968 7210/7972 7209/7973 7208/7969
f 7206/7967 6105/6691 6106/6690 7210/7974
f 7210/7975 7211/7976 7173/7977 7209/7978
f 7210/7975 6106/6695 6107/6694 7211/7976
f 7211/7976 7170/7923 7171/7922 7173/7977
f 7211/7976 6107/6694 6109/6697 7170/7923
f 7209/7973 7213/7979 7212/7980 7208/7969
f 7209/7981 7173/7928 7174/7927 7213/7982
f 7213/7979 7178/7983 7214/7984 7212/7980
f 7213/7982 7174/7927 7175/7930 7178/7933
f 7214/7984 7216/7985 7215/7986 7212/7980
f 7214/7984 7181/7937 7217/7987 7216/7985
f 7214/7984 7178/7983 7179/7938 7181/7937
f 7217/7987 7219/7988 7218/7989 7216/7985
f 7217/7987 7185/7944 7220/7990 7219/7988
f 7217/7987 7181/7937 7182/7936 7185/7944
f 7220/7990 7222/7991 7221/7992 7219/7988
f 7220/7990 7188/7947 7223/7993 7222/7991
f 7220/7990 7185/7944 7186/7943 7188/7947
f 7223/7993 7225/7994 7224/7995 7222/7991
f 7223/7993 7191/7951 7226/7996 7225/7994
f 7223/7993 7188/7947 7189/7946 7191/7951
f 7226/7996 7228/7997 7227/7998 7225/7994
f 7226/7996 7230/7999 7229/8000 7228/7997
f 7226/7996 7191/7951 7192/7950 7230/7999
f 7230/8001 7232/8002 7231/8003 7229/8004
f 7230/8001 7192/7955 7193/7954 7232/8002
f 7232/8002 7234/8005 7233/8006 7231/8003
f 7232/8002 7193/7954 7195/7957 7234/8005
f 7234/8005 7235/8007 5767/6319 7233/8006
f 7234/8005 7195/7957 7197/7959 7235/8007
f 7235/8007 7236/8008 5766/6320 5767/6319
f 7235/8007 7197/7959 7199/7961 7236/8008
f 7236/8008 7237/8009 5768/6321 5766/6320
f 7236/8008 7199/7961 7201/7963 7237/8009
f 7237/8009 7239/8010 7238/8011 5768/6321
f 7237/8009 7201/7963 7240/8012 7239/8010
f 7240/8013 7242/8014 7241/8015 7239/8016
f 7240/8013 7204/8017 7243/8018 7242/8014
f 7240/8012 7201/7963 7202/7962 7204/7966
f 7243/8018 7245/8019 7244/8020 7242/8014
f 7243/8018 7207/7970 7215/7986 7245/8019
f 7243/8018 7204/8017 7205/7971 7207/7970
f 7245/8019 7218/7989 7246/8021 7244/8020
f 7245/8019 7215/7986 7216/7985 7218/7989
f 7246/8021 7248/8022 7247/8023 7244/8020
f 7246/8021 7221/7992 7249/8024 7248/8022
f 7246/8021 7218/7989 7219/7988 7221/7992
f 7249/8024 5943/6495 5944/6497 7248/8022
f 7249/8024 7224/7995 5942/6496 5943/6495
f 7249/8024 7221/7992 7222/7991 7224/7995
f 7248/8022 5944/6497 7250/8025 7247/8023
f 7250/8025 7253/8026 7252/8027 7251/8028
f 7250/8025 5944/6497 5940/6494 7253/8026
f 7250/8025 7251/8028 7241/8015 7247/8023
f 7253/8026 5876/6431 5877/6430 7252/8027
f 7253/8026 5940/6494 5881/6434 5876/6431
f 7252/8027 5877/6430 7255/8029 7254/8030
f 7252/8027 7254/8030 7238/8031 7251/8028
f 7255/8032 5870/6423 5871/6422 5764/6317
f 7255/8029 5877/6430 5878/6429 5870/8033
f 7255/8032 5764/6317 5765/6316 7254/8034
f 7254/8034 5765/6316 5768/6321 7238/8011
f 7251/8028 7238/8031 7239/8016 7241/8015
f 7247/8023 7241/8015 7242/8014 7244/8020
f 7233/8006 5874/6427 5872/6426 7231/8003
f 7233/8006 5767/6319 5763/6318 5874/6427
f 7231/8003 5872/6426 5873/6425 7229/8004
f 7229/8000 5873/8035 7256/8036 7228/7997
f 7256/8036 5879/6433 5880/6432 7257/8037
f 7256/8036 5873/8035 5869/8038 5879/6433
f 7256/8036 7257/8037 7227/7998 7228/7997
f 7257/8037 5880/6432 5881/6434 5941/6493
f 7257/8037 5941/6493 5942/6496 7227/7998
f 7227/7998 5942/6496 7224/7995 7225/7994
f 7215/7986 7207/7970 7208/7969 7212/7980
f 7170/7923 6109/6697 6111/6699 7168/7919
f 7166/7917 6111/6699 6112/6698 6115/6703
f 7164/7915 6115/6703 6116/6702 6119/6707
f 7088/7822 6119/6707 6120/6706 6124/6712
f 7037/7764 6560/7196 6562/7195 6565/7199
f 7033/7758 6565/7199 6566/7198 6568/7202
f 7029/7754 6568/7202 6569/7201 6571/7205
f 7025/7750 6571/7205 6572/7204 6574/7208
f 7021/7746 6574/7208 6575/7207 6577/7211
f 7017/7742 6577/7211 6578/7210 6580/7214
f 7013/7738 6580/7214 6581/7213 6583/7217
f 7012/7736 7007/7733 7008/7732 5863/6417
f 7009/7734 6583/7217 6584/7216 6586/7220
f 7008/7732 5830/6385 5860/6411 5863/6417
f 7008/7732 7005/7730 5826/6379 5830/6385
f 6467/7091 5807/6359 6369/6990 6466/7092
f 6466/7092 6369/6990 6370/6989 6374/6995
f 6446/7068 6441/7064 5910/6461 5911/6465
f 6369/6990 5807/6359 5803/6358 6365/6985
f 6352/6971 5781/6334 5787/6341 6351/6972
f 6351/8039 6302/6920 6304/6922 6347/6966
f 6351/8039 5787/8040 6300/6917 6302/6920
f 6343/6960 6304/6922 6305/6921 6307/6925
f 6320/6938 6313/6931 6314/6930 6316/6934
f 6300/6917 5787/8040 5788/8041 6299/6918
f 6290/6901 6222/6820 6223/6819 6288/6898
f 6258/6864 6248/6850 6249/6849 6256/6861
f 6236/6832 5780/6333 5886/6814 5887/8042
f 6236/6832 6231/6828 5777/6328 5780/6333
f 6236/6832 5887/8042 5888/6837 6235/6833
f 6212/6804 6207/6800 5893/6447 5894/6446
f 6203/6795 5892/6443 5893/6447 6202/6796
f 6158/6744 6152/6740 6153/6739 5898/6451
f 6123/6709 6118/6705 5771/6325 5772/6324
f 6114/6701 5758/6310 5759/6313 5771/6325
f 6087/6663 5928/6666 7258/8043 6086/6660
f 7258/8043 7259/8044 6085/6661 6086/6660
f 7258/8045 7261/8046 7260/8047 7259/8048
f 7258/8045 5928/6480 5925/6479 7261/8046
f 7261/8046 7263/8049 7262/8050 7260/8047
f 7261/8046 5925/6479 5926/6478 7263/8049
f 7263/8049 7265/8051 7264/8052 7262/8050
f 7263/8049 5926/6478 7266/8053 7265/8051
f 7266/8053 7268/8054 7267/8055 7265/8051
f 7266/8053 5859/6412 5831/6384 7268/8054
f 7266/8053 5926/6478 5858/6413 5859/6412
f 7268/8054 7270/8056 7269/8057 7267/8055
f 7268/8054 5831/6384 5832/6383 7270/8056
f 7270/8056 5835/6389 7271/8058 7269/8057
f 7270/8056 5832/6383 5833/6386 5835/6389
f 7271/8058 7273/8059 7272/8060 7269/8057
f 7271/8058 7275/8061 7274/8062 7273/8059
f 7271/8058 5835/6389 5836/6388 7275/8061
f 7275/8061 6066/8063 6068/8064 7274/8062
f 7275/8061 5836/6388 5842/6395 6066/8063
f 7274/8065 7277/8066 7276/8067 7273/8068
f 7274/8065 6068/6639 6070/6638 7277/8066
f 7277/8066 7279/8069 7278/8070 7276/8067
f 7277/8066 6070/6638 7280/8071 7279/8069
f 7280/8071 7282/8072 7281/8073 7279/8069
f 7280/8071 6073/8074 7283/8075 7282/8072
f 7280/8071 6070/6638 6071/6637 6073/8074
f 7283/8075 7285/8076 7284/8077 7282/8072
f 7283/8078 7287/8079 7286/8080 7285/8081
f 7283/8078 6073/6645 6074/6644 7287/8079
f 7287/8079 7289/8082 7288/8083 7286/8080
f 7287/8079 6074/6644 6075/6647 7289/8082
f 7289/8082 7291/8084 7290/8085 7288/8083
f 7289/8082 6075/6647 6077/6650 7291/8084
f 7291/8084 7293/8086 7292/8087 7290/8085
f 7291/8084 6077/6650 6079/6653 7293/8086
f 7293/8086 7295/8088 7294/8089 7292/8087
f 7293/8086 6079/6653 7296/8090 7295/8088
f 7296/8090 7298/8091 7297/8092 7295/8088
f 7296/8090 6082/6656 7299/8093 7298/8091
f 7296/8090 6079/6653 6080/6652 6082/6656
f 7299/8094 7301/8095 7300/8096 7298/8097
f 7299/8094 6085/8098 7259/8099 7301/8095
f 7299/8093 6082/6656 6083/6655 6085/8100
f 7301/8095 7303/8101 7302/8102 7300/8096
f 7301/8095 7259/8099 7260/8103 7303/8101
f 7303/8101 7305/8104 7304/8105 7302/8102
f 7303/8101 7260/8103 7262/8106 7305/8104
f 7305/8104 7307/8107 7306/8108 7304/8105
f 7305/8104 7262/8106 7264/8109 7307/8107
f 7307/8107 7309/8110 7308/8111 7306/8108
f 7307/8107 7264/8109 7310/8112 7309/8110
f 7310/8112 7272/8113 7311/8114 7309/8110
f 7310/8115 7267/8055 7269/8057 7272/8060
f 7310/8115 7264/8052 7265/8051 7267/8055
f 7311/8114 7312/8116 7308/8111 7309/8110
f 7311/8114 7276/8067 7278/8070 7312/8116
f 7311/8114 7272/8113 7273/8068 7276/8067
f 7312/8116 7314/8117 7313/8118 7308/8111
f 7312/8116 7278/8070 7315/8119 7314/8117
f 7315/8119 7317/8120 7316/8121 7314/8117
f 7315/8119 7281/8073 7318/8122 7317/8120
f 7315/8119 7278/8070 7279/8069 7281/8073
f 7318/8122 7320/8123 7319/8124 7317/8120
f 7318/8122 7284/8077 7321/8125 7320/8123
f 7318/8122 7281/8073 7282/8072 7284/8077
f 7321/8125 7323/8126 7322/8127 7320/8123
f 7321/8125 7325/8128 7324/8129 7323/8126
f 7321/8125 7284/8077 7285/8076 7325/8128
f 7325/8130 7327/8131 7326/8132 7324/8133
f 7325/8130 7285/8081 7286/8080 7327/8131
f 7327/8131 7329/8134 7328/8135 7326/8132
f 7327/8131 7286/8080 7288/8083 7329/8134
f 7329/8134 7331/8136 7330/8137 7328/8135
f 7329/8134 7288/8083 7290/8085 7331/8136
f 7331/8136 7333/8138 7332/8139 7330/8137
f 7331/8136 7290/8085 7292/8087 7333/8138
f 7333/8138 7335/8140 7334/8141 7332/8139
f 7333/8138 7292/8087 7294/8089 7335/8140
f 7335/8140 7337/8142 7336/8143 7334/8141
f 7335/8140 7294/8089 7338/8144 7337/8142
f 7338/8145 7340/8146 7339/8147 7337/8148
f 7338/8145 7297/8149 7341/8150 7340/8146
f 7338/8144 7294/8089 7295/8088 7297/8092
f 7341/8150 7343/8151 7342/8152 7340/8146
f 7341/8150 7300/8096 7302/8102 7343/8151
f 7341/8150 7297/8149 7298/8097 7300/8096
f 7343/8151 7345/8153 7344/8154 7342/8152
f 7343/8151 7302/8102 7304/8105 7345/8153
f 7345/8153 7347/8155 7346/8156 7344/8154
f 7345/8153 7304/8105 7306/8108 7347/8155
f 7347/8155 7313/8118 7348/8157 7346/8156
f 7347/8155 7306/8108 7308/8111 7313/8118
f 7348/8157 7350/8158 7349/8159 7346/8156
f 7348/8157 7316/8121 7351/8160 7350/8158
f 7348/8157 7313/8118 7314/8117 7316/8121
f 7351/8160 7353/8161 7352/8162 7350/8158
f 7351/8160 7319/8124 7354/8163 7353/8161
f 7351/8160 7316/8121 7317/8120 7319/8124
f 7354/8163 7356/8164 7355/8165 7353/8161
f 7354/8163 7322/8127 7357/8166 7356/8164
f 7354/8163 7319/8124 7320/8123 7322/8127
f 7357/8166 7359/8167 7358/8168 7356/8164
f 7357/8166 7361/8169 7360/8170 7359/8167
f 7357/8166 7322/8127 7323/8126 7361/8169
f 7361/8169 7363/8171 7362/8172 7360/8170
f 7361/8169 7323/8126 7324/8129 7363/8171
f 7363/8173 7365/8174 7364/8175 7362/8176
f 7363/8173 7324/8133 7326/8132 7365/8174
f 7365/8174 7367/8177 7366/8178 7364/8175
f 7365/8174 7326/8132 7328/8135 7367/8177
f 7367/8177 7369/8179 7368/8180 7366/8178
f 7367/8177 7328/8135 7330/8137 7369/8179
f 7369/8179 7371/8181 7370/8182 7368/8180
f 7369/8179 7330/8137 7332/8139 7371/8181
f 7371/8181 7373/8183 7372/8184 7370/8182
f 7371/8181 7332/8139 7334/8141 7373/8183
f 7373/8183 7375/8185 7374/8186 7372/8184
f 7373/8183 7334/8141 7336/8143 7375/8185
f 7375/8187 7377/8188 7376/8189 7374/8190
f 7375/8187 7336/8191 7378/8192 7377/8188
f 7378/8192 7380/8193 7379/8194 7377/8188
f 7378/8192 7339/8147 7381/8195 7380/8193
f 7378/8192 7336/8191 7337/8148 7339/8147
f 7381/8195 7383/8196 7382/8197 7380/8193
f 7381/8195 7342/8152 7344/8154 7383/8196
f 7381/8195 7339/8147 7340/8146 7342/8152
f 7383/8196 7349/8159 7384/8198 7382/8197
f 7383/8196 7344/8154 7346/8156 7349/8159
f 7384/8198 7386/8199 7385/8200 7382/8197
f 7384/8198 7352/8162 7387/8201 7386/8199
f 7384/8198 7349/8159 7350/8158 7352/8162
f 7387/8201 7389/8202 7388/8203 7386/8199
f 7387/8201 7355/8165 7390/8204 7389/8202
f 7387/8201 7352/8162 7353/8161 7355/8165
f 7390/8204 7392/8205 7391/8206 7389/8202
f 7390/8204 7358/8168 7393/8207 7392/8205
f 7390/8204 7355/8165 7356/8164 7358/8168
f 7393/8207 7395/8208 7394/8209 7392/8205
f 7393/8207 7397/8210 7396/8211 7395/8208
f 7393/8207 7358/8168 7359/8167 7397/8210
f 7397/8210 7399/8212 7398/8213 7396/8211
f 7397/8210 7359/8167 7360/8170 7399/8212
f 7399/8212 7401/8214 7400/8215 7398/8213
f 7399/8212 7360/8170 7362/8172 7401/8214
f 7401/8216 7403/8217 7402/8218 7400/8219
f 7401/8216 7362/8176 7364/8175 7403/8217
f 7403/8217 7405/8220 7404/8221 7402/8218
f 7403/8217 7364/8175 7366/8178 7405/8220
f 7405/8220 7407/8222 7406/8223 7404/8221
f 7405/8220 7366/8178 7368/8180 7407/8222
f 7407/8222 7409/8224 7408/8225 7406/8223
f 7407/8222 7368/8180 7370/8182 7409/8224
f 7409/8224 7411/8226 7410/8227 7408/8225
f 7409/8224 7370/8182 7372/8184 7411/8226
f 7411/8226 7413/8228 7412/8229 7410/8227
f 7411/8226 7372/8184 7374/8186 7413/8228
f 7413/8230 7415/8231 7414/8232 7412/8233
f 7413/8230 7374/8190 7376/8189 7415/8231
f 7415/8231 7417/8234 7416/8235 7414/8232
f 7415/8231 7376/8189 7418/8236 7417/8234
f 7418/8236 7420/8237 7419/8238 7417/8234
f 7418/8236 7379/8194 7385/8200 7420/8237
f 7418/8236 7376/8189 7377/8188 7379/8194
f 7420/8237 7388/8203 7421/8239 7419/8238
f 7420/8237 7385/8200 7386/8199 7388/8203
f 7421/8239 7423/8240 7422/8241 7419/8238
f 7421/8239 7391/8206 7424/8242 7423/8240
f 7421/8239 7388/8203 7389/8202 7391/8206
f 7424/8242 5845/6398 7425/8243 7423/8240
f 7424/8242 7394/8209 5844/6399 5845/6398
f 7424/8242 7391/8206 7392/8205 7394/8209
f 7425/8243 5938/6491 5933/6488 7426/8244
f 7425/8243 5845/6398 5846/6397 5938/6491
f 7425/8243 7426/8244 7422/8241 7423/8240
f 7426/8244 5933/6488 5934/6487 7427/8245
f 7426/8244 7427/8245 7416/8235 7422/8241
f 7427/8245 5934/6487 7429/8246 7428/8247
f 7427/8245 7428/8247 7414/8232 7416/8235
f 7429/8246 7432/8248 7431/8249 7430/8250
f 7429/8246 5934/6487 5935/6486 7432/8248
f 7429/8246 7430/8250 7433/8251 7428/8247
f 7433/8252 7430/8253 5854/6408 5855/6407
f 7433/8251 7412/8233 7414/8232 7428/8247
f 7433/8252 5855/6407 7410/8227 7412/8229
f 7432/8248 7434/8254 5823/8255 7431/8249
f 7432/8248 5935/6486 5936/6490 7434/8254
f 7434/8254 7435/8256 5822/8257 5823/8255
f 7434/8254 5936/6490 7436/8258 7435/8256
f 7436/8258 5936/6490 5937/6489 5847/6401
f 7436/8258 7438/8259 7437/8260 7435/8256
f 7436/8258 5847/6401 5848/6400 7438/8259
f 7438/8259 7440/8261 7439/8262 7437/8260
f 7438/8259 5848/6400 5849/6402 7440/8261
f 7440/8261 7396/8211 7398/8213 7439/8262
f 7440/8261 5849/6402 7395/8208 7396/8211
f 7439/8262 7441/8263 5821/8264 7437/8260
f 7439/8262 7398/8213 7400/8215 7441/8263
f 7441/8265 7442/8266 5820/6375 5821/6374
f 7441/8265 7400/8219 7402/8218 7442/8266
f 7442/8266 7443/8267 5825/6378 5820/6375
f 7442/8266 7402/8218 7404/8221 7443/8267
f 7443/8267 5852/6405 5853/6404 5825/6378
f 7443/8267 7404/8221 7406/8223 5852/6405
f 7437/8260 5821/8264 5822/8257 7435/8256
f 7431/8268 5823/6377 5824/6376 5856/6409
f 7431/8268 5856/6409 5854/6408 7430/8253
f 7422/8241 7416/8235 7417/8234 7419/8238
f 7410/8227 5855/6407 5851/6406 7408/8225
f 7408/8225 5851/6406 5852/6405 7406/8223
f 7395/8208 5849/6402 5844/6399 7394/8209
f 7385/8200 7379/8194 7380/8193 7382/8197
f 6062/6627 5837/6631 5838/6620 6058/6619
f 6061/6624 5739/6292 5737/6291 6060/6625
f 6054/8269 5838/6391 5839/6390 6053/7481
f 6007/6563 6002/6559 5971/6523 5972/6525
f 5995/6553 5979/6532 5974/6529 5993/6549
f 5993/6549 5974/6529 5975/6528 5989/6550
f 5983/6534 5975/6543 5976/7486 5982/6535
f 5938/6491 5846/6397 5847/6401 5937/6489
f 5924/6477 5828/6381 5829/6380 5923/6475
f 5895/6448 5890/6445 5707/8270 5708/6844
f 5891/6444 5706/6858 5707/8270 5890/6445
f 5879/6433 5869/8038 5870/8033 5878/6429
f 5874/6427 5763/6318 5764/6317 5871/6422
f 5860/6411 5830/6385 5831/6384 5859/6412
f 5856/6409 5824/6376 5825/6378 5853/6404
