-> CNT_CLAVICLE_1_L yaw
3 48 0 0 3 53 0.0 0.0 0.0 1.0 2.0 3.0 4.0 5.0 6.0 7.0 8.0 9.0 10.0 11.0 12.0 13.0 14.0 15.0 16.0 17.0 18.0 19.0 20.0 21.0 22.0 23.0 24.0 25.0 26.0 27.0 28.0 29.0 30.0 31.0 32.0 33.0 34.0 35.0 36.0 37.0 38.0 39.0 40.0 41.0 42.0 43.0 44.0 45.0 46.0 47.0 48.0 48.0 48.0 51 12.0017162712 -4.21101610327 7.18694081832 15.0065324002 -6.42619705137 6.33169147336 15.0065324002 -6.42619705137 6.33169147336 15.0065324002 -6.42619705137 6.33169147336 15.0065324002 -6.42619705137 6.33169147336 13.7278428255 -6.61534365168 6.25003552107 13.7278428255 -6.61534365168 6.25003552107 13.7278428255 -6.61534365168 6.25003552107 13.7777425547 -6.95656802143 6.17345686544 13.877933387 -7.64113062522 5.68436016738 14.0024627949 -8.49028522819 4.41798388882 14.0833636541 -9.03990594828 2.26198760555 14.1080233398 -9.20429253929 -0.235611901902 14.0727864692 -8.95909444855 -2.69464640193 13.9829186841 -8.34096488355 -4.73131353911 13.8523977847 -7.46458569396 -5.85274488312 13.750804333 -6.79655043725 -6.23742370771 13.7009046039 -6.4654949545 -6.26962057733 13.7009046039 -6.4654949545 -6.26962057733 13.7009046039 -6.4654949545 -6.26962057733 14.9812121261 -6.25532233433 -6.32905342706 14.9812121261 -6.25532233433 -6.32905342706 14.9812121261 -6.25532233433 -6.32905342706 11.9747282138 -4.20855448017 -7.00228041409 11.9747282138 -4.20855448017 -7.00228041409 11.9747282138 -4.20855448017 -7.00228041409 9.72696044862 -7.02059521445 -6.3216572967 9.72696044862 -7.02059521445 -6.3216572967 9.72696044862 -7.02059521445 -6.3216572967 9.72696044862 -7.02059521445 -6.3216572967 11.0439800814 -6.85435696463 -6.25945079036 11.0439800814 -6.85435696463 -6.25945079036 11.0439800814 -6.85435696463 -6.25945079036 11.0439800814 -6.85435696463 -6.25945079036 11.0938798106 -7.18541367353 -6.22951476777 11.1954732622 -7.85335761546 -5.85004376865 11.3259941617 -8.72944382982 -4.73506756522 11.4158619467 -9.34757339481 -2.69840860167 11.4510988174 -9.59277148555 -0.239374101642 11.4264391317 -9.42838489455 2.25822540581 11.3455382725 -8.87876417445 4.41422168908 11.2210088645 -8.02960957148 5.68073599836 11.1208180322 -7.3450469677 6.16976789908 11.070918303 -7.00382259795 6.24632011639 11.070918303 -7.00382259795 6.24632011639 11.070918303 -7.00382259795 6.24632011639 9.75621936375 -7.19559955773 6.32409679806 9.75621936375 -7.19559955773 6.32409679806 9.75621936375 -7.19559955773 6.32409679806 9.75621936375 -7.19559955773 6.32409679806 12.0017162712 -4.21101610327 7.18694081832
-> CNT_CLAVICLE_1_R yaw
3 48 0 0 3 53 0.0 0.0 0.0 1.0 2.0 3.0 4.0 5.0 6.0 7.0 8.0 9.0 10.0 11.0 12.0 13.0 14.0 15.0 16.0 17.0 18.0 19.0 20.0 21.0 22.0 23.0 24.0 25.0 26.0 27.0 28.0 29.0 30.0 31.0 32.0 33.0 34.0 35.0 36.0 37.0 38.0 39.0 40.0 41.0 42.0 43.0 44.0 45.0 46.0 47.0 48.0 48.0 48.0 51 13.952365339 4.07337384899 8.27355366637 17.03023747 6.19220072572 7.43410512389 17.03023747 6.19220072572 7.43410512389 17.03023747 6.19220072572 7.43410512389 17.03023747 6.19220072572 7.43410512389 15.7586825926 6.42598521423 7.35674773218 15.7586825926 6.42598521423 7.35674773218 15.7586825926 6.42598521423 7.35674773218 15.8201681342 6.76602496678 7.28339353089 15.9430704545 7.451488966 6.80078202369 16.0947259189 8.30820472942 5.54248209407 16.1910654415 8.87577826468 3.3917782937 16.2174049667 9.06363817735 0.895851765605 16.1698564492 8.84385715617 -1.56537757241 16.0555516364 8.24913043168 -3.60778006422 15.8931860729 7.38876585181 -4.73742366374 15.7680651191 6.72841225016 -5.12838146124 15.7067568907 6.39959869477 -5.16369860951 15.7067568907 6.39959869477 -5.16369860951 15.7067568907 6.39959869477 -5.16369860951 16.978981853 6.14612582504 -5.22763056613 16.978981853 6.14612582504 -5.22763056613 16.978981853 6.14612582504 -5.22763056613 13.902812378 4.2106100292 -5.91494323541 13.902812378 4.2106100292 -5.91494323541 13.902812378 4.2106100292 -5.91494323541 11.7541800336 7.09147369733 -5.20270421688 11.7541800336 7.09147369733 -5.20270421688 11.7541800336 7.09147369733 -5.20270421688 11.7541800336 7.09147369733 -5.20270421688 13.0647993637 6.87945538173 -5.14464628309 13.0647993637 6.87945538173 -5.14464628309 13.0647993637 6.87945538173 -5.14464628309 13.0647993637 6.87945538173 -5.14464628309 13.1261040499 7.20829227322 -5.11158985898 13.2512136061 7.86860555018 -4.72584051887 13.4135588581 8.72874047231 -3.60265459069 13.5278636579 9.32346727674 -1.56026027211 13.5754121754 9.5432482979 0.900969065903 13.5490726502 9.35538838525 3.396895594 13.4527331276 8.78781484999 5.54759939436 13.301077882 7.93109773664 6.80603734793 13.178175459 7.24563437113 7.28858406097 13.1166898755 6.90559487714 7.36191182524 13.1166898755 6.90559487714 7.36191182524 13.1166898755 6.90559487714 7.36191182524 11.8094902324 7.1416867864 7.44407397588 11.8094902324 7.1416867864 7.44407397588 11.8094902324 7.1416867864 7.44407397588 11.8094902324 7.1416867864 7.44407397588 13.952365339 4.07337384899 8.27355366637
-> CNT_COG_C outwardCirclePointer
3 88 0 0 3 93 0.0 0.0 0.0 1.0 2.0 3.0 4.0 5.0 6.0 7.0 8.0 9.0 10.0 11.0 12.0 13.0 14.0 15.0 16.0 17.0 18.0 19.0 20.0 21.0 22.0 23.0 24.0 25.0 26.0 27.0 28.0 29.0 30.0 31.0 32.0 33.0 34.0 35.0 36.0 37.0 38.0 39.0 40.0 41.0 42.0 43.0 44.0 45.0 46.0 47.0 48.0 49.0 50.0 51.0 52.0 53.0 54.0 55.0 56.0 57.0 58.0 59.0 60.0 61.0 62.0 63.0 64.0 65.0 66.0 67.0 68.0 69.0 70.0 71.0 72.0 73.0 74.0 75.0 76.0 77.0 78.0 79.0 80.0 81.0 82.0 83.0 84.0 85.0 86.0 87.0 88.0 88.0 88.0 91 -0.274119882903 7.27352106118e-13 -76.3137533738 -0.274119882903 -23.5761481776 -51.4779146863 -0.274119882903 -23.5761481776 -51.4779146863 -0.274119882903 -23.5761481776 -51.4779146863 -0.274119882903 -11.7880551745 -51.4779146863 -0.274119882903 -11.7880551745 -51.4779146863 -0.274119882903 -11.7880551745 -51.4779146863 -0.274119882903 -11.7880551745 -42.2644702056 -0.274119882903 -11.7880551745 -42.2644702056 -0.274119882903 -11.7880551745 -42.2644702056 -0.274119882903 -22.8008900001 -39.6602019334 -0.274119882903 -39.8732144638 -22.7807652148 -0.274119882903 -42.4774827359 -11.7880551745 -0.274119882903 -42.4343960245 -11.967475958 -0.274119882903 -42.4343960245 -11.967475958 -0.274119882903 -51.4779146863 -11.7880551745 -0.274119882903 -51.4779146863 -11.7880551745 -0.274119882903 -51.4779146863 -11.8814916778 -0.274119882903 -51.4779146863 -23.5761481776 -0.274119882903 -51.4779146863 -23.5761481776 -0.274119882903 -51.4779146863 -23.5761481776 -0.274119882903 -76.3137533738 1.16376336979e-12 -0.274119882903 -76.3137533738 1.16376336979e-12 -0.274119882903 -76.3137533738 1.16376336979e-12 -0.274119882903 -51.4779146863 23.5761481776 -0.274119882903 -51.4779146863 23.5761481776 -0.274119882903 -51.4779146863 23.5761481776 -0.274119882903 -51.4779146863 11.7880551746 -0.274119882903 -51.4779146863 11.7880551746 -0.274119882903 -51.4779146863 11.7880551746 -0.274119882903 -42.1881322041 11.7880551746 -0.274119882903 -42.1881322041 11.7880551746 -0.274119882903 -42.1881322041 11.7880551746 -0.274119882903 -39.8127644507 22.9859094081 -0.274119882903 -22.9859094081 39.8127644507 -0.274119882903 -11.7880551745 42.4220639192 -0.274119882903 -11.5929355454 42.351589342 -0.274119882903 -11.7880551745 42.2291761741 -0.274119882903 -11.7880551745 51.4779146863 -0.274119882903 -11.7880551745 51.4779146863 -0.274119882903 -11.7880551745 51.4779146863 -0.274119882903 -23.5761481776 51.4779146863 -0.274119882903 -23.5761481776 51.4779146863 -0.274119882903 -23.5761481776 51.4779146863 -0.274119882903 7.27352106118e-13 76.3137533738 -0.274119882903 7.27352106118e-13 76.3137533738 -0.274119882903 7.27352106118e-13 76.3137533738 -0.274119882903 23.5761481776 51.4779146863 -0.274119882903 23.5761481776 51.4779146863 -0.274119882903 23.5761481776 51.4779146863 -0.274119882903 11.7880551746 51.4779146863 -0.274119882903 11.7880551746 51.4779146863 -0.274119882903 11.7880551746 51.4779146863 -0.274119882903 11.7880551746 42.1327133873 -0.274119882903 11.7880551746 42.1327133873 -0.274119882903 11.7880551746 42.1327133873 -0.274119882903 22.9859094081 39.8127644507 -0.274119882903 39.8127644507 22.9859094081 -0.274119882903 42.2867133893 11.8274725172 -0.274119882903 42.2865999037 11.8280399453 -0.274119882903 42.2865999037 11.8280399453 -0.274119882903 51.4779146863 11.7880551746 -0.274119882903 51.4779146863 11.7880551746 -0.274119882903 51.4779146863 11.7880551746 -0.274119882903 51.4779146863 23.5761481776 -0.274119882903 51.4779146863 23.5761481776 -0.274119882903 51.4779146863 23.5761481776 -0.274119882903 76.3137533738 1.16376336979e-12 -0.274119882903 76.3137533738 1.16376336979e-12 -0.274119882903 76.3137533738 1.16376336979e-12 -0.274119882903 51.4779146863 -23.5761481776 -0.274119882903 51.4779146863 -23.5761481776 -0.274119882903 51.4779146863 -23.5761481776 -0.274119882903 51.4779146863 -11.7880551745 -0.274119882903 51.4779146863 -11.7880551745 -0.274119882903 51.4779146863 -11.7880551745 -0.274119882903 42.3120206851 -11.736684012 -0.274119882903 42.3120206851 -11.736684012 -0.274119882903 42.3120206851 -11.736684012 -0.274119882903 39.8127644507 -22.9859094081 -0.274119882903 22.9859094081 -39.8127644507 -0.274119882903 12.0230839174 -42.2315593724 -0.274119882903 12.0230839174 -42.2315593724 -0.274119882903 12.0230839174 -42.2315593724 -0.274119882903 12.0018242758 -51.4779146863 -0.274119882903 12.0021269041 -51.3489950089 -0.274119882903 12.0021269041 -51.3489950089 -0.274119882903 23.394835967 -51.4779146863 -0.274119882903 23.394835967 -51.4779146863 -0.274119882903 23.394835967 -51.4779146863 -0.274119882903 0.0320562485081 -76.2799724841
-> CNT_FK_CALF_1_L circle
3 8 0 0 3 13 -2.0 -1.0 0.0 1.0 2.0 3.0 4.0 5.0 6.0 7.0 8.0 9.0 10.0 11 7.64324403401 13.9375822411 -27.3378862848 7.64324403401 -0.0188365682272 -36.1934435144 7.64324403401 -13.9752553775 -27.3378862848 7.64324403401 -13.1119518474 -5.9586799187 7.64324403401 -13.9752553775 15.4205264474 7.64324403401 -0.0188365682272 24.276083677 7.64324403401 13.9375822411 15.4205264474 7.64324403401 13.0742787109 -5.9586799187 7.64324403401 13.9375822411 -27.3378862848 7.64324403401 -0.0188365682272 -36.1934435144 7.64324403401 -13.9752553775 -27.3378862848
-> CNT_FK_CALF_1_R circle
3 8 0 0 3 13 -2.0 -1.0 0.0 1.0 2.0 3.0 4.0 5.0 6.0 7.0 8.0 9.0 10.0 11 -7.64324403401 13.9752553775 -15.4205264474 -7.64324403401 0.0188365682272 -24.276083677 -7.64324403401 -13.9375822411 -15.4205264474 -7.64324403401 -13.0742787109 5.9586799187 -7.64324403401 -13.9375822411 27.3378862848 -7.64324403401 0.0188365682272 36.1934435144 -7.64324403401 13.9752553775 27.3378862848 -7.64324403401 13.1119518474 5.9586799187 -7.64324403401 13.9752553775 -15.4205264474 -7.64324403401 0.0188365682272 -24.276083677 -7.64324403401 -13.9375822411 -15.4205264474
-> CNT_FK_FOOT_1_L circle
3 8 0 0 3 13 -2.0 -1.0 0.0 1.0 2.0 3.0 4.0 5.0 6.0 7.0 8.0 9.0 10.0 11 -15.4483414498 8.74491996201 -10.5967625201 -18.2277821027 -3.59676454704e-13 -6.00185342564 -15.3741275234 -7.92315406622 -10.060709535 2.866486042 -9.48984783647 -13.1107657278 19.9478198157 -7.92315406622 -6.81098323383 23.5323431378 -3.0134400953e-13 -5.01332588465 20.0774021178 8.74491996201 -7.08240695708 3.35987661662 11.2174899111 -13.1494206729 -15.4483414498 8.74491996201 -10.5967625201 -18.2277821027 -3.59676454704e-13 -6.00185342564 -15.3741275234 -7.92315406622 -10.060709535
-> CNT_FK_FOOT_1_R circle
3 8 0 0 3 13 -2.0 -1.0 0.0 1.0 2.0 3.0 4.0 5.0 6.0 7.0 8.0 9.0 10.0 11 -19.9478198157 7.92315406622 6.81098323383 -23.5323431378 4.38983289119e-14 5.01332588465 -20.0774021178 -8.74491996201 7.08240695708 -3.35987661662 -11.2174899111 13.1494206729 15.4483414498 -8.74491996201 10.5967625201 18.2277821027 5.36336864601e-14 6.00185342564 15.3741275234 7.92315406622 10.060709535 -2.866486042 9.48984783647 13.1107657278 -19.9478198157 7.92315406622 6.81098323383 -23.5323431378 4.38983289119e-14 5.01332588465 -20.0774021178 -8.74491996201 7.08240695708
-> CNT_FK_HAND_1_L circle
3 8 0 0 3 13 -2.0 -1.0 0.0 1.0 2.0 3.0 4.0 5.0 6.0 7.0 8.0 9.0 10.0 11 -2.71270002651e-17 5.08149116285 -5.08149116285 -1.56005954097e-16 -1.22148991217e-14 -7.18631371959 -2.71270002651e-17 -5.08149116285 -5.08149116285 2.84014317981e-16 -7.18631371959 2.01669346085e-17 5.95155636228e-16 -5.08149116285 5.08149116285 7.2403459006e-16 -1.22148991217e-14 7.18631371959 5.95155636228e-16 5.08149116285 5.08149116285 2.84014317981e-16 7.18631371959 7.64438081727e-15 -2.71270002651e-17 5.08149116285 -5.08149116285 -1.56005954097e-16 -1.22148991217e-14 -7.18631371959 -2.71270002651e-17 -5.08149116285 -5.08149116285
-> CNT_FK_HAND_1_R circle
3 8 0 0 3 13 -2.0 -1.0 0.0 1.0 2.0 3.0 4.0 5.0 6.0 7.0 8.0 9.0 10.0 11 -3.11141318246e-16 5.08149116285 -5.08149116285 -4.40020272078e-16 6.12038230524e-15 -7.18631371959 -3.11141318246e-16 -5.08149116285 -5.08149116285 -1.37149041896e-31 -7.18631371959 8.35903661358e-17 3.11141318246e-16 -5.08149116285 5.08149116285 4.40020272078e-16 6.12038230524e-15 7.18631371959 3.11141318246e-16 5.08149116285 5.08149116285 2.36334856658e-31 7.18631371959 7.7078042488e-15 -3.11141318246e-16 5.08149116285 -5.08149116285 -4.40020272078e-16 6.12038230524e-15 -7.18631371959 -3.11141318246e-16 -5.08149116285 -5.08149116285
-> CNT_FK_LOWERARM_1_L circle
3 8 0 0 3 13 -2.0 -1.0 0.0 1.0 2.0 3.0 4.0 5.0 6.0 7.0 8.0 9.0 10.0 11 -5.03517696012e-16 6.34461407937 -6.34461407937 -6.64432513889e-16 1.1059149581e-14 -8.97263927906 -5.03517696012e-16 -6.34461407937 -6.34461407937 -1.15034960305e-16 -8.97263927906 5.38063588165e-17 2.73447775403e-16 -6.34461407937 6.34461407937 4.3436259328e-16 1.1059149581e-14 8.97263927906 2.73447775403e-16 6.34461407937 6.34461407937 -1.15034960305e-16 8.97263927906 9.57319608002e-15 -5.03517696012e-16 6.34461407937 -6.34461407937 -6.64432513889e-16 1.1059149581e-14 -8.97263927906 -5.03517696012e-16 -6.34461407937 -6.34461407937
-> CNT_FK_LOWERARM_1_R circle
3 8 0 0 3 13 -2.0 -1.0 0.0 1.0 2.0 3.0 4.0 5.0 6.0 7.0 8.0 9.0 10.0 11 -5.25528100567e-15 6.34461407937 -6.34461407937 -5.41619582355e-15 -1.11741845413e-14 -8.97263927906 -5.25528100567e-15 -6.34461407937 -6.34461407937 -4.86679826996e-15 -8.97263927906 8.23582434472e-17 -4.47831553425e-15 -6.34461407937 6.34461407937 -4.31740071638e-15 -1.11741845413e-14 8.97263927906 -4.47831553425e-15 6.34461407937 6.34461407937 -4.86679826996e-15 8.97263927906 9.60174796465e-15 -5.25528100567e-15 6.34461407937 -6.34461407937 -5.41619582355e-15 -1.11741845413e-14 -8.97263927906 -5.25528100567e-15 -6.34461407937 -6.34461407937
-> CNT_FK_THIGH_1_L circle
3 8 0 0 3 13 -2.0 -1.0 0.0 1.0 2.0 3.0 4.0 5.0 6.0 7.0 8.0 9.0 10.0 11 -5.19627589736e-16 8.48644281673 -8.48644281673 -7.34864384788e-16 2.46796522173e-15 -12.0016425277 -5.19627589736e-16 -8.48644281673 -8.48644281673 -2.29048415931e-31 -12.0016425277 -1.21834408389e-16 5.19627589736e-16 -8.48644281673 8.48644281673 7.34864384788e-16 2.46796522173e-15 12.0016425277 5.19627589736e-16 8.48644281673 8.48644281673 3.94695608503e-31 12.0016425277 1.2611131775e-14 -5.19627589736e-16 8.48644281673 -8.48644281673 -7.34864384788e-16 2.46796522173e-15 -12.0016425277 -5.19627589736e-16 -8.48644281673 -8.48644281673
-> CNT_FK_THIGH_1_R circle
3 8 0 0 3 13 -2.0 -1.0 0.0 1.0 2.0 3.0 4.0 5.0 6.0 7.0 8.0 9.0 10.0 11 -5.19627589736e-16 8.48644281673 -8.48644281673 -7.34864384788e-16 2.46796522173e-15 -12.0016425277 -5.19627589736e-16 -8.48644281673 -8.48644281673 -2.29048415931e-31 -12.0016425277 -5.73914394057e-16 5.19627589736e-16 -8.48644281673 8.48644281673 7.34864384788e-16 2.46796522173e-15 12.0016425277 5.19627589736e-16 8.48644281673 8.48644281673 3.94695608503e-31 12.0016425277 1.21590517893e-14 -5.19627589736e-16 8.48644281673 -8.48644281673 -7.34864384788e-16 2.46796522173e-15 -12.0016425277 -5.19627589736e-16 -8.48644281673 -8.48644281673
-> CNT_FK_UPPERARM_1_L circle
3 8 0 0 3 13 -2.0 -1.0 0.0 1.0 2.0 3.0 4.0 5.0 6.0 7.0 8.0 9.0 10.0 11 -4.5639202702e-16 7.45369359868 -7.45369359868 -6.4543579437e-16 0.0 -10.541114577 -4.5639202702e-16 -7.45369359868 -7.45369359868 -2.01174596764e-31 -10.541114577 2.36471968343e-19 4.5639202702e-16 -7.45369359868 7.45369359868 6.4543579437e-16 0.0 10.541114577 4.5639202702e-16 7.45369359868 7.45369359868 3.46663518987e-31 10.541114577 1.11836769997e-14 -4.5639202702e-16 7.45369359868 -7.45369359868 -6.4543579437e-16 0.0 -10.541114577 -4.5639202702e-16 -7.45369359868 -7.45369359868
-> CNT_FK_UPPERARM_1_R circle
3 8 0 0 3 13 -2.0 -1.0 0.0 1.0 2.0 3.0 4.0 5.0 6.0 7.0 8.0 9.0 10.0 11 3.25048871803e-14 7.45369359868 -7.45369359868 3.2315843413e-14 -3.5399424625e-16 -10.541114577 3.25048871803e-14 -7.45369359868 -7.45369359868 3.29612792074e-14 -10.541114577 -3.61509457536e-16 3.34176712344e-14 -7.45369359868 7.45369359868 3.36067150017e-14 -3.5399424625e-16 10.541114577 3.34176712344e-14 7.45369359868 7.45369359868 3.29612792074e-14 10.541114577 1.08219310702e-14 3.25048871803e-14 7.45369359868 -7.45369359868 3.2315843413e-14 -3.5399424625e-16 -10.541114577 3.25048871803e-14 -7.45369359868 -7.45369359868
-> CNT_GEAR_1 gear
3 97 0 0 3 102 0.0 0.0 0.0 0.0279841174983 0.0279841174983 0.0279841174983 0.0468856389811 0.0468856389811 0.0468856389811 0.0781143570669 0.0781143570669 0.0781143570669 0.0970158786806 0.0970158786806 0.0970158786806 0.152984114137 0.152984114137 0.152984114137 0.171885635775 0.171885635775 0.171885635775 0.203114354117 0.203114354117 0.203114354117 0.222015875886 0.222015875886 0.222015875886 0.277984111801 0.277984111801 0.277984111801 0.296885633594 0.296885633594 0.296885633594 0.328114352193 0.328114352193 0.328114352193 0.347015874117 0.347015874117 0.347015874117 0.402984110492 0.402984110492 0.402984110492 0.42188563244 0.42188563244 0.42188563244 0.453114351295 0.453114351295 0.453114351295 0.472015873374 0.472015873374 0.472015873374 0.527984110208 0.527984110208 0.527984110208 0.546885632312 0.546885632312 0.546885632312 0.578114351423 0.578114351423 0.578114351423 0.597015873657 0.597015873657 0.597015873657 0.652984110951 0.652984110951 0.652984110951 0.67188563321 0.67188563321 0.67188563321 0.703114352577 0.703114352577 0.703114352577 0.722015874967 0.722015874967 0.722015874967 0.77798411272 0.77798411272 0.77798411272 0.796885635134 0.796885635134 0.796885635134 0.828114354758 0.828114354758 0.828114354758 0.847015877302 0.847015877302 0.847015877302 0.902984115515 0.902984115515 0.902984115515 0.921885638084 0.921885638084 0.921885638084 0.953114357964 0.953114357964 0.953114357964 0.972015880664 0.972015880664 0.972015880664 1.0 1.0 1.0 100 1.35278560581e-16 234.877239941 -4.34550581577e-15 1.09169348694e-16 234.877239941 0.426395788643 8.30601368083e-17 234.918512934 0.852791577285 1.35278560581e-16 234.998234016 1.27236743941 1.35278560581e-16 234.505705887 1.60442371187 1.35278560581e-16 234.013177757 1.93647998434 -3.62922290855e-18 233.520649627 2.26853626019 -4.68758229878e-17 233.71532925 2.97480683729 -8.86887261633e-17 233.998177685 3.65766336711 1.35278560581e-16 234.359927121 4.29473136524 1.35278560581e-16 234.942996343 4.18126062688 1.35278560581e-16 235.526065566 4.06778988853 -1.06853653954e-16 236.109134788 3.95431915069 -1.50090575123e-16 236.589762028 4.6604316592 -1.87849776852e-16 237.198426547 5.27708622043 1.35278560581e-16 237.908534077 5.75371843931 1.35278560581e-16 237.795063339 6.33678766166 1.35278560581e-16 237.681592601 6.91985688401 -3.62922290855e-18 237.568121865 7.50292610826 -4.68758229878e-17 238.20518986 7.86467554185 -8.86887261633e-17 238.88804639 8.14752397766 1.35278560581e-16 239.594316971 8.34220360029 1.35278560581e-16 239.926373243 7.84967547066 1.35278560581e-16 240.258429516 7.35714734111 -1.06853653954e-16 240.590485788 6.8646192118 -1.50090575123e-16 241.429637512 7.02406137458 -1.87849776852e-16 242.296068943 7.02971118709 1.35278560581e-16 243.135220666 6.86461921154 1.35278560581e-16 243.467276939 7.35714734111 1.35278560581e-16 243.799333211 7.84967547066 -3.62922290855e-18 244.131389487 8.3422035996 -4.68758229878e-17 244.837660064 8.14752397766 -8.86887261633e-17 245.520516594 7.86467554185 1.35278560581e-16 246.157584593 7.50292610637 1.35278560581e-16 246.044113854 6.91985688401 1.35278560581e-16 245.930643116 6.33678766166 -1.06853653954e-16 245.817172378 5.75371843915 -1.50090575123e-16 246.523284886 5.27309119968 -1.87849776852e-16 247.139939448 4.66442667994 1.35278560581e-16 247.616571666 3.95431915018 1.35278560581e-16 248.199640889 4.06778988853 1.35278560581e-16 248.782710111 4.18126062688 -3.62922290855e-18 249.365779335 4.29473136235 -4.68758229878e-17 249.727528769 3.65766336711 -8.86887261633e-17 250.010377205 2.97480683729 1.35278560581e-16 250.205056828 2.26853625682 1.35278560581e-16 249.712528698 1.93647998434 1.35278560581e-16 249.220000568 1.60442371187 -1.06853653954e-16 248.727472439 1.27236743893 -1.50090575123e-16 248.886914602 0.43321571564 -1.87849776852e-16 248.892564414 -0.43321571564 1.35278560581e-16 248.727472439 -1.27236743941 1.35278560581e-16 249.220000568 -1.60442371187 1.35278560581e-16 249.712528698 -1.93647998434 -3.62922290855e-18 250.205056827 -2.26853626019 -4.68758229878e-17 250.010377205 -2.97480683729 -8.86887261633e-17 249.727528769 -3.65766336711 1.35278560581e-16 249.365779334 -4.29473136524 1.35278560581e-16 248.782710111 -4.18126062688 1.35278560581e-16 248.199640889 -4.06778988853 -1.06853653954e-16 247.616571666 -3.95431915069 -1.50090575123e-16 247.135944427 -4.6604316592 -1.87849776852e-16 246.527279908 -5.27708622043 1.35278560581e-16 245.817172378 -5.75371843931 1.35278560581e-16 245.930643116 -6.33678766166 1.35278560581e-16 246.044113854 -6.91985688401 -3.62922290855e-18 246.15758459 -7.50292610826 -4.68758229878e-17 245.520516594 -7.86467554185 -8.86887261633e-17 244.837660064 -8.14752397766 1.35278560581e-16 244.131389484 -8.34220360029 1.35278560581e-16 243.799333211 -7.84967547066 1.35278560581e-16 243.467276939 -7.35714734111 -1.06853653954e-16 243.135220666 -6.8646192118 -1.50090575123e-16 242.296068943 -7.02406137458 -1.87849776852e-16 241.429637512 -7.02971118709 1.35278560581e-16 240.590485788 -6.86461921154 1.35278560581e-16 240.258429516 -7.35714734111 1.35278560581e-16 239.926373243 -7.84967547066 -3.62922290855e-18 239.594316967 -8.3422035996 -4.68758229878e-17 238.88804639 -8.14752397766 -8.86887261633e-17 238.20518986 -7.86467554185 1.35278560581e-16 237.568121862 -7.50292610637 1.35278560581e-16 237.681592601 -6.91985688401 1.35278560581e-16 237.795063339 -6.33678766166 -1.06853653954e-16 237.908534077 -5.75371843915 -1.50090575123e-16 237.202421568 -5.27309119968 -1.87849776852e-16 236.585767007 -4.66442667994 1.35278560581e-16 236.109134788 -3.95431915018 1.35278560581e-16 235.526065566 -4.06778988853 1.35278560581e-16 234.942996343 -4.18126062688 -3.62922290855e-18 234.359927119 -4.29473136235 -4.68758229878e-17 233.998177685 -3.65766336711 -8.86887261633e-17 233.71532925 -2.97480683729 1.35278560581e-16 233.520649627 -2.26853625682 1.35278560581e-16 234.013177757 -1.93647998434 1.35278560581e-16 234.505705887 -1.60442371187 -1.06853653954e-16 234.998234015 -1.27236743893 -1.28472114539e-16 234.918512934 -0.852791577285 -1.48721145264e-16 234.877239941 -0.426395788643 -1.6718314604e-16 234.877239941 -6.59225040552e-15
-> CNT_GEAR_FOOT_1_L gear
3 97 0 0 3 102 0.0 0.0 0.0 0.0279841174983 0.0279841174983 0.0279841174983 0.0468856389811 0.0468856389811 0.0468856389811 0.0781143570669 0.0781143570669 0.0781143570669 0.0970158786806 0.0970158786806 0.0970158786806 0.152984114137 0.152984114137 0.152984114137 0.171885635775 0.171885635775 0.171885635775 0.203114354117 0.203114354117 0.203114354117 0.222015875886 0.222015875886 0.222015875886 0.277984111801 0.277984111801 0.277984111801 0.296885633594 0.296885633594 0.296885633594 0.328114352193 0.328114352193 0.328114352193 0.347015874117 0.347015874117 0.347015874117 0.402984110492 0.402984110492 0.402984110492 0.42188563244 0.42188563244 0.42188563244 0.453114351295 0.453114351295 0.453114351295 0.472015873374 0.472015873374 0.472015873374 0.527984110208 0.527984110208 0.527984110208 0.546885632312 0.546885632312 0.546885632312 0.578114351423 0.578114351423 0.578114351423 0.597015873657 0.597015873657 0.597015873657 0.652984110951 0.652984110951 0.652984110951 0.67188563321 0.67188563321 0.67188563321 0.703114352577 0.703114352577 0.703114352577 0.722015874967 0.722015874967 0.722015874967 0.77798411272 0.77798411272 0.77798411272 0.796885635134 0.796885635134 0.796885635134 0.828114354758 0.828114354758 0.828114354758 0.847015877302 0.847015877302 0.847015877302 0.902984115515 0.902984115515 0.902984115515 0.921885638084 0.921885638084 0.921885638084 0.953114357964 0.953114357964 0.953114357964 0.972015880664 0.972015880664 0.972015880664 1.0 1.0 1.0 100 -24.0505569029 0.0166121131871 -3.7625877336 -24.0505569029 0.0166121131871 -3.67455446549 -24.04203572 0.0166121131871 -3.5865211974 -24.0255765814 0.0166121131871 -3.49989596483 -24.1272634696 0.0166121131871 -3.43133994332 -24.2289503578 0.0166121131871 -3.36278392181 -24.3306372459 0.0166121131871 -3.29422789961 -24.2904438766 0.0166121131871 -3.14841194945 -24.2320472582 0.0166121131871 -3.00743004118 -24.1573608146 0.0166121131871 -2.87590158951 -24.0369808987 0.0166121131871 -2.89932865 -23.9166009828 0.0166121131871 -2.92275571049 -23.7962210668 0.0166121131871 -2.94618277086 -23.6969912251 0.0166121131871 -2.80039945539 -23.5713269285 0.0166121131871 -2.67308554246 -23.4247188048 0.0166121131871 -2.57468050885 -23.4481458652 0.0166121131871 -2.45430059297 -23.4715729257 0.0166121131871 -2.33392067708 -23.4949999857 0.0166121131871 -2.21354076081 -23.3634715346 0.0166121131871 -2.13885431755 -23.2224896263 0.0166121131871 -2.08045769909 -23.0766736754 0.0166121131871 -2.04026432977 -23.0081176539 0.0166121131871 -2.14195121796 -22.9395616325 0.0166121131871 -2.24363810613 -22.8710056108 0.0166121131871 -2.34532499423 -22.6977551459 0.0166121131871 -2.31240671728 -22.5188725385 0.0166121131871 -2.31124026238 -22.3456220734 0.0166121131871 -2.34532499429 -22.2770660519 0.0166121131871 -2.24363810613 -22.2085100303 0.0166121131871 -2.14195121796 -22.1399540082 0.0166121131871 -2.04026432992 -21.994138058 0.0166121131871 -2.08045769909 -21.8531561497 0.0166121131871 -2.13885431755 -21.7216276981 0.0166121131871 -2.2135407612 -21.7450547585 0.0166121131871 -2.33392067708 -21.7684818191 0.0166121131871 -2.45430059297 -21.7919088794 0.0166121131871 -2.57468050889 -21.646125564 0.0166121131871 -2.67391035063 -21.518811651 0.0166121131871 -2.79957464722 -21.4204066174 0.0166121131871 -2.94618277096 -21.3000267015 0.0166121131871 -2.92275571049 -21.1796467856 0.0166121131871 -2.89932865 -21.0592668694 0.0166121131871 -2.87590159011 -20.9845804261 0.0166121131871 -3.00743004118 -20.9261838077 0.0166121131871 -3.14841194945 -20.8859904383 0.0166121131871 -3.29422790031 -20.9876773265 0.0166121131871 -3.36278392181 -21.0893642147 0.0166121131871 -3.43133994332 -21.1910511028 0.0166121131871 -3.49989596493 -21.1581328258 0.0166121131871 -3.67314642988 -21.1569663709 0.0166121131871 -3.85202903732 -21.1910511028 0.0166121131871 -4.02527950236 -21.0893642147 0.0166121131871 -4.09383552387 -20.9876773265 0.0166121131871 -4.16239154538 -20.8859904385 0.0166121131871 -4.23094756759 -20.9261838077 0.0166121131871 -4.37676351774 -20.9845804261 0.0166121131871 -4.51774542602 -21.0592668698 0.0166121131871 -4.64927387768 -21.1796467856 0.0166121131871 -4.62584681719 -21.3000267015 0.0166121131871 -4.60241975672 -21.4204066175 0.0166121131871 -4.57899269633 -21.5196364592 0.0166121131871 -4.7247760118 -21.6453007558 0.0166121131871 -4.85208992474 -21.7919088795 0.0166121131871 -4.95049495834 -21.7684818191 0.0166121131871 -5.07087487422 -21.7450547585 0.0166121131871 -5.19125479011 -21.7216276986 0.0166121131871 -5.31163470635 -21.8531561497 0.0166121131871 -5.38632114965 -21.994138058 0.0166121131871 -5.44471776805 -22.1399540089 0.0166121131871 -5.48491113745 -22.2085100303 0.0166121131871 -5.38322424925 -22.2770660519 0.0166121131871 -5.28153736105 -22.3456220735 0.0166121131871 -5.17985047296 -22.5188725385 0.0166121131871 -5.21276874991 -22.6977551459 0.0166121131871 -5.21393520481 -22.8710056109 0.0166121131871 -5.1798504729 -22.9395616325 0.0166121131871 -5.28153736105 -23.0081176539 0.0166121131871 -5.38322424925 -23.0766736761 0.0166121131871 -5.48491113725 -23.2224896263 0.0166121131871 -5.44471776805 -23.3634715346 0.0166121131871 -5.38632114965 -23.4949999863 0.0166121131871 -5.31163470595 -23.4715729257 0.0166121131871 -5.19125479011 -23.4481458652 0.0166121131871 -5.07087487422 -23.4247188049 0.0166121131871 -4.95049495831 -23.5705021203 0.0166121131871 -4.85126511656 -23.6978160333 0.0166121131871 -4.72560081998 -23.796221067 0.0166121131871 -4.57899269623 -23.9166009828 0.0166121131871 -4.60241975672 -24.0369808987 0.0166121131871 -4.62584681719 -24.1573608149 0.0166121131871 -4.64927387709 -24.2320472582 0.0166121131871 -4.51774542602 -24.2904438766 0.0166121131871 -4.37676351774 -24.330637246 0.0166121131871 -4.23094756689 -24.2289503578 0.0166121131871 -4.16239154538 -24.1272634696 0.0166121131871 -4.09383552387 -24.0255765815 0.0166121131871 -4.02527950226 -24.04203572 0.0166121131871 -3.93865426979 -24.0505569029 0.0166121131871 -3.8506210017 -24.0505569029 0.0166121131871 -3.7625877336
-> CNT_GEAR_FOOT_1_R gear
3 97 0 0 3 102 0.0 0.0 0.0 0.0279841174983 0.0279841174983 0.0279841174983 0.0468856389811 0.0468856389811 0.0468856389811 0.0781143570669 0.0781143570669 0.0781143570669 0.0970158786806 0.0970158786806 0.0970158786806 0.152984114137 0.152984114137 0.152984114137 0.171885635775 0.171885635775 0.171885635775 0.203114354117 0.203114354117 0.203114354117 0.222015875886 0.222015875886 0.222015875886 0.277984111801 0.277984111801 0.277984111801 0.296885633594 0.296885633594 0.296885633594 0.328114352193 0.328114352193 0.328114352193 0.347015874117 0.347015874117 0.347015874117 0.402984110492 0.402984110492 0.402984110492 0.42188563244 0.42188563244 0.42188563244 0.453114351295 0.453114351295 0.453114351295 0.472015873374 0.472015873374 0.472015873374 0.527984110208 0.527984110208 0.527984110208 0.546885632312 0.546885632312 0.546885632312 0.578114351423 0.578114351423 0.578114351423 0.597015873657 0.597015873657 0.597015873657 0.652984110951 0.652984110951 0.652984110951 0.67188563321 0.67188563321 0.67188563321 0.703114352577 0.703114352577 0.703114352577 0.722015874967 0.722015874967 0.722015874967 0.77798411272 0.77798411272 0.77798411272 0.796885635134 0.796885635134 0.796885635134 0.828114354758 0.828114354758 0.828114354758 0.847015877302 0.847015877302 0.847015877302 0.902984115515 0.902984115515 0.902984115515 0.921885638084 0.921885638084 0.921885638084 0.953114357964 0.953114357964 0.953114357964 0.972015880664 0.972015880664 0.972015880664 1.0 1.0 1.0 100 21.1660715882 -0.016612118954 3.76259007488 21.1660715882 -0.016612118954 3.85062334298 21.1745927711 -0.016612118954 3.93865661107 21.1910519096 -0.016612118954 4.02528184364 21.0893650215 -0.016612118954 4.09383786515 20.9876781333 -0.016612118954 4.16239388666 20.8859912453 -0.016612118954 4.23094990887 20.9261846145 -0.016612118954 4.37676585902 20.9845812329 -0.016612118954 4.5177477673 21.0592676766 -0.016612118954 4.64927621896 21.1796475924 -0.016612118954 4.62584915847 21.3000275083 -0.016612118954 4.602422098 21.4204074243 -0.016612118954 4.57899503761 21.519637266 -0.016612118954 4.72477835308 21.6453015626 -0.016612118954 4.85209226602 21.7919096863 -0.016612118954 4.95049729962 21.7684826259 -0.016612118954 5.0708772155 21.7450555653 -0.016612118954 5.19125713139 21.7216285054 -0.016612118954 5.31163704763 21.8531569565 -0.016612118954 5.38632349093 21.9941388648 -0.016612118954 5.44472010933 22.1399548157 -0.016612118954 5.48491347873 22.2085108371 -0.016612118954 5.38322659053 22.2770668587 -0.016612118954 5.28153970233 22.3456228803 -0.016612118954 5.17985281424 22.5188733453 -0.016612118954 5.21277109119 22.6977559527 -0.016612118954 5.21393754609 22.8710064177 -0.016612118954 5.17985281418 22.9395624393 -0.016612118954 5.28153970233 23.0081184607 -0.016612118954 5.38322659053 23.0766744829 -0.016612118954 5.48491347853 23.2224904331 -0.016612118954 5.44472010933 23.3634723414 -0.016612118954 5.38632349093 23.4950007931 -0.016612118954 5.31163704723 23.4715737325 -0.016612118954 5.19125713139 23.448146672 -0.016612118954 5.0708772155 23.4247196117 -0.016612118954 4.95049729959 23.5705029271 -0.016612118954 4.85126745784 23.6978168401 -0.016612118954 4.72560316126 23.7962218738 -0.016612118954 4.57899503751 23.9166017896 -0.016612118954 4.602422098 24.0369817055 -0.016612118954 4.62584915847 24.1573616217 -0.016612118954 4.64927621837 24.232048065 -0.016612118954 4.5177477673 24.2904446834 -0.016612118954 4.37676585902 24.3306380528 -0.016612118954 4.23094990817 24.2289511646 -0.016612118954 4.16239388666 24.1272642764 -0.016612118954 4.09383786515 24.0255773883 -0.016612118954 4.02528184354 24.0584956653 -0.016612118954 3.8520313786 24.0596621201 -0.016612118954 3.67314877116 24.0255773882 -0.016612118954 3.49989830611 24.1272642764 -0.016612118954 3.4313422846 24.2289511646 -0.016612118954 3.36278626309 24.3306380527 -0.016612118954 3.29423024089 24.2904446834 -0.016612118954 3.14841429073 24.232048065 -0.016612118954 3.00743238246 24.1573616214 -0.016612118954 2.87590393079 24.0369817055 -0.016612118954 2.89933099128 23.9166017896 -0.016612118954 2.92275805177 23.7962218736 -0.016612118954 2.94618511214 23.6969920319 -0.016612118954 2.80040179667 23.5713277353 -0.016612118954 2.67308788374 23.4247196116 -0.016612118954 2.57468285013 23.448146672 -0.016612118954 2.45430293425 23.4715737325 -0.016612118954 2.33392301836 23.4950007925 -0.016612118954 2.21354310209 23.3634723414 -0.016612118954 2.13885665883 23.2224904331 -0.016612118954 2.08046004037 23.0766744822 -0.016612118954 2.04026667105 23.0081184607 -0.016612118954 2.14195355924 22.9395624393 -0.016612118954 2.24364044741 22.8710064176 -0.016612118954 2.34532733551 22.6977559527 -0.016612118954 2.31240905856 22.5188733453 -0.016612118954 2.31124260366 22.3456228802 -0.016612118954 2.34532733557 22.2770668587 -0.016612118954 2.24364044741 22.2085108371 -0.016612118954 2.14195355924 22.139954815 -0.016612118954 2.0402666712 21.9941388648 -0.016612118954 2.08046004037 21.8531569565 -0.016612118954 2.13885665883 21.7216285049 -0.016612118954 2.21354310248 21.7450555653 -0.016612118954 2.33392301836 21.7684826259 -0.016612118954 2.45430293425 21.7919096862 -0.016612118954 2.57468285017 21.6461263708 -0.016612118954 2.67391269191 21.5188124578 -0.016612118954 2.7995769885 21.4204074242 -0.016612118954 2.94618511224 21.3000275083 -0.016612118954 2.92275805177 21.1796475924 -0.016612118954 2.89933099128 21.0592676762 -0.016612118954 2.87590393139 20.9845812329 -0.016612118954 3.00743238246 20.9261846145 -0.016612118954 3.14841429073 20.8859912451 -0.016612118954 3.29423024159 20.9876781333 -0.016612118954 3.36278626309 21.0893650215 -0.016612118954 3.4313422846 21.1910519096 -0.016612118954 3.49989830621 21.1745927711 -0.016612118954 3.58652353868 21.1660715882 -0.016612118954 3.67455680677 21.1660715882 -0.016612118954 3.76259007488
-> CNT_GEAR_HAND_1_L gear
3 97 0 0 3 102 0.0 0.0 0.0 0.0279841174983 0.0279841174983 0.0279841174983 0.0468856389811 0.0468856389811 0.0468856389811 0.0781143570669 0.0781143570669 0.0781143570669 0.0970158786806 0.0970158786806 0.0970158786806 0.152984114137 0.152984114137 0.152984114137 0.171885635775 0.171885635775 0.171885635775 0.203114354117 0.203114354117 0.203114354117 0.222015875886 0.222015875886 0.222015875886 0.277984111801 0.277984111801 0.277984111801 0.296885633594 0.296885633594 0.296885633594 0.328114352193 0.328114352193 0.328114352193 0.347015874117 0.347015874117 0.347015874117 0.402984110492 0.402984110492 0.402984110492 0.42188563244 0.42188563244 0.42188563244 0.453114351295 0.453114351295 0.453114351295 0.472015873374 0.472015873374 0.472015873374 0.527984110208 0.527984110208 0.527984110208 0.546885632312 0.546885632312 0.546885632312 0.578114351423 0.578114351423 0.578114351423 0.597015873657 0.597015873657 0.597015873657 0.652984110951 0.652984110951 0.652984110951 0.67188563321 0.67188563321 0.67188563321 0.703114352577 0.703114352577 0.703114352577 0.722015874967 0.722015874967 0.722015874967 0.77798411272 0.77798411272 0.77798411272 0.796885635134 0.796885635134 0.796885635134 0.828114354758 0.828114354758 0.828114354758 0.847015877302 0.847015877302 0.847015877302 0.902984115515 0.902984115515 0.902984115515 0.921885638084 0.921885638084 0.921885638084 0.953114357964 0.953114357964 0.953114357964 0.972015880664 0.972015880664 0.972015880664 1.0 1.0 1.0 100 4.80202779635 0.122690874119 14.226093343 4.80202779635 0.122690874119 14.1380600749 4.79350661339 0.122690874119 14.0500268069 4.77704747486 0.122690874119 13.9634015743 4.87873436303 0.122690874119 13.8948455528 4.9804212512 0.122690874119 13.8262895313 5.08210813924 0.122690874119 13.757733509 5.04191477005 0.122690874119 13.6119175589 4.9835181516 0.122690874119 13.4709356506 4.90883170796 0.122690874119 13.339407199 4.78845179207 0.122690874119 13.3628342595 4.66807187619 0.122690874119 13.3862613199 4.54769196026 0.122690874119 13.4096883803 4.44846211851 0.122690874119 13.2639050648 4.32279782192 0.122690874119 13.1365911519 4.17618969818 0.122690874119 13.0381861183 4.19961675866 0.122690874119 12.9178062024 4.22304381915 0.122690874119 12.7974262865 4.24647087903 0.122690874119 12.6770463703 4.11494242797 0.122690874119 12.602359927 3.9739605197 0.122690874119 12.5439633085 3.82814456884 0.122690874119 12.5037699392 3.75958854733 0.122690874119 12.6054568274 3.69103252582 0.122690874119 12.7071437156 3.62247650421 0.122690874119 12.8088306037 3.44922603927 0.122690874119 12.7759123267 3.27034343182 0.122690874119 12.7747458718 3.09709296678 0.122690874119 12.8088306037 3.02853694527 0.122690874119 12.7071437156 2.95998092376 0.122690874119 12.6054568274 2.89142490155 0.122690874119 12.5037699394 2.7456089514 0.122690874119 12.5439633085 2.60462704313 0.122690874119 12.602359927 2.47309859146 0.122690874119 12.6770463706 2.49652565195 0.122690874119 12.7974262865 2.51995271243 0.122690874119 12.9178062024 2.54337977281 0.122690874119 13.0381861183 2.39759645735 0.122690874119 13.1374159601 2.27028254441 0.122690874119 13.2630802567 2.17187751082 0.122690874119 13.4096883804 2.05149759493 0.122690874119 13.3862613199 1.93111767905 0.122690874119 13.3628342595 1.81073776276 0.122690874119 13.3394071996 1.73605131951 0.122690874119 13.4709356506 1.67765470105 0.122690874119 13.6119175589 1.63746133172 0.122690874119 13.7577335098 1.73914821991 0.122690874119 13.8262895313 1.84083510808 0.122690874119 13.8948455528 1.94252199619 0.122690874119 13.9634015744 1.90960371924 0.122690874119 14.1366520393 1.90843726433 0.122690874119 14.3155346468 1.94252199625 0.122690874119 14.4887851118 1.84083510808 0.122690874119 14.5573411333 1.73914821991 0.122690874119 14.6258971548 1.63746133187 0.122690874119 14.694453177 1.67765470105 0.122690874119 14.8402691272 1.73605131951 0.122690874119 14.9812510355 1.81073776315 0.122690874119 15.1127794871 1.93111767905 0.122690874119 15.0893524266 2.05149759493 0.122690874119 15.0659253662 2.17187751084 0.122690874119 15.0424983058 2.27110735259 0.122690874119 15.1882816212 2.39677164918 0.122690874119 15.3155955342 2.54337977292 0.122690874119 15.4140005678 2.51995271243 0.122690874119 15.5343804837 2.49652565195 0.122690874119 15.6547603996 2.47309859206 0.122690874119 15.7751403158 2.60462704313 0.122690874119 15.8498267591 2.7456089514 0.122690874119 15.9082233775 2.89142490225 0.122690874119 15.9484167469 2.95998092376 0.122690874119 15.8467298587 3.02853694527 0.122690874119 15.7450429705 3.09709296688 0.122690874119 15.6433560824 3.27034343182 0.122690874119 15.6762743594 3.44922603927 0.122690874119 15.6774408143 3.62247650431 0.122690874119 15.6433560823 3.69103252582 0.122690874119 15.7450429705 3.75958854733 0.122690874119 15.8467298587 3.82814456954 0.122690874119 15.9484167467 3.9739605197 0.122690874119 15.9082233775 4.11494242797 0.122690874119 15.8498267591 4.24647087963 0.122690874119 15.7751403154 4.22304381915 0.122690874119 15.6547603996 4.19961675866 0.122690874119 15.5343804837 4.17618969828 0.122690874119 15.4140005678 4.32197301375 0.122690874119 15.314770726 4.44928692668 0.122690874119 15.1891064294 4.5476919603 0.122690874119 15.0424983057 4.66807187619 0.122690874119 15.0659253662 4.78845179207 0.122690874119 15.0893524266 4.90883170834 0.122690874119 15.1127794865 4.9835181516 0.122690874119 14.9812510355 5.04191477005 0.122690874119 14.8402691272 5.08210813938 0.122690874119 14.6944531763 4.9804212512 0.122690874119 14.6258971548 4.87873436303 0.122690874119 14.5573411333 4.77704747491 0.122690874119 14.4887851117 4.79350661339 0.122690874119 14.4021598792 4.80202779635 0.122690874119 14.3141266111 4.80202779635 0.122690874119 14.226093343
-> CNT_GEAR_HAND_1_R gear
3 97 0 0 3 102 0.0 0.0 0.0 0.0279841174983 0.0279841174983 0.0279841174983 0.0468856389811 0.0468856389811 0.0468856389811 0.0781143570669 0.0781143570669 0.0781143570669 0.0970158786806 0.0970158786806 0.0970158786806 0.152984114137 0.152984114137 0.152984114137 0.171885635775 0.171885635775 0.171885635775 0.203114354117 0.203114354117 0.203114354117 0.222015875886 0.222015875886 0.222015875886 0.277984111801 0.277984111801 0.277984111801 0.296885633594 0.296885633594 0.296885633594 0.328114352193 0.328114352193 0.328114352193 0.347015874117 0.347015874117 0.347015874117 0.402984110492 0.402984110492 0.402984110492 0.42188563244 0.42188563244 0.42188563244 0.453114351295 0.453114351295 0.453114351295 0.472015873374 0.472015873374 0.472015873374 0.527984110208 0.527984110208 0.527984110208 0.546885632312 0.546885632312 0.546885632312 0.578114351423 0.578114351423 0.578114351423 0.597015873657 0.597015873657 0.597015873657 0.652984110951 0.652984110951 0.652984110951 0.67188563321 0.67188563321 0.67188563321 0.703114352577 0.703114352577 0.703114352577 0.722015874967 0.722015874967 0.722015874967 0.77798411272 0.77798411272 0.77798411272 0.796885635134 0.796885635134 0.796885635134 0.828114354758 0.828114354758 0.828114354758 0.847015877302 0.847015877302 0.847015877302 0.902984115515 0.902984115515 0.902984115515 0.921885638084 0.921885638084 0.921885638084 0.953114357964 0.953114357964 0.953114357964 0.972015880664 0.972015880664 0.972015880664 1.0 1.0 1.0 100 4.80202779634 -0.122690874119 14.226093343 4.80202779634 -0.122690874119 14.1380600749 4.79350661338 -0.122690874119 14.0500268069 4.77704747485 -0.122690874119 13.9634015743 4.87873436302 -0.122690874119 13.8948455528 4.98042125119 -0.122690874119 13.8262895313 5.08210813923 -0.122690874119 13.757733509 5.04191477004 -0.122690874119 13.6119175589 4.98351815159 -0.122690874119 13.4709356506 4.90883170795 -0.122690874119 13.339407199 4.78845179206 -0.122690874119 13.3628342595 4.66807187618 -0.122690874119 13.3862613199 4.54769196025 -0.122690874119 13.4096883803 4.44846211851 -0.122690874119 13.2639050648 4.32279782192 -0.122690874119 13.1365911519 4.17618969818 -0.122690874119 13.0381861183 4.19961675866 -0.122690874119 12.9178062024 4.22304381914 -0.122690874119 12.7974262865 4.24647087903 -0.122690874119 12.6770463703 4.11494242797 -0.122690874119 12.602359927 3.97396051969 -0.122690874119 12.5439633085 3.82814456884 -0.122690874119 12.5037699392 3.75958854733 -0.122690874119 12.6054568274 3.69103252582 -0.122690874119 12.7071437156 3.62247650421 -0.122690874119 12.8088306037 3.44922603927 -0.122690874119 12.7759123267 3.27034343182 -0.122690874119 12.7747458718 3.09709296678 -0.122690874119 12.8088306037 3.02853694527 -0.122690874119 12.7071437156 2.95998092376 -0.122690874119 12.6054568274 2.89142490155 -0.122690874119 12.5037699394 2.7456089514 -0.122690874119 12.5439633085 2.60462704313 -0.122690874119 12.602359927 2.47309859146 -0.122690874119 12.6770463706 2.49652565195 -0.122690874119 12.7974262865 2.51995271243 -0.122690874119 12.9178062024 2.54337977281 -0.122690874119 13.0381861183 2.39759645734 -0.122690874119 13.1374159601 2.2702825444 -0.122690874119 13.2630802567 2.17187751081 -0.122690874119 13.4096883804 2.05149759492 -0.122690874119 13.3862613199 1.93111767904 -0.122690874119 13.3628342595 1.81073776275 -0.122690874119 13.3394071996 1.7360513195 -0.122690874119 13.4709356506 1.67765470104 -0.122690874119 13.6119175589 1.63746133171 -0.122690874119 13.7577335098 1.7391482199 -0.122690874119 13.8262895313 1.84083510807 -0.122690874119 13.8948455528 1.94252199618 -0.122690874119 13.9634015744 1.90960371923 -0.122690874119 14.1366520393 1.90843726432 -0.122690874119 14.3155346468 1.94252199624 -0.122690874119 14.4887851118 1.84083510807 -0.122690874119 14.5573411333 1.7391482199 -0.122690874119 14.6258971548 1.63746133186 -0.122690874119 14.694453177 1.67765470104 -0.122690874119 14.8402691272 1.7360513195 -0.122690874119 14.9812510355 1.81073776314 -0.122690874119 15.1127794871 1.93111767904 -0.122690874119 15.0893524266 2.05149759492 -0.122690874119 15.0659253662 2.17187751083 -0.122690874119 15.0424983058 2.27110735258 -0.122690874119 15.1882816212 2.39677164917 -0.122690874119 15.3155955342 2.54337977291 -0.122690874119 15.4140005678 2.51995271243 -0.122690874119 15.5343804837 2.49652565195 -0.122690874119 15.6547603996 2.47309859206 -0.122690874119 15.7751403158 2.60462704313 -0.122690874119 15.8498267591 2.7456089514 -0.122690874119 15.9082233775 2.89142490225 -0.122690874119 15.9484167469 2.95998092376 -0.122690874119 15.8467298587 3.02853694527 -0.122690874119 15.7450429705 3.09709296688 -0.122690874119 15.6433560824 3.27034343182 -0.122690874119 15.6762743594 3.44922603927 -0.122690874119 15.6774408143 3.62247650431 -0.122690874119 15.6433560823 3.69103252582 -0.122690874119 15.7450429705 3.75958854733 -0.122690874119 15.8467298587 3.82814456954 -0.122690874119 15.9484167467 3.97396051969 -0.122690874119 15.9082233775 4.11494242797 -0.122690874119 15.8498267591 4.24647087963 -0.122690874119 15.7751403154 4.22304381914 -0.122690874119 15.6547603996 4.19961675866 -0.122690874119 15.5343804837 4.17618969828 -0.122690874119 15.4140005678 4.32197301375 -0.122690874119 15.314770726 4.44928692668 -0.122690874119 15.1891064294 4.54769196029 -0.122690874119 15.0424983057 4.66807187618 -0.122690874119 15.0659253662 4.78845179206 -0.122690874119 15.0893524266 4.90883170833 -0.122690874119 15.1127794865 4.98351815159 -0.122690874119 14.9812510355 5.04191477004 -0.122690874119 14.8402691272 5.08210813937 -0.122690874119 14.6944531763 4.98042125119 -0.122690874119 14.6258971548 4.87873436302 -0.122690874119 14.5573411333 4.7770474749 -0.122690874119 14.4887851117 4.79350661338 -0.122690874119 14.4021598792 4.80202779634 -0.122690874119 14.3141266111 4.80202779634 -0.122690874119 14.226093343
-> CNT_GROUND_1 outwardCirclePointer
3 88 0 0 3 93 0.0 0.0 0.0 1.0 2.0 3.0 4.0 5.0 6.0 7.0 8.0 9.0 10.0 11.0 12.0 13.0 14.0 15.0 16.0 17.0 18.0 19.0 20.0 21.0 22.0 23.0 24.0 25.0 26.0 27.0 28.0 29.0 30.0 31.0 32.0 33.0 34.0 35.0 36.0 37.0 38.0 39.0 40.0 41.0 42.0 43.0 44.0 45.0 46.0 47.0 48.0 49.0 50.0 51.0 52.0 53.0 54.0 55.0 56.0 57.0 58.0 59.0 60.0 61.0 62.0 63.0 64.0 65.0 66.0 67.0 68.0 69.0 70.0 71.0 72.0 73.0 74.0 75.0 76.0 77.0 78.0 79.0 80.0 81.0 82.0 83.0 84.0 85.0 86.0 87.0 88.0 88.0 88.0 91 1.06581410364e-12 111.82517238 0.401677309832 -34.5469422936 75.4323621766 0.401677309832 -34.5469422936 75.4323621766 0.401677309832 -34.5469422936 75.4323621766 0.401677309832 -17.273443431 75.4323621766 0.401677309832 -17.273443431 75.4323621766 0.401677309832 -17.273443431 75.4323621766 0.401677309832 -17.273443431 61.9315845091 0.401677309832 -17.273443431 61.9315845091 0.401677309832 -17.273443431 61.9315845091 0.401677309832 -33.4109297729 58.115460474 0.401677309832 -58.4275950746 33.3814402315 0.401677309832 -62.2437191096 17.273443431 0.401677309832 -62.1805826668 17.5363548874 0.401677309832 -62.1805826668 17.5363548874 0.401677309832 -75.4323621766 17.273443431 0.401677309832 -75.4323621766 17.273443431 0.401677309832 -75.4323621766 17.4103591589 0.401677309832 -75.4323621766 34.5469422936 0.401677309832 -75.4323621766 34.5469422936 0.401677309832 -75.4323621766 34.5469422936 0.401677309832 -111.82517238 -1.70530256582e-12 0.401677309832 -111.82517238 -1.70530256582e-12 0.401677309832 -111.82517238 -1.70530256582e-12 0.401677309832 -75.4323621766 -34.5469422936 0.401677309832 -75.4323621766 -34.5469422936 0.401677309832 -75.4323621766 -34.5469422936 0.401677309832 -75.4323621766 -17.2734434311 0.401677309832 -75.4323621766 -17.2734434311 0.401677309832 -75.4323621766 -17.2734434311 0.401677309832 -61.8197238052 -17.2734434311 0.401677309832 -61.8197238052 -17.2734434311 0.401677309832 -61.8197238052 -17.2734434311 0.401677309832 -58.3390155875 -33.6820450866 0.401677309832 -33.6820450866 -58.3390155875 0.401677309832 -17.273443431 -62.162512008 0.401677309832 -16.9875279152 -62.0592431816 0.401677309832 -17.273443431 -61.8798669487 0.401677309832 -17.273443431 -75.4323621766 0.401677309832 -17.273443431 -75.4323621766 0.401677309832 -17.273443431 -75.4323621766 0.401677309832 -34.5469422936 -75.4323621766 0.401677309832 -34.5469422936 -75.4323621766 0.401677309832 -34.5469422936 -75.4323621766 0.401677309832 1.06581410364e-12 -111.82517238 0.401677309832 1.06581410364e-12 -111.82517238 0.401677309832 1.06581410364e-12 -111.82517238 0.401677309832 34.5469422936 -75.4323621766 0.401677309832 34.5469422936 -75.4323621766 0.401677309832 34.5469422936 -75.4323621766 0.401677309832 17.2734434311 -75.4323621766 0.401677309832 17.2734434311 -75.4323621766 0.401677309832 17.2734434311 -75.4323621766 0.401677309832 17.2734434311 -61.7385167034 0.401677309832 17.2734434311 -61.7385167034 0.401677309832 17.2734434311 -61.7385167034 0.401677309832 33.6820450866 -58.3390155875 0.401677309832 58.3390155875 -33.6820450866 0.401677309832 61.9641782128 -17.3312030215 0.401677309832 61.9640119183 -17.3320344935 0.401677309832 61.9640119183 -17.3320344935 0.401677309832 75.4323621766 -17.2734434311 0.401677309832 75.4323621766 -17.2734434311 0.401677309832 75.4323621766 -17.2734434311 0.401677309832 75.4323621766 -34.5469422936 0.401677309832 75.4323621766 -34.5469422936 0.401677309832 75.4323621766 -34.5469422936 0.401677309832 111.82517238 -1.70530256582e-12 0.401677309832 111.82517238 -1.70530256582e-12 0.401677309832 111.82517238 -1.70530256582e-12 0.401677309832 75.4323621766 34.5469422936 0.401677309832 75.4323621766 34.5469422936 0.401677309832 75.4323621766 34.5469422936 0.401677309832 75.4323621766 17.273443431 0.401677309832 75.4323621766 17.273443431 0.401677309832 75.4323621766 17.273443431 0.401677309832 62.0012618653 17.1981674965 0.401677309832 62.0012618653 17.1981674965 0.401677309832 62.0012618653 17.1981674965 0.401677309832 58.3390155875 33.6820450866 0.401677309832 33.6820450866 58.3390155875 0.401677309832 17.6178391464 61.8833591312 0.401677309832 17.6178391464 61.8833591312 0.401677309832 17.6178391464 61.8833591312 0.401677309832 17.586686661 75.4323621766 0.401677309832 17.5871301127 75.2434517311 0.401677309832 17.5871301127 75.2434517311 0.401677309832 34.2812592638 75.4323621766 0.401677309832 34.2812592638 75.4323621766 0.401677309832 34.2812592638 75.4323621766 0.401677309832 0.0469731255088 111.775672078 0.401677309832
-> CNT_HEAD_1_C cube
 3 8 0 0 3 13 -2.0 -1.0 0.0 1.0 2.0 3.0 4.0 5.0 6.0 7.0 8.0 9.0 10.0 11 3.45849405334 -18.6290466766 9.965363021 14.370405274 7.49430014035e-17 13.476697615 12.1462422536 18.8460019593 12.7510734014 9.64258690135 26.6522715673 -1.27069126635e-15 12.1462422536 18.8460019593 -12.7510734014 14.370405274 7.49430014035e-17 -13.476697615 3.45849405334 -18.6290466766 -9.965363021 0.835811028728 -23.9547685239 -1.61923634705e-14 3.45849405334 -18.6290466766 9.965363021 14.370405274 7.49430014035e-17 13.476697615 12.1462422536 18.8460019593 12.7510734014
-> CNT_HIPS_C circle
3 8 0 0 3 13 -2.0 -1.0 0.0 1.0 2.0 3.0 4.0 5.0 6.0 7.0 8.0 9.0 10.0 11 -6.27237874635 20.9239529119 -24.8939632327 -14.6603740084 0.0494985585936 -35.205380425 -8.89102393251 -20.6680332031 -24.8939632327 -3.23947808823 -26.2974215744 -4.09627502566e-17 -8.89102393251 -20.6680332031 24.8939632327 -14.6603740084 0.0494985585936 35.205380425 -6.27237874635 20.9239529119 24.8939632327 0.0782768306919 26.3986096468 3.73096679979e-14 -6.27237874635 20.9239529119 -24.8939632327 -14.6603740084 0.0494985585936 -35.205380425 -8.89102393251 -20.6680332031 -24.8939632327
-> CNT_IK_ARM_BTM_1_L circle
1 15 0 0 3 16 0.0 1.0 2.0 3.0 4.0 5.0 6.0 7.0 8.0 9.0 10.0 11.0 12.0 13.0 14.0 15.0 16 2.2230475183 -6.23498992146 6.23498992146 2.2230475183 6.23498992147 6.23498992146 2.2230475183 6.23498992147 -6.23498992146 2.2230475183 -6.23498992146 -6.23498992146 2.2230475183 -6.23498992146 6.23498992146 -2.2230475183 -6.23498992146 6.23498992146 -2.2230475183 -6.23498992146 -6.23498992146 2.2230475183 -6.23498992146 -6.23498992146 2.2230475183 6.23498992147 -6.23498992146 -2.2230475183 6.23498992147 -6.23498992146 -2.2230475183 -6.23498992146 -6.23498992146 -2.2230475183 -6.23498992146 6.23498992146 -2.2230475183 6.23498992147 6.23498992146 -2.2230475183 6.23498992147 -6.23498992146 -2.2230475183 6.23498992147 6.23498992146 2.2230475183 6.23498992147 6.23498992146
-> CNT_IK_ARM_BTM_1_R circle
1 15 0 0 3 16 0.0 1.0 2.0 3.0 4.0 5.0 6.0 7.0 8.0 9.0 10.0 11.0 12.0 13.0 14.0 15.0 16 2.2230475183 -6.23498992147 6.23498992146 2.2230475183 6.23498992146 6.23498992146 2.2230475183 6.23498992146 -6.23498992146 2.2230475183 -6.23498992147 -6.23498992146 2.2230475183 -6.23498992147 6.23498992146 -2.2230475183 -6.23498992147 6.23498992146 -2.2230475183 -6.23498992147 -6.23498992146 2.2230475183 -6.23498992147 -6.23498992146 2.2230475183 6.23498992146 -6.23498992146 -2.2230475183 6.23498992146 -6.23498992146 -2.2230475183 -6.23498992147 -6.23498992146 -2.2230475183 -6.23498992147 6.23498992146 -2.2230475183 6.23498992146 6.23498992146 -2.2230475183 6.23498992146 -6.23498992146 -2.2230475183 6.23498992146 6.23498992146 2.2230475183 6.23498992146 6.23498992146
-> CNT_IK_ARM_POLE_1_L cube
3 8 2 0 3 13 -2.0 -1.0 0.0 1.0 2.0 3.0 4.0 5.0 6.0 7.0 8.0 9.0 10.0 11 2.34031684576 1.43303076708e-16 -2.34031684576 3.11703916343e-14 2.0266115461e-16 -3.30970782351 -2.34031684576 1.43303076708e-16 -2.34031684576 -3.30970782351 5.87261324241e-32 -9.59070524906e-16 -2.34031684576 -1.43303076708e-16 2.34031684576 3.05507101628e-14 -2.0266115461e-16 3.30970782351 2.34031684576 -1.43303076708e-16 2.34031684576 3.30970782351 -1.08849701479e-31 1.77765052838e-15 2.34031684576 1.43303076708e-16 -2.34031684576 3.11703916343e-14 2.0266115461e-16 -3.30970782351 -2.34031684576 1.43303076708e-16 -2.34031684576
3 8 2 0 3 13 -2.0 -1.0 0.0 1.0 2.0 3.0 4.0 5.0 6.0 7.0 8.0 9.0 10.0 11 3.19243413754e-14 2.34031684576 -2.34031684576 3.13453285681e-14 -3.77598088356e-16 -3.30970782351 3.08850319166e-14 -2.34031684576 -2.34031684576 3.08130869566e-14 -3.30970782351 -9.59070524906e-16 3.117163807e-14 -2.34031684576 2.34031684576 3.17506508773e-14 -9.97279559877e-16 3.30970782351 3.22109475288e-14 2.34031684576 2.34031684576 3.22828924888e-14 3.30970782351 1.77765052838e-15 3.19243413754e-14 2.34031684576 -2.34031684576 3.13453285681e-14 -3.77598088356e-16 -3.30970782351 3.08850319166e-14 -2.34031684576 -2.34031684576
3 8 2 0 3 13 -2.0 -1.0 0.0 1.0 2.0 3.0 4.0 5.0 6.0 7.0 8.0 9.0 10.0 11 -2.34031684576 2.34031684576 -8.96006382123e-16 -3.30970782351 -3.77598088356e-16 -5.32241611483e-16 -2.34031684576 -2.34031684576 1.43303076708e-16 3.05889191978e-14 -3.30970782351 7.34902766092e-16 2.34031684576 -2.34031684576 8.96006382123e-16 3.30970782351 -9.97279559877e-16 5.32241611483e-16 2.34031684576 2.34031684576 -1.43303076708e-16 3.33256402511e-14 3.30970782351 -7.34902766092e-16 -2.34031684576 2.34031684576 -8.96006382123e-16 -3.30970782351 -3.77598088356e-16 -5.32241611483e-16 -2.34031684576 -2.34031684576 1.43303076708e-16
-> CNT_IK_ARM_POLE_1_R cube
3 8 2 0 3 13 -2.0 -1.0 0.0 1.0 2.0 3.0 4.0 5.0 6.0 7.0 8.0 9.0 10.0 11 2.34031684576 1.43303076708e-16 -2.34031684576 -3.77598088356e-16 2.0266115461e-16 -3.30970782351 -2.34031684576 1.43303076708e-16 -2.34031684576 -3.30970782351 5.87261324241e-32 -9.59070524906e-16 -2.34031684576 -1.43303076708e-16 2.34031684576 -9.97279559877e-16 -2.0266115461e-16 3.30970782351 2.34031684576 -1.43303076708e-16 2.34031684576 3.30970782351 -1.08849701479e-31 1.77765052838e-15 2.34031684576 1.43303076708e-16 -2.34031684576 -3.77598088356e-16 2.0266115461e-16 -3.30970782351 -2.34031684576 1.43303076708e-16 -2.34031684576
3 8 2 0 3 13 -2.0 -1.0 0.0 1.0 2.0 3.0 4.0 5.0 6.0 7.0 8.0 9.0 10.0 11 3.76351652709e-16 2.34031684576 -2.34031684576 -2.0266115461e-16 -3.77598088356e-16 -3.30970782351 -6.62957806125e-16 -2.34031684576 -2.34031684576 -7.34902766092e-16 -3.30970782351 -9.59070524906e-16 -3.76351652709e-16 -2.34031684576 2.34031684576 2.0266115461e-16 -9.97279559877e-16 3.30970782351 6.62957806125e-16 2.34031684576 2.34031684576 7.34902766092e-16 3.30970782351 1.77765052838e-15 3.76351652709e-16 2.34031684576 -2.34031684576 -2.0266115461e-16 -3.77598088356e-16 -3.30970782351 -6.62957806125e-16 -2.34031684576 -2.34031684576
3 8 2 0 3 13 -2.0 -1.0 0.0 1.0 2.0 3.0 4.0 5.0 6.0 7.0 8.0 9.0 10.0 11 -2.34031684576 2.34031684576 -8.96006382123e-16 -3.30970782351 -3.77598088356e-16 -5.32241611483e-16 -2.34031684576 -2.34031684576 1.43303076708e-16 -9.59070524906e-16 -3.30970782351 7.34902766092e-16 2.34031684576 -2.34031684576 8.96006382123e-16 3.30970782351 -9.97279559877e-16 5.32241611483e-16 2.34031684576 2.34031684576 -1.43303076708e-16 1.77765052838e-15 3.30970782351 -7.34902766092e-16 -2.34031684576 2.34031684576 -8.96006382123e-16 -3.30970782351 -3.77598088356e-16 -5.32241611483e-16 -2.34031684576 -2.34031684576 1.43303076708e-16
-> CNT_IK_ARM_TOP_1_L circle
3 8 0 0 3 13 -2.0 -1.0 0.0 1.0 2.0 3.0 4.0 5.0 6.0 7.0 8.0 9.0 10.0 11 -2.1747737558e-16 3.5517923764 -3.5517923764 -3.07559454054e-16 0.0 -5.02299294943 -2.1747737558e-16 -3.5517923764 -3.5517923764 -9.58625934444e-32 -5.02299294943 0.0 2.1747737558e-16 -3.5517923764 3.5517923764 3.07559454054e-16 0.0 5.02299294943 2.1747737558e-16 3.5517923764 3.5517923764 1.65190160772e-31 5.02299294943 5.3290705182e-15 -2.1747737558e-16 3.5517923764 -3.5517923764 -3.07559454054e-16 0.0 -5.02299294943 -2.1747737558e-16 -3.5517923764 -3.5517923764
-> CNT_IK_ARM_TOP_1_R circle
3 8 0 0 3 13 -2.0 -1.0 0.0 1.0 2.0 3.0 4.0 5.0 6.0 7.0 8.0 9.0 10.0 11 -2.1747737558e-16 3.5517923764 -3.5517923764 -3.07559454054e-16 0.0 -5.02299294943 -2.1747737558e-16 -3.5517923764 -3.5517923764 -9.58625934444e-32 -5.02299294943 0.0 2.1747737558e-16 -3.5517923764 3.5517923764 3.07559454054e-16 0.0 5.02299294943 2.1747737558e-16 3.5517923764 3.5517923764 1.65190160772e-31 5.02299294943 5.3290705182e-15 -2.1747737558e-16 3.5517923764 -3.5517923764 -3.07559454054e-16 0.0 -5.02299294943 -2.1747737558e-16 -3.5517923764 -3.5517923764
-> CNT_IK_LEG_BTM_1_L circle
1 15 0 0 3 16 0.0 1.0 2.0 3.0 4.0 5.0 6.0 7.0 8.0 9.0 10.0 11.0 12.0 13.0 14.0 15.0 16 23.7210189339 -8.53738297767 -11.7563327914 23.7210189339 8.53738297767 -11.7563327914 23.7210189339 8.53738297767 -15.0012870958 23.7210189339 -8.53738297767 -15.0012870958 23.7210189339 -8.53738297767 -11.7563327914 -15.9332681371 -9.55862709484 -11.7563327914 -15.9332681371 -9.55862709484 -15.0012870958 23.7210189339 -8.53738297767 -15.0012870958 23.7210189339 8.53738297767 -15.0012870958 -15.9332681371 9.55862709484 -15.0012870958 -15.9332681371 -9.55862709484 -15.0012870958 -15.9332681371 -9.55862709484 -11.7563327914 -15.9332681371 9.55862709484 -11.7563327914 -15.9332681371 9.55862709484 -15.0012870958 -15.9332681371 9.55862709484 -11.7563327914 23.7210189339 8.53738297767 -11.7563327914
-> CNT_IK_LEG_BTM_1_R circle
1 15 0 0 3 16 0.0 1.0 2.0 3.0 4.0 5.0 6.0 7.0 8.0 9.0 10.0 11.0 12.0 13.0 14.0 15.0 16 23.7210189339 -8.53738297767 -11.7563327914 23.7210189339 8.53738297767 -11.7563327914 23.7210189339 8.53738297767 -15.0012870958 23.7210189339 -8.53738297767 -15.0012870958 23.7210189339 -8.53738297767 -11.7563327914 -15.9332681371 -9.55862709484 -11.7563327914 -15.9332681371 -9.55862709484 -15.0012870958 23.7210189339 -8.53738297767 -15.0012870958 23.7210189339 8.53738297767 -15.0012870958 -15.9332681371 9.55862709484 -15.0012870958 -15.9332681371 -9.55862709484 -15.0012870958 -15.9332681371 -9.55862709484 -11.7563327914 -15.9332681371 9.55862709484 -11.7563327914 -15.9332681371 9.55862709484 -15.0012870958 -15.9332681371 9.55862709484 -11.7563327914 23.7210189339 8.53738297767 -11.7563327914
-> CNT_IK_LEG_POLE_1_L cube
3 8 2 0 3 13 -2.0 -1.0 0.0 1.0 2.0 3.0 4.0 5.0 6.0 7.0 8.0 9.0 10.0 11 2.34031684576 1.43303076708e-16 -2.34031684576 -3.77598088356e-16 2.0266115461e-16 -3.30970782351 -2.34031684576 1.43303076708e-16 -2.34031684576 -3.30970782351 5.87261324241e-32 -7.88521772417e-16 -2.34031684576 -1.43303076708e-16 2.34031684576 -9.97279559877e-16 -2.0266115461e-16 3.30970782351 2.34031684576 -1.43303076708e-16 2.34031684576 3.30970782351 -1.08849701479e-31 1.94819928086e-15 2.34031684576 1.43303076708e-16 -2.34031684576 -3.77598088356e-16 2.0266115461e-16 -3.30970782351 -2.34031684576 1.43303076708e-16 -2.34031684576
3 8 2 0 3 13 -2.0 -1.0 0.0 1.0 2.0 3.0 4.0 5.0 6.0 7.0 8.0 9.0 10.0 11 3.76351652709e-16 2.34031684576 -2.34031684576 -2.0266115461e-16 -3.77598088356e-16 -3.30970782351 -6.62957806125e-16 -2.34031684576 -2.34031684576 -7.34902766092e-16 -3.30970782351 -7.88521772417e-16 -3.76351652709e-16 -2.34031684576 2.34031684576 2.0266115461e-16 -9.97279559877e-16 3.30970782351 6.62957806125e-16 2.34031684576 2.34031684576 7.34902766092e-16 3.30970782351 1.94819928086e-15 3.76351652709e-16 2.34031684576 -2.34031684576 -2.0266115461e-16 -3.77598088356e-16 -3.30970782351 -6.62957806125e-16 -2.34031684576 -2.34031684576
3 8 2 0 3 13 -2.0 -1.0 0.0 1.0 2.0 3.0 4.0 5.0 6.0 7.0 8.0 9.0 10.0 11 -2.34031684576 2.34031684576 -7.25457629634e-16 -3.30970782351 -3.77598088356e-16 -3.61692858994e-16 -2.34031684576 -2.34031684576 3.13851829197e-16 -9.59070524906e-16 -3.30970782351 9.05451518581e-16 2.34031684576 -2.34031684576 1.06655513461e-15 3.30970782351 -9.97279559877e-16 7.02790363972e-16 2.34031684576 2.34031684576 2.72456757817e-17 1.77765052838e-15 3.30970782351 -5.64354013603e-16 -2.34031684576 2.34031684576 -7.25457629634e-16 -3.30970782351 -3.77598088356e-16 -3.61692858994e-16 -2.34031684576 -2.34031684576 3.13851829197e-16
-> CNT_IK_LEG_POLE_1_R cube
3 8 2 0 3 13 -2.0 -1.0 0.0 1.0 2.0 3.0 4.0 5.0 6.0 7.0 8.0 9.0 10.0 11 2.34031684576 1.43303076708e-16 -2.34031684576 -3.77598088356e-16 2.0266115461e-16 -3.30970782351 -2.34031684576 1.43303076708e-16 -2.34031684576 -3.30970782351 5.87261324241e-32 -9.59070524906e-16 -2.34031684576 -1.43303076708e-16 2.34031684576 -9.97279559877e-16 -2.0266115461e-16 3.30970782351 2.34031684576 -1.43303076708e-16 2.34031684576 3.30970782351 -1.08849701479e-31 1.77765052838e-15 2.34031684576 1.43303076708e-16 -2.34031684576 -3.77598088356e-16 2.0266115461e-16 -3.30970782351 -2.34031684576 1.43303076708e-16 -2.34031684576
3 8 2 0 3 13 -2.0 -1.0 0.0 1.0 2.0 3.0 4.0 5.0 6.0 7.0 8.0 9.0 10.0 11 3.76351652709e-16 2.34031684576 -2.34031684576 -2.0266115461e-16 -3.77598088356e-16 -3.30970782351 -6.62957806125e-16 -2.34031684576 -2.34031684576 -7.34902766092e-16 -3.30970782351 -9.59070524906e-16 -3.76351652709e-16 -2.34031684576 2.34031684576 2.0266115461e-16 -9.97279559877e-16 3.30970782351 6.62957806125e-16 2.34031684576 2.34031684576 7.34902766092e-16 3.30970782351 1.77765052838e-15 3.76351652709e-16 2.34031684576 -2.34031684576 -2.0266115461e-16 -3.77598088356e-16 -3.30970782351 -6.62957806125e-16 -2.34031684576 -2.34031684576
3 8 2 0 3 13 -2.0 -1.0 0.0 1.0 2.0 3.0 4.0 5.0 6.0 7.0 8.0 9.0 10.0 11 -2.34031684576 2.34031684576 -8.96006382123e-16 -3.30970782351 -3.77598088356e-16 -5.32241611483e-16 -2.34031684576 -2.34031684576 1.43303076708e-16 -9.59070524906e-16 -3.30970782351 7.34902766092e-16 2.34031684576 -2.34031684576 8.96006382123e-16 3.30970782351 -9.97279559877e-16 5.32241611483e-16 2.34031684576 2.34031684576 -1.43303076708e-16 1.77765052838e-15 3.30970782351 -7.34902766092e-16 -2.34031684576 2.34031684576 -8.96006382123e-16 -3.30970782351 -3.77598088356e-16 -5.32241611483e-16 -2.34031684576 -2.34031684576 1.43303076708e-16
-> CNT_IK_LEG_TOP_1_L circle
3 8 0 0 3 13 -2.0 -1.0 0.0 1.0 2.0 3.0 4.0 5.0 6.0 7.0 8.0 9.0 10.0 11 0.12788185 3.55147721504 -3.54749790087 0.168487359601 -0.000415232535335 -5.01733487644 0.110395259036 -3.55206444252 -3.54808512835 -0.0123648870507 -5.0229624765 -0.000415232535339 -0.12788185 -3.55147721504 3.54749790087 -0.168487359601 0.000415232535342 5.01733487644 -0.110395259036 3.55206444252 3.54808512835 0.0123648870507 5.0229624765 0.000415232535343 0.12788185 3.55147721504 -3.54749790087 0.168487359601 -0.000415232535335 -5.01733487644 0.110395259036 -3.55206444252 -3.54808512835
-> CNT_IK_LEG_TOP_1_R circle
3 8 0 0 3 13 -2.0 -1.0 0.0 1.0 2.0 3.0 4.0 5.0 6.0 7.0 8.0 9.0 10.0 11 -0.127881849091 3.55147721504 -3.54749790094 -0.168487358314 -0.000415232532162 -5.01733487652 -0.110395258126 -3.55206444252 -3.54808512841 0.0123648870508 -5.0229624765 -0.000415232532165 0.127881849091 -3.55147721504 3.54749790094 0.168487358314 0.000415232532159 5.01733487652 0.110395258126 3.55206444252 3.54808512841 -0.0123648870508 5.0229624765 0.00041523253217 -0.127881849091 3.55147721504 -3.54749790094 -0.168487358314 -0.000415232532162 -5.01733487652 -0.110395258126 -3.55206444252 -3.54808512841
-> CNT_INDEX_1_L circle
 3 8 0 0 3 13 -2.0 -1.0 0.0 1.0 2.0 3.0 4.0 5.0 6.0 7.0 8.0 9.0 10.0 11 -1.0873868779e-16 1.7758961882 -1.7758961882 -1.53779727027e-16 0.0 -2.51149647472 -1.0873868779e-16 -1.7758961882 -1.7758961882 -4.79312967222e-32 -2.51149647472 0.0 1.0873868779e-16 -1.7758961882 1.7758961882 1.53779727027e-16 0.0 2.51149647472 1.0873868779e-16 1.7758961882 1.7758961882 8.2595080386e-32 2.51149647472 2.6645352591e-15 -1.0873868779e-16 1.7758961882 -1.7758961882 -1.53779727027e-16 0.0 -2.51149647472 -1.0873868779e-16 -1.7758961882 -1.7758961882
-> CNT_INDEX_1_R circle
 3 8 0 0 3 13 -2.0 -1.0 0.0 1.0 2.0 3.0 4.0 5.0 6.0 7.0 8.0 9.0 10.0 11 -1.0873868779e-16 1.7758961882 -1.7758961882 -1.53779727027e-16 0.0 -2.51149647472 -1.0873868779e-16 -1.7758961882 -1.7758961882 -4.79312967222e-32 -2.51149647472 0.0 1.0873868779e-16 -1.7758961882 1.7758961882 1.53779727027e-16 0.0 2.51149647472 1.0873868779e-16 1.7758961882 1.7758961882 8.2595080386e-32 2.51149647472 2.6645352591e-15 -1.0873868779e-16 1.7758961882 -1.7758961882 -1.53779727027e-16 0.0 -2.51149647472 -1.0873868779e-16 -1.7758961882 -1.7758961882
-> CNT_INDEX_2_L circle
 3 8 0 0 3 13 -2.0 -1.0 0.0 1.0 2.0 3.0 4.0 5.0 6.0 7.0 8.0 9.0 10.0 11 -1.0873868779e-16 1.7758961882 -1.7758961882 -1.53779727027e-16 0.0 -2.51149647472 -1.0873868779e-16 -1.7758961882 -1.7758961882 -4.79312967222e-32 -2.51149647472 0.0 1.0873868779e-16 -1.7758961882 1.7758961882 1.53779727027e-16 0.0 2.51149647472 1.0873868779e-16 1.7758961882 1.7758961882 8.2595080386e-32 2.51149647472 2.6645352591e-15 -1.0873868779e-16 1.7758961882 -1.7758961882 -1.53779727027e-16 0.0 -2.51149647472 -1.0873868779e-16 -1.7758961882 -1.7758961882
-> CNT_INDEX_2_R circle
 3 8 0 0 3 13 -2.0 -1.0 0.0 1.0 2.0 3.0 4.0 5.0 6.0 7.0 8.0 9.0 10.0 11 -1.0873868779e-16 1.7758961882 -1.7758961882 -1.53779727027e-16 0.0 -2.51149647472 -1.0873868779e-16 -1.7758961882 -1.7758961882 -4.79312967222e-32 -2.51149647472 0.0 1.0873868779e-16 -1.7758961882 1.7758961882 1.53779727027e-16 0.0 2.51149647472 1.0873868779e-16 1.7758961882 1.7758961882 8.2595080386e-32 2.51149647472 2.6645352591e-15 -1.0873868779e-16 1.7758961882 -1.7758961882 -1.53779727027e-16 0.0 -2.51149647472 -1.0873868779e-16 -1.7758961882 -1.7758961882
-> CNT_INDEX_3_L circle
 3 8 0 0 3 13 -2.0 -1.0 0.0 1.0 2.0 3.0 4.0 5.0 6.0 7.0 8.0 9.0 10.0 11 -1.0873868779e-16 1.7758961882 -1.7758961882 -1.53779727027e-16 0.0 -2.51149647472 -1.0873868779e-16 -1.7758961882 -1.7758961882 -4.79312967222e-32 -2.51149647472 0.0 1.0873868779e-16 -1.7758961882 1.7758961882 1.53779727027e-16 0.0 2.51149647472 1.0873868779e-16 1.7758961882 1.7758961882 8.2595080386e-32 2.51149647472 2.6645352591e-15 -1.0873868779e-16 1.7758961882 -1.7758961882 -1.53779727027e-16 0.0 -2.51149647472 -1.0873868779e-16 -1.7758961882 -1.7758961882
-> CNT_INDEX_3_R circle
 3 8 0 0 3 13 -2.0 -1.0 0.0 1.0 2.0 3.0 4.0 5.0 6.0 7.0 8.0 9.0 10.0 11 -1.0873868779e-16 1.7758961882 -1.7758961882 -1.53779727027e-16 0.0 -2.51149647472 -1.0873868779e-16 -1.7758961882 -1.7758961882 -4.79312967222e-32 -2.51149647472 0.0 1.0873868779e-16 -1.7758961882 1.7758961882 1.53779727027e-16 0.0 2.51149647472 1.0873868779e-16 1.7758961882 1.7758961882 8.2595080386e-32 2.51149647472 2.6645352591e-15 -1.0873868779e-16 1.7758961882 -1.7758961882 -1.53779727027e-16 0.0 -2.51149647472 -1.0873868779e-16 -1.7758961882 -1.7758961882
-> CNT_LEG_BTM_1_L circle
3 8 0 0 3 13 -2.0 -1.0 0.0 1.0 2.0 3.0 4.0 5.0 6.0 7.0 8.0 9.0 10.0 11 0.591965396066 3.62462292633e-17 -0.591965396066 0.0 5.1259909009e-17 -0.837165491572 -0.591965396066 3.62462292633e-17 -0.591965396066 -0.837165491572 1.59770989074e-32 0.0 -0.591965396066 -3.62462292633e-17 0.591965396066 0.0 -5.1259909009e-17 0.837165491572 0.591965396066 -3.62462292633e-17 0.591965396066 0.837165491572 -2.7531693462e-32 8.881784197e-16 0.591965396066 3.62462292633e-17 -0.591965396066 0.0 5.1259909009e-17 -0.837165491572 -0.591965396066 3.62462292633e-17 -0.591965396066
-> CNT_MIDDLE_1_L circle
 3 8 0 0 3 13 -2.0 -1.0 0.0 1.0 2.0 3.0 4.0 5.0 6.0 7.0 8.0 9.0 10.0 11 -1.0873868779e-16 1.7758961882 -1.7758961882 -1.53779727027e-16 0.0 -2.51149647472 -1.0873868779e-16 -1.7758961882 -1.7758961882 -4.79312967222e-32 -2.51149647472 0.0 1.0873868779e-16 -1.7758961882 1.7758961882 1.53779727027e-16 0.0 2.51149647472 1.0873868779e-16 1.7758961882 1.7758961882 8.2595080386e-32 2.51149647472 2.6645352591e-15 -1.0873868779e-16 1.7758961882 -1.7758961882 -1.53779727027e-16 0.0 -2.51149647472 -1.0873868779e-16 -1.7758961882 -1.7758961882
-> CNT_MIDDLE_1_R circle
 3 8 0 0 3 13 -2.0 -1.0 0.0 1.0 2.0 3.0 4.0 5.0 6.0 7.0 8.0 9.0 10.0 11 -1.0873868779e-16 1.7758961882 -1.7758961882 -1.53779727027e-16 0.0 -2.51149647472 -1.0873868779e-16 -1.7758961882 -1.7758961882 -4.79312967222e-32 -2.51149647472 0.0 1.0873868779e-16 -1.7758961882 1.7758961882 1.53779727027e-16 0.0 2.51149647472 1.0873868779e-16 1.7758961882 1.7758961882 8.2595080386e-32 2.51149647472 2.6645352591e-15 -1.0873868779e-16 1.7758961882 -1.7758961882 -1.53779727027e-16 0.0 -2.51149647472 -1.0873868779e-16 -1.7758961882 -1.7758961882
-> CNT_MIDDLE_2_L circle
 3 8 0 0 3 13 -2.0 -1.0 0.0 1.0 2.0 3.0 4.0 5.0 6.0 7.0 8.0 9.0 10.0 11 -1.0873868779e-16 1.7758961882 -1.7758961882 -1.53779727027e-16 0.0 -2.51149647472 -1.0873868779e-16 -1.7758961882 -1.7758961882 -4.79312967222e-32 -2.51149647472 0.0 1.0873868779e-16 -1.7758961882 1.7758961882 1.53779727027e-16 0.0 2.51149647472 1.0873868779e-16 1.7758961882 1.7758961882 8.2595080386e-32 2.51149647472 2.6645352591e-15 -1.0873868779e-16 1.7758961882 -1.7758961882 -1.53779727027e-16 0.0 -2.51149647472 -1.0873868779e-16 -1.7758961882 -1.7758961882
-> CNT_MIDDLE_2_R circle
 3 8 0 0 3 13 -2.0 -1.0 0.0 1.0 2.0 3.0 4.0 5.0 6.0 7.0 8.0 9.0 10.0 11 -1.0873868779e-16 1.7758961882 -1.7758961882 -1.53779727027e-16 0.0 -2.51149647472 -1.0873868779e-16 -1.7758961882 -1.7758961882 -4.79312967222e-32 -2.51149647472 0.0 1.0873868779e-16 -1.7758961882 1.7758961882 1.53779727027e-16 0.0 2.51149647472 1.0873868779e-16 1.7758961882 1.7758961882 8.2595080386e-32 2.51149647472 2.6645352591e-15 -1.0873868779e-16 1.7758961882 -1.7758961882 -1.53779727027e-16 0.0 -2.51149647472 -1.0873868779e-16 -1.7758961882 -1.7758961882
-> CNT_MIDDLE_3_L circle
 3 8 0 0 3 13 -2.0 -1.0 0.0 1.0 2.0 3.0 4.0 5.0 6.0 7.0 8.0 9.0 10.0 11 -1.0873868779e-16 1.7758961882 -1.7758961882 -1.53779727027e-16 0.0 -2.51149647472 -1.0873868779e-16 -1.7758961882 -1.7758961882 -4.79312967222e-32 -2.51149647472 0.0 1.0873868779e-16 -1.7758961882 1.7758961882 1.53779727027e-16 0.0 2.51149647472 1.0873868779e-16 1.7758961882 1.7758961882 8.2595080386e-32 2.51149647472 2.6645352591e-15 -1.0873868779e-16 1.7758961882 -1.7758961882 -1.53779727027e-16 0.0 -2.51149647472 -1.0873868779e-16 -1.7758961882 -1.7758961882
-> CNT_MIDDLE_3_R circle
 3 8 0 0 3 13 -2.0 -1.0 0.0 1.0 2.0 3.0 4.0 5.0 6.0 7.0 8.0 9.0 10.0 11 -1.0873868779e-16 1.7758961882 -1.7758961882 -1.53779727027e-16 0.0 -2.51149647472 -1.0873868779e-16 -1.7758961882 -1.7758961882 -4.79312967222e-32 -2.51149647472 0.0 1.0873868779e-16 -1.7758961882 1.7758961882 1.53779727027e-16 0.0 2.51149647472 1.0873868779e-16 1.7758961882 1.7758961882 8.2595080386e-32 2.51149647472 2.6645352591e-15 -1.0873868779e-16 1.7758961882 -1.7758961882 -1.53779727027e-16 0.0 -2.51149647472 -1.0873868779e-16 -1.7758961882 -1.7758961882
-> CNT_NECK_1_C circle
 3 25 0 0 3 30 2.0 2.0 2.0 3.0 4.0 5.0 6.0 6.0 6.0 7.0 8.0 9.0 10.0 10.0 10.0 10.4610209757 10.4610209757 10.4610209757 11.4610209757 12.4610209757 13.4610209757 14.4610209757 14.4610209757 14.4610209757 15.4610209757 16.4610209757 17.4610209757 18.4610209757 18.4610209757 18.4610209757 28 -4.33683679434e-32 0.322711682594 -7.58986290289 6.56553024704e-17 -0.0855612963552 -7.58986290289 1.96965907411e-16 -0.90210725426 -7.92808731296 2.78551857586e-16 -1.40944386936 -9.15290624981 1.96965907411e-16 -0.90210725426 -10.3777251867 6.56553024704e-17 -0.0855612963552 -10.7159495967 1.34441940625e-31 0.322711682594 -10.7159495967 -6.56553024704e-17 0.73098466155 -10.7159495967 -1.96965907411e-16 1.54753061945 -10.3777251867 -2.78551857586e-16 2.05486723455 -9.15290624981 -1.96965907411e-16 1.54753061945 -7.92808731296 -6.56553024704e-17 0.73098466155 -7.58986290289 -5.20420415323e-32 0.322711682594 -7.58986290289 8.67367358869e-33 0.322711682594 -2.81109246206 8.67367358869e-33 0.322711682594 4.07403693367 8.67367358869e-33 0.322711682594 7.59954902647 -6.56553024704e-17 0.73098466155 7.59954902703 -1.96965907411e-16 1.54753061945 7.93777343709 -2.78551857586e-16 2.05486723455 9.16259237395 -1.96965907411e-16 1.54753061945 10.3874113108 -6.56553024704e-17 0.73098466155 10.7256357209 -5.20420415323e-32 0.322711682594 10.7256357209 6.56553024704e-17 -0.0855612963552 10.7256357209 1.96965907411e-16 -0.90210725426 10.3874113108 2.78551857586e-16 -1.40944386936 9.16259237395 1.96965907411e-16 -0.90210725426 7.93777343709 6.56553024704e-17 -0.0855612963552 7.59954902703 1.34441940625e-31 0.322711682594 7.59954902703
-> CNT_NECK_2_C circle
 3 25 0 0 3 30 2.0 2.0 2.0 3.0 4.0 5.0 6.0 6.0 6.0 7.0 8.0 9.0 10.0 10.0 10.0 10.4610209757 10.4610209757 10.4610209757 11.4610209757 12.4610209757 13.4610209757 14.4610209757 14.4610209757 14.4610209757 15.4610209757 16.4610209757 17.4610209757 18.4610209757 18.4610209757 18.4610209757 28 -1.92665905499e-14 0.322711682594 -7.58986290289 -1.92009352474e-14 -0.0855612963552 -7.58986290289 -1.90696246425e-14 -0.90210725426 -7.92808731296 -1.89880386923e-14 -1.40944386936 -9.15290624981 -1.90696246425e-14 -0.90210725426 -10.3777251867 -1.92009352474e-14 -0.0855612963552 -10.7159495967 -1.92665905499e-14 0.322711682594 -10.7159495967 -1.93322458524e-14 0.73098466155 -10.7159495967 -1.94635564573e-14 1.54753061945 -10.3777251867 -1.95451424075e-14 2.05486723455 -9.15290624981 -1.94635564573e-14 1.54753061945 -7.92808731296 -1.93322458524e-14 0.73098466155 -7.58986290289 -1.92665905499e-14 0.322711682594 -7.58986290289 -1.92665905499e-14 0.322711682594 -2.81109246206 -1.92665905499e-14 0.322711682594 4.07403693367 -1.92665905499e-14 0.322711682594 7.59954902647 -1.93322458524e-14 0.73098466155 7.59954902703 -1.94635564573e-14 1.54753061945 7.93777343709 -1.95451424075e-14 2.05486723455 9.16259237395 -1.94635564573e-14 1.54753061945 10.3874113108 -1.93322458524e-14 0.73098466155 10.7256357209 -1.92665905499e-14 0.322711682594 10.7256357209 -1.92009352474e-14 -0.0855612963552 10.7256357209 -1.90696246425e-14 -0.90210725426 10.3874113108 -1.89880386923e-14 -1.40944386936 9.16259237395 -1.90696246425e-14 -0.90210725426 7.93777343709 -1.92009352474e-14 -0.0855612963552 7.59954902703 -1.92665905499e-14 0.322711682594 7.59954902703
-> CNT_PINKY_1_L circle
 3 8 0 0 3 13 -2.0 -1.0 0.0 1.0 2.0 3.0 4.0 5.0 6.0 7.0 8.0 9.0 10.0 11 -1.0873868779e-16 1.7758961882 -1.7758961882 -1.53779727027e-16 0.0 -2.51149647472 -1.0873868779e-16 -1.7758961882 -1.7758961882 -4.79312967222e-32 -2.51149647472 0.0 1.0873868779e-16 -1.7758961882 1.7758961882 1.53779727027e-16 0.0 2.51149647472 1.0873868779e-16 1.7758961882 1.7758961882 8.2595080386e-32 2.51149647472 2.6645352591e-15 -1.0873868779e-16 1.7758961882 -1.7758961882 -1.53779727027e-16 0.0 -2.51149647472 -1.0873868779e-16 -1.7758961882 -1.7758961882
-> CNT_PINKY_1_R circle
 3 8 0 0 3 13 -2.0 -1.0 0.0 1.0 2.0 3.0 4.0 5.0 6.0 7.0 8.0 9.0 10.0 11 -1.0873868779e-16 1.7758961882 -1.7758961882 -1.53779727027e-16 0.0 -2.51149647472 -1.0873868779e-16 -1.7758961882 -1.7758961882 -4.79312967222e-32 -2.51149647472 0.0 1.0873868779e-16 -1.7758961882 1.7758961882 1.53779727027e-16 0.0 2.51149647472 1.0873868779e-16 1.7758961882 1.7758961882 8.2595080386e-32 2.51149647472 2.6645352591e-15 -1.0873868779e-16 1.7758961882 -1.7758961882 -1.53779727027e-16 0.0 -2.51149647472 -1.0873868779e-16 -1.7758961882 -1.7758961882
-> CNT_PINKY_2_L circle
 3 8 0 0 3 13 -2.0 -1.0 0.0 1.0 2.0 3.0 4.0 5.0 6.0 7.0 8.0 9.0 10.0 11 -1.0873868779e-16 1.7758961882 -1.7758961882 -1.53779727027e-16 0.0 -2.51149647472 -1.0873868779e-16 -1.7758961882 -1.7758961882 -4.79312967222e-32 -2.51149647472 0.0 1.0873868779e-16 -1.7758961882 1.7758961882 1.53779727027e-16 0.0 2.51149647472 1.0873868779e-16 1.7758961882 1.7758961882 8.2595080386e-32 2.51149647472 2.6645352591e-15 -1.0873868779e-16 1.7758961882 -1.7758961882 -1.53779727027e-16 0.0 -2.51149647472 -1.0873868779e-16 -1.7758961882 -1.7758961882
-> CNT_PINKY_2_R circle
 3 8 0 0 3 13 -2.0 -1.0 0.0 1.0 2.0 3.0 4.0 5.0 6.0 7.0 8.0 9.0 10.0 11 -1.0873868779e-16 1.7758961882 -1.7758961882 -1.53779727027e-16 0.0 -2.51149647472 -1.0873868779e-16 -1.7758961882 -1.7758961882 -4.79312967222e-32 -2.51149647472 0.0 1.0873868779e-16 -1.7758961882 1.7758961882 1.53779727027e-16 0.0 2.51149647472 1.0873868779e-16 1.7758961882 1.7758961882 8.2595080386e-32 2.51149647472 2.6645352591e-15 -1.0873868779e-16 1.7758961882 -1.7758961882 -1.53779727027e-16 0.0 -2.51149647472 -1.0873868779e-16 -1.7758961882 -1.7758961882
-> CNT_PINKY_3_L circle
 3 8 0 0 3 13 -2.0 -1.0 0.0 1.0 2.0 3.0 4.0 5.0 6.0 7.0 8.0 9.0 10.0 11 -1.0873868779e-16 1.7758961882 -1.7758961882 -1.53779727027e-16 0.0 -2.51149647472 -1.0873868779e-16 -1.7758961882 -1.7758961882 -4.79312967222e-32 -2.51149647472 0.0 1.0873868779e-16 -1.7758961882 1.7758961882 1.53779727027e-16 0.0 2.51149647472 1.0873868779e-16 1.7758961882 1.7758961882 8.2595080386e-32 2.51149647472 2.6645352591e-15 -1.0873868779e-16 1.7758961882 -1.7758961882 -1.53779727027e-16 0.0 -2.51149647472 -1.0873868779e-16 -1.7758961882 -1.7758961882
-> CNT_PINKY_3_R circle
 3 8 0 0 3 13 -2.0 -1.0 0.0 1.0 2.0 3.0 4.0 5.0 6.0 7.0 8.0 9.0 10.0 11 -1.0873868779e-16 1.7758961882 -1.7758961882 -1.53779727027e-16 0.0 -2.51149647472 -1.0873868779e-16 -1.7758961882 -1.7758961882 -4.79312967222e-32 -2.51149647472 0.0 1.0873868779e-16 -1.7758961882 1.7758961882 1.53779727027e-16 0.0 2.51149647472 1.0873868779e-16 1.7758961882 1.7758961882 8.2595080386e-32 2.51149647472 2.6645352591e-15 -1.0873868779e-16 1.7758961882 -1.7758961882 -1.53779727027e-16 0.0 -2.51149647472 -1.0873868779e-16 -1.7758961882 -1.7758961882
-> CNT_RING_1_L circle
 3 8 0 0 3 13 -2.0 -1.0 0.0 1.0 2.0 3.0 4.0 5.0 6.0 7.0 8.0 9.0 10.0 11 -1.0873868779e-16 1.7758961882 -1.7758961882 -1.53779727027e-16 0.0 -2.51149647472 -1.0873868779e-16 -1.7758961882 -1.7758961882 -4.79312967222e-32 -2.51149647472 0.0 1.0873868779e-16 -1.7758961882 1.7758961882 1.53779727027e-16 0.0 2.51149647472 1.0873868779e-16 1.7758961882 1.7758961882 8.2595080386e-32 2.51149647472 2.6645352591e-15 -1.0873868779e-16 1.7758961882 -1.7758961882 -1.53779727027e-16 0.0 -2.51149647472 -1.0873868779e-16 -1.7758961882 -1.7758961882
-> CNT_RING_1_R circle
 3 8 0 0 3 13 -2.0 -1.0 0.0 1.0 2.0 3.0 4.0 5.0 6.0 7.0 8.0 9.0 10.0 11 -1.0873868779e-16 1.7758961882 -1.7758961882 -1.53779727027e-16 0.0 -2.51149647472 -1.0873868779e-16 -1.7758961882 -1.7758961882 -4.79312967222e-32 -2.51149647472 0.0 1.0873868779e-16 -1.7758961882 1.7758961882 1.53779727027e-16 0.0 2.51149647472 1.0873868779e-16 1.7758961882 1.7758961882 8.2595080386e-32 2.51149647472 2.6645352591e-15 -1.0873868779e-16 1.7758961882 -1.7758961882 -1.53779727027e-16 0.0 -2.51149647472 -1.0873868779e-16 -1.7758961882 -1.7758961882
-> CNT_RING_2_L circle
 3 8 0 0 3 13 -2.0 -1.0 0.0 1.0 2.0 3.0 4.0 5.0 6.0 7.0 8.0 9.0 10.0 11 -1.0873868779e-16 1.7758961882 -1.7758961882 -1.53779727027e-16 0.0 -2.51149647472 -1.0873868779e-16 -1.7758961882 -1.7758961882 -4.79312967222e-32 -2.51149647472 0.0 1.0873868779e-16 -1.7758961882 1.7758961882 1.53779727027e-16 0.0 2.51149647472 1.0873868779e-16 1.7758961882 1.7758961882 8.2595080386e-32 2.51149647472 2.6645352591e-15 -1.0873868779e-16 1.7758961882 -1.7758961882 -1.53779727027e-16 0.0 -2.51149647472 -1.0873868779e-16 -1.7758961882 -1.7758961882
-> CNT_RING_2_R circle
 3 8 0 0 3 13 -2.0 -1.0 0.0 1.0 2.0 3.0 4.0 5.0 6.0 7.0 8.0 9.0 10.0 11 -1.0873868779e-16 1.7758961882 -1.7758961882 -1.53779727027e-16 0.0 -2.51149647472 -1.0873868779e-16 -1.7758961882 -1.7758961882 -4.79312967222e-32 -2.51149647472 0.0 1.0873868779e-16 -1.7758961882 1.7758961882 1.53779727027e-16 0.0 2.51149647472 1.0873868779e-16 1.7758961882 1.7758961882 8.2595080386e-32 2.51149647472 2.6645352591e-15 -1.0873868779e-16 1.7758961882 -1.7758961882 -1.53779727027e-16 0.0 -2.51149647472 -1.0873868779e-16 -1.7758961882 -1.7758961882
-> CNT_RING_3_L circle
 3 8 0 0 3 13 -2.0 -1.0 0.0 1.0 2.0 3.0 4.0 5.0 6.0 7.0 8.0 9.0 10.0 11 -1.0873868779e-16 1.7758961882 -1.7758961882 -1.53779727027e-16 0.0 -2.51149647472 -1.0873868779e-16 -1.7758961882 -1.7758961882 -4.79312967222e-32 -2.51149647472 0.0 1.0873868779e-16 -1.7758961882 1.7758961882 1.53779727027e-16 0.0 2.51149647472 1.0873868779e-16 1.7758961882 1.7758961882 8.2595080386e-32 2.51149647472 2.6645352591e-15 -1.0873868779e-16 1.7758961882 -1.7758961882 -1.53779727027e-16 0.0 -2.51149647472 -1.0873868779e-16 -1.7758961882 -1.7758961882
-> CNT_RING_3_R circle
 3 8 0 0 3 13 -2.0 -1.0 0.0 1.0 2.0 3.0 4.0 5.0 6.0 7.0 8.0 9.0 10.0 11 -1.0873868779e-16 1.7758961882 -1.7758961882 -1.53779727027e-16 0.0 -2.51149647472 -1.0873868779e-16 -1.7758961882 -1.7758961882 -4.79312967222e-32 -2.51149647472 0.0 1.0873868779e-16 -1.7758961882 1.7758961882 1.53779727027e-16 0.0 2.51149647472 1.0873868779e-16 1.7758961882 1.7758961882 8.2595080386e-32 2.51149647472 2.6645352591e-15 -1.0873868779e-16 1.7758961882 -1.7758961882 -1.53779727027e-16 0.0 -2.51149647472 -1.0873868779e-16 -1.7758961882 -1.7758961882
-> CNT_ROOTMOVE_1_1 square_point
1 5 0 0 3 6 0.0 1.0 2.0 3.0 4.0 5.0 6 -14.303362614 -14.303362614 0.0 -14.303362614 14.303362614 0.0 14.303362614 14.303362614 0.0 14.303362614 -14.303362614 0.0 0.0 -21.4550439211 0.0 -14.303362614 -14.303362614 0.0
-> CNT_SPINE_1_C circle
3 8 0 0 3 13 -2.0 -1.0 0.0 1.0 2.0 3.0 4.0 5.0 6.0 7.0 8.0 9.0 10.0 11 -1.28021006358 16.2112150648 -21.2775569407 0.210995436678 0.000915475248822 -30.0910095998 -1.30283157117e-15 -15.649854142 -21.2775569407 0.0 -21.3087089357 1.75447088809e-17 1.30283157117e-15 -15.649854142 21.2775569407 0.210995436678 0.000915475248822 30.0910095998 -1.14017950748 15.1077001378 21.2775569407 -2.9526253963 20.3088036614 3.19494467262e-14 -1.14017950748 15.1077001378 -21.2775569407 0.210995436678 0.000915475248822 -30.0910095998 -1.30283157117e-15 -16.8144965122 -21.2775569407
-> CNT_SPINE_2_C circle
3 8 0 0 3 13 -2.0 -1.0 0.0 1.0 2.0 3.0 4.0 5.0 6.0 7.0 8.0 9.0 10.0 11 4.5345051133e-14 14.1633244387 -14.1633244387 4.49858348366e-14 -1.5604065989e-16 -20.0299655095 4.5345051133e-14 -14.1633244387 -14.1633244387 4.62122759881e-14 -20.0299655095 -5.59720010006e-17 4.7079500843e-14 -14.1633244387 14.1633244387 4.74387171396e-14 -1.5604065989e-16 20.0299655095 4.7079500843e-14 14.1633244387 14.1633244387 4.62122759881e-14 20.0299655095 2.1194525412e-14 4.5345051133e-14 14.1633244387 -14.1633244387 4.49858348366e-14 -1.5604065989e-16 -20.0299655095 4.5345051133e-14 -14.1633244387 -14.1633244387
-> CNT_SPINE_3_C circle
3 8 0 0 3 13 -2.0 -1.0 0.0 1.0 2.0 3.0 4.0 5.0 6.0 7.0 8.0 9.0 10.0 11 -9.50740862716e-16 15.5272893979 -15.5272893979 -1.34455062235e-15 0.0 -21.9589032534 -9.50740862716e-16 -15.5272893979 -15.5272893979 -4.19080304563e-31 -21.9589032534 8.31182578023e-32 9.50740862716e-16 -15.5272893979 15.5272893979 1.34455062235e-15 0.0 21.9589032534 9.50740862716e-16 15.5272893979 15.5272893979 7.22158043087e-31 21.9589032534 2.32969755518e-14 -9.50740862716e-16 15.5272893979 -15.5272893979 -1.34455062235e-15 0.0 -21.9589032534 -9.50740862716e-16 -15.5272893979 -15.5272893979
-> CNT_SUB_COG_1_C square_point
1 5 0 0 3 6 0.0 1.0 2.0 3.0 4.0 5.0 6 1.42108547152e-14 -24.2351110431 -23.2110922666 2.13162820728e-15 22.1870734901 -23.2110922666 2.13162820728e-15 22.1870734901 23.2110922666 1.42108547152e-14 -24.2351110431 23.2110922666 1.42108547152e-14 -35.8406571764 -7.92517744269e-17 1.42108547152e-14 -24.2351110431 -23.2110922666
-> CNT_SUB_COG_C outwardCirclePointer
3 88 0 0 3 93 0.0 0.0 0.0 1.0 2.0 3.0 4.0 5.0 6.0 7.0 8.0 9.0 10.0 11.0 12.0 13.0 14.0 15.0 16.0 17.0 18.0 19.0 20.0 21.0 22.0 23.0 24.0 25.0 26.0 27.0 28.0 29.0 30.0 31.0 32.0 33.0 34.0 35.0 36.0 37.0 38.0 39.0 40.0 41.0 42.0 43.0 44.0 45.0 46.0 47.0 48.0 49.0 50.0 51.0 52.0 53.0 54.0 55.0 56.0 57.0 58.0 59.0 60.0 61.0 62.0 63.0 64.0 65.0 66.0 67.0 68.0 69.0 70.0 71.0 72.0 73.0 74.0 75.0 76.0 77.0 78.0 79.0 80.0 81.0 82.0 83.0 84.0 85.0 86.0 87.0 88.0 88.0 88.0 91 -0.256940105858 6.8176713474e-13 -71.5309800319 -0.256940105858 -22.0985721442 -48.2516653253 -0.256940105858 -22.0985721442 -48.2516653253 -0.256940105858 -22.0985721442 -48.2516653253 -0.256940105858 -11.0492683432 -48.2516653253 -0.256940105858 -11.0492683432 -48.2516653253 -0.256940105858 -11.0492683432 -48.2516653253 -0.256940105858 -11.0492683432 -39.6156503995 -0.256940105858 -11.0492683432 -39.6156503995 -0.256940105858 -11.0492683432 -39.6156503995 -0.256940105858 -21.3719013311 -37.1745981181 -0.256940105858 -37.3742606218 -21.3530378163 -0.256940105858 -39.8153129031 -11.0492683432 -0.256940105858 -39.7749265434 -11.2174443784 -0.256940105858 -39.7749265434 -11.2174443784 -0.256940105858 -48.2516653253 -11.0492683432 -0.256940105858 -48.2516653253 -11.0492683432 -0.256940105858 -48.2516653253 -11.1368489477 -0.256940105858 -48.2516653253 -22.0985721442 -0.256940105858 -48.2516653253 -22.0985721442 -0.256940105858 -48.2516653253 -22.0985721442 -0.256940105858 -71.5309800319 1.09082741558e-12 -0.256940105858 -71.5309800319 1.09082741558e-12 -0.256940105858 -71.5309800319 1.09082741558e-12 -0.256940105858 -48.2516653253 22.0985721442 -0.256940105858 -48.2516653253 22.0985721442 -0.256940105858 -48.2516653253 22.0985721442 -0.256940105858 -48.2516653253 11.0492683432 -0.256940105858 -48.2516653253 11.0492683432 -0.256940105858 -48.2516653253 11.0492683432 -0.256940105858 -39.5440966911 11.0492683432 -0.256940105858 -39.5440966911 11.0492683432 -0.256940105858 -39.5440966911 11.0492683432 -0.256940105858 -37.3175991618 21.5453251111 -0.256940105858 -21.5453251111 37.3175991618 -0.256940105858 -11.0492683432 39.7633673219 -0.256940105858 -10.8663773481 39.6973095623 -0.256940105858 -11.0492683432 39.5825683331 -0.256940105858 -11.0492683432 48.2516653253 -0.256940105858 -11.0492683432 48.2516653253 -0.256940105858 -11.0492683432 48.2516653253 -0.256940105858 -22.0985721442 48.2516653253 -0.256940105858 -22.0985721442 48.2516653253 -0.256940105858 -22.0985721442 48.2516653253 -0.256940105858 6.8176713474e-13 71.5309800319 -0.256940105858 6.8176713474e-13 71.5309800319 -0.256940105858 6.8176713474e-13 71.5309800319 -0.256940105858 22.0985721442 48.2516653253 -0.256940105858 22.0985721442 48.2516653253 -0.256940105858 22.0985721442 48.2516653253 -0.256940105858 11.0492683432 48.2516653253 -0.256940105858 11.0492683432 48.2516653253 -0.256940105858 11.0492683432 48.2516653253 -0.256940105858 11.0492683432 39.4921511099 -0.256940105858 11.0492683432 39.4921511099 -0.256940105858 11.0492683432 39.4921511099 -0.256940105858 21.5453251111 37.3175991618 -0.256940105858 37.3175991618 21.5453251111 -0.256940105858 39.6364995475 11.0862153027 -0.256940105858 39.6363931743 11.0867471687 -0.256940105858 39.6363931743 11.0867471687 -0.256940105858 48.2516653253 11.0492683432 -0.256940105858 48.2516653253 11.0492683432 -0.256940105858 48.2516653253 11.0492683432 -0.256940105858 48.2516653253 22.0985721442 -0.256940105858 48.2516653253 22.0985721442 -0.256940105858 48.2516653253 22.0985721442 -0.256940105858 71.5309800319 1.09082741558e-12 -0.256940105858 71.5309800319 1.09082741558e-12 -0.256940105858 71.5309800319 1.09082741558e-12 -0.256940105858 48.2516653253 -22.0985721442 -0.256940105858 48.2516653253 -22.0985721442 -0.256940105858 48.2516653253 -22.0985721442 -0.256940105858 48.2516653253 -11.0492683432 -0.256940105858 48.2516653253 -11.0492683432 -0.256940105858 48.2516653253 -11.0492683432 -0.256940105858 39.6602207719 -11.0011167396 -0.256940105858 39.6602207719 -11.0011167396 -0.256940105858 39.6602207719 -11.0011167396 -0.256940105858 37.3175991618 -21.5453251111 -0.256940105858 21.5453251111 -37.3175991618 -0.256940105858 11.2695672483 -39.5848021704 -0.256940105858 11.2695672483 -39.5848021704 -0.256940105858 11.2695672483 -39.5848021704 -0.256940105858 11.2496400015 -48.2516653253 -0.256940105858 11.2499236633 -48.1308253658 -0.256940105858 11.2499236633 -48.1308253658 -0.256940105858 21.9286232222 -48.2516653253 -0.256940105858 21.9286232222 -48.2516653253 -0.256940105858 21.9286232222 -48.2516653253 -0.256940105858 0.0300472034274 -71.4993162749
-> CNT_SUB_GROUND_1 outwardCirclePointer
3 88 0 0 3 93 0.0 0.0 0.0 1.0 2.0 3.0 4.0 5.0 6.0 7.0 8.0 9.0 10.0 11.0 12.0 13.0 14.0 15.0 16.0 17.0 18.0 19.0 20.0 21.0 22.0 23.0 24.0 25.0 26.0 27.0 28.0 29.0 30.0 31.0 32.0 33.0 34.0 35.0 36.0 37.0 38.0 39.0 40.0 41.0 42.0 43.0 44.0 45.0 46.0 47.0 48.0 49.0 50.0 51.0 52.0 53.0 54.0 55.0 56.0 57.0 58.0 59.0 60.0 61.0 62.0 63.0 64.0 65.0 66.0 67.0 68.0 69.0 70.0 71.0 72.0 73.0 74.0 75.0 76.0 77.0 78.0 79.0 80.0 81.0 82.0 83.0 84.0 85.0 86.0 87.0 88.0 88.0 88.0 91 9.05941988094e-13 95.0513965228 0.401677309832 -29.3649009496 64.1175078501 0.401677309832 -29.3649009496 64.1175078501 0.401677309832 -29.3649009496 64.1175078501 0.401677309832 -14.6824269163 64.1175078501 0.401677309832 -14.6824269163 64.1175078501 0.401677309832 -14.6824269163 64.1175078501 0.401677309832 -14.6824269163 52.6418468328 0.401677309832 -14.6824269163 52.6418468328 0.401677309832 -14.6824269163 52.6418468328 0.401677309832 -28.3992903069 49.3981414029 0.401677309832 -49.6634558134 28.3742241968 0.401677309832 -52.9071612432 14.6824269163 0.401677309832 -52.8534952667 14.9059016543 0.401677309832 -52.8534952667 14.9059016543 0.401677309832 -64.1175078501 14.6824269163 0.401677309832 -64.1175078501 14.6824269163 0.401677309832 -64.1175078501 14.798805285 0.401677309832 -64.1175078501 29.3649009496 0.401677309832 -64.1175078501 29.3649009496 0.401677309832 -64.1175078501 29.3649009496 0.401677309832 -95.0513965228 -1.44950718095e-12 0.401677309832 -95.0513965228 -1.44950718095e-12 0.401677309832 -95.0513965228 -1.44950718095e-12 0.401677309832 -64.1175078501 -29.3649009496 0.401677309832 -64.1175078501 -29.3649009496 0.401677309832 -64.1175078501 -29.3649009496 0.401677309832 -64.1175078501 -14.6824269165 0.401677309832 -64.1175078501 -14.6824269165 0.401677309832 -64.1175078501 -14.6824269165 0.401677309832 -52.5467652344 -14.6824269165 0.401677309832 -52.5467652344 -14.6824269165 0.401677309832 -52.5467652344 -14.6824269165 0.401677309832 -49.5881632494 -28.6297383236 0.401677309832 -28.6297383236 -49.5881632494 0.401677309832 -14.6824269163 -52.8381352068 0.401677309832 -14.439398728 -52.7503567044 0.401677309832 -14.6824269163 -52.5978869064 0.401677309832 -14.6824269163 -64.1175078501 0.401677309832 -14.6824269163 -64.1175078501 0.401677309832 -14.6824269163 -64.1175078501 0.401677309832 -29.3649009496 -64.1175078501 0.401677309832 -29.3649009496 -64.1175078501 0.401677309832 -29.3649009496 -64.1175078501 0.401677309832 9.05941988094e-13 -95.0513965228 0.401677309832 9.05941988094e-13 -95.0513965228 0.401677309832 9.05941988094e-13 -95.0513965228 0.401677309832 29.3649009496 -64.1175078501 0.401677309832 29.3649009496 -64.1175078501 0.401677309832 29.3649009496 -64.1175078501 0.401677309832 14.6824269165 -64.1175078501 0.401677309832 14.6824269165 -64.1175078501 0.401677309832 14.6824269165 -64.1175078501 0.401677309832 14.6824269165 -52.4777391979 0.401677309832 14.6824269165 -52.4777391979 0.401677309832 14.6824269165 -52.4777391979 0.401677309832 28.6297383236 -49.5881632494 0.401677309832 49.5881632494 -28.6297383236 0.401677309832 52.6695514808 -14.7315225683 0.401677309832 52.6694101306 -14.7322293195 0.401677309832 52.6694101306 -14.7322293195 0.401677309832 64.1175078501 -14.6824269165 0.401677309832 64.1175078501 -14.6824269165 0.401677309832 64.1175078501 -14.6824269165 0.401677309832 64.1175078501 -29.3649009496 0.401677309832 64.1175078501 -29.3649009496 0.401677309832 64.1175078501 -29.3649009496 0.401677309832 95.0513965228 -1.44950718095e-12 0.401677309832 95.0513965228 -1.44950718095e-12 0.401677309832 95.0513965228 -1.44950718095e-12 0.401677309832 64.1175078501 29.3649009496 0.401677309832 64.1175078501 29.3649009496 0.401677309832 64.1175078501 29.3649009496 0.401677309832 64.1175078501 14.6824269163 0.401677309832 64.1175078501 14.6824269163 0.401677309832 64.1175078501 14.6824269163 0.401677309832 52.7010725855 14.618442372 0.401677309832 52.7010725855 14.618442372 0.401677309832 52.7010725855 14.618442372 0.401677309832 49.5881632494 28.6297383236 0.401677309832 28.6297383236 49.5881632494 0.401677309832 14.9751632744 52.6008552616 0.401677309832 14.9751632744 52.6008552616 0.401677309832 14.9751632744 52.6008552616 0.401677309832 14.9486836619 64.1175078501 0.401677309832 14.9490605958 63.9569339715 0.401677309832 14.9490605958 63.9569339715 0.401677309832 29.1390703743 64.1175078501 0.401677309832 29.1390703743 64.1175078501 0.401677309832 29.1390703743 64.1175078501 0.401677309832 0.0399271566824 95.0093212665 0.401677309832
-> CNT_SUB_GROUND_2 outwardCirclePointer
3 88 0 0 3 93 0.0 0.0 0.0 1.0 2.0 3.0 4.0 5.0 6.0 7.0 8.0 9.0 10.0 11.0 12.0 13.0 14.0 15.0 16.0 17.0 18.0 19.0 20.0 21.0 22.0 23.0 24.0 25.0 26.0 27.0 28.0 29.0 30.0 31.0 32.0 33.0 34.0 35.0 36.0 37.0 38.0 39.0 40.0 41.0 42.0 43.0 44.0 45.0 46.0 47.0 48.0 49.0 50.0 51.0 52.0 53.0 54.0 55.0 56.0 57.0 58.0 59.0 60.0 61.0 62.0 63.0 64.0 65.0 66.0 67.0 68.0 69.0 70.0 71.0 72.0 73.0 74.0 75.0 76.0 77.0 78.0 79.0 80.0 81.0 82.0 83.0 84.0 85.0 86.0 87.0 88.0 88.0 88.0 91 7.9936057773e-13 83.8688792848 0.401677309832 -25.9102067202 56.5742716324 0.401677309832 -25.9102067202 56.5742716324 0.401677309832 -25.9102067202 56.5742716324 0.401677309832 -12.9550825732 56.5742716324 0.401677309832 -12.9550825732 56.5742716324 0.401677309832 -12.9550825732 56.5742716324 0.401677309832 -12.9550825732 46.4486883818 0.401677309832 -12.9550825732 46.4486883818 0.401677309832 -12.9550825732 46.4486883818 0.401677309832 -25.0581973297 43.5865953555 0.401677309832 -43.820696306 25.0360801736 0.401677309832 -46.6827893322 12.9550825732 0.401677309832 -46.6354370001 13.1522661655 0.401677309832 -46.6354370001 13.1522661655 0.401677309832 -56.5742716324 12.9550825732 0.401677309832 -56.5742716324 12.9550825732 0.401677309832 -56.5742716324 13.0577693692 0.401677309832 -56.5742716324 25.9102067202 0.401677309832 -56.5742716324 25.9102067202 0.401677309832 -56.5742716324 25.9102067202 0.401677309832 -83.8688792848 -1.27897692437e-12 0.401677309832 -83.8688792848 -1.27897692437e-12 0.401677309832 -83.8688792848 -1.27897692437e-12 0.401677309832 -56.5742716324 -25.9102067202 0.401677309832 -56.5742716324 -25.9102067202 0.401677309832 -56.5742716324 -25.9102067202 0.401677309832 -56.5742716324 -12.9550825733 0.401677309832 -56.5742716324 -12.9550825733 0.401677309832 -56.5742716324 -12.9550825733 0.401677309832 -46.3647928539 -12.9550825733 0.401677309832 -46.3647928539 -12.9550825733 0.401677309832 -46.3647928539 -12.9550825733 0.401677309832 -43.7542616906 -25.2615338149 0.401677309832 -25.2615338149 -43.7542616906 0.401677309832 -12.9550825732 -46.621884006 0.401677309832 -12.7406459364 -46.5444323862 0.401677309832 -12.9550825732 -46.4099002115 0.401677309832 -12.9550825732 -56.5742716324 0.401677309832 -12.9550825732 -56.5742716324 0.401677309832 -12.9550825732 -56.5742716324 0.401677309832 -25.9102067202 -56.5742716324 0.401677309832 -25.9102067202 -56.5742716324 0.401677309832 -25.9102067202 -56.5742716324 0.401677309832 7.9936057773e-13 -83.8688792848 0.401677309832 7.9936057773e-13 -83.8688792848 0.401677309832 7.9936057773e-13 -83.8688792848 0.401677309832 25.9102067202 -56.5742716324 0.401677309832 25.9102067202 -56.5742716324 0.401677309832 25.9102067202 -56.5742716324 0.401677309832 12.9550825733 -56.5742716324 0.401677309832 12.9550825733 -56.5742716324 0.401677309832 12.9550825733 -56.5742716324 0.401677309832 12.9550825733 -46.3038875275 0.401677309832 12.9550825733 -46.3038875275 0.401677309832 12.9550825733 -46.3038875275 0.401677309832 25.2615338149 -43.7542616906 0.401677309832 43.7542616906 -25.2615338149 0.401677309832 46.4731336596 -12.9984022661 0.401677309832 46.4730089387 -12.9990258701 0.401677309832 46.4730089387 -12.9990258701 0.401677309832 56.5742716324 -12.9550825733 0.401677309832 56.5742716324 -12.9550825733 0.401677309832 56.5742716324 -12.9550825733 0.401677309832 56.5742716324 -25.9102067202 0.401677309832 56.5742716324 -25.9102067202 0.401677309832 56.5742716324 -25.9102067202 0.401677309832 83.8688792848 -1.27897692437e-12 0.401677309832 83.8688792848 -1.27897692437e-12 0.401677309832 83.8688792848 -1.27897692437e-12 0.401677309832 56.5742716324 25.9102067202 0.401677309832 56.5742716324 25.9102067202 0.401677309832 56.5742716324 25.9102067202 0.401677309832 56.5742716324 12.9550825732 0.401677309832 56.5742716324 12.9550825732 0.401677309832 56.5742716324 12.9550825732 0.401677309832 46.500946399 12.8986256224 0.401677309832 46.500946399 12.8986256224 0.401677309832 46.500946399 12.8986256224 0.401677309832 43.7542616906 25.2615338149 0.401677309832 25.2615338149 43.7542616906 0.401677309832 13.2133793598 46.4125193484 0.401677309832 13.2133793598 46.4125193484 0.401677309832 13.2133793598 46.4125193484 0.401677309832 13.1900149958 56.5742716324 0.401677309832 13.1903475845 56.4325887983 0.401677309832 13.1903475845 56.4325887983 0.401677309832 25.7109444479 56.5742716324 0.401677309832 25.7109444479 56.5742716324 0.401677309832 25.7109444479 56.5742716324 0.401677309832 0.0352298441316 83.8317540587 0.401677309832
-> CNT_SUB_HIPS_1_C circle
3 8 0 0 3 13 -2.0 -1.0 0.0 1.0 2.0 3.0 4.0 5.0 6.0 7.0 8.0 9.0 10.0 11 0.0 24.866160587 -24.866160587 0.0 -2.6645352591e-16 -35.1660615463 0.0 -24.866160587 -24.866160587 0.0 -35.1660615463 -7.92517744269e-17 0.0 -24.866160587 24.866160587 0.0 -2.6645352591e-16 35.1660615463 0.0 24.866160587 24.866160587 1.20792265079e-14 35.1660615463 3.72296641875e-14 0.0 24.866160587 -24.866160587 0.0 -2.6645352591e-16 -35.1660615463 0.0 -24.866160587 -24.866160587
-> CNT_SUB_HIPS_C circle
3 8 0 0 3 13 -2.0 -1.0 0.0 1.0 2.0 3.0 4.0 5.0 6.0 7.0 8.0 9.0 10.0 11 -6.54571486532 17.8544685344 -21.1598687478 -13.6755108381 0.111182334046 -29.9245733613 -8.77156327356 -17.4987196634 -21.1598687478 -3.96774930592 -22.283699779 -1.14070112145e-16 -8.77156327356 -17.4987196634 21.1598687478 -13.6755108381 0.111182334046 29.9245733613 -6.54571486532 17.8544685344 21.1598687478 -1.14765762484 22.507926759 3.16339660238e-14 -6.54571486532 17.8544685344 -21.1598687478 -13.6755108381 0.111182334046 -29.9245733613 -8.77156327356 -17.4987196634 -21.1598687478
-> CNT_SUB_ROOTMOVE_1_1 square_point
1 5 0 0 3 6 0.0 1.0 2.0 3.0 4.0 5.0 6 -12.1578582219 -12.69423432 0.0 -12.1578582219 11.6214821239 0.0 12.1578582219 11.6214821239 0.0 12.1578582219 -12.69423432 0.0 2.38198837555e-16 -18.7731634309 0.0 -12.1578582219 -12.69423432 0.0
-> CNT_SUB_ROOTMOVE_1_2 square_point
1 5 0 0 3 6 0.0 1.0 2.0 3.0 4.0 5.0 6 -10.7275219605 -11.6214821239 0.0 -10.7275219605 9.83356179716 0.0 10.7275219605 9.83356179716 0.0 10.7275219605 -11.6214821239 0.0 3.96998062592e-16 -16.9852431042 0.0 -10.7275219605 -11.6214821239 0.0
-> CNT_SUB_SPINE_1_C circle
1 4 0 0 3 5 0.0 1.0 2.0 3.0 4.0 5 1.21047289712e-14 -20.5413102159 4.29172730027 -2.35143460393 -20.5413102159 4.32457452845e-13 1.21047289712e-14 -20.5413102159 -4.29172730027 2.35143460393 -20.5413102159 4.32457452845e-13 1.21047289712e-14 -20.5413102159 4.29172730027
-> CNT_SUB_SPINE_2_C circle
1 4 0 0 3 5 0.0 1.0 2.0 3.0 4.0 5 5.27842106607e-31 -19.5287603219 4.41651123693 -2.41980364188 -19.5287603219 4.45029525763e-13 5.27842106607e-31 -19.5287603219 -4.41651123693 2.41980364188 -19.5287603219 4.45029525763e-13 5.27842106607e-31 -19.5287603219 4.41651123693
-> CNT_SUB_SPINE_3_C circle
1 4 0 0 3 5 0.0 1.0 2.0 3.0 4.0 5 1.0006340068e-14 -20.5413102159 4.29172730027 -2.35143460393 -20.5413102159 4.3257372777e-13 1.0006340068e-14 -20.5413102159 -4.29172730027 2.35143460393 -20.5413102159 4.3257372777e-13 1.0006340068e-14 -20.5413102159 4.29172730027
-> CNT_THUMB_1_L circle
 3 8 0 0 3 13 -2.0 -1.0 0.0 1.0 2.0 3.0 4.0 5.0 6.0 7.0 8.0 9.0 10.0 11 -1.0873868779e-16 1.7758961882 -1.7758961882 -1.53779727027e-16 0.0 -2.51149647472 -1.0873868779e-16 -1.7758961882 -1.7758961882 -4.79312967222e-32 -2.51149647472 0.0 1.0873868779e-16 -1.7758961882 1.7758961882 1.53779727027e-16 0.0 2.51149647472 1.0873868779e-16 1.7758961882 1.7758961882 8.2595080386e-32 2.51149647472 2.6645352591e-15 -1.0873868779e-16 1.7758961882 -1.7758961882 -1.53779727027e-16 0.0 -2.51149647472 -1.0873868779e-16 -1.7758961882 -1.7758961882
-> CNT_THUMB_1_R circle
 3 8 0 0 3 13 -2.0 -1.0 0.0 1.0 2.0 3.0 4.0 5.0 6.0 7.0 8.0 9.0 10.0 11 -1.0873868779e-16 1.7758961882 -1.7758961882 -1.53779727027e-16 0.0 -2.51149647472 -1.0873868779e-16 -1.7758961882 -1.7758961882 -4.79312967222e-32 -2.51149647472 0.0 1.0873868779e-16 -1.7758961882 1.7758961882 1.53779727027e-16 0.0 2.51149647472 1.0873868779e-16 1.7758961882 1.7758961882 8.2595080386e-32 2.51149647472 2.6645352591e-15 -1.0873868779e-16 1.7758961882 -1.7758961882 -1.53779727027e-16 0.0 -2.51149647472 -1.0873868779e-16 -1.7758961882 -1.7758961882
-> CNT_THUMB_2_L circle
 3 8 0 0 3 13 -2.0 -1.0 0.0 1.0 2.0 3.0 4.0 5.0 6.0 7.0 8.0 9.0 10.0 11 -1.0873868779e-16 1.7758961882 -1.7758961882 -1.53779727027e-16 0.0 -2.51149647472 -1.0873868779e-16 -1.7758961882 -1.7758961882 -4.79312967222e-32 -2.51149647472 0.0 1.0873868779e-16 -1.7758961882 1.7758961882 1.53779727027e-16 0.0 2.51149647472 1.0873868779e-16 1.7758961882 1.7758961882 8.2595080386e-32 2.51149647472 2.6645352591e-15 -1.0873868779e-16 1.7758961882 -1.7758961882 -1.53779727027e-16 0.0 -2.51149647472 -1.0873868779e-16 -1.7758961882 -1.7758961882
-> CNT_THUMB_2_R circle
 3 8 0 0 3 13 -2.0 -1.0 0.0 1.0 2.0 3.0 4.0 5.0 6.0 7.0 8.0 9.0 10.0 11 -1.0873868779e-16 1.7758961882 -1.7758961882 -1.53779727027e-16 0.0 -2.51149647472 -1.0873868779e-16 -1.7758961882 -1.7758961882 -4.79312967222e-32 -2.51149647472 0.0 1.0873868779e-16 -1.7758961882 1.7758961882 1.53779727027e-16 0.0 2.51149647472 1.0873868779e-16 1.7758961882 1.7758961882 8.2595080386e-32 2.51149647472 2.6645352591e-15 -1.0873868779e-16 1.7758961882 -1.7758961882 -1.53779727027e-16 0.0 -2.51149647472 -1.0873868779e-16 -1.7758961882 -1.7758961882
-> CNT_THUMB_3_L circle
 3 8 0 0 3 13 -2.0 -1.0 0.0 1.0 2.0 3.0 4.0 5.0 6.0 7.0 8.0 9.0 10.0 11 -1.0873868779e-16 1.7758961882 -1.7758961882 -1.53779727027e-16 0.0 -2.51149647472 -1.0873868779e-16 -1.7758961882 -1.7758961882 -4.79312967222e-32 -2.51149647472 0.0 1.0873868779e-16 -1.7758961882 1.7758961882 1.53779727027e-16 0.0 2.51149647472 1.0873868779e-16 1.7758961882 1.7758961882 8.2595080386e-32 2.51149647472 2.6645352591e-15 -1.0873868779e-16 1.7758961882 -1.7758961882 -1.53779727027e-16 0.0 -2.51149647472 -1.0873868779e-16 -1.7758961882 -1.7758961882
-> CNT_THUMB_3_R circle
 3 8 0 0 3 13 -2.0 -1.0 0.0 1.0 2.0 3.0 4.0 5.0 6.0 7.0 8.0 9.0 10.0 11 -1.0873868779e-16 1.7758961882 -1.7758961882 -1.53779727027e-16 0.0 -2.51149647472 -1.0873868779e-16 -1.7758961882 -1.7758961882 -4.79312967222e-32 -2.51149647472 0.0 1.0873868779e-16 -1.7758961882 1.7758961882 1.53779727027e-16 0.0 2.51149647472 1.0873868779e-16 1.7758961882 1.7758961882 8.2595080386e-32 2.51149647472 2.6645352591e-15 -1.0873868779e-16 1.7758961882 -1.7758961882 -1.53779727027e-16 0.0 -2.51149647472 -1.0873868779e-16 -1.7758961882 -1.7758961882
-> GEAR_1 gear
3 97 0 0 3 102 0.0 0.0 0.0 0.0279841174983 0.0279841174983 0.0279841174983 0.0468856389811 0.0468856389811 0.0468856389811 0.0781143570669 0.0781143570669 0.0781143570669 0.0970158786806 0.0970158786806 0.0970158786806 0.152984114137 0.152984114137 0.152984114137 0.171885635775 0.171885635775 0.171885635775 0.203114354117 0.203114354117 0.203114354117 0.222015875886 0.222015875886 0.222015875886 0.277984111801 0.277984111801 0.277984111801 0.296885633594 0.296885633594 0.296885633594 0.328114352193 0.328114352193 0.328114352193 0.347015874117 0.347015874117 0.347015874117 0.402984110492 0.402984110492 0.402984110492 0.42188563244 0.42188563244 0.42188563244 0.453114351295 0.453114351295 0.453114351295 0.472015873374 0.472015873374 0.472015873374 0.527984110208 0.527984110208 0.527984110208 0.546885632312 0.546885632312 0.546885632312 0.578114351423 0.578114351423 0.578114351423 0.597015873657 0.597015873657 0.597015873657 0.652984110951 0.652984110951 0.652984110951 0.67188563321 0.67188563321 0.67188563321 0.703114352577 0.703114352577 0.703114352577 0.722015874967 0.722015874967 0.722015874967 0.77798411272 0.77798411272 0.77798411272 0.796885635134 0.796885635134 0.796885635134 0.828114354758 0.828114354758 0.828114354758 0.847015877302 0.847015877302 0.847015877302 0.902984115515 0.902984115515 0.902984115515 0.921885638084 0.921885638084 0.921885638084 0.953114357964 0.953114357964 0.953114357964 0.972015880664 0.972015880664 0.972015880664 1.0 1.0 1.0 100 -1.22582779439e-16 194.199839278 -3.87911884772e-15 -1.45889786775e-16 194.199839278 0.380632315417 -1.69196794111e-16 194.236682595 0.761264630832 -1.22582779439e-16 194.307847509 1.13580897706 -1.22582779439e-16 193.868180591 1.4322268855 -1.22582779439e-16 193.428513673 1.72864479395 -2.46582107451e-16 192.988846755 2.02506270541 -2.8518721088e-16 193.162632137 2.65553188975 -3.22512490758e-16 193.415123503 3.26509996937 -1.22582779439e-16 193.738047718 3.83379383001 -1.22582779439e-16 194.258538291 3.73250148374 -1.22582779439e-16 194.779028863 3.63120913747 -3.38727844447e-16 195.299519436 3.52991679167 -3.77324307767e-16 195.728562742 4.16024487232 -4.1103095489e-16 196.271901564 4.71071619429 -1.22582779439e-16 196.905795895 5.13619325083 -1.22582779439e-16 196.804503549 5.65668382335 -1.22582779439e-16 196.703211203 6.17717439587 -2.46582107451e-16 196.601918859 6.69766497008 -2.8518721088e-16 197.170612717 7.02058918318 -3.22512490758e-16 197.780180797 7.27308054895 -1.22582779439e-16 198.410649984 7.44686593215 -1.22582779439e-16 198.707067892 7.0071990138 -1.22582779439e-16 199.003485801 6.56753209552 -3.38727844447e-16 199.29990371 6.12786517746 -3.77324307767e-16 200.048992401 6.27019500625 -4.1103095489e-16 200.822432971 6.27523844541 -1.22582779439e-16 201.571521663 6.12786517723 -1.22582779439e-16 201.867939572 6.56753209552 -1.22582779439e-16 202.16435748 7.0071990138 -2.46582107451e-16 202.460775392 7.44686593153 -2.8518721088e-16 203.091244576 7.27308054895 -3.22512490758e-16 203.700812656 7.02058918318 -1.22582779439e-16 204.269506516 6.6976649684 -1.22582779439e-16 204.16821417 6.17717439587 -1.22582779439e-16 204.066921824 5.65668382335 -3.38727844447e-16 203.965629478 5.13619325069 -3.77324307767e-16 204.595957559 4.70714994425 -4.1103095489e-16 205.146428881 4.16381112236 -1.22582779439e-16 205.571905937 3.52991679121 -1.22582779439e-16 206.09239651 3.63120913747 -1.22582779439e-16 206.612887082 3.73250148374 -2.46582107451e-16 207.133377656 3.83379382744 -2.8518721088e-16 207.45630187 3.26509996937 -3.22512490758e-16 207.708793235 2.65553188975 -1.22582779439e-16 207.882578619 2.02506270239 -1.22582779439e-16 207.4429117 1.72864479395 -1.22582779439e-16 207.003244782 1.4322268855 -3.38727844447e-16 206.563577864 1.13580897664 -3.77324307767e-16 206.705907693 0.386720285029 -4.1103095489e-16 206.710951132 -0.386720285029 -1.22582779439e-16 206.563577864 -1.13580897706 -1.22582779439e-16 207.003244782 -1.4322268855 -1.22582779439e-16 207.4429117 -1.72864479395 -2.46582107451e-16 207.882578618 -2.02506270541 -2.8518721088e-16 207.708793235 -2.65553188975 -3.22512490758e-16 207.45630187 -3.26509996937 -1.22582779439e-16 207.133377655 -3.83379383001 -1.22582779439e-16 206.612887082 -3.73250148374 -1.22582779439e-16 206.09239651 -3.63120913747 -3.38727844447e-16 205.571905937 -3.52991679167 -3.77324307767e-16 205.142862631 -4.16024487232 -4.1103095489e-16 204.599523809 -4.71071619429 -1.22582779439e-16 203.965629478 -5.13619325083 -1.22582779439e-16 204.066921824 -5.65668382335 -1.22582779439e-16 204.16821417 -6.17717439587 -2.46582107451e-16 204.269506514 -6.69766497008 -2.8518721088e-16 203.700812656 -7.02058918318 -3.22512490758e-16 203.091244576 -7.27308054895 -1.22582779439e-16 202.460775389 -7.44686593215 -1.22582779439e-16 202.16435748 -7.0071990138 -1.22582779439e-16 201.867939572 -6.56753209552 -3.38727844447e-16 201.571521663 -6.12786517746 -3.77324307767e-16 200.822432971 -6.27019500625 -4.1103095489e-16 200.048992401 -6.27523844541 -1.22582779439e-16 199.299903709 -6.12786517723 -1.22582779439e-16 199.003485801 -6.56753209552 -1.22582779439e-16 198.707067892 -7.0071990138 -2.46582107451e-16 198.410649981 -7.44686593153 -2.8518721088e-16 197.780180797 -7.27308054895 -3.22512490758e-16 197.170612717 -7.02058918318 -1.22582779439e-16 196.601918856 -6.6976649684 -1.22582779439e-16 196.703211203 -6.17717439587 -1.22582779439e-16 196.804503549 -5.65668382335 -3.38727844447e-16 196.905795895 -5.13619325069 -3.77324307767e-16 196.275467814 -4.70714994425 -4.1103095489e-16 195.724996492 -4.16381112236 -1.22582779439e-16 195.299519436 -3.52991679121 -1.22582779439e-16 194.779028863 -3.63120913747 -1.22582779439e-16 194.258538291 -3.73250148374 -2.46582107451e-16 193.738047716 -3.83379382744 -2.8518721088e-16 193.415123503 -3.26509996937 -3.22512490758e-16 193.162632137 -2.65553188975 -1.22582779439e-16 192.988846754 -2.02506270239 -1.22582779439e-16 193.428513673 -1.72864479395 -1.22582779439e-16 193.868180591 -1.4322268855 -3.38727844447e-16 194.307847509 -1.13580897664 -3.58026076107e-16 194.236682595 -0.761264630832 -3.76101853718e-16 194.199839278 -0.380632315417 -3.92582396654e-16 194.199839278 -5.88472870158e-15