//Maya ASCII 2022 scene
//Name: Weapon_Import_Model.ma
//Last modified: Fri, Dec 27, 2024 04:08:33 PM
//Codeset: 1252
requires maya "2022";
requires "stereoCamera" "10.0";
currentUnit -l centimeter -a degree -t film;
fileInfo "application" "maya";
fileInfo "product" "Maya 2022";
fileInfo "version" "2022";
fileInfo "cutIdentifier" "202303271415-baa69b5798";
fileInfo "osv" "Windows 10 Pro v2009 (Build: 22631)";
fileInfo "UUID" "BD94BFAF-4984-F9CE-1DE8-B8AFFAFB2B86";
createNode transform -s -n "persp";
	rename -uid "EA9D1885-4B76-991D-74AB-A1B4859CCB9F";
	setAttr ".v" no;
	setAttr ".t" -type "double3" -1.4936482058280827 38.902182858021391 163.04282508561019 ;
	setAttr ".r" -type "double3" -3.3383527296030895 -14.199999999999527 -1.0252494769971878e-16 ;
createNode camera -s -n "perspShape" -p "persp";
	rename -uid "B1D926D3-442B-BD3E-59EE-CCB652280676";
	setAttr -k off ".v" no;
	setAttr ".fl" 34.999999999999993;
	setAttr ".fcp" 1676.2629157736139;
	setAttr ".coi" 164.42390496568987;
	setAttr ".imn" -type "string" "persp";
	setAttr ".den" -type "string" "persp_depth";
	setAttr ".man" -type "string" "persp_mask";
	setAttr ".tp" -type "double3" 22.594531201865472 42.413507242390068 -0.11083650588989258 ;
	setAttr ".hc" -type "string" "viewSet -p %camera";
createNode transform -s -n "top";
	rename -uid "360C9B5E-4A82-2102-BDDA-ADA787851EB0";
	setAttr ".v" no;
	setAttr ".t" -type "double3" 0 1000.1 0 ;
	setAttr ".r" -type "double3" -90 0 0 ;
createNode camera -s -n "topShape" -p "top";
	rename -uid "D168BE2D-482E-2413-0943-BA9587DFCDD0";
	setAttr -k off ".v" no;
	setAttr ".rnd" no;
	setAttr ".coi" 1000.1;
	setAttr ".ow" 30;
	setAttr ".imn" -type "string" "top";
	setAttr ".den" -type "string" "top_depth";
	setAttr ".man" -type "string" "top_mask";
	setAttr ".hc" -type "string" "viewSet -t %camera";
	setAttr ".o" yes;
createNode transform -s -n "front";
	rename -uid "56147ED1-4E44-2730-4F31-25AA0CB4414E";
	setAttr ".v" no;
	setAttr ".t" -type "double3" -0.10439205169677734 42.8092360496521 1002.785775754325 ;
createNode camera -s -n "frontShape" -p "front";
	rename -uid "20F6D22B-4D62-0FF0-F632-3FA468ACCB27";
	setAttr -k off ".v" no;
	setAttr ".rnd" no;
	setAttr ".coi" 1003.9202590917273;
	setAttr ".ow" 48.974851608276367;
	setAttr ".imn" -type "string" "front";
	setAttr ".den" -type "string" "front_depth";
	setAttr ".man" -type "string" "front_mask";
	setAttr ".tp" -type "double3" -0.10439205169677734 42.8092360496521 -1.1344833374023438 ;
	setAttr ".hc" -type "string" "viewSet -f %camera";
	setAttr ".o" yes;
createNode transform -s -n "side";
	rename -uid "691EF3A5-466D-05C1-E466-869148A69936";
	setAttr ".v" no;
	setAttr ".t" -type "double3" 1000.1 0 0 ;
	setAttr ".r" -type "double3" 0 90 0 ;
createNode camera -s -n "sideShape" -p "side";
	rename -uid "4528A3E1-4632-B6EB-9CB1-22821B31AC4F";
	setAttr -k off ".v" no;
	setAttr ".rnd" no;
	setAttr ".coi" 1000.1;
	setAttr ".ow" 30;
	setAttr ".imn" -type "string" "side";
	setAttr ".den" -type "string" "side_depth";
	setAttr ".man" -type "string" "side_mask";
	setAttr ".hc" -type "string" "viewSet -s %camera";
	setAttr ".o" yes;
createNode transform -n "Tube_l_Grp";
	rename -uid "A4DFB378-4E29-1545-643A-FE865038AB20";
	setAttr ".t" -type "double3" 22.594532632376989 43.155810206398165 -1.0236482270419263 ;
createNode transform -n "Tube_l_Geo" -p "Tube_l_Grp";
	rename -uid "26FCA8DC-4286-F32A-F2F5-448226DFBE1F";
	addAttr -is true -ci true -h true -k true -sn "MaxHandle" -ln "MaxHandle" -smn 
		0 -smx 0 -at "long";
	setAttr ".t" -type "double3" -22.594532632376989 -43.155810206398165 1.0236482270419263 ;
	setAttr ".rp" -type "double3" 22.594532632376989 43.155810206398165 -1.0236482270419263 ;
	setAttr ".sp" -type "double3" 22.594532632376989 43.155810206398165 -1.0236482270419263 ;
	setAttr -k on ".MaxHandle" 30;
createNode mesh -n "Tube_l_GeoShape" -p "Tube_l_Geo";
	rename -uid "62FCB322-4319-A0AD-A857-2EB74F63CDDC";
	setAttr -k off ".v";
	setAttr ".vir" yes;
	setAttr ".vif" yes;
	setAttr ".uvst[0].uvsn" -type "string" "UVChannel_1";
	setAttr -s 1980 ".uvst[0].uvsp";
	setAttr ".uvst[0].uvsp[0:249]" -type "float2" 0.23750266 0.99218762 0.23741934
		 0.91607541 0.26066166 0.91604978 0.26074529 0.99216223 0.66829932 0.36204338 0.44319612
		 0.78527069 0.41453192 0.81427038 0.63903415 0.3336696 0.6198715 0.34196007 0.39519128
		 0.8063907 0.37980658 0.84415078 0.60368556 0.30454776 0.62284815 0.29625735 0.399147
		 0.85203081 0.39938354 0.8928051 0.62220579 0.25549942 0.58095431 0.033865109 0.58068687
		 0.0095134452 0.62142211 0.009066863 0.62168837 0.033419672 0.60279274 0.24781662
		 0.38013479 0.9009093 0.39595711 0.93848979 0.61779219 0.20991601 0.64255452 0.033280186
		 0.64228839 0.0089259055 0.63720495 0.21759829 0.41520545 0.93038577 0.44420466 0.95905113
		 0.66556388 0.18832302 0.65727001 0.1691646 0.43632403 0.97839278 0.47408569 0.99377817
		 0.69467318 0.15297186 0.70296735 0.17212985 0.48196644 0.97443682 0.52274162 0.97420043
		 0.74372029 0.17148733 0.75140554 0.15207601 0.53084606 0.99344951 0.56842649 0.97762716
		 0.78930306 0.16708045 0.68302846 0.0084804697 0.68329406 0.032836828 0.70416164 0.032522757
		 0.70389599 0.008164254 0.78161776 0.18649103 0.56032252 0.95837814 0.58898777 0.92937857
		 0.81089014 0.21485785 0.74464291 0.0077190055 0.74490851 0.032079652 0.83005178 0.20656459
		 0.60833013 0.93725842 0.62371498 0.89949626 0.84624255 0.24397531 0.30723029 0.99211168
		 0.30714649 0.915999 0.82708097 0.25226843 0.60437334 0.89161605 0.60413605 0.85084027
		 0.82772595 0.29302856 0.33038965 0.91597325 0.33047298 0.99208629 0.84714121 0.30071157
		 0.62338501 0.84273565 0.60756207 0.80515474 0.83214152 0.33861744 0.76578075 0.031847924
		 0.76551515 0.0074849455 0.81272632 0.33093435 0.58831298 0.81325948 0.559313 0.78459495
		 0.78436381 0.36021489 0.80626875 0.007039153 0.80653536 0.031404715 0.79265887 0.37937504
		 0.56719315 0.76525337 0.52943087 0.74986881 0.75525057 0.39557031 0.35363194 0.91594774
		 0.3537156 0.9920606 0.74695575 0.37640974 0.52155095 0.76921022 0.48077613 0.76944822
		 0.70619851 0.3770521 0.69851112 0.39646432 0.4726713 0.75019968 0.43509164 0.76602244
		 0.66061163 0.38145542 0.65379459 0.32347181 0.67803311 0.34697425 0.64038682 0.29248142
		 0.63985395 0.25872016 0.65227687 0.22732607 0.6757654 0.20307718 0.70674449 0.18966535
		 0.74049836 0.18913309 0.77188706 0.20156138 0.79613197 0.2250578 0.80954212 0.25604543
		 0.81007642 0.28980795 0.7976523 0.32120577 0.77416056 0.34545839 0.74317831 0.35887271
		 0.70942181 0.35940492 0.443324 0.86055624 0.49049234 0.93025917 0.51371229 0.93012309
		 0.13366024 0.19498076 0.099902883 0.1949956 0.099887758 0.16174051 0.13364573 0.16172563
		 0.53878206 0.19484957 0.50501305 0.19485421 0.50500667 0.16158988 0.53877681 0.1615822
		 0.69936901 0.78524941 0.67071879 0.8142333 0.70152909 0.4276478 0.66075641 0.42805222
		 0.82741255 0.031182066 0.65138704 0.80635375 0.63600349 0.84409571 0.74715632 0.42349917
		 0.70932639 0.40827292 0.65533495 0.85197502 0.65556264 0.89273334 0.76847547 0.47142419
		 0.73935735 0.44287601 0.63631886 0.90082955 0.65212548 0.93840057 0.80366725 0.50076008
		 0.78769225 0.46324188 0.67136908 0.93030423 0.70035094 0.95896745 0.78485072 0.5497179
		 0.78445053 0.50894278 0.8271445 0.0068144402 0.69246751 0.97830081 0.73021245 0.99369144
		 0.78898996 0.59534591 0.80422491 0.5575214 0.86790562 0.0063639702 0.73809528 0.9743585
		 0.77885759 0.97413236 0.74106622 0.61665708 0.76961631 0.5875423 0.78695506 0.99337757
		 0.82452846 0.97756904 0.71172971 0.65184641 0.74924767 0.63587356 0.81643128 0.95832413
		 0.84509414 0.92933857 0.6627748 0.63302952 0.70354861 0.63262999 0.86442989 0.93722039
		 0.87981755 0.8994717 0.61714971 0.63716853 0.65497202 0.65240204 0.86048234 0.89158958
		 0.86025161 0.85082525 0.59583908 0.58924842 0.62495255 0.61779588 0.87949669 0.84272504
		 0.86368257 0.80515212 0.56065142 0.5599153 0.5766238 0.59742987 0.84443748 0.81325197
		 0.8154484 0.78459036 0.57946539 0.51096272 0.57986635 0.55173409 0.82332897 0.76525491
		 0.78557926 0.74986881 0.57532525 0.46533981 0.56009322 0.50316113 0.77769864 0.76920438
		 0.73693645 0.76943588 0.6232428 0.44402757 0.59469682 0.47314128 0.72883689 0.75019389
		 0.69126886 0.76600742 0.65257436 0.40883756 0.61505979 0.42481279 0.67294776 0.85537559
		 0.67313671 0.88913596 0.77526027 0.95655692 0.8063814 0.94346285 0.83012217 0.91945517
		 0.84286714 0.88818914 0.84267551 0.85442507 0.82957721 0.8233037 0.46840629 0.82253671
		 0.66996676 0.47209153 0.69318622 0.4718608 0.45208374 0.8390519 0.44346052 0.88377583
		 0.73131025 0.49678642 0.74040878 0.51815027 0.45247218 0.90517628 0.74063826 0.5413695
		 0.46898761 0.92149913 0.53511256 0.92111117 0.69434267 0.58858848 0.67112279 0.58881843
		 0.55143559 0.90459561 0.64958316 0.58014512 0.56019539 0.8830905 0.63300222 0.56388992
		 0.56005877 0.85987043 0.62390441 0.54252756 0.55104661 0.83847016 0.62367469 0.51930934
		 0.53453112 0.82214767 0.63234735 0.49777064 0.51302612 0.81338799 0.64860284 0.48119006
		 0.48980621 0.81352431 0.47124767 0.1948601 0.47124022 0.16159882 0.23493294 0.19493678
		 0.20117612 0.19495173 0.20116173 0.16169614 0.23491859 0.16168222 0.16741763 0.19496644
		 0.16740331 0.16171078 0.60632622 0.19483961 0.60632074 0.16157006 0.57255387 0.19484483
		 0.57254857 0.16157614 0.43748483 0.19486745 0.43747655 0.16160783 0.40372363 0.19487572
		 0.40371388 0.16161792 0.86817491 0.030733198 0.8890546 0.03060168 0.88878566 0.0062315441
		 0.68568969 0.82411265 0.7094202 0.80010623 0.71023458 0.94399685 0.68622971 0.9202559
		 0.74149764 0.95674419 0.77429855 0.78681922 0.80556577 0.79956377 0.74053615 0.78701019
		 0.7147277 0.48053163 0.73196441 0.56290966 0.71570718 0.57949036 0.36999294 0.19488607
		 0.36999294 0.16162907;
	setAttr ".uvst[0].uvsp[250:499]" 0.33620504 0.19489746 0.33619305 0.16164137
		 0.3024464 0.19490902 0.30243397 0.16165391 0.26869032 0.19492255 0.26867613 0.16166833
		 0.92954969 0.0057805302 0.92981917 0.03015111 0.95069772 0.029821571 0.95042825 0.0054508583
		 0.99119341 0.0049999999 0.99146277 0.029370852 0.026183859 0.040272415 0.025893595
		 0.015884535 0.066687249 0.015398549 0.066977546 0.039786503 0.051565945 0.99238801
		 0.051484074 0.91627741 0.074725598 0.91625232 0.074807957 0.99236292 0.087873191
		 0.039617017 0.087582223 0.015229223 0.12837495 0.01474236 0.12866648 0.039129049
		 0.097967781 0.91622722 0.098050147 0.992338 0.14955966 0.038834143 0.14926697 0.014449029
		 0.19005412 0.013960538 0.19034699 0.038343005 0.12120979 0.91620225 0.12129185 0.99231333
		 0.21123672 0.038134106 0.21094336 0.013754366 0.25172117 0.01326517 0.25201401 0.03764151
		 0.14445142 0.91617721 0.14453398 0.99228811 0.27289695 0.037391737 0.27260512 0.013018914
		 0.31337184 0.01253421 0.31366128 0.036902759 0.1676935 0.91615164 0.16777593 0.99226302
		 0.33453566 0.036651816 0.33425021 0.012287041 0.37500405 0.011813967 0.37528643 0.036175191
		 0.19097894 0.91612637 0.19097894 0.99223799 0.39615497 0.035900321 0.39587593 0.011542206
		 0.43661964 0.011079483 0.43689555 0.035435043 0.21417744 0.91610098 0.21426061 0.99221277
		 0.45776072 0.035231665 0.4574874 0.010878156 0.49823096 0.010423254 0.49849549 0.034775451
		 0.51935941 0.034627207 0.51908982 0.010275649 0.55982429 0.0098264441 0.56009215
		 0.034177754 0.28390431 0.91602451 0.28398779 0.99213684 0.37687442 0.91592228 0.37695795
		 0.99203509 0.028241888 0.91630244 0.02832425 0.99241316 0.3750028 0.07842236 0.33422467
		 0.078240126 0.33433309 0.053860821 0.37511334 0.054044351 0.31333742 0.078236625
		 0.27255613 0.078061298 0.2726607 0.053680535 0.31344351 0.05385673 0.2516686 0.077884555
		 0.210886 0.077712387 0.21098904 0.053331319 0.25177199 0.053503502 0.18999723 0.077618338
		 0.14921507 0.077444963 0.14931948 0.053064756 0.19010046 0.053237755 0.12832704 0.077359699
		 0.087548837 0.077182151 0.087654948 0.052803706 0.12843254 0.052980766 0.066662513
		 0.077189602 0.025885221 0.077011801 0.025991883 0.052633721 0.06676881 0.052811407
		 0.99121535 0.081738688 0.95047832 0.081501842 0.95061976 0.057147872 0.99135643 0.057384767
		 0.92961389 0.08130084 0.88887811 0.08106418 0.88901925 0.05671069 0.92975521 0.056947105
		 0.8680132 0.081022799 0.82727802 0.080788016 0.82741785 0.056434367 0.86815387 0.056669429
		 0.80641317 0.080624565 0.76567537 0.080392055 0.76581377 0.056036863 0.80655283 0.056270231
		 0.7448085 0.080317967 0.70406729 0.080088824 0.70420361 0.05573098 0.74494666 0.055961501
		 0.68319833 0.079975709 0.6424517 0.079751164 0.64258528 0.055389944 0.68333346 0.055616222
		 0.62158036 0.079635985 0.5808264 0.079420075 0.58095473 0.055054497 0.62171102 0.055272657
		 0.55995148 0.079279378 0.51919031 0.079072997 0.51931274 0.05470321 0.56007707 0.054911725
		 0.49831134 0.079002976 0.45754355 0.078805208 0.457661 0.054431736 0.498431 0.054631278
		 0.43666103 0.07879024 0.39588735 0.078600988 0.39599973 0.054224301 0.4367758 0.05441504
		 0.0050000018 0.9163276 0.0050821803 0.99243814 0.64009827 0.19483453 0.64009279 0.16156477
		 0.0050000018 0.016212899 0.0052903276 0.040600974 0.0050000018 0.076821826 0.0051062386
		 0.052443873 0.27661318 0.77283663 0.29242757 0.77283669 0.30530828 0.77283669 0.32903162
		 0.77283669 0.22645089 0.77283663 0.39782345 0.7728368 0.30530828 0.74986887 0.29242763
		 0.74986881 0.27661318 0.74986881 0.32903162 0.74986899 0.22645089 0.74986881 0.39782345
		 0.74986905 0.10694746 0.69370061 0.10288783 0.70898563 0.090707593 0.70479602 0.090765409
		 0.68107265 0.11615652 0.6443913 0.090398967 0.61228156 0.16803604 0.30152282 0.15585591
		 0.30571252 0.15179619 0.29042807 0.16797821 0.27779961 0.14258721 0.24111831 0.16834481
		 0.20900863 0.18528675 0.77283663 0.18528669 0.74986881 0.27661318 0.77283663 0.29242757
		 0.77283669 0.30530828 0.77283669 0.32903162 0.77283669 0.22645089 0.77283663 0.39782345
		 0.7728368 0.30530828 0.74986887 0.29242763 0.74986881 0.27661318 0.74986881 0.32903162
		 0.74986899 0.22645089 0.74986881 0.39782345 0.74986905 0.10694746 0.69370061 0.10288783
		 0.70898563 0.090707593 0.70479602 0.090765409 0.68107265 0.11615652 0.6443913 0.090398967
		 0.61228156 0.16803604 0.30152282 0.15585591 0.30571252 0.15179619 0.29042807 0.16797821
		 0.27779961 0.14258721 0.24111831 0.16834481 0.20900863 0.18528675 0.77283663 0.18528669
		 0.74986881 0.40827289 0.47921857 0.41867265 0.41371676 0.46381024 0.43020672 0.46348697
		 0.50921637 0.29875836 0.7970686 0.28577548 0.87204742 0.22732125 0.87625027 0.23691541
		 0.7977379 0.069487877 0.86055976 0.042380709 0.86685711 0.033420239 0.82290608 0.059644844
		 0.81283468 0.11563168 0.78226399 0.12605143 0.86227882 0.19813716 0.87516308 0.20414321
		 0.79153383 0.42984521 0.33783919 0.4255307 0.25263265 0.48279315 0.29119539 0.46848774
		 0.35494399 0.48491588 0.60856241 0.49457002 0.72195709 0.49205711 0.72219747 0.44308475
		 0.59652853 0.50074881 0.24317169 0.47779045 0.20900863 0.49285847 0.25790635 0.4817363
		 0.25018844 0.48393539 0.23211183 0.48775929 0.27297977 0.46970421 0.25859419 0.44959697
		 0.25708327 0.43629429 0.24339859 0.42986828 0.2267722 0.4375298 0.22497886 0.44959593
		 0.20989423 0.45280915 0.2130097 0.47214785 0.21734808 0.17041388 0.86808676 0.14868742
		 0.86438257 0.16190432 0.84140766 0.18138851 0.83700204 0.14903314 0.83155292 0.14205502
		 0.807935 0.13507989 0.77459902 0.15231225 0.78813469 0.15951224 0.77359068 0.17158997
		 0.78257179 0.19371659 0.79475594 0.19611363 0.81709117 0.4307726 0.54915643 0.45606089
		 0.55868322 0.45789063 0.56287903 0.45420241 0.5273571 0.44902164 0.529441 0.47469988
		 0.55151755;
	setAttr ".uvst[0].uvsp[500:749]" 0.46748424 0.55842716 0.46567503 0.55429852
		 0.46728939 0.58408481 0.47016752 0.58280748 0.46594068 0.56282163 0.46701214 0.57586181
		 0.46381921 0.57699633 0.46206665 0.56458539 0.45754164 0.55481297 0.45481119 0.54341906
		 0.4601393 0.54092628 0.4616642 0.55295521 0.41493428 0.49861854 0.44672352 0.53504413
		 0.44877627 0.54091471 0.43666279 0.57186621 0.46402442 0.58289754 0.46274215 0.57991803
		 0.4808076 0.57870978 0.47147483 0.57990867 0.47010553 0.5769068 0.4680301 0.52886856
		 0.45968947 0.52950549 0.46209839 0.53505218 0.63432765 0.12164988 0.56647342 0.12211455
		 0.11010285 0.4748804 0.11410535 0.54812789 0.30042672 0.89394099 0.22981761 0.89940929
		 0.17536548 0.90362793 0.062184051 0.12609577 0.15113108 0.21059251 0.13494375 0.23268293
		 0.27659976 0.12418973 0.24854505 0.12442252 0.18364076 0.1249828 0.063845098 0.90246779
		 0.1481584 0.90573734 0.093288824 0.1258041 0.48581177 0.12266719 0.3919099 0.1233188
		 0.11256911 0.32324675 0.11013359 0.39955106 0.1313096 0.63028866 0.15175991 0.71911842
		 0.14977276 0.72313255 0.74956244 0.12085176 0.12390947 0.2583147 0.30470467 0.12396525
		 0.1201266 0.27996731 0.47813788 0.2479572 0.47946352 0.2334265 0.11634617 0.30161142
		 0.46855366 0.25424325 0.45177919 0.25249967 0.44085827 0.24171801 0.36252066 0.12352853
		 0.44183329 0.22731386 0.33650786 0.12372084 0.45388749 0.21797071 0.46958718 0.22137798
		 0.11483022 0.90562737 0.089330725 0.90401942 0.1629373 0.83670491 0.17831427 0.83238244
		 0.15310746 0.82875431 0.14763549 0.80851072 0.15919212 0.12520003 0.1557027 0.79242361
		 0.13350144 0.12543274 0.17091224 0.78850681 0.18862213 0.79808921 0.1904324 0.81562638
		 0.091021292 0.57530582 0.090863869 0.57155722 0.38853168 0.4664416 0.38858172 0.46099263
		 0.091649935 0.59051824 0.091491193 0.5866949 0.39453605 0.49550194 0.39448997 0.49815509
		 0.39472014 0.48491591 0.39467359 0.48751825 0.09071102 0.56786686 0.090555601 0.56412089
		 0.38873962 0.4439317 0.38879076 0.43843347 0.091334186 0.58290792 0.091172375 0.57900196
		 0.65529186 0.12150496 0.38863325 0.45540285 0.38868669 0.44963035 0.7076804 0.12114331
		 0.72862589 0.12099753 0.39458349 0.49276236 0.39462766 0.49022061 0.12650704 0.60792536
		 0.39481375 0.4795652 0.39476606 0.48227811 0.1217062 0.58554453 0.11714455 0.56309903
		 0.38847822 0.47227651 0.3888424 0.43290043 0.49367189 0.44847855 0.55002201 0.42065638
		 0.54725987 0.49962771 0.50150698 0.51434499 0.91037065 0.40776023 0.91129047 0.34591937
		 0.98984241 0.33664262 0.98540282 0.39508024 0.97478575 0.17874762 0.92710072 0.16871299
		 0.93727779 0.14252904 0.98119247 0.1516663 0.97627795 0.23531692 0.89630592 0.22457638
		 0.90521872 0.31312218 0.98887265 0.30745381 0.50971144 0.59061188 0.54899728 0.57502508
		 0.56080836 0.63929224 0.50207692 0.67559886 0.57531071 0.32223907 0.53305233 0.33261934
		 0.58690029 0.20900865 0.58940119 0.20934781 0.55260605 0.72123688 0.57688206 0.68798727
		 0.55964762 0.69838578 0.55815369 0.68023354 0.56957042 0.67295307 0.5464564 0.67136317
		 0.56506157 0.65768993 0.52630234 0.67208958 0.51247406 0.6852473 0.51299077 0.70370454
		 0.50540334 0.70161319 0.52779555 0.71626401 0.5244621 0.71925241 0.5472917 0.71268225
		 0.9819082 0.27970168 0.9507792 0.2905511 0.9552635 0.27108496 0.9782908 0.25796086
		 0.94546068 0.25817481 0.92187041 0.25110281 0.90202838 0.26128015 0.88856226 0.24399336
		 0.89638793 0.2805343 0.887456 0.2684212 0.90848267 0.30270875 0.93080878 0.30519596
		 0.51889193 0.37946585 0.54652548 0.36681759 0.54453319 0.37093773 0.53635591 0.39988071
		 0.54153657 0.40216568 0.56287569 0.3788245 0.55396742 0.37569427 0.5559361 0.37163997
		 0.55956936 0.34738824 0.55674368 0.34599966 0.55456603 0.36718976 0.55076367 0.36527586
		 0.55300063 0.35294551 0.55614567 0.35420412 0.54586136 0.37486237 0.54990762 0.37687972
		 0.54791433 0.38883907 0.54268777 0.38614002 0.50108689 0.42935079 0.53427905 0.3941918
		 0.53656 0.38840616 0.55343634 0.34705848 0.52566862 0.35700589 0.55203867 0.34998444
		 0.57003814 0.35189787 0.56076193 0.35033536 0.55927664 0.35328114 0.54701895 0.40023279
		 0.55532849 0.40119481 0.54964262 0.39478484 0.23073639 0.10544419 0.29852378 0.10487463
		 0.38015023 0.45405975 0.38382435 0.38080698 0.85966372 0.10147254 0.93056154 0.10117673
		 0.34004122 0.43408954 0.8022927 0.10171431 0.42211062 0.71778595 0.40591043 0.69583499
		 0.58783966 0.10275013 0.61583483 0.10259135 0.68063283 0.1022495 0.33951098 0.5456965
		 0.3375071 0.46124458 0.77108186 0.10184444 0.37907073 0.10422952 0.47279528 0.10351546
		 0.38325536 0.60556293 0.38050339 0.5293417 0.40061513 0.29839128 0.42053294 0.20900862
		 0.0092834476 0.10780173 0.11550719 0.10651556 0.39481765 0.67032111 0.55980039 0.10292021
		 0.39096439 0.64873654 0.55447018 0.68232316 0.55522954 0.69689786 0.38711014 0.62715077
		 0.54513675 0.67566657 0.52830446 0.67675525 0.51696956 0.68710464 0.50212222 0.10330241
		 0.51738262 0.70153868 0.52807438 0.10312451 0.52906638 0.71134728 0.54488963 0.70855463
		 0.33710709 0.49458793 0.33833379 0.52014077 0.95055652 0.27209896 0.946172 0.28745818
		 0.94264561 0.26223806 0.92242336 0.2566855 0.70507008 0.10213225 0.90630347 0.2646879
		 0.73078287 0.10201722 0.90232539 0.27988061 0.91183633 0.29762757 0.92936671 0.29950866
		 0.10490963 0.2185685 0.10363928 0.22215174 0.18784352 0.24848114 0.18914632 0.24320263
		 0.10997918 0.20426425 0.10870094 0.20787171 0.12503797 0.69240928 0.12577499 0.68986207
		 0.12209642 0.70257449 0.12283761 0.7000134 0.10240501 0.22563213 0.10115177 0.22916517
		 0.19353931 0.22667421 0.19492927 0.22134648 0.10743454 0.21144459 0.10612873 0.2151293;
	setAttr ".uvst[0].uvsp[750:999]" 0.20978433 0.10562868 0.1906376 0.23778768
		 0.19209813 0.23219511 0.15740226 0.10611036 0.13645309 0.10630986 0.12427676 0.69503999
		 0.12357062 0.69748062 0.39593595 0.3208608 0.12060913 0.70771217 0.12136331 0.70510709
		 0.39124942 0.34331837 0.38679612 0.36581388 0.18636645 0.25413331 0.19632733 0.21598585
		 0.63428634 0.11563345 0.56643218 0.11609568 0.094062589 0.46790698 0.10251611 0.54772604
		 0.29996121 0.887932 0.22935215 0.89340258 0.17489971 0.89762694 0.062127616 0.12008873
		 0.14152208 0.20426424 0.12569116 0.22658136 0.27655059 0.11817929 0.2484941 0.11841419
		 0.18358809 0.11897567 0.061901227 0.89178503 0.14756958 0.89894915 0.093232661 0.11979681
		 0.48577029 0.11664741 0.39186728 0.11730048 0.098238945 0.3185679 0.090398967 0.38929924
		 0.12496862 0.63209242 0.14518341 0.71785086 0.14447138 0.71967655 0.74952084 0.11484562
		 0.11222477 0.25045988 0.3046574 0.11795248 0.10583257 0.2731353 0.10198065 0.29468742
		 0.36247674 0.11751246 0.33646223 0.11770632 0.11348584 0.89676976 0.087563179 0.89390761
		 0.1591382 0.11919291 0.13344631 0.11942526 0.70763868 0.11513213 0.113755 0.58748806
		 0.65525031 0.11549113 0.72858429 0.11498901 0.1194531 0.60944474 0.10787465 0.56705493
		 0.2306847 0.0994322 0.37223554 0.38126311 0.36414757 0.46110073 0.29847461 0.098862864
		 0.85963857 0.095441744 0.80226701 0.095684223 0.34602723 0.4346489 0.93053621 0.095143355
		 0.41256371 0.72412103 0.61580223 0.096594237 0.5878045 0.096752994 0.39671209 0.7019487
		 0.35018873 0.54779977 0.68060213 0.096248642 0.7710557 0.095820464 0.34428477 0.46193761
		 0.37902418 0.098219663 0.36082903 0.53966874 0.36896336 0.61029518 0.4727506 0.097509116
		 0.39423695 0.29662317 0.11544716 0.10050616 0.010460738 0.10147254 0.41393512 0.21032853
		 0.55976301 0.096921653 0.3831957 0.67819774 0.3767305 0.65560842 0.37279901 0.63411921
		 0.50208032 0.097299606 0.52803463 0.097124211 0.34595135 0.49606633 0.34843454 0.52206051
		 0.70504099 0.096123904 0.73075563 0.096000634 0.15734598 0.10009885 0.3832745 0.34141541
		 0.20973016 0.099616714 0.13639455 0.10029928 0.38885352 0.31938058 0.37749898 0.36190155
		 0.0050566797 0.12663805 0.85572398 0.12037947 0.3451198 0.37980658 0.0050000018 0.10645421
		 0.0050000018 0.12063082 0.85444152 0.1141209 0.35110575 0.38036647 0.0086459033 0.10081622
		 0.39454406 0.46649671 0.39459398 0.46104786 0.097657688 0.59026909 0.097499028 0.58644575
		 0.38852432 0.49539766 0.38847822 0.49805072 0.39464536 0.45545837 0.38857183 0.49265772
		 0.3886162 0.490116 0.38880259 0.47945976 0.38875499 0.48217314 0.39449069 0.47233155
		 0.39485395 0.43295643 0.18339869 0.24168076 0.18201938 0.24695909 0.11436911 0.20988071
		 0.11564761 0.20627318 0.11994798 0.68819177 0.11926585 0.69073921 0.18481331 0.23626623
		 0.11850457 0.69336981 0.1177982 0.6958102 0.11483751 0.70604187 0.1155913 0.70343661
		 0.18054232 0.25261134 0.19050257 0.21446674 0.090398967 0.56034231 0.39485908 0.47698703
		 0.38889486 0.42726678 0.099887751 0.23272838 0.11994798 0.71018809 0.19775036 0.21052702
		 0.096405648 0.56009322 0.38884825 0.47688141 0.39490652 0.42732245 0.10555261 0.23473845
		 0.1141209 0.70851755 0.19192554 0.20900863 0.38870883 0.48481104 0.38866216 0.48751825
		 0.11706531 0.6983431 0.1163242 0.70090401 0.097028524 0.57510704 0.096870922 0.57130802
		 0.096562259 0.56387162 0.09671773 0.56761789 0.097179778 0.5787527 0.09734191 0.58265841
		 0.10930496 0.22416104 0.11057597 0.22057775 0.10681685 0.23117509 0.10807043 0.22764164
		 0.11179579 0.2171386 0.11310235 0.21345374 0.3947514 0.44398746 0.39480251 0.4384892
		 0.39469853 0.44968602 0.18914632 0.21982726 0.18771496 0.22515401 0.1862739 0.23067428
		 0.015686721 0.87600732 0.0050000018 0.82587171 0.94035798 0.1141209 0.99044997 0.12500975
		 0.0071094576 0.8986938 0.0050000018 0.887456 0.34247184 0.6026268 0.35371065 0.6049034
		 0.34596586 0.72085422 0.33123502 0.70074534 0.369201 0.69673139 0.3869212 0.7249791
		 0.34364155 0.20900865 0.37428135 0.22805193 0.38327298 0.28673545 0.32870287 0.263796
		 0.3061209 0.43947262 0.30189413 0.46831557 0.26683798 0.45534447 0.26943469 0.42758545
		 0.26795095 0.36308125 0.3134571 0.40473041 0.37837595 0.31337699 0.31446058 0.29124254
		 0.29774913 0.63438505 0.24448271 0.55796689 0.32310566 0.58721447 0.33809462 0.63731223
		 0.30259576 0.49917492 0.25718164 0.4815408 0.30764964 0.52380431 0.29394144 0.51841861
		 0.28460103 0.50182325 0.31094357 0.54268748 0.29003793 0.53463715 0.27411097 0.54543471
		 0.25662553 0.54112589 0.23273057 0.53127331 0.24731396 0.52586579 0.23696314 0.5057987
		 0.25041568 0.50897044 0.26563329 0.49810112 0.36845747 0.33914089 0.35508463 0.35807192
		 0.3441841 0.34461936 0.34819412 0.32752627 0.33061418 0.35299739 0.310599 0.34810928
		 0.27072141 0.3389329 0.30166197 0.33219135 0.28398424 0.31710702 0.30597579 0.3166329
		 0.32067168 0.30747837 0.33833244 0.3113375 0.005197492 0.71469486 0.00517254 0.68977034
		 0.64106172 0.13327472 0.67443585 0.13309845 0.099887758 0.13641448 0.13592415 0.13619204
		 0.19523269 0.13582519 0.0051434617 0.19464624 0.37106711 0.13475929 0.40021965 0.13458872
		 0.0050030579 0.40781459 0.0050118575 0.37993294 0.0050454494 0.31540906 0.3355633
		 0.13497019 0.22229789 0.13565734 0.0051146899 0.22557579 0.0051027578 0.61544746
		 0.005029547 0.52230543 0.52160811 0.13391219 0.57393801 0.13363124 0.43109319 0.1344116
		 0.0049999999 0.43573448 0.45624369 0.13426974 0.24221936 0.43571311 0.24245267 0.41667271
		 0.47542107 0.13416308 0.24380131 0.30634466 0.24356514 0.32558697 0.24334563 0.34359571
		 0.0050126417 0.49313915 0.24312767 0.36147121 0.0050036795 0.46731409 0.24291784
		 0.37864763 0.24268922 0.39734626;
	setAttr ".uvst[0].uvsp[1000:1249]" 0.24988705 0.1354876 0.27305382 0.13534586
		 0.79114628 0.14902125 0.77359068 0.14871524 0.80709189 0.14929856 0.8276915 0.14965709
		 0.0050611133 0.2911002 0.84594184 0.14997649 0.0050804275 0.2655564 0.86208338 0.15026176
		 0.87939334 0.15056887 0.89746779 0.15089004 0.23685879 0.21313693 0.27782577 0.20900862
		 0.26010197 0.23726572 0.22212452 0.23325224 0.23453322 0.72499114 0.21959625 0.67021167
		 0.274158 0.64727473 0.26516837 0.70594966 0.19701086 0.49456528 0.16033046 0.50645298
		 0.15773137 0.47869781 0.19278352 0.46572602 0.2043476 0.52930117 0.15885168 0.57094663
		 0.20535602 0.64276952 0.26926109 0.62063688 0.18863384 0.29963303 0.2289896 0.29670283
		 0.21399885 0.34681383 0.13535956 0.37607285 0.14807326 0.45250401 0.19348443 0.43486831
		 0.17548952 0.43222022 0.18483007 0.41562435 0.19853999 0.41023815 0.18092525 0.39940348
		 0.20183507 0.39135188 0.16499496 0.38860497 0.1475067 0.39291525 0.1381965 0.40817809
		 0.12360969 0.40277278 0.14130233 0.42507532 0.12784906 0.42824978 0.15652272 0.43594304
		 0.25934327 0.59487689 0.23908331 0.60649043 0.23507309 0.58939999 0.24597143 0.57594925
		 0.22150514 0.58102459 0.20149331 0.58591288 0.19255866 0.60182887 0.16162322 0.59509003
		 0.19687219 0.61738455 0.17488495 0.61691117 0.21156552 0.62653649 0.22922349 0.62267709
		 0.033475026 0.17899127 0.0334743 0.20391004 0.062569901 0.67897511 0.061932642 0.71227801
		 0.073122188 0.13784282 0.07240165 0.17393965 0.071217157 0.23334272 0.033471245 0.69901532
		 0.067746729 0.4093084 0.067179687 0.43845859 0.033466451 0.4858157 0.03346632 0.51369864
		 0.033467125 0.57823151 0.068441771 0.37379664 0.070678107 0.26044515 0.033469774
		 0.6680783 0.033472236 0.27821508 0.033469588 0.37133735 0.064848796 0.55974078 0.063850418
		 0.61198503 0.066582233 0.46932113 0.033466879 0.45789596 0.06609831 0.49445453 0.98131728
		 0.97759938 0.96227103 0.97783184 0.065731473 0.51361334 0.85194427 0.97918409 0.87118053
		 0.97895038 0.88918364 0.97872967 0.033468459 0.40049714 0.90705746 0.97850943 0.03346758
		 0.4263182 0.9242357 0.97829789 0.94293886 0.97806835 0.070130579 0.28806555 0.069672659
		 0.31125289 0.85756058 0.94831735 0.84001207 0.94886893 0.87349999 0.94781643 0.89409256
		 0.94716966 0.033467479 0.60254413 0.9123382 0.94659662 0.033468153 0.62809157 0.92847514
		 0.94609076 0.9457804 0.94554842 0.96384901 0.94498217 0.020812746 0.71467954 0.020788211
		 0.68975538 0.64114475 0.14890543 0.6745187 0.14872915 0.099983588 0.15201558 0.13602041
		 0.15179361 0.19532894 0.15142886 0.020765238 0.19466096 0.37115836 0.15037721 0.40030926
		 0.15020922 0.020621132 0.40781808 0.020630807 0.37993979 0.020665027 0.31541845 0.33565634
		 0.15058555 0.22239356 0.15126383 0.020736415 0.22558984 0.020718366 0.61543417 0.020645846
		 0.52229518 0.52169222 0.14954011 0.5740217 0.14926094 0.4311814 0.15003437 0.020617513
		 0.43573466 0.45633048 0.14989416 0.47550637 0.14978962 0.020629469 0.49313197 0.020620933
		 0.46731013 0.24998225 0.15109694 0.27314815 0.15095823 0.02068156 0.29111135 0.020701684
		 0.26556903 0.049087264 0.17899145 0.077530243 0.71257699 0.078168362 0.67927361 0.049086589
		 0.20391044 0.088749371 0.13815497 0.049096953 0.69901431 0.0868439 0.23365392 0.088028714
		 0.17425121 0.083366126 0.40961382 0.049087264 0.51369822 0.049085934 0.48581535 0.082796797
		 0.43876225 0.084063232 0.37410361 0.049089149 0.57823133 0.049094636 0.66807747 0.086303897
		 0.2607556 0.049084723 0.27821559 0.079451591 0.61228365 0.080453984 0.56003988 0.04908298
		 0.37133756 0.049084786 0.45789585 0.082196832 0.46962315 0.081710212 0.49475524 0.081340186
		 0.51391304 0.049083371 0.40049738 0.049084101 0.42631829 0.085755236 0.2883755 0.085295975
		 0.31156096 0.04909049 0.60254329 0.049092181 0.62809032 0.0052381996 0.75585091 0.0051983991
		 0.13784282 0.033475973 0.13784282 0.033474006 0.75583255 0.020853322 0.75583547 0.020820364
		 0.13785817 0.049088113 0.1378431 0.049100112 0.75583154 0.25783578 0.43590435 0.25806913
		 0.41686395 0.25941944 0.30653635 0.25918338 0.32577825 0.25896281 0.34378678 0.25874433
		 0.36166194 0.2585341 0.37883863 0.25830537 0.39753717 0.96246195 0.9934532 0.98150814
		 0.99322063 0.85213381 0.99479765 0.87137055 0.99456382 0.88937432 0.99434417 0.90724868
		 0.99412608 0.92442697 0.99391687 0.94312978 0.9936887 0.79141825 0.13340437 0.7738629
		 0.13309845 0.80736405 0.13368241 0.82796431 0.13404144 0.84621644 0.13436151 0.86235958
		 0.13464659 0.87967056 0.13495345 0.89774513 0.1352745 0.8405025 0.96447951 0.85805112
		 0.9639281 0.87399042 0.96342701 0.89458269 0.96278006 0.91282761 0.9622072 0.92896456
		 0.96170115 0.94626951 0.96115893 0.9643383 0.96059293 0.91641998 0.15122664 0.98279613
		 0.94438863 0.91669732 0.135611 0.98328483 0.9599992 0.24400599 0.2896632 0.83526766
		 0.97938669 0.25962403 0.28985438 0.83545709 0.995 0.40827289 0.47921857 0.41867265
		 0.41371676 0.46381024 0.43020672 0.46348697 0.50921637 0.29875836 0.7970686 0.28577548
		 0.87204742 0.22732125 0.87625027 0.23691541 0.7977379 0.069487877 0.86055976 0.042380709
		 0.86685711 0.033420239 0.82290608 0.059644844 0.81283468 0.11563168 0.78226399 0.12605143
		 0.86227882 0.19813716 0.87516308 0.20414321 0.79153383 0.42984521 0.33783919 0.4255307
		 0.25263265 0.48279315 0.29119539 0.46848774 0.35494399 0.48491588 0.60856241 0.49457002
		 0.72195709 0.49205711 0.72219747 0.44308475 0.59652853 0.50074881 0.24317169 0.47779045
		 0.20900863 0.49285847 0.25790635 0.4817363 0.25018844 0.48393539 0.23211183 0.48775929
		 0.27297977 0.46970421 0.25859419 0.44959697 0.25708327 0.43629429 0.24339859 0.42986828
		 0.2267722 0.4375298 0.22497886 0.44959593 0.20989423 0.45280915 0.2130097 0.47214785
		 0.21734808;
	setAttr ".uvst[0].uvsp[1250:1499]" 0.17041388 0.86808676 0.14868742 0.86438257
		 0.16190432 0.84140766 0.18138851 0.83700204 0.14903314 0.83155292 0.14205502 0.807935
		 0.13507989 0.77459902 0.15231225 0.78813469 0.15951224 0.77359068 0.17158997 0.78257179
		 0.19371659 0.79475594 0.19611363 0.81709117 0.4307726 0.54915643 0.45606089 0.55868322
		 0.45789063 0.56287903 0.45420241 0.5273571 0.44902164 0.529441 0.47469988 0.55151755
		 0.46748424 0.55842716 0.46567503 0.55429852 0.46728939 0.58408481 0.47016752 0.58280748
		 0.46594068 0.56282163 0.46701214 0.57586181 0.46381921 0.57699633 0.46206665 0.56458539
		 0.45754164 0.55481297 0.45481119 0.54341906 0.4601393 0.54092628 0.4616642 0.55295521
		 0.41493428 0.49861854 0.44672352 0.53504413 0.44877627 0.54091471 0.43666279 0.57186621
		 0.46402442 0.58289754 0.46274215 0.57991803 0.4808076 0.57870978 0.47147483 0.57990867
		 0.47010553 0.5769068 0.4680301 0.52886856 0.45968947 0.52950549 0.46209839 0.53505218
		 0.63432765 0.12164988 0.56647342 0.12211455 0.11010285 0.4748804 0.11410535 0.54812789
		 0.30042672 0.89394099 0.22981761 0.89940929 0.17536548 0.90362793 0.062184051 0.12609577
		 0.15113108 0.21059251 0.13494375 0.23268293 0.27659976 0.12418973 0.24854505 0.12442252
		 0.18364076 0.1249828 0.063845098 0.90246779 0.1481584 0.90573734 0.093288824 0.1258041
		 0.48581177 0.12266719 0.3919099 0.1233188 0.11256911 0.32324675 0.11013359 0.39955106
		 0.1313096 0.63028866 0.15175991 0.71911842 0.14977276 0.72313255 0.74956244 0.12085176
		 0.12390947 0.2583147 0.30470467 0.12396525 0.1201266 0.27996731 0.47813788 0.2479572
		 0.47946352 0.2334265 0.11634617 0.30161142 0.46855366 0.25424325 0.45177919 0.25249967
		 0.44085827 0.24171801 0.36252066 0.12352853 0.44183329 0.22731386 0.33650786 0.12372084
		 0.45388749 0.21797071 0.46958718 0.22137798 0.11483022 0.90562737 0.089330725 0.90401942
		 0.1629373 0.83670491 0.17831427 0.83238244 0.15310746 0.82875431 0.14763549 0.80851072
		 0.15919212 0.12520003 0.1557027 0.79242361 0.13350144 0.12543274 0.17091224 0.78850681
		 0.18862213 0.79808921 0.1904324 0.81562638 0.091021292 0.57530582 0.090863869 0.57155722
		 0.38853168 0.4664416 0.38858172 0.46099263 0.091649935 0.59051824 0.091491193 0.5866949
		 0.39453605 0.49550194 0.39448997 0.49815509 0.39472014 0.48491591 0.39467359 0.48751825
		 0.09071102 0.56786686 0.090555601 0.56412089 0.38873962 0.4439317 0.38879076 0.43843347
		 0.091334186 0.58290792 0.091172375 0.57900196 0.65529186 0.12150496 0.38863325 0.45540285
		 0.38868669 0.44963035 0.7076804 0.12114331 0.72862589 0.12099753 0.39458349 0.49276236
		 0.39462766 0.49022061 0.12650704 0.60792536 0.39481375 0.4795652 0.39476606 0.48227811
		 0.1217062 0.58554453 0.11714455 0.56309903 0.38847822 0.47227651 0.3888424 0.43290043
		 0.49367189 0.44847855 0.55002201 0.42065638 0.54725987 0.49962771 0.50150698 0.51434499
		 0.91037065 0.40776023 0.91129047 0.34591937 0.98984241 0.33664262 0.98540282 0.39508024
		 0.97478575 0.17874762 0.92710072 0.16871299 0.93727779 0.14252904 0.98119247 0.1516663
		 0.97627795 0.23531692 0.89630592 0.22457638 0.90521872 0.31312218 0.98887265 0.30745381
		 0.50971144 0.59061188 0.54899728 0.57502508 0.56080836 0.63929224 0.50207692 0.67559886
		 0.57531071 0.32223907 0.53305233 0.33261934 0.58690029 0.20900865 0.58940119 0.20934781
		 0.55260605 0.72123688 0.57688206 0.68798727 0.55964762 0.69838578 0.55815369 0.68023354
		 0.56957042 0.67295307 0.5464564 0.67136317 0.56506157 0.65768993 0.52630234 0.67208958
		 0.51247406 0.6852473 0.51299077 0.70370454 0.50540334 0.70161319 0.52779555 0.71626401
		 0.5244621 0.71925241 0.5472917 0.71268225 0.9819082 0.27970168 0.9507792 0.2905511
		 0.9552635 0.27108496 0.9782908 0.25796086 0.94546068 0.25817481 0.92187041 0.25110281
		 0.90202838 0.26128015 0.88856226 0.24399336 0.89638793 0.2805343 0.887456 0.2684212
		 0.90848267 0.30270875 0.93080878 0.30519596 0.51889193 0.37946585 0.54652548 0.36681759
		 0.54453319 0.37093773 0.53635591 0.39988071 0.54153657 0.40216568 0.56287569 0.3788245
		 0.55396742 0.37569427 0.5559361 0.37163997 0.55956936 0.34738824 0.55674368 0.34599966
		 0.55456603 0.36718976 0.55076367 0.36527586 0.55300063 0.35294551 0.55614567 0.35420412
		 0.54586136 0.37486237 0.54990762 0.37687972 0.54791433 0.38883907 0.54268777 0.38614002
		 0.50108689 0.42935079 0.53427905 0.3941918 0.53656 0.38840616 0.55343634 0.34705848
		 0.52566862 0.35700589 0.55203867 0.34998444 0.57003814 0.35189787 0.56076193 0.35033536
		 0.55927664 0.35328114 0.54701895 0.40023279 0.55532849 0.40119481 0.54964262 0.39478484
		 0.23073639 0.10544419 0.29852378 0.10487463 0.38015023 0.45405975 0.38382435 0.38080698
		 0.85966372 0.10147254 0.93056154 0.10117673 0.34004122 0.43408954 0.8022927 0.10171431
		 0.42211062 0.71778595 0.40591043 0.69583499 0.58783966 0.10275013 0.61583483 0.10259135
		 0.68063283 0.1022495 0.33951098 0.5456965 0.3375071 0.46124458 0.77108186 0.10184444
		 0.37907073 0.10422952 0.47279528 0.10351546 0.38325536 0.60556293 0.38050339 0.5293417
		 0.40061513 0.29839128 0.42053294 0.20900862 0.0092834476 0.10780173 0.11550719 0.10651556
		 0.39481765 0.67032111 0.55980039 0.10292021 0.39096439 0.64873654 0.55447018 0.68232316
		 0.55522954 0.69689786 0.38711014 0.62715077 0.54513675 0.67566657 0.52830446 0.67675525
		 0.51696956 0.68710464 0.50212222 0.10330241 0.51738262 0.70153868 0.52807438 0.10312451
		 0.52906638 0.71134728 0.54488963 0.70855463 0.33710709 0.49458793 0.33833379 0.52014077
		 0.95055652 0.27209896 0.946172 0.28745818 0.94264561 0.26223806 0.92242336 0.2566855
		 0.70507008 0.10213225 0.90630347 0.2646879 0.73078287 0.10201722 0.90232539 0.27988061;
	setAttr ".uvst[0].uvsp[1500:1749]" 0.91183633 0.29762757 0.92936671 0.29950866
		 0.10490963 0.2185685 0.10363928 0.22215174 0.18784352 0.24848114 0.18914632 0.24320263
		 0.10997918 0.20426425 0.10870094 0.20787171 0.12503797 0.69240928 0.12577499 0.68986207
		 0.12209642 0.70257449 0.12283761 0.7000134 0.10240501 0.22563213 0.10115177 0.22916517
		 0.19353931 0.22667421 0.19492927 0.22134648 0.10743454 0.21144459 0.10612873 0.2151293
		 0.20978433 0.10562868 0.1906376 0.23778768 0.19209813 0.23219511 0.15740226 0.10611036
		 0.13645309 0.10630986 0.12427676 0.69503999 0.12357062 0.69748062 0.39593595 0.3208608
		 0.12060913 0.70771217 0.12136331 0.70510709 0.39124942 0.34331837 0.38679612 0.36581388
		 0.18636645 0.25413331 0.19632733 0.21598585 0.63428634 0.11563345 0.56643218 0.11609568
		 0.094062589 0.46790698 0.10251611 0.54772604 0.29996121 0.887932 0.22935215 0.89340258
		 0.17489971 0.89762694 0.062127616 0.12008873 0.14152208 0.20426424 0.12569116 0.22658136
		 0.27655059 0.11817929 0.2484941 0.11841419 0.18358809 0.11897567 0.061901227 0.89178503
		 0.14756958 0.89894915 0.093232661 0.11979681 0.48577029 0.11664741 0.39186728 0.11730048
		 0.098238945 0.3185679 0.090398967 0.38929924 0.12496862 0.63209242 0.14518341 0.71785086
		 0.14447138 0.71967655 0.74952084 0.11484562 0.11222477 0.25045988 0.3046574 0.11795248
		 0.10583257 0.2731353 0.10198065 0.29468742 0.36247674 0.11751246 0.33646223 0.11770632
		 0.11348584 0.89676976 0.087563179 0.89390761 0.1591382 0.11919291 0.13344631 0.11942526
		 0.70763868 0.11513213 0.113755 0.58748806 0.65525031 0.11549113 0.72858429 0.11498901
		 0.1194531 0.60944474 0.10787465 0.56705493 0.2306847 0.0994322 0.37223554 0.38126311
		 0.36414757 0.46110073 0.29847461 0.098862864 0.85963857 0.095441744 0.80226701 0.095684223
		 0.34602723 0.4346489 0.93053621 0.095143355 0.41256371 0.72412103 0.61580223 0.096594237
		 0.5878045 0.096752994 0.39671209 0.7019487 0.35018873 0.54779977 0.68060213 0.096248642
		 0.7710557 0.095820464 0.34428477 0.46193761 0.37902418 0.098219663 0.36082903 0.53966874
		 0.36896336 0.61029518 0.4727506 0.097509116 0.39423695 0.29662317 0.11544716 0.10050616
		 0.010460738 0.10147254 0.41393512 0.21032853 0.55976301 0.096921653 0.3831957 0.67819774
		 0.3767305 0.65560842 0.37279901 0.63411921 0.50208032 0.097299606 0.52803463 0.097124211
		 0.34595135 0.49606633 0.34843454 0.52206051 0.70504099 0.096123904 0.73075563 0.096000634
		 0.15734598 0.10009885 0.3832745 0.34141541 0.20973016 0.099616714 0.13639455 0.10029928
		 0.38885352 0.31938058 0.37749898 0.36190155 0.0050566797 0.12663805 0.85572398 0.12037947
		 0.3451198 0.37980658 0.0050000018 0.10645421 0.0050000018 0.12063082 0.85444152 0.1141209
		 0.35110575 0.38036647 0.0086459033 0.10081622 0.39454406 0.46649671 0.39459398 0.46104786
		 0.097657688 0.59026909 0.097499028 0.58644575 0.38852432 0.49539766 0.38847822 0.49805072
		 0.39464536 0.45545837 0.38857183 0.49265772 0.3886162 0.490116 0.38880259 0.47945976
		 0.38875499 0.48217314 0.39449069 0.47233155 0.39485395 0.43295643 0.18339869 0.24168076
		 0.18201938 0.24695909 0.11436911 0.20988071 0.11564761 0.20627318 0.11994798 0.68819177
		 0.11926585 0.69073921 0.18481331 0.23626623 0.11850457 0.69336981 0.1177982 0.6958102
		 0.11483751 0.70604187 0.1155913 0.70343661 0.18054232 0.25261134 0.19050257 0.21446674
		 0.090398967 0.56034231 0.39485908 0.47698703 0.38889486 0.42726678 0.099887751 0.23272838
		 0.11994798 0.71018809 0.19775036 0.21052702 0.096405648 0.56009322 0.38884825 0.47688141
		 0.39490652 0.42732245 0.10555261 0.23473845 0.1141209 0.70851755 0.19192554 0.20900863
		 0.38870883 0.48481104 0.38866216 0.48751825 0.11706531 0.6983431 0.1163242 0.70090401
		 0.097028524 0.57510704 0.096870922 0.57130802 0.096562259 0.56387162 0.09671773 0.56761789
		 0.097179778 0.5787527 0.09734191 0.58265841 0.10930496 0.22416104 0.11057597 0.22057775
		 0.10681685 0.23117509 0.10807043 0.22764164 0.11179579 0.2171386 0.11310235 0.21345374
		 0.3947514 0.44398746 0.39480251 0.4384892 0.39469853 0.44968602 0.18914632 0.21982726
		 0.18771496 0.22515401 0.1862739 0.23067428 0.015686721 0.87600732 0.0050000018 0.82587171
		 0.94035798 0.1141209 0.99044997 0.12500975 0.0071094576 0.8986938 0.0050000018 0.887456
		 0.34247184 0.6026268 0.35371065 0.6049034 0.34596586 0.72085422 0.33123502 0.70074534
		 0.369201 0.69673139 0.3869212 0.7249791 0.34364155 0.20900865 0.37428135 0.22805193
		 0.38327298 0.28673545 0.32870287 0.263796 0.3061209 0.43947262 0.30189413 0.46831557
		 0.26683798 0.45534447 0.26943469 0.42758545 0.26795095 0.36308125 0.3134571 0.40473041
		 0.37837595 0.31337699 0.31446058 0.29124254 0.29774913 0.63438505 0.24448271 0.55796689
		 0.32310566 0.58721447 0.33809462 0.63731223 0.30259576 0.49917492 0.25718164 0.4815408
		 0.30764964 0.52380431 0.29394144 0.51841861 0.28460103 0.50182325 0.31094357 0.54268748
		 0.29003793 0.53463715 0.27411097 0.54543471 0.25662553 0.54112589 0.23273057 0.53127331
		 0.24731396 0.52586579 0.23696314 0.5057987 0.25041568 0.50897044 0.26563329 0.49810112
		 0.36845747 0.33914089 0.35508463 0.35807192 0.3441841 0.34461936 0.34819412 0.32752627
		 0.33061418 0.35299739 0.310599 0.34810928 0.27072141 0.3389329 0.30166197 0.33219135
		 0.28398424 0.31710702 0.30597579 0.3166329 0.32067168 0.30747837 0.33833244 0.3113375
		 0.005197492 0.71469486 0.00517254 0.68977034 0.64106172 0.13327472 0.67443585 0.13309845
		 0.099887758 0.13641448 0.13592415 0.13619204 0.19523269 0.13582519 0.0051434617 0.19464624
		 0.37106711 0.13475929 0.40021965 0.13458872 0.0050030579 0.40781459 0.0050118575
		 0.37993294 0.0050454494 0.31540906 0.3355633 0.13497019 0.22229789 0.13565734 0.0051146899
		 0.22557579;
	setAttr ".uvst[0].uvsp[1750:1979]" 0.0051027578 0.61544746 0.005029547 0.52230543
		 0.52160811 0.13391219 0.57393801 0.13363124 0.43109319 0.1344116 0.0049999999 0.43573448
		 0.45624369 0.13426974 0.24221936 0.43571311 0.24245267 0.41667271 0.47542107 0.13416308
		 0.24380131 0.30634466 0.24356514 0.32558697 0.24334563 0.34359571 0.0050126417 0.49313915
		 0.24312767 0.36147121 0.0050036795 0.46731409 0.24291784 0.37864763 0.24268922 0.39734626
		 0.24988705 0.1354876 0.27305382 0.13534586 0.79114628 0.14902125 0.77359068 0.14871524
		 0.80709189 0.14929856 0.8276915 0.14965709 0.0050611133 0.2911002 0.84594184 0.14997649
		 0.0050804275 0.2655564 0.86208338 0.15026176 0.87939334 0.15056887 0.89746779 0.15089004
		 0.23685879 0.21313693 0.27782577 0.20900862 0.26010197 0.23726572 0.22212452 0.23325224
		 0.23453322 0.72499114 0.21959625 0.67021167 0.274158 0.64727473 0.26516837 0.70594966
		 0.19701086 0.49456528 0.16033046 0.50645298 0.15773137 0.47869781 0.19278352 0.46572602
		 0.2043476 0.52930117 0.15885168 0.57094663 0.20535602 0.64276952 0.26926109 0.62063688
		 0.18863384 0.29963303 0.2289896 0.29670283 0.21399885 0.34681383 0.13535956 0.37607285
		 0.14807326 0.45250401 0.19348443 0.43486831 0.17548952 0.43222022 0.18483007 0.41562435
		 0.19853999 0.41023815 0.18092525 0.39940348 0.20183507 0.39135188 0.16499496 0.38860497
		 0.1475067 0.39291525 0.1381965 0.40817809 0.12360969 0.40277278 0.14130233 0.42507532
		 0.12784906 0.42824978 0.15652272 0.43594304 0.25934327 0.59487689 0.23908331 0.60649043
		 0.23507309 0.58939999 0.24597143 0.57594925 0.22150514 0.58102459 0.20149331 0.58591288
		 0.19255866 0.60182887 0.16162322 0.59509003 0.19687219 0.61738455 0.17488495 0.61691117
		 0.21156552 0.62653649 0.22922349 0.62267709 0.033475026 0.17899127 0.0334743 0.20391004
		 0.062569901 0.67897511 0.061932642 0.71227801 0.073122188 0.13784282 0.07240165 0.17393965
		 0.071217157 0.23334272 0.033471245 0.69901532 0.067746729 0.4093084 0.067179687 0.43845859
		 0.033466451 0.4858157 0.03346632 0.51369864 0.033467125 0.57823151 0.068441771 0.37379664
		 0.070678107 0.26044515 0.033469774 0.6680783 0.033472236 0.27821508 0.033469588 0.37133735
		 0.064848796 0.55974078 0.063850418 0.61198503 0.066582233 0.46932113 0.033466879
		 0.45789596 0.06609831 0.49445453 0.98131728 0.97759938 0.96227103 0.97783184 0.065731473
		 0.51361334 0.85194427 0.97918409 0.87118053 0.97895038 0.88918364 0.97872967 0.033468459
		 0.40049714 0.90705746 0.97850943 0.03346758 0.4263182 0.9242357 0.97829789 0.94293886
		 0.97806835 0.070130579 0.28806555 0.069672659 0.31125289 0.85756058 0.94831735 0.84001207
		 0.94886893 0.87349999 0.94781643 0.89409256 0.94716966 0.033467479 0.60254413 0.9123382
		 0.94659662 0.033468153 0.62809157 0.92847514 0.94609076 0.9457804 0.94554842 0.96384901
		 0.94498217 0.020812746 0.71467954 0.020788211 0.68975538 0.64114475 0.14890543 0.6745187
		 0.14872915 0.099983588 0.15201558 0.13602041 0.15179361 0.19532894 0.15142886 0.020765238
		 0.19466096 0.37115836 0.15037721 0.40030926 0.15020922 0.020621132 0.40781808 0.020630807
		 0.37993979 0.020665027 0.31541845 0.33565634 0.15058555 0.22239356 0.15126383 0.020736415
		 0.22558984 0.020718366 0.61543417 0.020645846 0.52229518 0.52169222 0.14954011 0.5740217
		 0.14926094 0.4311814 0.15003437 0.020617513 0.43573466 0.45633048 0.14989416 0.47550637
		 0.14978962 0.020629469 0.49313197 0.020620933 0.46731013 0.24998225 0.15109694 0.27314815
		 0.15095823 0.02068156 0.29111135 0.020701684 0.26556903 0.049087264 0.17899145 0.077530243
		 0.71257699 0.078168362 0.67927361 0.049086589 0.20391044 0.088749371 0.13815497 0.049096953
		 0.69901431 0.0868439 0.23365392 0.088028714 0.17425121 0.083366126 0.40961382 0.049087264
		 0.51369822 0.049085934 0.48581535 0.082796797 0.43876225 0.084063232 0.37410361 0.049089149
		 0.57823133 0.049094636 0.66807747 0.086303897 0.2607556 0.049084723 0.27821559 0.079451591
		 0.61228365 0.080453984 0.56003988 0.04908298 0.37133756 0.049084786 0.45789585 0.082196832
		 0.46962315 0.081710212 0.49475524 0.081340186 0.51391304 0.049083371 0.40049738 0.049084101
		 0.42631829 0.085755236 0.2883755 0.085295975 0.31156096 0.04909049 0.60254329 0.049092181
		 0.62809032 0.0052381996 0.75585091 0.0051983991 0.13784282 0.033475973 0.13784282
		 0.033474006 0.75583255 0.020853322 0.75583547 0.020820364 0.13785817 0.049088113
		 0.1378431 0.049100112 0.75583154 0.25783578 0.43590435 0.25806913 0.41686395 0.25941944
		 0.30653635 0.25918338 0.32577825 0.25896281 0.34378678 0.25874433 0.36166194 0.2585341
		 0.37883863 0.25830537 0.39753717 0.96246195 0.9934532 0.98150814 0.99322063 0.85213381
		 0.99479765 0.87137055 0.99456382 0.88937432 0.99434417 0.90724868 0.99412608 0.92442697
		 0.99391687 0.94312978 0.9936887 0.79141825 0.13340437 0.7738629 0.13309845 0.80736405
		 0.13368241 0.82796431 0.13404144 0.84621644 0.13436151 0.86235958 0.13464659 0.87967056
		 0.13495345 0.89774513 0.1352745 0.8405025 0.96447951 0.85805112 0.9639281 0.87399042
		 0.96342701 0.89458269 0.96278006 0.91282761 0.9622072 0.92896456 0.96170115 0.94626951
		 0.96115893 0.9643383 0.96059293 0.91641998 0.15122664 0.98279613 0.94438863 0.91669732
		 0.135611 0.98328483 0.9599992 0.24400599 0.2896632 0.83526766 0.97938669 0.25962403
		 0.28985438 0.83545709 0.995;
	setAttr ".cuvs" -type "string" "UVChannel_1";
	setAttr ".dcc" -type "string" "Ambient+Diffuse";
	setAttr -s 972 ".pt";
	setAttr ".pt[0:165]" -type "float3"  23.797401 47.366184 -4.0311513 22.522295 
		48.358131 -6.2982082 23.583273 49.419109 -6.2982078 22.854795 46.998058 -4.6056314 
		20.86915 47.712509 -7.3057313 21.93013 48.773491 -7.3057318 22.124817 46.297234 -4.6347876 
		19.588907 46.483402 -7.3568664 20.649893 47.544388 -7.3568664 21.718597 45.370407 
		-4.1141806 18.876474 44.857929 -6.4438248 19.937466 45.918919 -6.4438248 21.697981 
		44.358677 -3.1230679 18.840309 43.083549 -4.7056122 19.901308 44.14455 -4.7056112 
		22.066107 43.416073 -1.8123373 19.485924 41.430405 -2.4068513 20.546926 42.491405 
		-2.4068513 22.766928 42.686092 -0.38153657 20.715021 40.150162 0.10248784 21.776028 
		41.21117 0.10248784 23.693754 42.279877 0.951509 22.340488 39.437733 2.4403832 23.401497 
		40.498741 2.4403837 24.705484 42.259258 1.9838549 24.114861 39.401577 4.2509122 25.175867 
		40.462585 4.2509122 25.648088 42.627384 2.5583351 25.768005 40.047199 5.2584357 26.82901 
		41.108204 5.2584357 26.378069 43.328205 2.587491 27.048246 41.276306 5.3095689 28.109245 
		42.337307 5.3095689 26.784286 44.255032 2.0668838 27.760679 42.901783 4.3965273 28.821672 
		43.962776 4.3965278 26.804903 45.266762 1.0757711 27.796844 44.676159 2.6583142 28.85783 
		45.737144 2.6583142 26.436779 46.209366 -0.23495898 27.151232 46.329308 0.35955456 
		28.212214 47.390289 0.3595548 25.735956 46.939346 -1.6657602 25.922134 47.609547 
		-2.1497836 26.983112 48.670525 -2.1497838 24.809132 47.345566 -2.998805 24.296667 
		48.321976 -4.487679 25.357643 49.382954 -4.4876785 22.659033 47.589127 -5.3924651 
		21.289766 47.054375 -6.2269783 20.229362 46.036324 -6.2693334 19.639267 44.689976 
		-5.5130792 19.609314 43.220291 -4.073349 20.144064 41.851013 -2.1693213 21.162096 
		40.790623 -0.090898715 22.508444 40.200531 1.845544 23.978127 40.170582 3.3451726 
		25.347399 40.705341 4.1796885 26.407789 41.723381 4.2220368 26.997885 43.069729 3.465785 
		27.027842 44.539417 2.026052 26.49309 45.908699 0.12201861 25.475065 46.969086 -1.9563909 
		24.128706 47.559181 -3.8928456 20.235781 48.364426 -8.591013 21.296762 49.425404 
		-8.591013 20.016525 48.196301 -8.6421471 18.95554 47.135315 -8.642148 17.967882 44.876686 
		-7.3711758 19.028873 45.937679 -7.3711762 18.992716 44.163307 -5.6329622 17.931719 
		43.10231 -5.6329627 18.825886 40.796558 -2.4330425 19.886889 41.857559 -2.4330425 
		21.11599 40.577324 0.076297082 20.054983 39.516315 0.076296844 22.325434 38.532368 
		3.3306952 23.386442 39.593376 3.3306956 25.160812 39.557217 5.1412234 24.099806 38.496212 
		5.1412234 26.399462 39.393375 6.5437169 27.460466 40.45438 6.5437174 28.740704 41.683483 
		6.5948505 27.679705 40.622482 6.5948501 28.669392 42.883144 5.3238783 29.730385 43.944134 
		5.3238788 29.766542 45.718506 3.585665 28.705557 44.65752 3.585665 27.808401 46.960285 
		0.38574556 28.869383 48.021267 0.38574556 27.640282 49.301502 -2.1235929 26.579304 
		48.240524 -2.1235924 23.598148 50.324295 -7.188519 22.53717 49.263321 -7.1885195 
		24.311543 49.227161 -5.3779907 25.37252 50.288139 -5.3779898 20.483582 44.052364 
		-4.0311522 19.540977 43.684238 -4.6056323 21.074177 46.910015 -6.2982087 20.013199 
		45.849037 -6.2982092 18.360058 45.203419 -7.3057327 19.421038 46.2644 -7.3057318 
		18.810997 42.983418 -4.634789 18.795317 46.923958 -8.591013 17.734335 45.86298 -8.5910149 
		16.4541 44.633877 -8.642148 17.515085 45.694862 -8.642148 17.079821 43.974316 -7.3568673 
		18.404778 42.056591 -4.114182 18.140806 45.035301 -7.3568668 16.367393 42.348846 
		-6.4438257 17.428385 43.40984 -6.4438252 18.384161 41.044861 -3.123069 16.519316 
		43.42812 -7.3711758 15.458323 42.36713 -7.3711772 15.422165 40.592758 -5.6329632 
		16.483162 41.653755 -5.6329632 16.331234 40.574474 -4.7056122 18.752287 40.102253 
		-1.8123385 17.392233 41.635475 -4.7056127 16.976852 38.921333 -2.4068525 18.037855 
		39.982338 -2.4068518 19.453108 39.372276 -0.38153765 17.386421 39.357094 -2.433043 
		16.325418 38.296089 -2.4330435 17.55452 37.015854 0.07629589 18.615526 38.076859 
		0.076296844 18.205954 37.641098 0.10248665 20.379934 38.966057 0.95150793 19.266962 
		38.702103 0.10248736 19.831423 36.928669 2.4403825 20.892431 37.989677 2.440383 21.391665 
		38.945438 1.9838538 20.870445 37.077381 3.3306949 19.809437 36.016373 3.3306944 21.583809 
		35.980217 5.1412225 22.644815 37.041222 5.141223 21.605793 36.892513 4.2509112 22.33427 
		39.313564 2.5583341 22.666801 37.953518 4.2509122 23.258936 37.538132 5.2584343 24.319941 
		38.599136 5.2584352 23.064249 40.014389 2.5874898 24.947575 37.941486 6.5437169 23.886568 
		36.880482 6.543716 25.166805 38.109585 6.5948496 26.227804 39.170586 6.5948496 24.539173 
		38.767235 5.3095679 23.470469 40.941216 2.0668826 25.600172 39.828232 5.3095684 25.2516 
		40.392704 4.3965268 26.312592 41.453693 4.3965268 23.491083 41.952942 1.0757699 27.221544 
		41.435295 5.3238778 26.160551 40.374302 5.3238778 26.196709 42.148674 3.585664 27.257696 
		43.20966 3.5856645 25.287758 42.167072 2.6583133 23.122959 42.89555 -0.23496017 26.348745 
		43.228062 2.658314 24.642139 43.820213 0.35955361 25.703121 44.881195 0.35955408 
		22.422136 43.625526 -1.6657612 26.357424 45.509308 0.38574508 25.296442 44.448326 
		0.3857446 24.067341 45.728565 -2.123594;
	setAttr ".pt[166:331]" 25.128319 46.789539 -2.1235924 23.413038 45.100452 
		-2.149785 21.495312 44.031746 -2.9988062 24.474016 46.16143 -2.1497841 21.787571 
		45.812878 -4.48768 22.848547 46.873856 -4.487679 22.870712 47.786331 -5.3779907 21.809734 
		46.725357 -5.3779912 20.035364 46.761513 -7.1885204 21.09634 47.822491 -7.18852 19.841658 
		45.606266 -6.2269788 21.21092 46.141014 -5.3924661 18.781263 44.588226 -6.2693338 
		18.191177 43.241886 -5.5130796 18.161234 41.772213 -4.0733495 18.695993 40.402943 
		-2.1693218 19.714031 39.34256 -0.090899192 21.060383 38.752468 1.8455435 22.530064 
		38.722519 3.3451719 23.89933 39.257271 4.179688 24.959713 40.275307 4.2220364 25.549799 
		41.621643 3.4657845 25.579744 43.09132 2.0260518 25.044983 44.460594 0.12201814 24.026951 
		45.520973 -1.9563913 22.68059 46.111065 -3.8928461 17.496122 69.913956 -32.880203 
		17.0604 69.560883 -32.962852 18.370739 69.364464 -31.456097 17.531099 69.058327 -31.989595 
		20.91922 67.790817 -27.333967 19.139317 67.580605 -28.903654 16.496113 68.913948 
		-32.880203 16.06039 68.560875 -32.962852 17.370729 68.364456 -31.456097 16.53109 
		68.058319 -31.989595 19.91921 66.79081 -27.333967 18.139307 66.580589 -28.903654 
		28.478285 16.716908 31.299007 28.914682 17.069147 31.383165 27.604721 17.268068 29.874283 
		28.444944 17.572603 30.409971 25.059254 18.84659 25.750294 26.839556 19.0534 27.323786 
		27.478273 15.716897 31.299007 27.914673 16.069138 31.383165 26.60471 16.268057 29.874283 
		27.444933 16.572592 30.409971 24.059244 17.846579 25.750294 25.839544 18.053389 27.323786 
		25.33802 45.814209 -0.93855757 22.358978 46.492367 -4.595757 10.808088 73.363861 
		-43.018143 10.760016 73.293762 -42.996117 26.449455 58.213047 -12.225964 24.270142 
		58.278828 -14.471056 22.311949 48.849659 -7.0000801 22.832064 51.44384 -9.0741482 
		23.568474 53.564243 -10.458138 24.319771 55.921535 -12.064134 26.436216 55.804142 
		-9.8302937 27.106108 53.076069 -6.432332 26.857065 50.970909 -4.5762157 25.457647 
		48.283878 -3.2886033 22.408094 50.028305 -8.0825796 25.804876 49.584671 -4.2421627 
		23.220963 52.50404 -9.7454491 27.215519 52.023491 -5.2703409 15.044779 71.724541 
		-37.142136 19.513205 69.517189 -30.466352 21.223866 67.136429 -26.374937 23.286283 
		64.328789 -21.504877 26.270088 61.58157 -15.773854 23.014648 61.004852 -18.452578 
		21.452929 63.654461 -22.663904 19.264601 66.258995 -27.456764 16.864834 68.7668 -32.364338 
		13.782952 70.955437 -37.634857 23.919527 59.233276 -15.776119 23.499834 60.080326 
		-17.042864 27.020945 60.557373 -13.998797 27.080734 59.434528 -12.816166 26.285446 
		57.008595 -11.185519 24.367752 57.100182 -13.194799 25.297134 58.693577 -13.858813 
		24.674318 59.388779 -15.176832 24.689283 60.206322 -15.979411 25.337082 60.891834 
		-16.017122 26.219553 60.870911 -15.113729 26.826868 60.239246 -13.87475 26.857412 
		59.397766 -13.002727 26.244278 58.71637 -12.934462 24.118952 50.752666 -7.0960875 
		24.130312 51.65015 -7.9822097 24.71509 52.218197 -7.9654789 25.768106 52.195297 -6.889564 
		26.390001 51.499512 -5.5718818 26.346558 50.675274 -4.7910872 25.714176 50.056004 
		-4.8041997 24.790012 50.05357 -5.7259278 14.796614 70.81485 -36.48061 16.716682 69.826958 
		-33.572647 16.627054 69.609039 -33.444355 14.754354 70.708176 -36.416195 15.85722 
		71.323204 -35.928356 16.669661 70.921867 -34.714577 18.700764 69.918526 -31.68013 
		16.153774 69.264145 -33.572739 15.388367 69.775085 -34.849091 14.593149 70.351952 
		-36.221172 14.907125 70.857613 -36.412861 15.00893 70.816162 -36.2696 15.053351 70.711075 
		-36.120094 15.422133 70.439125 -35.479366 15.569918 70.499725 -35.392181 15.72456 
		70.443855 -35.181667 15.783161 70.297348 -34.976559 16.171581 70.053925 -34.344715 
		16.398657 70.149696 -34.213409 16.628372 70.051979 -33.885979 16.393824 69.512749 
		-33.581295 16.17094 69.611183 -33.902618 16.08239 69.833481 -34.213467 15.722722 
		70.139481 -34.879128 15.572756 70.073372 -34.96299 15.420883 70.139046 -35.180531 
		15.358206 70.2901 -35.394268 15.009288 70.604462 -36.057545 14.904138 70.560204 -36.118439 
		14.795466 70.604507 -36.271412 19.253206 69.257187 -30.466352 20.963867 66.876434 
		-26.374937 18.310152 65.850479 -28.002697 16.251232 68.263985 -32.475124 23.637527 
		55.661533 -12.486378 23.706663 56.840179 -13.595887 26.025446 56.748592 -11.185519 
		23.026285 64.068794 -21.504877 26.010088 61.321571 -15.773854 22.185646 60.563484 
		-18.84021 20.277977 63.255665 -23.440058 13.461073 70.594048 -37.595348 10.374161 
		73.064674 -43.152882 10.523865 73.188515 -43.127022 14.784781 71.464546 -37.142136 
		23.46102 58.018826 -15.020178 26.189455 57.953049 -12.225964 23.035894 58.867046 
		-16.293522 22.610769 59.715267 -17.566866 26.760946 60.297375 -13.998797 26.820734 
		59.17453 -12.816166 18.440765 69.658524 -31.68013 16.409662 70.661865 -34.714577 
		15.597221 71.06321 -35.928356 14.222025 69.95858 -36.198925 14.982978 69.323105 -34.802498 
		15.74393 68.687637 -33.406075 24.414318 59.12878 -15.176832 25.037134 58.433578 -13.858813 
		25.077084 60.631836 -16.017122 26.56687 59.979248 -13.87475 24.45509 51.958199 -7.9654789 
		25.508106 51.935299 -6.889564 26.130001 51.239513 -5.5718818 26.086557 50.415276 
		-4.7910872 25.454174 49.796005 -4.8041997;
	setAttr ".pt[332:497]" 24.530012 49.793568 -5.7259278 15.309919 70.239731 
		-35.392181 16.456684 69.566963 -33.572647 15.312757 69.813377 -34.96299 14.536615 
		70.554855 -36.48061 14.494356 70.448181 -36.416195 15.098207 70.030106 -35.394268 
		15.911584 69.79393 -34.344715 15.822392 69.573486 -34.213467 16.368374 69.791985 
		-33.885979 14.647127 70.597618 -36.412861 14.644139 70.300209 -36.118439 15.910942 
		69.351189 -33.902618 18.993208 68.997192 -30.466352 20.703867 66.616432 -26.374937 
		18.744602 65.738998 -27.456764 16.344837 68.246803 -32.364338 24.818018 45.294205 
		-0.93855757 21.838978 45.972363 -4.595757 21.791946 48.329655 -7.0000801 24.937645 
		47.763878 -3.2886033 23.799772 55.401535 -12.064134 23.847752 56.580181 -13.194799 
		25.765446 56.488594 -11.185519 25.916216 55.284142 -9.8302937 26.586107 52.556068 
		-6.432332 23.048473 53.044243 -10.458138 21.888094 49.508301 -8.0825796 25.284876 
		49.064667 -4.2421627 22.766285 63.808792 -21.504877 25.75009 61.061573 -15.773854 
		22.494648 60.484856 -18.452578 20.93293 63.134464 -22.663904 13.262956 70.43544 -37.634857 
		10.24002 72.773766 -42.996117 10.288092 72.843864 -43.018143 14.524782 71.204544 
		-37.142136 23.750141 57.758827 -14.471056 25.929455 57.693047 -12.225964 23.399529 
		58.713276 -15.776119 24.15432 58.868782 -15.176832 24.777136 58.173576 -13.858813 
		22.979836 59.560329 -17.042864 24.169283 59.686325 -15.979411 24.817083 60.371834 
		-16.017122 25.699554 60.350914 -15.113729 26.500946 60.037373 -13.998797 26.30687 
		59.71925 -13.87475 26.560736 58.914532 -12.816166 26.337412 58.877769 -13.002727 
		25.724277 58.196369 -12.934462 22.312063 50.92384 -9.0741482 22.700962 51.984039 
		-9.7454491 23.610312 51.13015 -7.9822097 23.598949 50.232666 -7.0960875 24.195089 
		51.698196 -7.9654789 25.248104 51.675297 -6.889564 26.695518 51.50349 -5.2703409 
		25.870001 50.979511 -5.5718818 26.337065 50.450909 -4.5762157 25.826557 50.155273 
		-4.7910872 25.194174 49.536003 -4.8041997 24.270012 49.533569 -5.7259278 16.149664 
		70.401871 -34.714577 15.204563 69.923859 -35.181667 15.049921 69.979729 -35.392181 
		16.107058 69.089043 -33.444355 16.196686 69.306961 -33.572647 14.868369 69.255089 
		-34.849091 14.900887 69.619049 -35.180531 15.052759 69.553375 -34.96299 14.276617 
		70.294853 -36.48061 14.234358 70.188179 -36.416195 14.838209 69.770103 -35.394268 
		14.489291 70.084465 -36.057545 14.533355 70.191078 -36.120094 14.902137 69.919128 
		-35.479366 15.263165 69.777351 -34.976559 15.651586 69.533928 -34.344715 15.562392 
		69.313484 -34.213467 15.202725 69.619484 -34.879128 18.180767 69.398529 -31.68013 
		16.108376 69.531982 -33.885979 15.87866 69.6297 -34.213409 15.337223 70.803207 -35.928356 
		14.387129 70.337616 -36.412861 14.488934 70.296165 -36.2696 14.073153 69.831955 -36.221172 
		14.27547 70.084511 -36.271412 14.384141 70.040207 -36.118439 15.633778 68.744148 
		-33.572739 15.873827 68.992752 -33.581295 15.650943 69.091187 -33.902618 25.07802 
		45.554207 -0.93855757 22.098978 46.232365 -4.595757 22.051947 48.589657 -7.0000801 
		25.197647 48.02388 -3.2886033 26.176216 55.54414 -9.8302937 26.846107 52.816071 -6.432332 
		22.916203 53.304241 -10.85041 22.009491 49.768303 -8.2211819 25.544876 49.324669 
		-4.2421627 24.429283 59.946323 -15.979411 25.959553 60.610912 -15.113729 26.597412 
		59.137768 -13.002727 25.984278 58.456367 -12.934462 22.284367 51.183842 -9.3618441 
		22.600285 52.244041 -10.106127 23.870312 51.390152 -7.9822097 23.858952 50.492668 
		-7.096087 26.955519 51.763489 -5.2703409 26.597065 50.710911 -4.5762157 15.464561 
		70.183861 -35.181667 16.367056 69.349037 -33.444355 15.160885 69.879044 -35.180531 
		14.74929 70.344467 -36.057545 14.793353 70.451073 -36.120094 15.162135 70.179131 
		-35.479366 15.462724 69.879478 -34.879128 15.523163 70.037354 -34.976559 16.138659 
		69.889694 -34.213409 14.748932 70.55616 -36.2696 14.535468 70.344513 -36.271412 16.133825 
		69.252754 -33.581295 26.014776 46.234219 -0.68181223 24.533062 46.755527 -2.6848366 
		27.126209 58.633057 -11.969218 25.029751 58.955349 -14.38797 23.598711 49.165684 
		-6.0293417 23.735542 51.532898 -8.2597265 25.456623 54.838459 -9.8442068 25.441637 
		56.384312 -11.405046 27.112972 56.224152 -9.5735493 27.782864 53.496078 -6.1755867 
		27.533819 51.390919 -4.3194709 26.134403 48.703892 -3.0318582 23.556255 50.34433 
		-7.2504439 26.481632 50.004681 -3.9854178 24.125963 52.463463 -8.7998695 27.892275 
		52.443501 -5.0135956 21.09922 67.970818 -27.333967 21.914774 67.254639 -25.802237 
		23.963039 64.748802 -21.248133 26.946842 62.001579 -15.517109 23.329155 62.504826 
		-19.638042 22.220343 64.493439 -22.735466 20.338564 66.72657 -26.85038 19.319317 
		67.760605 -28.903654 24.583126 59.95472 -15.833966 24.265352 60.726418 -16.923437 
		27.697701 60.977383 -13.742053 27.75749 59.854538 -12.559421 26.9622 57.428604 -10.928774 
		25.349955 57.650154 -12.76257 25.769777 59.237267 -13.92986 25.216545 59.854797 -15.100625 
		25.229837 60.581005 -15.813539 25.805264 61.189926 -15.847035 26.589142 61.171341 
		-15.044572 27.128605 60.610252 -13.944017 27.155737 59.862782 -13.169417 26.611103 
		59.257511 -13.10878 24.706223 51.229767 -6.9859176 24.715899 51.994137 -7.7406101 
		25.21394 52.477932 -7.7263613 26.110773 52.458427 -6.8100257;
	setAttr ".pt[498:663]" 26.64043 51.865841 -5.6877823 26.60343 51.163853 -5.0227947 
		26.064842 50.636433 -5.0339627 25.277752 50.634361 -5.8189802 21.234766 66.574631 
		-25.802237 19.658554 66.046562 -26.85038 18.639309 67.080589 -28.903652 23.85305 
		46.075516 -2.6848366 24.669945 56.970146 -12.76257 27.102854 52.816071 -6.1755867 
		22.876245 49.664318 -7.2504439 25.801622 49.324669 -3.9854178 22.649147 61.824818 
		-19.638042 21.540333 63.813427 -22.735466 24.349741 58.275341 -14.38797 23.903116 
		59.274712 -15.833966 24.536535 59.174789 -15.100625 23.585342 60.04641 -16.923437 
		25.125254 60.509918 -15.847035 25.909132 60.491333 -15.044572 26.448595 59.930244 
		-13.944017 27.07748 59.17453 -12.559421 25.931093 58.577503 -13.10878 24.53393 51.79792 
		-7.7263613 25.430763 51.778419 -6.8100257 27.212265 51.763489 -5.0135956 26.853809 
		50.710911 -4.3194709 25.92342 50.483845 -5.0227947 25.38483 49.956425 -5.0339627 
		24.59774 49.95435 -5.8189802 19.739202 66.610802 -27.333967 20.554756 65.894623 -25.802237 
		18.978546 65.366554 -26.85038 17.959299 66.400581 -28.903654 24.654755 44.874195 
		-0.68181223 23.173038 45.395504 -2.6848366 22.238689 47.80566 -6.0293417 24.774382 
		47.343868 -3.0318582 24.081617 55.024292 -11.405046 23.989935 56.290134 -12.76257 
		25.60218 56.068584 -10.928774 25.752953 54.864132 -9.5735493 26.422844 52.136059 
		-6.1755867 24.096603 53.478439 -9.8442078 22.196234 48.984306 -7.2504439 25.121611 
		48.644657 -3.9854178 22.603022 63.388783 -21.248133 25.586824 60.641563 -15.517109 
		21.969137 61.14481 -19.638042 20.860323 63.133419 -22.735466 23.669731 57.595329 
		-14.38797 25.76619 57.273037 -11.969218 23.223106 58.594704 -15.833966 23.856525 
		58.494781 -15.100625 24.40976 57.877247 -13.92986 22.905333 59.366398 -16.923437 
		23.869818 59.220985 -15.813539 24.445244 59.82991 -15.847035 25.229122 59.811325 
		-15.044572 26.337681 59.617363 -13.742053 25.768587 59.250233 -13.944017 26.39747 
		58.494522 -12.559421 25.795717 58.502766 -13.169417 25.251083 57.897491 -13.10878 
		22.375523 50.172878 -8.2597265 22.765942 51.103443 -8.7998695 23.355877 50.634117 
		-7.7406101 23.346201 49.869747 -6.9859176 23.85392 51.117912 -7.7263613 24.750753 
		51.098408 -6.8100257 26.532253 51.083481 -5.0135956 25.280409 50.505821 -5.6877823 
		26.1738 50.030899 -4.3194709 25.243408 49.803833 -5.0227947 24.704821 49.276413 -5.0339627 
		23.91773 49.274342 -5.8189802 20.41921 67.29081 -27.333967 25.334764 45.554207 -0.68181223 
		22.918701 48.485672 -6.0293417 25.454391 48.02388 -3.0318582 24.761627 55.704304 
		-11.405046 26.28219 56.748592 -10.928774 26.432962 55.54414 -9.5735493 24.776613 
		54.158451 -9.8442068 23.28303 64.068794 -21.248133 26.266834 61.321571 -15.517109 
		26.446199 57.953049 -11.969218 25.089767 58.557259 -13.92986 24.549828 59.900997 
		-15.813539 27.017691 60.297375 -13.742053 26.475727 59.182774 -13.169417 23.055532 
		50.85289 -8.2597265 23.445953 51.783451 -8.7998695 24.035887 51.314125 -7.7406101 
		24.026211 50.549759 -6.985918 25.960421 51.185833 -5.6877823 20.202005 40.352043 
		-0.61240906 23.179745 39.66819 3.0491834 34.67923 12.774663 41.4422 34.727436 12.844663 
		41.420403 19.066864 27.955355 10.64914 21.246048 27.885408 12.89827 23.222267 37.310814 
		5.4490843 22.697193 34.717628 7.5171933 21.956728 32.59864 8.8957167 21.200926 30.242788 
		10.495766 19.084709 30.364231 8.2581072 18.420034 33.093575 4.8640881 18.673103 35.198257 
		3.012476 20.077656 37.882607 1.7326801 23.123867 36.132355 6.5291438 19.72794 36.582481 
		2.6830866 22.306267 33.658176 8.1857204 18.312637 34.146362 3.7039022 30.445683 14.422078 
		35.561234 25.981487 16.63797 28.881145 24.275381 19.021992 24.791018 22.218336 21.833572 
		19.922392 19.23979 24.586494 14.190925 22.496326 25.156984 16.876972 24.052977 22.504395 
		21.086212 26.23632 19.895683 25.878265 28.631289 17.383291 30.785625 31.708979 15.188764 
		36.057846 21.594835 26.930288 14.202177 22.012909 26.082438 15.4681 18.490892 25.612125 
		12.416396 18.43325 26.735081 11.235799 19.233177 29.159492 9.6113148 21.150692 29.064238 
		11.624083 20.218264 27.472622 12.283272 20.83975 26.77623 13.60115 20.823221 25.958715 
		14.402136 20.174112 25.274446 14.437295 19.291683 25.297056 13.532257 18.685577 25.929878 
		12.293328 18.656643 26.771416 11.422857 19.27108 27.451643 11.357067 21.411629 35.411263 
		5.5379963 21.398552 34.513802 6.4223785 20.812691 33.946877 6.4034438 19.75972 33.971786 
		5.3255615 19.139154 34.668762 4.0080228 19.184174 35.492916 3.228888 19.817739 36.110973 
		3.2443948 20.741905 36.111641 4.1678929 30.695587 15.33129 34.901928 28.777412 16.322851 
		31.992189 28.867456 16.5406 31.864485 30.73805 15.437886 34.837795 29.634012 14.824967 
		34.346676 28.82234 15.227857 33.132114 26.793159 16.235081 30.095707 29.341394 16.884592 
		31.994431 30.105824 16.372187 33.271267 30.899937 15.793803 34.643764 30.584993 15.288741 
		34.833881 30.483269 15.33039 34.69051 30.439049 15.435559 34.541119 30.070787 15.708211 
		33.900208 29.922888 15.647893 33.812626 29.768353 15.704059 33.601925 29.710032 15.850678 
		33.396984 29.322077 16.094843 32.764862 29.09482 15.999509 32.632942 28.865292 16.09766 
		32.30526;
	setAttr ".pt[664:829]" 29.10087 16.636444 32.002056 29.323566 16.53758 32.323616 
		29.41169 16.315113 32.634205 29.770773 16.00843 33.299973 29.920864 16.074253 33.384239 
		30.072611 16.008291 33.601948 30.135 15.857114 33.815517 30.483316 15.542085 34.478863 
		30.588551 15.586141 34.540039 30.697138 15.541631 34.693138 25.721489 16.377972 28.881145 
		24.015383 18.761993 24.791018 26.671053 19.782871 26.425812 28.725357 17.365433 30.897552 
		21.363169 29.981983 10.918816 21.291779 28.803471 12.025937 18.973177 28.899492 9.6113148 
		21.958336 21.573574 19.922392 18.97979 24.326496 14.190925 22.805676 25.077267 17.266039 
		24.708193 22.381445 21.864378 31.511055 15.03004 36.018646 34.593235 12.553517 41.577351 
		34.443298 12.429959 41.550968 30.185684 14.16208 35.561234 21.53517 27.624357 13.448442 
		18.806866 27.695354 10.64914 21.958672 26.775328 14.720973 22.382174 25.926296 15.993506 
		18.230892 25.352127 12.416396 18.17325 26.47508 11.235799 26.533161 15.975083 30.095707 
		28.562342 14.967858 33.132114 29.374014 14.564969 34.346676 30.75132 15.666963 34.621986 
		29.991583 16.30389 33.225323 29.231846 16.940815 31.828661 20.57975 26.51623 13.60115 
		19.958263 27.212622 12.283272 19.914112 25.014446 14.437297 18.425577 25.669878 12.293328 
		20.552689 33.686874 6.4034438 19.49972 33.711788 5.3255615 18.879154 34.40876 4.0080228 
		18.924173 35.232914 3.228888 19.557739 35.850975 3.2443948 20.481905 35.851643 4.1678929 
		29.662889 15.387895 33.812626 28.517414 16.062853 31.992189 29.660866 15.814256 33.384239 
		30.435589 15.071292 34.901928 30.478052 15.177888 34.837795 29.875002 15.597116 33.815517 
		29.062078 15.834846 32.764862 29.151691 16.055115 32.634205 28.605293 15.837663 32.30526 
		30.324995 15.028743 34.833881 30.328552 15.326142 34.540039 29.063568 16.277582 32.323616 
		25.461489 16.117973 28.881145 23.755384 18.501995 24.791018 25.716322 19.375687 25.878265 
		28.11129 16.863295 30.785625 19.682003 39.832043 -0.61240906 22.659742 39.14819 3.0491834 
		22.702267 36.79081 5.4490843 19.557655 37.362602 1.7326801 20.680925 29.72279 10.495766 
		20.630692 28.544237 11.624083 18.713177 28.639492 9.6113148 18.564709 29.844231 8.2581072 
		17.900034 32.573574 4.8640881 21.436728 32.07864 8.8957167 22.603867 35.61235 6.5291438 
		19.207939 36.062481 2.6830866 21.698338 21.313574 19.922392 18.719791 24.066496 14.190925 
		21.976328 24.636986 16.876972 23.532978 21.984396 21.086212 31.188982 14.668767 36.057846 
		34.207439 12.324666 41.420403 34.159237 12.254666 41.4422 29.925686 13.902081 35.561234 
		20.726049 27.36541 12.89827 18.546865 27.435354 10.64914 21.074837 26.41029 14.202177 
		20.31975 26.256231 13.60115 19.698265 26.952621 12.283272 21.492908 25.562439 15.4681 
		20.303223 25.438717 14.402136 19.654114 24.754448 14.437295 18.771685 24.777058 13.532257 
		17.970894 25.092127 12.416396 18.165577 25.40988 12.293328 17.913252 26.215082 11.235799 
		18.136644 26.251417 11.422857 18.75108 26.931643 11.357067 22.177193 34.197628 7.5171933 
		21.786266 33.138176 8.1857204 20.878551 33.993801 6.4223785 20.891628 34.891262 5.5379963 
		20.292688 33.426876 6.4034438 19.239717 33.451786 5.3255615 17.792637 33.626362 3.7039022 
		18.619154 34.148762 4.0080228 18.153103 34.678257 3.012476 18.664173 34.972916 3.228888 
		19.297739 35.590973 3.2443948 20.221905 35.59164 4.1678929 28.302343 14.70786 33.132114 
		29.248356 15.184062 33.601925 29.402891 15.127896 33.812626 28.34746 16.020603 31.864485 
		28.257416 15.802855 31.992189 29.585827 15.85219 33.271267 29.552614 15.488296 33.601948 
		29.400867 15.554257 33.384239 30.175591 14.811294 34.901928 30.218054 14.91789 34.837795 
		29.615004 15.337117 33.815517 29.96332 15.022088 34.478863 29.919052 14.915563 34.541119 
		29.550791 15.188214 33.900208 29.190035 15.330682 33.396984 28.80208 15.574847 32.764862 
		28.891693 15.795116 32.634205 29.250776 15.488435 33.299973 26.273163 15.715084 30.095707 
		28.345295 15.577664 32.30526 28.574823 15.479512 32.632942 29.114016 14.304971 34.346676 
		30.064997 14.768744 34.833881 29.963272 14.810393 34.69051 30.37994 15.273807 34.643764 
		30.177141 15.021634 34.693138 30.068554 15.066144 34.540039 28.821398 16.364595 31.994431 
		28.580873 16.116447 32.002056 28.80357 16.017584 32.323616 19.942003 40.092041 -0.61240906 
		22.919743 39.408188 3.0491834 22.962267 37.050812 5.4490843 19.817656 37.622604 1.7326801 
		18.824709 30.104231 8.2581072 18.160034 32.833576 4.8640881 22.088999 32.337891 9.2887383 
		23.00247 35.872089 6.6680107 19.467939 36.322483 2.6830866 20.563223 25.698715 14.402136 
		19.031685 25.037058 13.532257 18.396645 26.511415 11.422857 19.01108 27.191643 11.357067 
		22.724888 34.457077 7.8054395 22.406944 33.397484 8.5470877 21.138552 34.253803 6.4223785 
		21.151628 35.15126 5.5379963 18.052637 33.886364 3.7039022 18.413103 34.938255 3.012476 
		29.508354 15.44406 33.601925 28.607458 16.280602 31.864485 29.812613 15.748294 33.601948 
		30.223318 15.282086 34.478863 30.17905 15.175561 34.541119 29.810789 15.448213 33.900208 
		29.510775 15.748433 33.299973 29.450033 15.59068 33.396984;
	setAttr ".pt[830:971]" 28.834822 15.739511 32.632942 30.22327 15.070392 34.69051 
		30.43714 15.281632 34.693138 28.840872 16.376446 32.002056 20.365271 40.772545 -0.86964482 
		21.845985 40.248402 1.1352119 19.230129 28.375854 10.391905 21.32597 28.049555 12.814045 
		22.775724 37.836464 4.4768887 22.634367 35.469517 6.7024808 20.906969 32.167252 8.2773466 
		20.919001 30.621374 9.8352547 19.247974 30.784733 8.0008717 18.5833 33.514076 4.6068521 
		18.836369 35.618759 2.7552409 20.240921 38.303104 1.4754448 22.815928 36.657742 5.695816 
		19.891205 37.002983 2.4258509 22.242168 34.5397 7.2400975 18.475903 34.566864 3.4466662 
		25.239254 19.026588 25.750294 24.42507 19.74432 24.218378 22.381601 22.254074 19.665155 
		19.403055 25.006994 13.93369 23.019773 24.49683 18.060572 24.124783 22.506104 21.156309 
		26.002289 20.269377 25.27054 27.019556 19.233398 27.323786 21.770681 27.04933 14.258982 
		22.086981 26.277027 15.347582 18.654158 26.032627 12.15916 18.596516 27.155581 10.978564 
		19.396442 29.579992 9.3540792 21.008261 29.355358 11.190532 20.585403 27.769051 12.353982 
		21.137455 27.150463 13.524621 21.122774 26.424284 14.236119 20.546185 25.816463 14.26735 
		19.762344 25.836548 13.463426 19.223953 26.398668 12.362914 19.198252 27.146187 11.589695 
		19.744041 27.750416 11.531255 21.66427 35.774502 5.4273973 21.653131 35.010155 6.1806087 
		21.154165 34.527313 6.1644821 20.257372 34.548531 5.2464709 19.728849 35.142128 4.1243501 
		19.767191 35.844044 3.460777 20.306787 36.370434 3.4739835 21.09388 36.371002 4.2605081 
		23.74506 19.064312 24.218378 25.322279 19.589369 25.27054 26.339546 18.553392 27.323784 
		21.165974 39.56839 1.1352119 20.328251 28.675348 11.190532 17.90329 32.834068 4.6068521 
		22.135916 35.97773 5.695816 19.211195 36.322971 2.4258509 22.339764 23.816822 18.060572 
		23.444775 21.826096 21.156309 20.64596 27.369545 12.814045 21.090673 26.36932 14.258982 
		20.457445 26.470453 13.524621 21.406971 25.597017 15.347582 19.866175 25.136456 14.26735 
		19.082335 25.15654 13.463426 18.543943 25.718658 12.362914 17.916506 26.475571 10.978564 
		19.064032 27.070406 11.531255 20.474155 33.847301 6.1644821 19.57736 33.868519 5.2464709 
		17.795891 33.886856 3.4466662 18.156359 34.938747 2.7552409 19.087181 35.164032 3.460777 
		19.626776 35.690422 3.4739835 20.41387 35.69099 4.2605081 23.879236 17.666573 25.750294 
		23.065052 18.384304 24.218378 24.642271 18.909361 25.27054 25.659538 17.873383 27.323786 
		19.005249 39.412521 -0.86964482 20.485964 38.888382 1.1352119 21.415703 36.476444 
		4.4768887 18.880899 36.943085 1.4754448 19.558979 29.261354 9.8352547 19.648241 27.995338 
		11.190532 18.036423 28.219973 9.3540792 17.887955 29.424711 8.0008717 17.22328 32.154057 
		4.6068521 19.546947 30.80723 8.2773476 21.455906 35.297718 5.695816 18.531183 35.642963 
		2.4258509 21.021584 20.894056 19.665155 18.043037 23.646976 13.93369 21.659756 23.136812 
		18.060572 22.764765 21.146086 21.156309 19.96595 26.689535 12.814045 17.87011 27.015835 
		10.391905 20.410664 25.689312 14.258982 19.777437 25.790445 13.524621 19.225384 26.409031 
		12.353982 20.726961 24.917009 15.347582 19.762754 25.064266 14.236119 19.186167 24.456446 
		14.26735 18.402325 24.47653 13.463426 17.29414 24.672609 12.15916 17.863935 25.038651 
		12.362914 17.236496 25.795563 10.978564 17.838234 25.786169 11.589695 18.384022 26.390396 
		11.531255 21.274345 34.109493 6.7024808 20.882147 33.17968 7.2400975 20.293112 33.650131 
		6.1806087 20.304249 34.414482 5.4273973 19.794144 33.16729 6.1644821 18.89735 33.188507 
		5.2464709 17.115881 33.206844 3.4466662 18.368828 33.782108 4.1243501 17.476347 34.258736 
		2.7552409 18.407169 34.48402 3.460777 18.946766 35.01041 3.4739835 19.733858 35.010979 
		4.2605081 24.559246 18.346581 25.750294 19.685259 40.092533 -0.86964482 22.095715 
		37.156456 4.4768887 19.560911 37.623096 1.4754448 20.238991 29.941364 9.8352547 18.716433 
		28.899982 9.3540792 18.567965 30.104723 8.0008717 20.226959 31.487242 8.2773466 21.701591 
		21.574066 19.665155 18.723045 24.326986 13.93369 18.550119 27.695845 10.391905 19.905394 
		27.089041 12.353982 20.442764 25.744274 14.236119 17.974148 25.352619 12.15916 18.518244 
		26.466177 11.589695 21.954357 34.789505 6.7024808 21.562159 33.859692 7.2400975 20.973122 
		34.330143 6.1806087 20.984259 35.09449 5.4273973 19.048838 34.462116 4.1243501;
	setAttr -s 972 ".vt";
	setAttr ".vt[0:165]"  0.45404142 -1.65691066 2.55346155 0.79629827 -0.72406065 4.47826195
		 0.79629815 -1.78503799 4.47826147 1.39664686 -1.65691054 2.18533635 2.44943976 -0.72405732 3.83264327
		 2.44944 -1.78503788 3.83264351 2.12662554 -1.65691042 1.484514 3.72967672 -0.72405195 2.60354161
		 3.72967696 -1.78503752 2.60354114 2.53284478 -1.65691018 0.55768776 4.44210339 -0.72404552 0.978073
		 4.44210386 -1.78503716 0.97807258 2.55346131 -1.65690982 -0.45404157 4.47826195 -0.72403896 -0.79629809
		 4.47826147 -1.78503668 -0.79629844 2.18533611 -1.65690958 -1.3966471 3.83264279 -0.72403312 -2.44943976
		 3.83264327 -1.78503621 -2.44944024 1.48451364 -1.65690935 -2.1266253 2.60354042 -0.72402883 -3.72967649
		 2.60354066 -1.78503573 -3.72967672 0.55768734 -1.65690923 -2.53284454 0.97807205 -0.72402716 -4.44210339
		 0.97807199 -1.78503549 -4.44210386 -0.45404208 -1.65690911 -2.55346107 -0.79629904 -0.72402799 -4.47826147
		 -0.79629916 -1.78503537 -4.47826147 -1.39664745 -1.65690911 -2.18533587 -2.44944119 -0.72403133 -3.83264256
		 -2.44944096 -1.78503549 -3.83264279 -2.12662601 -1.65690935 -1.48451316 -3.72967744 -0.72403669 -2.60353971
		 -3.72967744 -1.78503585 -2.60353971 -2.53284502 -1.65690947 -0.55768692 -4.44210386 -0.72404325 -0.97807145
		 -4.44210434 -1.78503621 -0.97807169 -2.55346131 -1.65690994 0.45404199 -4.47826195 -0.72404993 0.7962994
		 -4.47826147 -1.78503668 0.79629898 -2.18533611 -1.65691018 1.39664686 -3.83264327 -0.72405565 2.44944048
		 -3.83264327 -1.78503716 2.44944024 -1.48451388 -1.65691042 2.12662578 -2.60354161 -0.72405994 3.72967696
		 -2.60354114 -1.78503764 3.72967672 -0.55768794 -1.65691054 2.53284478 -0.9780733 -0.72406161 4.44210386
		 -0.97807342 -1.78503788 4.44210386 0.6595571 -0.72405803 3.70925999 2.028821707 -0.72405493 3.17450857
		 3.089221001 -0.72405064 2.1564641 3.67931128 -0.72404528 0.81011957 3.70925951 -0.72403991 -0.65955859
		 3.1745038 -0.72403491 -2.028830767 2.15646911 -0.72403157 -3.089218616 0.81011879 -0.72403002 -3.67931104
		 -0.65956295 -0.72403073 -3.70925784 -2.028833151 -0.72403359 -3.17450356 -3.089218616 -0.72403789 -2.15646648
		 -3.67930961 -0.72404337 -0.81012356 -3.70925999 -0.72404897 0.65955967 -3.17450261 -0.72405374 2.028835773
		 -2.15647459 -0.7240572 3.089217186 -0.81011438 -0.72405863 3.67931175 3.078984976 -0.72023392 4.48837996
		 3.078985214 -1.78121436 4.48837996 4.35922194 -1.78121412 3.25927711 4.35922194 -0.72022855 3.25927758
		 5.35093451 -0.72428453 0.99659282 5.35093546 -1.78527617 0.99659234 5.38709259 -1.7852757 -0.77777869
		 5.38709259 -0.72427785 -0.77777827 4.488379 -0.71973133 -3.078984737 4.48837948 -1.78073442 -3.078985214
		 3.25927663 -1.78073406 -4.35922194 3.25927639 -0.71972716 -4.35922146 0.99659169 -0.72749209 -5.35093498
		 0.99659163 -1.78850043 -5.35093546 -0.77777952 -1.78850031 -5.38709211 -0.77777934 -0.72749293 -5.38709211
		 -3.078986645 -0.72594297 -4.48837852 -3.078986406 -1.78694713 -4.488379 -4.35922289 -1.78694737 -3.25927567
		 -4.35922289 -0.72594833 -3.25927544 -5.35093546 -0.7239238 -0.99659097 -5.35093594 -1.78491664 -0.99659121
		 -5.38709259 -1.78491724 0.7777794 -5.38709307 -0.72393048 0.77777982 -4.48837948 -0.72548985 3.078985691
		 -4.48837948 -1.78647125 3.078985691 -3.25927734 -1.78647161 4.35922194 -3.25927782 -0.72549391 4.35922194
		 0.77777827 -1.78139377 5.38709259 0.77777839 -0.72041643 5.38709307 -0.99659318 -0.72041738 5.35093546
		 -0.99659336 -1.78139365 5.35093498 0.45404157 1.65690911 2.55346251 1.39664698 1.65690911 2.18533731
		 0.79629833 0.72405803 4.47826195 0.79629833 1.78503549 4.47826242 2.44944024 1.78503549 3.83264446
		 2.44943976 0.72405493 3.83264375 2.12662578 1.65690935 1.48451495 3.078984976 0.72023094 4.48837996
		 3.078985453 1.7812115 4.48838091 4.35922194 1.78121173 3.25927806 4.35922194 0.72022617 3.25927806
		 3.7296772 1.78503573 2.60354209 2.53284502 1.65690958 0.55768865 3.72967672 0.72405016 2.60354209
		 4.44210386 1.78503621 0.9780736 4.44210339 0.72404444 0.97807342 2.55346155 1.65690982 -0.45404065
		 5.35093451 0.72428334 0.99659324 5.35093546 1.7852751 0.99659336 5.38709259 1.78527558 -0.77777767
		 5.38709259 0.72427762 -0.77777785 4.47826147 1.78503668 -0.79629743 2.18533635 1.65691006 -1.39664614
		 4.47826195 0.72403872 -0.79629767 3.83264351 1.78503716 -2.44943929 3.83264279 0.72403395 -2.44943929
		 1.48451376 1.6569103 -2.12662435 4.488379 0.71973264 -3.078984261 4.48837948 1.78073561 -3.078984261
		 3.25927687 1.78073609 -4.35922098 3.25927639 0.7197293 -4.35922146 2.6035409 1.78503764 -3.72967577
		 0.55768746 1.65691054 -2.53284359 2.60354042 0.72403061 -3.72967601 0.97807217 1.78503788 -4.44210291
		 0.97807211 0.72402942 -4.44210339 -0.45404193 1.65691054 -2.55346012 0.99659175 0.72749507 -5.35093498
		 0.99659181 1.78850329 -5.35093451 -0.77777934 1.78850329 -5.38709116 -0.77777928 0.72749603 -5.38709211
		 -0.79629898 1.78503788 -4.47826052 -1.39664733 1.6569103 -2.18533492 -0.79629898 0.72403038 -4.47826147
		 -2.44944072 1.78503788 -3.83264184 -2.44944119 0.72403347 -3.83264208 -2.12662578 1.6569103 -1.48451221
		 -3.078986645 0.72594559 -4.48837852 -3.078986168 1.78694999 -4.48837805 -4.35922289 1.78694975 -3.25927472
		 -4.35922289 0.7259506 -3.25927496 -3.7296772 1.78503764 -2.60353875 -2.53284478 1.65690982 -0.55768603
		 -3.72967744 0.72403848 -2.60353923 -4.44210434 1.78503716 -0.97807068 -4.44210386 0.7240442 -0.97807103
		 -2.55346107 1.65690982 0.45404291 -5.35093546 0.72392476 -0.99659055 -5.35093594 1.78491771 -0.9965902
		 -5.38709259 1.78491724 0.77778041 -5.38709307 0.72393048 0.77778023 -4.47826147 1.78503668 0.79629999
		 -2.18533587 1.65690958 1.39664781 -4.47826195 0.72404993 0.79629982 -3.83264303 1.78503621 2.44944119
		 -3.83264327 0.72405469 2.44944096 -1.48451376 1.65690935 2.12662673 -4.48837948 0.72548831 3.078986168
		 -4.48837948 1.78646982 3.078986645 -3.25927711 1.78646934 4.35922289;
	setAttr ".vt[166:331]" -3.25927782 0.72549164 4.35922194 -2.6035409 1.78503573 3.72967768
		 -0.55768782 1.65690911 2.53284574 -2.60354161 0.72405779 3.72967744 -0.97807324 1.78503549 4.44210482
		 -0.97807324 0.72405899 4.44210386 -0.99659312 0.72041428 5.35093546 -0.99659318 1.78139079 5.35093594
		 0.77777845 1.78139079 5.38709354 0.77777845 0.72041309 5.38709307 2.028821707 0.72405303 3.17450905
		 0.65955716 0.72405589 3.70926046 3.089221001 0.72404921 2.15646458 3.67931128 0.72404444 0.81011999
		 3.70925951 0.72403967 -0.65955818 3.1745038 0.72403562 -2.02883029 2.15646911 0.724033 -3.08921814
		 0.81011885 0.72403181 -3.67931056 -0.65956289 0.72403276 -3.70925736 -2.028833151 0.72403538 -3.17450309
		 -3.089218616 0.7240392 -2.15646601 -3.67930961 0.7240442 -0.81012315 -3.70925999 0.72404897 0.65956008
		 -3.17450261 0.72405279 2.02883625 -2.15647459 0.72405565 3.089217663 -0.81011432 0.7240566 3.67931223
		 5.5984211 -0.50001127 26.25813484 6.034144402 -0.50001115 25.90506172 4.72380447 -0.50001121 25.70864487
		 5.56344414 -0.50001115 25.40250397 2.1753242 -0.50001109 24.13499451 3.95522666 -0.50001115 23.92477989
		 5.5984211 0.49999872 26.25813484 6.034144402 0.49999869 25.90506172 4.72380447 0.49999881 25.70864487
		 5.56344414 0.49999878 25.40250397 2.1753242 0.49999887 24.13499451 3.95522666 0.49999884 23.92477989
		 -5.38374138 -0.50001013 -26.93891335 -5.82013988 -0.50001001 -26.58667374 -4.51017761 -0.50001007 -26.38775253
		 -5.35040092 -0.50001001 -26.083217621 -1.96471143 -0.50000995 -24.8092308 -3.74501252 -0.50001001 -24.60242081
		 -5.38374138 0.49999985 -26.93891335 -5.82013988 0.49999982 -26.58667374 -4.51017761 0.49999994 -26.38775253
		 -5.35040092 0.49999991 -26.083217621 -1.96471143 0.5 -24.8092308 -3.74501252 0.49999997 -24.60242081
		 -2.48348808 -0.26000002 2.39839745 0.49555349 -0.26000008 3.076555252 12.046445847 -0.26000145 29.94804764
		 12.094517708 -0.26000145 29.87795258 -3.59492135 -0.26000065 14.79723644 -1.41560745 -0.26000068 14.86301517
		 0.54258466 -0.2600002 5.43384743 0.022469521 -0.26000032 8.028030396 -0.71394145 -0.26000041 10.14843178
		 -1.46523821 -0.26000056 12.50572395 -3.58168364 -0.26000056 12.38832951 -4.25157547 -0.26000041 9.66025925
		 -4.0025320053 -0.26000026 7.55509949 -2.6031146 -0.26000017 4.86806965 0.44643831 -0.26000026 6.61249352
		 -2.95034432 -0.26000023 6.168859 -0.3664304 -0.26000038 9.088231087 -4.36098671 -0.26000032 8.60767937
		 7.80975533 -0.26000136 28.30873108 3.34132934 -0.26000127 26.10137558 1.6306684 -0.26000112 23.72062111
		 -0.4317503 -0.26000097 20.91297913 -3.41555429 -0.2600008 18.16576004 -0.16011405 -0.26000082 17.58904266
		 1.40160537 -0.26000094 20.23865128 3.58993363 -0.26000109 22.84318161 5.98970032 -0.26000124 25.3509903
		 9.071581841 -0.2600013 27.53962898 -1.064994335 -0.26000074 15.81746578 -0.64530158 -0.2600008 16.66451645
		 -4.16641188 -0.26000077 17.14156151 -4.22620106 -0.26000074 16.018718719 -3.43091202 -0.26000062 13.59278297
		 -1.513219 -0.26000062 13.68437004 -2.4426012 -0.26000071 15.27776623 -1.81978476 -0.26000074 15.97296906
		 -1.83474946 -0.2600008 16.79051208 -2.48254943 -0.2600008 17.47602272 -3.36501932 -0.2600008 17.45510101
		 -3.9723351 -0.2600008 16.82343674 -4.0028781891 -0.26000074 15.98195648 -3.3897438 -0.26000071 15.30055714
		 -1.26441824 -0.26000029 7.33685732 -1.27577925 -0.26000035 8.23434067 -1.86055636 -0.26000038 8.80238724
		 -2.91357279 -0.26000038 8.77948856 -3.53546929 -0.26000032 8.083703041 -3.49202538 -0.26000029 7.25946426
		 -2.85964251 -0.26000026 6.64019394 -1.93548012 -0.26000026 6.63775969 8.057920456 -0.26000133 27.39904022
		 6.13785172 -0.26000124 26.41114807 6.22747993 -0.26000124 26.19322777 8.10017967 -0.2600013 27.29236603
		 6.99731445 -0.26000133 27.90739441 6.18487358 -0.2600013 27.50605583 4.15377045 -0.26000127 26.50271225
		 6.70075893 -0.26000124 25.84833145 7.46616745 -0.2600013 26.35927391 8.26138496 -0.26000133 26.93613815
		 7.94740868 -0.2600013 27.44180298 7.84560394 -0.26000133 27.40034866 7.80118275 -0.2600013 27.29526329
		 7.4324007 -0.2600013 27.023317337 7.28461647 -0.2600013 27.08391571 7.12997437 -0.2600013 27.028045654
		 7.071372986 -0.2600013 26.88153839 6.68295193 -0.2600013 26.63811493 6.4558773 -0.26000127 26.7338829
		 6.22616196 -0.2600013 26.63616943 6.46070957 -0.26000124 26.096939087 6.68359375 -0.26000124 26.19537544
		 6.77214432 -0.26000127 26.41767311 7.1318121 -0.26000127 26.72366714 7.28177834 -0.2600013 26.65756226
		 7.43365097 -0.26000127 26.72323227 7.49632835 -0.2600013 26.87429047 7.84524632 -0.26000133 27.18865204
		 7.95039654 -0.2600013 27.14439392 8.059067726 -0.26000133 27.18869781 3.34132934 -2.7470123e-06 26.10137558
		 1.6306684 -2.3591383e-06 23.72062111 4.28438187 -2.1919893e-06 22.69466782 6.34330368 -2.5851991e-06 25.10817337
		 -1.042994738 -5.3199943e-07 12.50572395 -1.11213064 -7.240252e-07 13.68437004 -3.43091202 -7.091038e-07 13.59278297
		 -0.4317503 -1.9017152e-06 20.91297913 -3.41555429 -1.4541364e-06 18.16576004 0.40888834 -1.3306284e-06 17.40767288
		 2.31655669 -1.76924e-06 20.099853516 9.13346291 -2.9648145e-06 27.43823624 12.22037506 -3.3673305e-06 29.90885925
		 12.070671082 -3.3875071e-06 30.0327034 7.80975533 -3.1066361e-06 28.30873108 -0.86648583 -9.1605091e-07 14.86301517
		 -3.59492135 -9.0533422e-07 14.79723644 -0.44136107 -1.0542434e-06 15.71123505 -0.016236305 -1.1924359e-06 16.55945396
		 -4.16641188 -1.2872731e-06 17.14156151 -4.22620106 -1.1043392e-06 16.018718719 4.15377045 -2.8123986e-06 26.50271225
		 6.18487358 -2.9758639e-06 27.50605583 6.99731445 -3.0412498e-06 27.90739441 8.37251091 -2.8612831e-06 26.80276489
		 7.61155796 -2.7577516e-06 26.16729355 6.85060501 -2.6542202e-06 25.5318222 -1.81978476 -1.0968853e-06 15.97296906
		 -2.4426012 -9.836225e-07 15.27776623 -2.48254943 -1.3417639e-06 17.47602272 -3.9723351 -1.2354443e-06 16.82343674
		 -1.86055636 7.1350712e-08 8.80238724 -2.91357279 7.5081402e-08 8.77948856 -3.53546929 1.8843929e-07 8.083703041
		 -3.49202538 3.2272482e-07 7.25946426 -2.85964251 4.2361671e-07 6.64019394;
	setAttr ".vt[332:497]" -1.93548012 4.2401336e-07 6.63775969 7.28461647 -2.9070884e-06 27.08391571
		 6.13785172 -2.7974806e-06 26.41114807 7.28177834 -2.8376267e-06 26.65756226 8.057920456 -2.9584289e-06 27.39904022
		 8.10017967 -2.9410489e-06 27.29236603 7.49632835 -2.8729364e-06 26.87429047 6.68295193 -2.8344584e-06 26.63811493
		 6.77214432 -2.7985438e-06 26.41767311 6.22616196 -2.8341415e-06 26.63616943 7.94740868 -2.9653957e-06 27.44180298
		 7.95039654 -2.9169419e-06 27.14439392 6.68359375 -2.7623269e-06 26.19537544 3.34132934 0.25999573 26.10137558
		 1.6306684 0.25999635 23.72062111 3.58993363 0.25999662 22.84318161 5.98970032 0.25999594 25.3509903
		 -2.48348808 0.26000223 2.39839745 0.49555349 0.26000205 3.076555252 0.54258466 0.26000139 5.43384743
		 -2.6031146 0.26000154 4.86806965 -1.46523821 0.25999948 12.50572395 -1.513219 0.25999913 13.68437004
		 -3.43091202 0.25999919 13.59278297 -3.58168364 0.25999948 12.38832951 -4.25157547 0.26000023 9.66025925
		 -0.71394145 0.26000011 10.14843178 0.44643831 0.26000109 6.61249352 -2.95034432 0.26000118 6.168859
		 -0.4317503 0.25999716 20.91297913 -3.41555429 0.25999787 18.16576004 -0.16011405 0.25999808 17.58904266
		 1.40160537 0.25999731 20.23865128 9.071581841 0.25999534 27.53962898 12.094517708 0.25999472 29.87795258
		 12.046445847 0.25999466 29.94804764 7.80975533 0.2599951 28.30873108 -1.41560745 0.25999883 14.86301517
		 -3.59492135 0.2599988 14.79723644 -1.064994335 0.25999859 15.81746578 -1.81978476 0.25999853 15.97296906
		 -2.4426012 0.25999874 15.27776623 -0.64530158 0.25999835 16.66451645 -1.83474946 0.25999829 16.79051208
		 -2.48254943 0.25999811 17.47602272 -3.36501932 0.25999811 17.45510101 -4.16641188 0.25999814 17.14156151
		 -3.9723351 0.25999829 16.82343674 -4.22620106 0.25999847 16.018718719 -4.0028781891 0.25999853 15.98195648
		 -3.3897438 0.25999868 15.30055714 0.022469521 0.26000068 8.028030396 -0.3664304 0.26000038 9.088231087
		 -1.27577925 0.26000065 8.23434067 -1.26441824 0.26000088 7.33685732 -1.86055636 0.2600005 8.80238724
		 -2.91357279 0.2600005 8.77948856 -4.36098671 0.2600005 8.60767937 -3.53546929 0.26000068 8.083703041
		 -4.0025320053 0.2600008 7.55509949 -3.49202538 0.26000088 7.25946426 -2.85964251 0.26000109 6.64019394
		 -1.93548012 0.26000109 6.63775969 6.18487358 0.25999534 27.50605583 7.12997437 0.25999546 27.028045654
		 7.28461647 0.25999546 27.08391571 6.22747993 0.2599957 26.19322777 6.13785172 0.25999564 26.41114807
		 7.46616745 0.2599957 26.35927391 7.43365097 0.25999555 26.72323227 7.28177834 0.25999558 26.65756226
		 8.057920456 0.25999537 27.39904022 8.10017967 0.2599954 27.29236603 7.49632835 0.25999552 26.87429047
		 7.84524632 0.25999543 27.18865204 7.80118275 0.2599954 27.29526329 7.4324007 0.25999546 27.023317337
		 7.071372986 0.25999552 26.88153839 6.68295193 0.25999558 26.63811493 6.77214432 0.25999567 26.41767311
		 7.1318121 0.25999555 26.72366714 4.15377045 0.25999561 26.50271225 6.22616196 0.25999558 26.63616943
		 6.4558773 0.25999555 26.7338829 6.99731445 0.25999525 27.90739441 7.94740868 0.25999534 27.44180298
		 7.84560394 0.25999537 27.40034866 8.26138496 0.25999555 26.93613815 8.059067726 0.25999543 27.18869781
		 7.95039654 0.25999546 27.14439392 6.70075893 0.25999582 25.84833145 6.46070957 0.2599957 26.096939087
		 6.68359375 0.2599957 26.19537544 -2.48348808 1.1146932e-06 2.39839745 0.49555349 1.0042072e-06 3.076555252
		 0.54258466 6.2015556e-07 5.43384743 -2.6031146 7.1233251e-07 4.86806965 -3.58168364 -5.1287338e-07 12.38832951
		 -4.25157547 -6.8414408e-08 9.66025925 -0.32167006 -1.4794767e-07 10.14843178 0.58504057 4.2812974e-07 6.61249352
		 -2.95034432 5.0040694e-07 6.168859 -1.83474946 -1.2300801e-06 16.79051208 -3.36501932 -1.3383551e-06 17.45510101
		 -4.0028781891 -1.0983496e-06 15.98195648 -3.3897438 -9.8733551e-07 15.30055714 0.31016588 1.9750939e-07 8.028030396
		 -0.0057520866 2.4780888e-08 9.088231087 -1.27577925 1.6389725e-07 8.23434067 -1.26441836 3.1011587e-07 7.33685732
		 -4.36098671 1.0307269e-07 8.60767937 -4.0025320053 2.7455974e-07 7.55509949 7.12997437 -2.8979862e-06 27.028045654
		 6.22747993 -2.7619767e-06 26.19322777 7.43365097 -2.8483255e-06 26.72323227 7.84524632 -2.9241523e-06 27.18865204
		 7.80118275 -2.9415214e-06 27.29526329 7.4324007 -2.8972158e-06 27.023317337 7.1318121 -2.8483964e-06 26.72366714
		 7.071372986 -2.8741169e-06 26.88153839 6.4558773 -2.8500608e-06 26.7338829 7.84560394 -2.9586417e-06 27.40034866
		 8.059067726 -2.9241596e-06 27.18869781 6.46070957 -2.7462893e-06 26.096939087 -2.74023342 -0.68000996 2.39839745
		 -1.25851893 -0.68001002 2.9197073 -3.85166645 -0.68001068 14.79723644 -1.75520682 -0.68001068 15.11952877
		 -0.32416892 -0.68001014 5.32986259 -0.46099997 -0.68001032 7.69707823 -2.18208075 -0.6800105 11.0026397705
		 -2.16709375 -0.68001056 12.54849148 -3.83842874 -0.6800105 12.38832951 -4.50832081 -0.68001038 9.66025925
		 -4.25927687 -0.68001026 7.55509949 -2.8598597 -0.68001014 4.86806965 -0.28171301 -0.6800102 6.50850868
		 -3.20708942 -0.6800102 6.168859 -0.85141993 -0.68001032 8.62764168 -4.61773205 -0.68001032 8.60767937
		 2.1753242 -0.68001109 24.13499451 1.35976911 -0.68001103 23.41881943 -0.6884954 -0.68001097 20.91297913
		 -3.67229939 -0.6800108 18.16576004 -0.054611921 -0.6800108 18.66900635 1.054201841 -0.68001097 20.65761566
		 2.93598056 -0.68001103 22.89075089 3.95522666 -0.68001109 23.92477989 -1.30858231 -0.68001068 16.1189003
		 -0.99080801 -0.6800108 16.89059639 -4.42315674 -0.68001074 17.14156151 -4.4829464 -0.68001062 16.018718719
		 -3.68765736 -0.68001062 13.59278297 -2.075412273 -0.68001056 13.81433487 -2.49523473 -0.68001074 15.40144634
		 -1.9420011 -0.68001068 16.018978119 -1.95529389 -0.68001074 16.74518394 -2.53071976 -0.6800108 17.3541069
		 -3.31459761 -0.6800108 17.3355217 -3.85406208 -0.68001074 16.77443123 -3.88119268 -0.68001068 16.02696228
		 -3.33655953 -0.68001068 15.42169094 -1.43167877 -0.68001026 7.39394808 -1.44135475 -0.68001032 8.15831661
		 -1.93939757 -0.68001032 8.64211082 -2.83623052 -0.68001032 8.62260818;
	setAttr ".vt[498:663]" -3.3658874 -0.68001026 8.030021667 -3.32888722 -0.68001026 7.32803392
		 -2.79029918 -0.68001026 6.80061388 -2.0032086372 -0.68001026 6.79854059 1.35976911 -2.3099685e-06 23.41881943
		 2.93598056 -2.2239351e-06 22.89075089 3.95522666 -2.3923997e-06 23.92477798 -1.25851893 1.0297609e-06 2.9197073
		 -2.075412273 -7.4519915e-07 13.81433487 -4.50832081 -6.8414408e-08 9.66025925 -0.28171301 4.4507101e-07 6.50850868
		 -3.20708942 5.0040694e-07 6.168859 -0.054611921 -1.5361256e-06 18.66900635 1.054201841 -1.8601113e-06 20.65761566
		 -1.75520682 -9.578423e-07 15.11952877 -1.30858231 -1.1206606e-06 16.1189003 -1.9420011 -1.1043812e-06 16.018978119
		 -0.99080801 -1.2463858e-06 16.89059639 -2.53071976 -1.3219012e-06 17.3541069 -3.31459761 -1.3188734e-06 17.3355217
		 -3.85406208 -1.2274601e-06 16.77443123 -4.4829464 -1.1043392e-06 16.018718719 -3.33655953 -1.0070708e-06 15.42169094
		 -1.93939757 9.7463101e-08 8.64211082 -2.83623052 1.0064048e-07 8.62260818 -4.61773205 1.0307269e-07 8.60767937
		 -4.25927687 2.7455974e-07 7.55509949 -3.32888722 3.1155338e-07 7.32803392 -2.79029918 3.9748102e-07 6.80061388
		 -2.0032086372 3.9781878e-07 6.79854059 2.1753242 0.68000633 24.13499451 1.35976911 0.6800065 23.41881943
		 2.93598056 0.68000662 22.89075089 3.95522666 0.68000633 23.92477989 -2.74023342 0.68001223 2.39839745
		 -1.25851893 0.68001217 2.9197073 -0.32416892 0.68001145 5.32986259 -2.8598597 0.68001157 4.86806965
		 -2.16709375 0.68000948 12.54849148 -2.075412273 0.68000913 13.81433487 -3.68765736 0.68000919 13.59278297
		 -3.83842874 0.68000954 12.38832951 -4.50832081 0.68001026 9.66025925 -2.18208075 0.6800099 11.0026407242
		 -0.28171301 0.68001115 6.50850868 -3.20708942 0.68001127 6.168859 -0.6884954 0.68000716 20.91297913
		 -3.67229939 0.68000793 18.16576004 -0.054611921 0.68000782 18.66900635 1.054201841 0.68000728 20.65761566
		 -1.75520682 0.68000877 15.11952877 -3.85166645 0.68000889 14.79723644 -1.30858231 0.68000841 16.1189003
		 -1.9420011 0.68000853 16.018978119 -2.49523473 0.68000871 15.40144634 -0.99080801 0.68000829 16.89059639
		 -1.95529389 0.68000835 16.74518394 -2.53071976 0.68000817 17.3541069 -3.31459761 0.68000817 17.3355217
		 -4.42315674 0.68000823 17.14156151 -3.85406208 0.68000835 16.77443123 -4.4829464 0.68000847 16.018718719
		 -3.88119268 0.68000853 16.02696228 -3.33655953 0.68000865 15.42169094 -0.46099997 0.6800108 7.69707823
		 -0.85141993 0.68001056 8.62764168 -1.44135475 0.68001068 8.15831661 -1.43167877 0.68001086 7.39394808
		 -1.93939757 0.68001056 8.64211082 -2.83623052 0.68001056 8.62260818 -4.61773205 0.68001056 8.60767937
		 -3.3658874 0.68001074 8.030021667 -4.25927687 0.68001086 7.55509949 -3.32888722 0.68001097 7.32803392
		 -2.79029918 0.68001109 6.80061388 -2.0032086372 0.68001109 6.79854059 2.1753242 -2.4266483e-06 24.13499451
		 -2.74023342 1.1146932e-06 2.39839745 -0.32416892 6.3709683e-07 5.32986259 -2.8598597 7.1233251e-07 4.86806965
		 -2.16709375 -5.3896713e-07 12.54849148 -3.68765736 -7.091038e-07 13.59278297 -3.83842874 -5.1287338e-07 12.38832951
		 -2.18208075 -2.8711599e-07 11.0026397705 -0.6884954 -1.9017152e-06 20.91297913 -3.67229939 -1.4541364e-06 18.16576004
		 -3.85166645 -9.0533422e-07 14.79723644 -2.49523473 -1.0037725e-06 15.40144634 -1.95529389 -1.2226951e-06 16.74518394
		 -4.42315674 -1.2872731e-06 17.14156151 -3.88119268 -1.105682e-06 16.02696228 -0.46099997 2.5142845e-07 7.69707823
		 -0.85141993 9.9820397e-08 8.62764168 -1.44135475 1.7628315e-07 8.15831661 -1.43167877 3.0081452e-07 7.39394855
		 -3.3658874 1.9718505e-07 8.030021667 2.65252638 -0.25999889 -3.063765526 -0.32521296 -0.25999895 -3.74761868
		 -11.82469845 -0.26000032 -30.64114761 -11.87290382 -0.26000032 -30.57114792 3.78766727 -0.25999951 -15.46045589
		 1.60848331 -0.25999954 -15.53040123 -0.36773634 -0.25999907 -6.1049962 0.15733862 -0.25999919 -8.6981802
		 0.89780307 -0.25999928 -10.81716824 1.6536063 -0.25999942 -13.17302036 3.76982331 -0.25999942 -13.051578522
		 4.43449688 -0.25999928 -10.3222332 4.18142796 -0.25999913 -8.21755219 2.77687526 -0.25999904 -5.5332036
		 -0.26933599 -0.25999913 -7.28345585 3.12659192 -0.2599991 -6.83332682 0.54826522 -0.25999925 -9.75763416
		 4.54189491 -0.25999919 -9.26944542 -7.59115028 -0.26000023 -28.99373245 -3.12695384 -0.26000014 -26.77783966
		 -1.42084861 -0.25999999 -24.3938179 0.63619709 -0.25999984 -21.58223724 3.61474228 -0.25999966 -18.82931519
		 0.35820532 -0.25999969 -18.2588253 -1.1984446 -0.25999981 -20.9114151 -3.38178802 -0.25999996 -23.52012634
		 -5.77675533 -0.26000011 -26.032518387 -8.85444546 -0.26000017 -28.22704697 1.25969613 -0.2599996 -16.48552132
		 0.8416239 -0.25999966 -17.33337212 4.36363983 -0.25999963 -17.80368423 4.42128181 -0.2599996 -16.68072891
		 3.6213553 -0.25999948 -14.25631809 1.70384085 -0.25999948 -14.35157204 2.63626838 -0.25999957 -15.94318867
		 2.014782429 -0.2599996 -16.63957977 2.031310558 -0.25999966 -17.45709419 2.68042016 -0.25999966 -18.14136314
		 3.56284857 -0.25999966 -18.11875343 4.16895533 -0.25999966 -17.4859314 4.19788885 -0.2599996 -16.64439392
		 3.5834527 -0.25999957 -15.96416759 1.44290245 -0.25999916 -8.0045471191 1.45597959 -0.25999922 -8.90200615
		 2.041841984 -0.25999925 -9.46893406 3.094812632 -0.25999925 -9.44402218 3.71537733 -0.25999919 -8.74704838
		 3.6703577 -0.25999916 -7.922894 3.036791325 -0.25999913 -7.30483437 2.11262608 -0.25999913 -7.30416727
		 -7.84105492 -0.2600002 -28.08452034 -5.92287922 -0.26000011 -27.09295845 -6.012923241 -0.26000011 -26.87520981
		 -7.88351822 -0.26000017 -27.97792435 -6.77947903 -0.2600002 -28.5908432 -5.96780682 -0.26000017 -28.18795395
		 -3.93862605 -0.26000014 -27.18072891 -6.48686123 -0.26000011 -26.53121758 -7.25129128 -0.26000017 -27.043622971
		 -8.045403481 -0.2600002 -27.62200737 -7.73046112 -0.26000017 -28.12706947 -7.62873554 -0.2600002 -28.085420609
		 -7.58451557 -0.26000017 -27.98025131 -7.21625423 -0.26000017 -27.70759964 -7.068354607 -0.26000017 -27.76791763
		 -6.91382027 -0.26000017 -27.71175194 -6.85549927 -0.26000017 -27.56513214 -6.46754456 -0.26000017 -27.32096672
		 -6.24028683 -0.26000014 -27.41630173 -6.0107584 -0.26000017 -27.31814957;
	setAttr ".vt[664:829]" -6.24633694 -0.26000011 -26.77936554 -6.46903324 -0.26000011 -26.87822914
		 -6.55715752 -0.26000014 -27.10069656 -6.91623974 -0.26000014 -27.40737915 -7.066331863 -0.26000017 -27.34155655
		 -7.21807861 -0.26000014 -27.40751839 -7.28046703 -0.26000017 -27.55869675 -7.62878323 -0.2600002 -27.87372589
		 -7.73401833 -0.26000017 -27.82966995 -7.84260464 -0.2600002 -27.87417984 -3.12695384 -1.6134062e-06 -26.77783966
		 -1.42084861 -1.2255319e-06 -24.3938179 -4.076519012 -1.0583831e-06 -23.37294006 -6.13082218 -1.451593e-06 -25.79037857
		 1.23136353 6.0160681e-07 -13.17382717 1.30275321 4.0958105e-07 -14.35233879 3.6213553 4.2450245e-07 -14.25631809
		 0.63619709 -7.6810898e-07 -21.58223724 3.61474228 -3.2053015e-07 -18.82931519 -0.21114302 -1.9702213e-07 -18.078544617
		 -2.11365962 -6.356338e-07 -20.77436638 -8.91652012 -1.8312084e-06 -28.12577248 -11.99870205 -2.233724e-06 -30.60229492
		 -11.84876156 -2.2539007e-06 -30.72585297 -7.59115028 -1.9730296e-06 -28.99373245
		 1.059362769 2.1755534e-07 -15.53145218 3.78766727 2.2827206e-07 -15.46045589 0.6358608 7.9362849e-08 -16.38048172
		 0.21235895 -5.8829642e-08 -17.22951317 4.36363983 -1.5366692e-07 -17.80368423 4.42128181 2.9267142e-08 -16.68072891
		 -3.93862605 -1.6787923e-06 -27.18072891 -5.96780682 -1.8422576e-06 -28.18795395 -6.77947903 -1.9076438e-06 -28.5908432
		 -8.15678501 -1.7276769e-06 -27.48884964 -7.39704895 -1.6241455e-06 -26.85192108 -6.63731194 -1.5206141e-06 -26.21499634
		 2.014782429 3.6720962e-08 -16.63957977 2.63626838 1.4998378e-07 -15.94318867 2.68042016 -2.0815764e-07 -18.14136505
		 4.16895533 -1.0183805e-07 -17.4859314 2.041841984 1.204957e-06 -9.46893406 3.094812632 1.2086876e-06 -9.44402218
		 3.71537733 1.3220456e-06 -8.74704838 3.6703577 1.4563311e-06 -7.922894 3.036791325 1.557223e-06 -7.30483437
		 2.11262608 1.5576196e-06 -7.30416727 -7.068354607 -1.7734823e-06 -27.76791763 -5.92287922 -1.6638745e-06 -27.09295845
		 -7.066331863 -1.7040203e-06 -27.34155655 -7.84105492 -1.8248226e-06 -28.08452034
		 -7.88351822 -1.8074428e-06 -27.97792435 -7.28046703 -1.7393301e-06 -27.55869675 -6.46754456 -1.7008521e-06 -27.32096672
		 -6.55715752 -1.6649375e-06 -27.10069656 -6.0107584 -1.7005351e-06 -27.31814957 -7.73046112 -1.8317893e-06 -28.12706947
		 -7.73401833 -1.7833355e-06 -27.82966995 -6.46903324 -1.6287205e-06 -26.87822914 -3.12695384 0.25999686 -26.77783966
		 -1.42084861 0.25999749 -24.3938179 -3.38178802 0.25999776 -23.52012634 -5.77675533 0.25999707 -26.032518387
		 2.65252638 0.26000336 -3.063765526 -0.32521296 0.26000318 -3.74761868 -0.36773634 0.26000252 -6.1049962
		 2.77687526 0.26000267 -5.5332036 1.6536063 0.26000062 -13.17302036 1.70384085 0.26000026 -14.35157204
		 3.6213553 0.26000032 -14.25631809 3.76982331 0.26000062 -13.051578522 4.43449688 0.26000136 -10.3222332
		 0.89780307 0.26000124 -10.81716824 -0.26933599 0.26000223 -7.28345585 3.12659192 0.26000232 -6.83332682
		 0.63619709 0.25999829 -21.58223724 3.61474228 0.25999901 -18.82931519 0.35820532 0.25999922 -18.2588253
		 -1.1984446 0.25999844 -20.9114151 -8.85444546 0.25999647 -28.22704697 -11.87290382 0.25999585 -30.57114792
		 -11.82469845 0.25999579 -30.64114761 -7.59115028 0.25999624 -28.99373245 1.60848331 0.25999996 -15.53040123
		 3.78766727 0.25999993 -15.46045589 1.25969613 0.25999972 -16.48552132 2.014782429 0.25999966 -16.63957977
		 2.63626838 0.25999987 -15.94318867 0.8416239 0.25999948 -17.33337212 2.031310558 0.25999942 -17.45709419
		 2.68042016 0.25999925 -18.14136314 3.56284857 0.25999925 -18.11875343 4.36363983 0.25999928 -17.80368423
		 4.16895533 0.25999942 -17.4859314 4.42128181 0.2599996 -16.68072891 4.19788885 0.25999966 -16.64439392
		 3.5834527 0.25999981 -15.96416759 0.15733862 0.26000181 -8.6981802 0.54826522 0.26000151 -9.75763416
		 1.45597959 0.26000178 -8.90200615 1.44290245 0.26000202 -8.0045471191 2.041841984 0.26000163 -9.46893406
		 3.094812632 0.26000163 -9.44402218 4.54189491 0.26000163 -9.26944542 3.71537733 0.26000181 -8.74704838
		 4.18142796 0.26000193 -8.21755219 3.6703577 0.26000202 -7.922894 3.036791325 0.26000223 -7.30483437
		 2.11262608 0.26000223 -7.30416727 -5.96780682 0.25999647 -28.18795395 -6.91382027 0.25999659 -27.71175194
		 -7.068354607 0.25999659 -27.76791763 -6.012923241 0.25999683 -26.87520981 -5.92287922 0.25999677 -27.09295845
		 -7.25129128 0.25999683 -27.043622971 -7.21807861 0.25999668 -27.40751839 -7.066331863 0.25999671 -27.34155655
		 -7.84105492 0.2599965 -28.08452034 -7.88351822 0.25999653 -27.97792435 -7.28046703 0.25999665 -27.55869675
		 -7.62878323 0.25999656 -27.87372589 -7.58451557 0.25999653 -27.98025131 -7.21625423 0.25999659 -27.70759964
		 -6.85549927 0.25999665 -27.56513214 -6.46754456 0.25999671 -27.32096672 -6.55715752 0.2599968 -27.10069656
		 -6.91623974 0.25999668 -27.40737915 -3.93862605 0.25999674 -27.18072891 -6.0107584 0.25999671 -27.31814957
		 -6.24028683 0.25999668 -27.41630173 -6.77947903 0.25999638 -28.5908432 -7.73046112 0.25999647 -28.12706947
		 -7.62873554 0.2599965 -28.085420609 -8.045403481 0.25999668 -27.62200737 -7.84260464 0.25999656 -27.87417984
		 -7.73401833 0.25999659 -27.82966995 -6.48686123 0.25999695 -26.53121758 -6.24633694 0.25999683 -26.77936554
		 -6.46903324 0.25999683 -26.87822914 2.65252638 2.2482996e-06 -3.063765526 -0.32521296 2.1378135e-06 -3.74761868
		 -0.36773634 1.7537618e-06 -6.1049962 2.77687526 1.8459388e-06 -5.5332036 3.76982331 6.2073286e-07 -13.051578522
		 4.43449688 1.0651918e-06 -10.3222332 0.5055325 9.8565852e-07 -10.81791878 -0.407938 1.561736e-06 -7.28372097
		 3.12659192 1.6340132e-06 -6.83332682 2.031310558 -9.6473855e-08 -17.45709419 3.56284857 -2.0474891e-07 -18.11875343
		 4.19788885 3.5256676e-08 -16.64439392 3.5834527 1.4627074e-07 -15.96416759 -0.13035727 1.3311156e-06 -8.69873047
		 0.18758774 1.1583871e-06 -9.75832367 1.45597959 1.2975036e-06 -8.90200615 1.44290257 1.4437221e-06 -8.0045471191
		 4.54189491 1.2366789e-06 -9.26944542 4.18142796 1.408166e-06 -8.21755219 -6.91382027 -1.7643798e-06 -27.71175194
		 -6.012923241 -1.6283706e-06 -26.87520981 -7.21807861 -1.7147191e-06 -27.40751839
		 -7.62878323 -1.790546e-06 -27.87372589 -7.58451557 -1.8079151e-06 -27.98025131 -7.21625423 -1.7636095e-06 -27.70759964
		 -6.91623974 -1.7147903e-06 -27.40737915 -6.85549927 -1.7405106e-06 -27.56513214;
	setAttr ".vt[830:971]" -6.24028683 -1.7164547e-06 -27.41630173 -7.62873554 -1.8250354e-06 -28.085420609
		 -7.84260464 -1.7905535e-06 -27.87417984 -6.24633694 -1.6126831e-06 -26.77936554 2.909271 -0.68000883 -3.063274384
		 1.42855644 -0.68000889 -3.58741665 4.044412136 -0.68000954 -15.45996475 1.94857264 -0.68000954 -15.78626537
		 0.49881697 -0.68000901 -5.99935389 0.64017451 -0.68000919 -8.36630344 2.36757326 -0.68000937 -11.66856766
		 2.35554218 -0.68000942 -13.21444511 4.026567936 -0.68000937 -13.051087379 4.69124174 -0.68000925 -10.32174206
		 4.43817282 -0.68000913 -8.217062 3.033619881 -0.68000901 -5.53271294 0.45861506 -0.68000907 -7.17807913
		 3.38333654 -0.68000907 -6.83283567 1.03237319 -0.68000919 -9.29611874 4.79863977 -0.68000919 -9.26895428
		 -1.96471143 -0.68000996 -24.8092308 -1.150527 -0.6800099 -24.091499329 0.89294171 -0.68000984 -21.58174515
		 3.87148666 -0.68000966 -18.828825 0.25476861 -0.68000966 -19.33898926 -0.85024071 -0.68000984 -21.32971573
		 -2.72774577 -0.6800099 -23.56644249 -3.74501252 -0.68000996 -24.60242081 1.50386 -0.68000954 -16.78648949
		 1.18756199 -0.68000966 -17.55879211 4.62038422 -0.6800096 -17.80319214 4.6780262 -0.68000948 -16.68023872
		 3.87809992 -0.68000948 -14.25582695 2.2662816 -0.68000942 -14.48046112 2.68913817 -0.6800096 -16.066768646
		 2.13708663 -0.68000954 -16.68535614 2.15176797 -0.6800096 -17.41153526 2.72835732 -0.68000966 -18.019355774
		 3.51219797 -0.68000966 -17.99927139 4.050588608 -0.6800096 -17.43715096 4.076289654 -0.68000954 -16.68963242
		 3.53050017 -0.68000954 -16.085403442 1.61027181 -0.68000913 -8.061317444 1.62140942 -0.68000919 -8.82566643
		 2.12037659 -0.68000919 -9.30850697 3.017170429 -0.68000919 -9.28728962 3.54569316 -0.68000913 -8.69369125
		 3.50735068 -0.68000913 -7.99177599 2.96775508 -0.68000913 -7.46538687 2.18066216 -0.68000913 -7.46481848
		 -1.150527 -1.1763623e-06 -24.091499329 -2.72774577 -1.0903287e-06 -23.56644249 -3.74501252 -1.2587934e-06 -24.6024189
		 1.42855644 2.1633673e-06 -3.58741665 2.2662816 3.884071e-07 -14.48046112 4.69124174 1.0651918e-06 -10.32174206
		 0.45861506 1.5786773e-06 -7.17807913 3.38333654 1.6340132e-06 -6.83283567 0.25476861 -4.0251939e-07 -19.33898926
		 -0.85024071 -7.2650505e-07 -21.32971573 1.94857264 1.7576397e-07 -15.78626537 1.50386 1.2945634e-08 -16.78648949
		 2.13708663 2.9224964e-08 -16.68535614 1.18756199 -1.127795e-07 -17.55879211 2.72835732 -1.8829496e-07 -18.019355774
		 3.51219797 -1.8526714e-07 -17.99927139 4.050588608 -9.3853828e-08 -17.43715096 4.6780262 2.9267142e-08 -16.68023872
		 3.53050017 1.2653553e-07 -16.085403442 2.12037659 1.2310693e-06 -9.30850697 3.017170429 1.2342467e-06 -9.28728962
		 4.79863977 1.2366789e-06 -9.26895428 4.43817282 1.408166e-06 -8.217062 3.50735068 1.4451596e-06 -7.99177599
		 2.96775508 1.5310873e-06 -7.46538687 2.18066216 1.531425e-06 -7.46481848 -1.96471143 0.68000746 -24.8092308
		 -1.150527 0.68000764 -24.091499329 -2.72774577 0.68000776 -23.56644249 -3.74501252 0.68000746 -24.60242081
		 2.909271 0.68001336 -3.063274384 1.42855644 0.6800133 -3.58741665 0.49881697 0.68001258 -5.99935389
		 3.033619881 0.6800127 -5.53271294 2.35554218 0.68001062 -13.21444511 2.2662816 0.68001026 -14.48046112
		 3.87809992 0.68001032 -14.25582695 4.026567936 0.68001068 -13.051087379 4.69124174 0.68001139 -10.32174206
		 2.36757326 0.68001103 -11.66856861 0.45861506 0.68001229 -7.17807913 3.38333654 0.6800124 -6.83283567
		 0.89294171 0.68000829 -21.58174515 3.87148666 0.68000907 -18.828825 0.25476861 0.68000895 -19.33898926
		 -0.85024071 0.68000841 -21.32971573 1.94857264 0.6800099 -15.78626537 4.044412136 0.68001002 -15.45996475
		 1.50386 0.68000954 -16.78648949 2.13708663 0.68000966 -16.68535614 2.68913817 0.68000984 -16.066768646
		 1.18756199 0.68000942 -17.55879211 2.15176797 0.68000948 -17.41153526 2.72835732 0.68000931 -18.019355774
		 3.51219797 0.68000931 -17.99927139 4.62038422 0.68000937 -17.80319214 4.050588608 0.68000948 -17.43715096
		 4.6780262 0.6800096 -16.68023872 4.076289654 0.68000966 -16.68963242 3.53050017 0.68000978 -16.085403442
		 0.64017451 0.68001193 -8.36630344 1.03237319 0.68001169 -9.29611874 1.62140942 0.68001181 -8.82566643
		 1.61027181 0.68001199 -8.061317444 2.12037659 0.68001169 -9.30850697 3.017170429 0.68001169 -9.28728962
		 4.79863977 0.68001169 -9.26895428 3.54569316 0.68001187 -8.69369125 4.43817282 0.68001199 -8.217062
		 3.50735068 0.68001211 -7.99177599 2.96775508 0.68001223 -7.46538687 2.18066216 0.68001223 -7.46481848
		 -1.96471143 -1.293042e-06 -24.8092308 2.909271 2.2482996e-06 -3.063274384 0.49881697 1.7707031e-06 -5.99935389
		 3.033619881 1.8459388e-06 -5.53271294 2.35554218 5.9463912e-07 -13.21444511 3.87809992 4.2450245e-07 -14.25582695
		 4.026567936 6.2073286e-07 -13.051087379 2.36757326 8.4649025e-07 -11.66856766 0.89294171 -7.6810898e-07 -21.58174515
		 3.87148666 -3.2053015e-07 -18.828825 4.044412136 2.2827206e-07 -15.45996475 2.68913817 1.2983372e-07 -16.066768646
		 2.15176797 -8.9088871e-08 -17.41153526 4.62038422 -1.5366692e-07 -17.80319214 4.076289654 2.7924273e-08 -16.68963242
		 0.64017451 1.3850347e-06 -8.36630344 1.03237319 1.2334267e-06 -9.29611874 1.62140942 1.3098894e-06 -8.82566643
		 1.61027181 1.4344207e-06 -8.061317444 3.54569316 1.3307913e-06 -8.69369125;
	setAttr -s 2008 ".ed";
	setAttr ".ed[0:165]"  0 96 0 96 97 0 97 3 0 3 0 0 1 2 0 2 5 0 5 4 0 4 1 0
		 64 65 0 65 66 0 66 67 0 67 64 0 7 8 0 8 11 0 11 10 0 10 7 0 9 108 0 108 112 0 112 12 0
		 12 9 0 68 69 0 69 70 0 70 71 0 71 68 0 112 118 0 118 15 0 15 12 0 13 14 0 14 17 0
		 17 16 0 16 13 0 72 73 0 73 74 0 74 75 0 75 72 0 19 20 0 20 23 0 23 22 0 22 19 0 76 77 0
		 77 78 0 78 79 0 79 76 0 24 132 0 132 138 0 138 27 0 27 24 0 25 26 0 26 29 0 29 28 0
		 28 25 0 138 142 0 142 30 0 30 27 0 80 81 0 81 82 0 82 83 0 83 80 0 142 148 0 148 33 0
		 33 30 0 31 32 0 32 35 0 35 34 0 34 31 0 148 152 0 152 36 0 36 33 0 84 85 0 85 86 0
		 86 87 0 87 84 0 152 158 0 158 39 0 39 36 0 37 38 0 38 41 0 41 40 0 40 37 0 158 162 0
		 162 42 0 42 39 0 88 89 0 89 90 0 90 91 0 91 88 0 162 168 0 168 45 0 45 42 0 43 44 0
		 44 47 0 47 46 0 46 43 0 168 96 0 0 45 0 94 95 0 95 92 0 92 93 0 93 94 0 4 49 0 49 48 0
		 48 1 0 4 7 0 7 50 0 50 49 0 10 51 0 51 50 0 10 13 0 13 52 0 52 51 0 16 53 0 53 52 0
		 16 19 0 19 54 0 54 53 0 22 55 0 55 54 0 22 25 0 25 56 0 56 55 0 28 57 0 57 56 0 28 31 0
		 31 58 0 58 57 0 34 59 0 59 58 0 34 37 0 37 60 0 60 59 0 40 61 0 61 60 0 40 43 0 43 62 0
		 62 61 0 46 63 0 63 62 0 46 1 0 48 63 0 5 65 0 64 4 0 5 8 0 8 66 0 7 67 0 11 69 0
		 68 10 0 11 14 0 14 70 0 13 71 0 17 73 0 72 16 0 17 20 0 20 74 0 19 75 0 23 77 0 76 22 0
		 23 26 0 26 78 0 25 79 0 29 81 0 80 28 0 29 32 0 32 82 0 31 83 0 35 85 0 84 34 0;
	setAttr ".ed[166:331]" 35 38 0 38 86 0 37 87 0 41 89 0 88 40 0 41 44 0 44 90 0
		 43 91 0 1 93 0 92 2 0 46 94 0 47 95 0 47 2 0 3 5 0 2 0 0 3 6 0 6 8 0 6 9 0 9 11 0
		 12 14 0 15 17 0 15 18 0 18 20 0 18 21 0 21 23 0 21 24 0 24 26 0 27 29 0 30 32 0 33 35 0
		 36 38 0 39 41 0 42 44 0 45 47 0 49 176 0 176 177 0 177 48 0 53 181 0 181 180 0 180 52 0
		 54 182 0 182 181 0 62 190 0 190 189 0 189 61 0 63 191 0 191 190 0 177 191 0 98 101 0
		 101 100 0 100 99 0 99 98 0 97 102 0 102 6 0 103 106 0 106 105 0 105 104 0 104 103 0
		 102 108 0 109 111 0 111 110 0 110 107 0 107 109 0 113 116 0 116 115 0 115 114 0 114 113 0
		 119 121 0 121 120 0 120 117 0 117 119 0 118 122 0 122 18 0 123 126 0 126 125 0 125 124 0
		 124 123 0 122 128 0 128 21 0 129 131 0 131 130 0 130 127 0 127 129 0 128 132 0 133 136 0
		 136 135 0 135 134 0 134 133 0 139 141 0 141 140 0 140 137 0 137 139 0 143 146 0 146 145 0
		 145 144 0 144 143 0 149 151 0 151 150 0 150 147 0 147 149 0 153 156 0 156 155 0 155 154 0
		 154 153 0 159 161 0 161 160 0 160 157 0 157 159 0 163 166 0 166 165 0 165 164 0 164 163 0
		 169 171 0 171 170 0 170 167 0 167 169 0 172 175 0 175 174 0 174 173 0 173 172 0 98 177 0
		 176 101 0 176 178 0 178 109 0 109 101 0 178 179 0 179 111 0 179 180 0 180 119 0 119 111 0
		 181 121 0 182 129 0 129 121 0 182 183 0 183 131 0 183 184 0 184 139 0 139 131 0 184 185 0
		 185 141 0 185 186 0 186 149 0 149 141 0 186 187 0 187 151 0 187 188 0 188 159 0 159 151 0
		 188 189 0 189 161 0 190 169 0 169 161 0 191 171 0 98 171 0 101 103 0 104 100 0 105 107 0
		 107 100 0 106 109 0 111 113 0 114 110 0 115 117 0 117 110 0 116 119 0 121 123 0 124 120 0;
	setAttr ".ed[332:497]" 125 127 0 127 120 0 126 129 0 131 133 0 134 130 0 135 137 0
		 137 130 0 136 139 0 141 143 0 144 140 0 145 147 0 147 140 0 146 149 0 151 153 0 154 150 0
		 155 157 0 157 150 0 156 159 0 161 163 0 164 160 0 165 167 0 167 160 0 166 169 0 99 174 0
		 175 98 0 172 171 0 173 170 0 99 170 0 100 97 0 96 99 0 107 102 0 110 108 0 117 112 0
		 120 118 0 127 122 0 130 128 0 137 132 0 140 138 0 147 142 0 150 148 0 157 152 0 160 158 0
		 167 162 0 170 168 0 50 178 0 51 179 0 55 183 0 56 184 0 57 185 0 58 186 0 59 187 0
		 60 188 0 195 193 0 193 192 0 192 194 0 194 195 0 197 195 0 194 196 0 196 197 0 198 199 0
		 199 201 0 201 200 0 200 198 0 201 203 0 203 202 0 202 200 0 195 201 0 199 193 0 198 192 0
		 200 194 0 197 203 0 202 196 0 207 205 0 205 204 0 204 206 0 206 207 0 209 207 0 206 208 0
		 208 209 0 210 211 0 211 213 0 213 212 0 212 210 0 213 215 0 215 214 0 214 212 0 207 213 0
		 211 205 0 210 204 0 212 206 0 209 215 0 214 208 0 235 236 0 236 241 0 241 242 0 242 235 0
		 216 217 0 217 222 0 222 229 0 229 216 0 225 249 0 249 248 0 248 226 0 226 225 0 226 227 0
		 227 224 0 224 225 0 222 230 0 230 231 0 231 229 0 237 238 0 238 239 0 239 240 0 240 237 0
		 236 237 0 240 241 0 243 219 0 219 218 0 218 234 0 234 243 0 249 221 0 221 220 0 220 248 0
		 221 244 0 244 251 0 251 250 0 250 221 0 244 245 0 245 252 0 252 251 0 245 239 0 239 253 0
		 253 252 0 238 254 0 254 253 0 238 246 0 246 255 0 255 254 0 246 247 0 247 256 0 256 255 0
		 247 220 0 220 257 0 257 256 0 250 257 0 223 232 0 232 259 0 259 258 0 258 223 0 232 224 0
		 224 260 0 260 259 0 227 261 0 261 260 0 227 233 0 233 262 0 262 261 0 233 228 0 228 263 0
		 263 262 0 228 231 0 231 264 0 264 263 0 230 265 0 265 264 0 230 223 0;
	setAttr ".ed[498:663]" 258 265 0 271 281 0 281 280 0 280 271 0 242 268 0 268 267 0
		 267 235 0 274 291 0 291 290 0 290 274 0 234 266 0 266 269 0 269 243 0 292 293 0 293 278 0
		 278 279 0 279 292 0 282 283 0 283 288 0 288 289 0 289 282 0 272 235 0 267 285 0 285 272 0
		 285 284 0 284 272 0 284 271 0 271 272 0 271 283 0 282 271 0 282 281 0 234 270 0 270 276 0
		 276 266 0 277 276 0 270 277 0 278 277 0 270 278 0 270 271 0 280 279 0 279 270 0 275 243 0
		 269 295 0 295 275 0 295 294 0 294 275 0 294 293 0 293 275 0 274 275 0 292 274 0 292 291 0
		 242 273 0 273 286 0 286 268 0 287 286 0 273 287 0 273 274 0 274 288 0 288 287 0 274 289 0
		 290 289 0 235 296 0 296 297 0 297 236 0 241 298 0 298 299 0 299 242 0 216 425 0 425 426 0
		 426 217 0 426 427 0 427 222 0 229 428 0 428 425 0 225 300 0 300 301 0 301 249 0 248 302 0
		 302 429 0 429 226 0 429 430 0 430 227 0 224 431 0 431 300 0 427 432 0 432 230 0 231 433 0
		 433 428 0 237 303 0 303 304 0 304 238 0 239 305 0 305 306 0 306 240 0 297 303 0 306 298 0
		 243 307 0 307 308 0 308 219 0 308 309 0 309 218 0 309 310 0 310 234 0 301 311 0 311 221 0
		 220 312 0 312 302 0 311 313 0 313 244 0 251 323 0 323 324 0 324 250 0 313 314 0 314 245 0
		 252 434 0 434 323 0 314 305 0 253 325 0 325 434 0 254 435 0 435 325 0 304 315 0 315 246 0
		 255 326 0 326 435 0 315 316 0 316 247 0 256 436 0 436 326 0 316 312 0 257 437 0 437 436 0
		 324 437 0 223 438 0 438 439 0 439 232 0 259 440 0 440 441 0 441 258 0 439 431 0 260 327 0
		 327 440 0 261 328 0 328 327 0 430 442 0 442 233 0 262 329 0 329 328 0 442 443 0 443 228 0
		 263 330 0 330 329 0 443 433 0 264 331 0 331 330 0 265 332 0 332 331 0 432 438 0 441 332 0
		 281 444 0 444 333 0 333 280 0 268 445 0 445 334 0 334 267 0 291 446 0;
	setAttr ".ed[664:829]" 446 335 0 335 290 0 266 336 0 336 337 0 337 269 0 293 447 0
		 447 448 0 448 278 0 279 449 0 449 338 0 338 292 0 283 339 0 339 340 0 340 288 0 289 450 0
		 450 451 0 451 282 0 272 317 0 317 296 0 334 341 0 341 285 0 341 452 0 452 284 0 452 339 0
		 283 284 0 271 318 0 318 317 0 451 444 0 310 319 0 319 270 0 276 342 0 342 336 0 277 453 0
		 453 342 0 448 453 0 319 318 0 333 449 0 275 320 0 320 307 0 337 454 0 454 295 0 454 343 0
		 343 294 0 343 447 0 274 321 0 321 320 0 338 446 0 299 322 0 322 273 0 286 455 0 455 445 0
		 287 344 0 344 455 0 322 321 0 340 344 0 335 450 0 345 348 0 348 347 0 347 346 0 346 345 0
		 349 352 0 352 351 0 351 350 0 350 349 0 353 356 0 356 355 0 355 354 0 354 353 0 353 358 0
		 358 357 0 357 356 0 352 360 0 360 359 0 359 351 0 361 364 0 364 363 0 363 362 0 362 361 0
		 347 364 0 361 346 0 365 368 0 368 367 0 367 366 0 366 365 0 355 370 0 370 369 0 369 354 0
		 369 373 0 373 372 0 372 371 0 371 369 0 372 375 0 375 374 0 374 371 0 375 376 0 376 363 0
		 363 374 0 376 377 0 377 362 0 377 379 0 379 378 0 378 362 0 379 381 0 381 380 0 380 378 0
		 381 382 0 382 370 0 370 380 0 382 373 0 383 386 0 386 385 0 385 384 0 384 383 0 385 387 0
		 387 358 0 358 384 0 387 388 0 388 357 0 388 390 0 390 389 0 389 357 0 390 392 0 392 391 0
		 391 389 0 392 393 0 393 360 0 360 391 0 393 394 0 394 359 0 394 386 0 383 359 0 395 397 0
		 397 396 0 396 395 0 345 399 0 399 398 0 398 348 0 400 402 0 402 401 0 401 400 0 365 404 0
		 404 403 0 403 368 0 405 408 0 408 407 0 407 406 0 406 405 0 409 412 0 412 411 0 411 410 0
		 410 409 0 413 414 0 414 399 0 345 413 0 413 415 0 415 414 0 415 395 0 395 410 0 410 415 0
		 395 409 0 396 409 0 403 417 0 417 416 0 416 368 0 418 416 0 417 418 0;
	setAttr ".ed[830:995]" 407 416 0 418 407 0 416 408 0 408 397 0 395 416 0 419 420 0
		 420 404 0 365 419 0 419 421 0 421 420 0 419 406 0 406 421 0 400 405 0 419 400 0 401 405 0
		 398 423 0 423 422 0 422 348 0 424 422 0 423 424 0 424 411 0 411 400 0 400 422 0 412 400 0
		 412 402 0 296 345 0 346 297 0 298 347 0 348 299 0 425 349 0 350 426 0 351 427 0 428 352 0
		 300 353 0 354 301 0 302 355 0 356 429 0 357 430 0 431 358 0 359 432 0 433 360 0 303 361 0
		 362 304 0 305 363 0 364 306 0 307 365 0 366 308 0 367 309 0 368 310 0 369 311 0 312 370 0
		 371 313 0 323 372 0 373 324 0 374 314 0 434 375 0 325 376 0 435 377 0 378 315 0 326 379 0
		 380 316 0 436 381 0 437 382 0 438 383 0 384 439 0 440 385 0 386 441 0 327 387 0 328 388 0
		 389 442 0 329 390 0 391 443 0 330 392 0 331 393 0 332 394 0 444 396 0 397 333 0 445 398 0
		 399 334 0 446 401 0 402 335 0 336 403 0 404 337 0 447 406 0 407 448 0 449 408 0 405 338 0
		 339 410 0 411 340 0 450 412 0 409 451 0 317 413 0 414 341 0 415 452 0 318 395 0 395 413 0
		 416 319 0 342 417 0 453 418 0 320 419 0 420 454 0 421 343 0 321 400 0 422 322 0 455 423 0
		 344 424 0 472 473 0 473 478 0 478 479 0 479 472 0 456 457 0 457 460 0 460 467 0 467 456 0
		 463 485 0 485 484 0 484 464 0 464 463 0 464 465 0 465 462 0 462 463 0 460 468 0 468 469 0
		 469 467 0 474 475 0 475 476 0 476 477 0 477 474 0 473 474 0 477 478 0 485 459 0 459 458 0
		 458 484 0 459 480 0 480 487 0 487 486 0 486 459 0 480 481 0 481 488 0 488 487 0 481 476 0
		 476 489 0 489 488 0 475 490 0 490 489 0 475 482 0 482 491 0 491 490 0 482 483 0 483 492 0
		 492 491 0 483 458 0 458 493 0 493 492 0 486 493 0 461 470 0 470 495 0 495 494 0 494 461 0
		 470 462 0 462 496 0 496 495 0 465 497 0 497 496 0 465 471 0 471 498 0;
	setAttr ".ed[996:1161]" 498 497 0 471 466 0 466 499 0 499 498 0 466 469 0 469 500 0
		 500 499 0 468 501 0 501 500 0 468 461 0 494 501 0 472 574 0 574 502 0 502 473 0 478 503 0
		 503 504 0 504 479 0 504 574 0 456 575 0 575 505 0 505 457 0 505 576 0 576 460 0 467 577 0
		 577 575 0 463 578 0 578 506 0 506 485 0 484 579 0 579 580 0 580 464 0 580 507 0 507 465 0
		 462 581 0 581 578 0 576 508 0 508 468 0 469 509 0 509 577 0 474 582 0 582 583 0 583 475 0
		 476 510 0 510 511 0 511 477 0 502 582 0 511 503 0 506 512 0 512 459 0 458 584 0 584 579 0
		 512 513 0 513 480 0 487 514 0 514 585 0 585 486 0 513 515 0 515 481 0 488 586 0 586 514 0
		 515 510 0 489 516 0 516 586 0 490 517 0 517 516 0 583 587 0 587 482 0 491 518 0 518 517 0
		 587 519 0 519 483 0 492 588 0 588 518 0 519 584 0 493 520 0 520 588 0 585 520 0 461 589 0
		 589 590 0 590 470 0 495 591 0 591 592 0 592 494 0 590 581 0 496 521 0 521 591 0 497 522 0
		 522 521 0 507 523 0 523 471 0 498 593 0 593 522 0 523 524 0 524 466 0 499 525 0 525 593 0
		 524 509 0 500 526 0 526 525 0 501 527 0 527 526 0 508 589 0 592 527 0 528 531 0 531 530 0
		 530 529 0 529 528 0 532 535 0 535 534 0 534 533 0 533 532 0 536 539 0 539 538 0 538 537 0
		 537 536 0 536 541 0 541 540 0 540 539 0 535 543 0 543 542 0 542 534 0 544 547 0 547 546 0
		 546 545 0 545 544 0 530 547 0 544 529 0 538 549 0 549 548 0 548 537 0 548 552 0 552 551 0
		 551 550 0 550 548 0 551 554 0 554 553 0 553 550 0 554 555 0 555 546 0 546 553 0 555 556 0
		 556 545 0 556 558 0 558 557 0 557 545 0 558 560 0 560 559 0 559 557 0 560 561 0 561 549 0
		 549 559 0 561 552 0 562 565 0 565 564 0 564 563 0 563 562 0 564 566 0 566 541 0 541 563 0
		 566 567 0 567 540 0 567 569 0 569 568 0 568 540 0 569 571 0 571 570 0;
	setAttr ".ed[1162:1327]" 570 568 0 571 572 0 572 543 0 543 570 0 572 573 0 573 542 0
		 573 565 0 562 542 0 574 528 0 529 502 0 503 530 0 531 504 0 575 532 0 533 505 0 534 576 0
		 577 535 0 578 536 0 537 506 0 579 538 0 539 580 0 540 507 0 581 541 0 542 508 0 509 543 0
		 582 544 0 545 583 0 510 546 0 547 511 0 548 512 0 584 549 0 550 513 0 514 551 0 552 585 0
		 553 515 0 586 554 0 516 555 0 517 556 0 557 587 0 518 558 0 559 519 0 588 560 0 520 561 0
		 589 562 0 563 590 0 591 564 0 565 592 0 521 566 0 522 567 0 568 523 0 593 569 0 570 524 0
		 525 571 0 526 572 0 527 573 0 613 614 0 614 619 0 619 620 0 620 613 0 594 595 0 595 600 0
		 600 607 0 607 594 0 603 627 0 627 626 0 626 604 0 604 603 0 604 605 0 605 602 0 602 603 0
		 600 608 0 608 609 0 609 607 0 615 616 0 616 617 0 617 618 0 618 615 0 614 615 0 618 619 0
		 621 597 0 597 596 0 596 612 0 612 621 0 627 599 0 599 598 0 598 626 0 599 622 0 622 629 0
		 629 628 0 628 599 0 622 623 0 623 630 0 630 629 0 623 617 0 617 631 0 631 630 0 616 632 0
		 632 631 0 616 624 0 624 633 0 633 632 0 624 625 0 625 634 0 634 633 0 625 598 0 598 635 0
		 635 634 0 628 635 0 601 610 0 610 637 0 637 636 0 636 601 0 610 602 0 602 638 0 638 637 0
		 605 639 0 639 638 0 605 611 0 611 640 0 640 639 0 611 606 0 606 641 0 641 640 0 606 609 0
		 609 642 0 642 641 0 608 643 0 643 642 0 608 601 0 636 643 0 649 659 0 659 658 0 658 649 0
		 620 646 0 646 645 0 645 613 0 652 669 0 669 668 0 668 652 0 612 644 0 644 647 0 647 621 0
		 670 671 0 671 656 0 656 657 0 657 670 0 660 661 0 661 666 0 666 667 0 667 660 0 650 613 0
		 645 663 0 663 650 0 663 662 0 662 650 0 662 649 0 649 650 0 649 661 0 660 649 0 660 659 0
		 612 648 0 648 654 0 654 644 0 655 654 0 648 655 0 656 655 0 648 656 0;
	setAttr ".ed[1328:1493]" 648 649 0 658 657 0 657 648 0 653 621 0 647 673 0 673 653 0
		 673 672 0 672 653 0 672 671 0 671 653 0 652 653 0 670 652 0 670 669 0 620 651 0 651 664 0
		 664 646 0 665 664 0 651 665 0 651 652 0 652 666 0 666 665 0 652 667 0 668 667 0 613 674 0
		 674 675 0 675 614 0 619 676 0 676 677 0 677 620 0 594 803 0 803 804 0 804 595 0 804 805 0
		 805 600 0 607 806 0 806 803 0 603 678 0 678 679 0 679 627 0 626 680 0 680 807 0 807 604 0
		 807 808 0 808 605 0 602 809 0 809 678 0 805 810 0 810 608 0 609 811 0 811 806 0 615 681 0
		 681 682 0 682 616 0 617 683 0 683 684 0 684 618 0 675 681 0 684 676 0 621 685 0 685 686 0
		 686 597 0 686 687 0 687 596 0 687 688 0 688 612 0 679 689 0 689 599 0 598 690 0 690 680 0
		 689 691 0 691 622 0 629 701 0 701 702 0 702 628 0 691 692 0 692 623 0 630 812 0 812 701 0
		 692 683 0 631 703 0 703 812 0 632 813 0 813 703 0 682 693 0 693 624 0 633 704 0 704 813 0
		 693 694 0 694 625 0 634 814 0 814 704 0 694 690 0 635 815 0 815 814 0 702 815 0 601 816 0
		 816 817 0 817 610 0 637 818 0 818 819 0 819 636 0 817 809 0 638 705 0 705 818 0 639 706 0
		 706 705 0 808 820 0 820 611 0 640 707 0 707 706 0 820 821 0 821 606 0 641 708 0 708 707 0
		 821 811 0 642 709 0 709 708 0 643 710 0 710 709 0 810 816 0 819 710 0 659 822 0 822 711 0
		 711 658 0 646 823 0 823 712 0 712 645 0 669 824 0 824 713 0 713 668 0 644 714 0 714 715 0
		 715 647 0 671 825 0 825 826 0 826 656 0 657 827 0 827 716 0 716 670 0 661 717 0 717 718 0
		 718 666 0 667 828 0 828 829 0 829 660 0 650 695 0 695 674 0 712 719 0 719 663 0 719 830 0
		 830 662 0 830 717 0 661 662 0 649 696 0 696 695 0 829 822 0 688 697 0 697 648 0 654 720 0
		 720 714 0 655 831 0 831 720 0 826 831 0 697 696 0 711 827 0 653 698 0;
	setAttr ".ed[1494:1659]" 698 685 0 715 832 0 832 673 0 832 721 0 721 672 0 721 825 0
		 652 699 0 699 698 0 716 824 0 677 700 0 700 651 0 664 833 0 833 823 0 665 722 0 722 833 0
		 700 699 0 718 722 0 713 828 0 723 726 0 726 725 0 725 724 0 724 723 0 727 730 0 730 729 0
		 729 728 0 728 727 0 731 734 0 734 733 0 733 732 0 732 731 0 731 736 0 736 735 0 735 734 0
		 730 738 0 738 737 0 737 729 0 739 742 0 742 741 0 741 740 0 740 739 0 725 742 0 739 724 0
		 743 746 0 746 745 0 745 744 0 744 743 0 733 748 0 748 747 0 747 732 0 747 751 0 751 750 0
		 750 749 0 749 747 0 750 753 0 753 752 0 752 749 0 753 754 0 754 741 0 741 752 0 754 755 0
		 755 740 0 755 757 0 757 756 0 756 740 0 757 759 0 759 758 0 758 756 0 759 760 0 760 748 0
		 748 758 0 760 751 0 761 764 0 764 763 0 763 762 0 762 761 0 763 765 0 765 736 0 736 762 0
		 765 766 0 766 735 0 766 768 0 768 767 0 767 735 0 768 770 0 770 769 0 769 767 0 770 771 0
		 771 738 0 738 769 0 771 772 0 772 737 0 772 764 0 761 737 0 773 775 0 775 774 0 774 773 0
		 723 777 0 777 776 0 776 726 0 778 780 0 780 779 0 779 778 0 743 782 0 782 781 0 781 746 0
		 783 786 0 786 785 0 785 784 0 784 783 0 787 790 0 790 789 0 789 788 0 788 787 0 791 792 0
		 792 777 0 723 791 0 791 793 0 793 792 0 793 773 0 773 788 0 788 793 0 773 787 0 774 787 0
		 781 795 0 795 794 0 794 746 0 796 794 0 795 796 0 785 794 0 796 785 0 794 786 0 786 775 0
		 773 794 0 797 798 0 798 782 0 743 797 0 797 799 0 799 798 0 797 784 0 784 799 0 778 783 0
		 797 778 0 779 783 0 776 801 0 801 800 0 800 726 0 802 800 0 801 802 0 802 789 0 789 778 0
		 778 800 0 790 778 0 790 780 0 674 723 0 724 675 0 676 725 0 726 677 0 803 727 0 728 804 0
		 729 805 0 806 730 0 678 731 0 732 679 0 680 733 0 734 807 0 735 808 0;
	setAttr ".ed[1660:1825]" 809 736 0 737 810 0 811 738 0 681 739 0 740 682 0 683 741 0
		 742 684 0 685 743 0 744 686 0 745 687 0 746 688 0 747 689 0 690 748 0 749 691 0 701 750 0
		 751 702 0 752 692 0 812 753 0 703 754 0 813 755 0 756 693 0 704 757 0 758 694 0 814 759 0
		 815 760 0 816 761 0 762 817 0 818 763 0 764 819 0 705 765 0 706 766 0 767 820 0 707 768 0
		 769 821 0 708 770 0 709 771 0 710 772 0 822 774 0 775 711 0 823 776 0 777 712 0 824 779 0
		 780 713 0 714 781 0 782 715 0 825 784 0 785 826 0 827 786 0 783 716 0 717 788 0 789 718 0
		 828 790 0 787 829 0 695 791 0 792 719 0 793 830 0 696 773 0 773 791 0 794 697 0 720 795 0
		 831 796 0 698 797 0 798 832 0 799 721 0 699 778 0 800 700 0 833 801 0 722 802 0 850 851 0
		 851 856 0 856 857 0 857 850 0 834 835 0 835 838 0 838 845 0 845 834 0 841 863 0 863 862 0
		 862 842 0 842 841 0 842 843 0 843 840 0 840 841 0 838 846 0 846 847 0 847 845 0 852 853 0
		 853 854 0 854 855 0 855 852 0 851 852 0 855 856 0 863 837 0 837 836 0 836 862 0 837 858 0
		 858 865 0 865 864 0 864 837 0 858 859 0 859 866 0 866 865 0 859 854 0 854 867 0 867 866 0
		 853 868 0 868 867 0 853 860 0 860 869 0 869 868 0 860 861 0 861 870 0 870 869 0 861 836 0
		 836 871 0 871 870 0 864 871 0 839 848 0 848 873 0 873 872 0 872 839 0 848 840 0 840 874 0
		 874 873 0 843 875 0 875 874 0 843 849 0 849 876 0 876 875 0 849 844 0 844 877 0 877 876 0
		 844 847 0 847 878 0 878 877 0 846 879 0 879 878 0 846 839 0 872 879 0 850 952 0 952 880 0
		 880 851 0 856 881 0 881 882 0 882 857 0 882 952 0 834 953 0 953 883 0 883 835 0 883 954 0
		 954 838 0 845 955 0 955 953 0 841 956 0 956 884 0 884 863 0 862 957 0 957 958 0 958 842 0
		 958 885 0 885 843 0 840 959 0 959 956 0 954 886 0 886 846 0 847 887 0;
	setAttr ".ed[1826:1991]" 887 955 0 852 960 0 960 961 0 961 853 0 854 888 0 888 889 0
		 889 855 0 880 960 0 889 881 0 884 890 0 890 837 0 836 962 0 962 957 0 890 891 0 891 858 0
		 865 892 0 892 963 0 963 864 0 891 893 0 893 859 0 866 964 0 964 892 0 893 888 0 867 894 0
		 894 964 0 868 895 0 895 894 0 961 965 0 965 860 0 869 896 0 896 895 0 965 897 0 897 861 0
		 870 966 0 966 896 0 897 962 0 871 898 0 898 966 0 963 898 0 839 967 0 967 968 0 968 848 0
		 873 969 0 969 970 0 970 872 0 968 959 0 874 899 0 899 969 0 875 900 0 900 899 0 885 901 0
		 901 849 0 876 971 0 971 900 0 901 902 0 902 844 0 877 903 0 903 971 0 902 887 0 878 904 0
		 904 903 0 879 905 0 905 904 0 886 967 0 970 905 0 906 909 0 909 908 0 908 907 0 907 906 0
		 910 913 0 913 912 0 912 911 0 911 910 0 914 917 0 917 916 0 916 915 0 915 914 0 914 919 0
		 919 918 0 918 917 0 913 921 0 921 920 0 920 912 0 922 925 0 925 924 0 924 923 0 923 922 0
		 908 925 0 922 907 0 916 927 0 927 926 0 926 915 0 926 930 0 930 929 0 929 928 0 928 926 0
		 929 932 0 932 931 0 931 928 0 932 933 0 933 924 0 924 931 0 933 934 0 934 923 0 934 936 0
		 936 935 0 935 923 0 936 938 0 938 937 0 937 935 0 938 939 0 939 927 0 927 937 0 939 930 0
		 940 943 0 943 942 0 942 941 0 941 940 0 942 944 0 944 919 0 919 941 0 944 945 0 945 918 0
		 945 947 0 947 946 0 946 918 0 947 949 0 949 948 0 948 946 0 949 950 0 950 921 0 921 948 0
		 950 951 0 951 920 0 951 943 0 940 920 0 952 906 0 907 880 0 881 908 0 909 882 0 953 910 0
		 911 883 0 912 954 0 955 913 0 956 914 0 915 884 0 957 916 0 917 958 0 918 885 0 959 919 0
		 920 886 0 887 921 0 960 922 0 923 961 0 888 924 0 925 889 0 926 890 0 962 927 0 928 891 0
		 892 929 0 930 963 0 931 893 0 964 932 0 894 933 0 895 934 0 935 965 0;
	setAttr ".ed[1992:2007]" 896 936 0 937 897 0 966 938 0 898 939 0 967 940 0 941 968 0
		 969 942 0 943 970 0 899 944 0 900 945 0 946 901 0 971 947 0 948 902 0 903 949 0 904 950 0
		 905 951 0;
	setAttr -s 4016 ".n";
	setAttr ".n[0:165]" -type "float3"  0.72880864 -0.6741429 0.11987218 -0.72880894
		 -0.67414254 0.11987212 -0.7288087 -0.57695353 0.36873072 0.72880846 -0.57695401 0.36873084
		 -0.85572386 0.29496393 -0.42512703 0.8662765 0.26591241 -0.42291331 0.8662774 0.4821642
		 0.13069512 -0.85572392 0.50499237 0.11277924 -0.57867283 0.81537747 0.017241575 0.57602435
		 0.81727529 0.016031465 0.57602417 0.017276121 -0.81725007 -0.57867485 0.015991041
		 -0.81540161 -0.85572535 -0.092109591 -0.50916594 0.86627698 -0.11094444 -0.48708877
		 0.86625814 0.43421438 -0.24709255 -0.85570967 0.43596566 -0.27873781 0.72880858 -0.14723612
		 0.66869986 -0.7288087 -0.14723571 0.6686998 -0.7288087 0.11987241 0.67414272 0.72880864
		 0.119872 0.67414278 -0.57726634 0.58900958 -0.56553638 0.57743311 0.58897752 -0.56539929
		 0.57743275 -0.56545568 -0.58892381 -0.57726884 -0.5654791 -0.58906192 -0.7288087
		 0.11987241 0.67414272 -0.72880858 0.36873105 0.57695353 0.72880876 0.36873072 0.57695365
		 0.72880864 0.119872 0.67414278 -0.85571146 -0.42424396 -0.29626834 0.86625785 -0.42378849
		 -0.26457652 0.86627936 0.13050422 -0.48221242 -0.85572642 0.11296984 -0.50494558
		 -0.57883871 0.017317571 -0.8152582 0.57585818 0.015956009 -0.8173939 0.57585794 -0.81736553
		 -0.017356232 -0.57884014 -0.81528586 -0.015909694 -0.85572743 -0.50912732 0.092302755
		 0.86627901 -0.48712906 0.11075188 0.86623991 -0.24595481 -0.43489629 -0.85569704
		 -0.2798515 -0.43527657 -0.57614893 -0.56646234 -0.58921385 0.57854974 -0.56447083
		 -0.58877224 0.57854974 -0.58798754 0.56528842 -0.57614863 -0.58999538 0.56564838
		 0.72880888 0.67414254 -0.11987219 -0.72880852 0.67414296 -0.11987223 -0.7288084 0.57695389
		 -0.36873096 0.72880876 0.57695341 -0.36873087 -0.85569674 -0.29735109 0.42351559
		 0.86623973 -0.26346737 0.42451587 0.86624879 -0.4815897 -0.13298215 -0.85570472 -0.50552577
		 -0.11051293 0.72880876 0.57695341 -0.36873087 -0.7288084 0.57695389 -0.36873096 -0.72880846
		 0.3919287 -0.56145346 0.72880876 0.39192823 -0.5614534 -0.57668865 -0.81680071 -0.016331876
		 0.57801211 -0.8158524 -0.016937245 0.57801235 -0.016312765 0.81586498 -0.57668656
		 -0.016955012 0.81678951 0.72880876 0.39192823 -0.5614534 -0.72880846 0.3919287 -0.56145346
		 -0.72880846 0.147236 -0.66869998 0.7288087 0.14723557 -0.6686998 -0.85570306 0.089831255
		 0.50961018 0.86624897 0.11325289 0.48660716 0.86625963 -0.43413916 0.24721918 -0.85571295
		 -0.436037 0.27861649 0.7288087 0.14723557 -0.6686998 -0.72880846 0.147236 -0.66869998
		 -0.7288087 -0.11987223 -0.67414278 0.7288087 -0.1198726 -0.67414266 -0.57739294 -0.58898425
		 0.56543338 0.57730877 -0.58900058 0.56550246 0.57730907 0.56547409 0.58902735 -0.57739037
		 0.56546283 0.5889585 0.7288087 -0.1198726 -0.67414266 -0.7288087 -0.11987223 -0.67414278
		 -0.72880858 -0.3687306 -0.57695377 0.72880846 -0.36873102 -0.57695371 -0.8557108
		 0.42433032 0.29614663 0.86625993 0.42370716 0.26469979 0.86625159 -0.13279189 0.48163727
		 -0.85570574 -0.11069975 0.50548315 0.72880846 -0.36873102 -0.57695371 -0.72880858
		 -0.3687306 -0.57695377 -0.72880882 -0.56145298 -0.39192867 0.72880858 -0.56145346
		 -0.39192864 -0.57685387 -0.016407795 0.81668258 0.57784688 -0.01686188 0.81597102
		 0.577847 0.81598043 0.016393425 -0.5768525 0.81667393 0.016875712 0.72880858 -0.56145346
		 -0.39192864 -0.72880882 -0.56145298 -0.39192867 -0.7288087 -0.66869968 -0.147236
		 0.72880846 -0.66870016 -0.14723596 -0.85570443 0.50957501 -0.09001863 0.86625159
		 0.48664716 -0.11306048 0.86627644 0.24846286 0.43339506 -0.85572374 0.2773999 0.43679082
		 0.72880846 -0.66870016 -0.14723596 -0.7288087 -0.66869968 -0.147236 -0.72880894 -0.67414254
		 0.11987212 0.72880864 -0.6741429 0.11987218 -0.57861161 0.56441897 0.58876115 0.57608658
		 0.56651348 0.58922565 0.5760867 0.5900473 -0.56565744 -0.57861197 0.58793563 -0.56527859
		 -0.85572386 0.29496393 -0.42512703 -0.85572392 0.50499237 0.11277924 -0.7537663 0.55372006
		 -0.35387918 -0.75376606 0.64699429 -0.11504353 -0.85572392 0.50499237 0.11277924
		 -0.85572535 -0.092109591 -0.50916594 -0.75376683 0.37614709 -0.53884035 -0.7537663
		 0.55372006 -0.35387918 -0.85572535 -0.092109591 -0.50916594 -0.85570967 0.43596566
		 -0.27873781 -0.75376725 0.14130922 -0.64176834 -0.75376683 0.37614709 -0.53884035
		 -0.85570967 0.43596566 -0.27873781 -0.85571146 -0.42424396 -0.29626834 -0.75376785
		 -0.11504158 -0.64699262 -0.75376725 0.14130922 -0.64176834 -0.85571146 -0.42424396
		 -0.29626834 -0.85572642 0.11296984 -0.50494558 -0.75376815 -0.35387814 -0.55371815
		 -0.75376785 -0.11504158 -0.64699262 -0.85572642 0.11296984 -0.50494558 -0.85572743
		 -0.50912732 0.092302755 -0.75376856 -0.53883964 -0.37614453 -0.75376815 -0.35387814
		 -0.55371815 -0.85572743 -0.50912732 0.092302755 -0.85569704 -0.2798515 -0.43527657
		 -0.75376886 -0.6417672 -0.14130561 -0.75376856 -0.53883964 -0.37614453 -0.85569704
		 -0.2798515 -0.43527657 -0.85569674 -0.29735109 0.42351559 -0.75376856 -0.64699107
		 0.11504555 -0.75376886 -0.6417672 -0.14130561 -0.85569674 -0.29735109 0.42351559
		 -0.85570472 -0.50552577 -0.11051293 -0.75376874 -0.55371487 0.3538821 -0.75376856
		 -0.64699107 0.11504555 -0.85570472 -0.50552577 -0.11051293 -0.85570306 0.089831255
		 0.50961018 -0.75376761 -0.37614146 0.53884327 -0.75376874 -0.55371487 0.3538821 -0.85570306
		 0.089831255 0.50961018 -0.85571295 -0.436037 0.27861649 -0.75376749 -0.14130382 0.64176935
		 -0.75376761 -0.37614146 0.53884327 -0.85571295 -0.436037 0.27861649 -0.8557108 0.42433032
		 0.29614663 -0.75376719 0.11504712 0.64699239 -0.75376749 -0.14130382 0.64176935 -0.8557108
		 0.42433032 0.29614663 -0.85570574 -0.11069975 0.50548315 -0.75376642 0.35388321 0.55371732
		 -0.75376719 0.11504712 0.64699239 -0.85570574 -0.11069975 0.50548315 -0.85570443
		 0.50957501 -0.09001863 -0.75376636 0.53884357 0.3761434 -0.75376642 0.35388321 0.55371732
		 -0.85570443 0.50957501 -0.09001863 -0.85572374 0.2773999 0.43679082;
	setAttr ".n[166:331]" -type "float3"  -0.75376588 0.64177072 0.14130591 -0.75376636
		 0.53884357 0.3761434 -0.85572374 0.2773999 0.43679082 -0.85572386 0.29496393 -0.42512703
		 -0.75376606 0.64699429 -0.11504353 -0.75376588 0.64177072 0.14130591 -0.85572392
		 0.50499237 0.11277924 0.8662774 0.4821642 0.13069512 0.57602435 0.81727529 0.016031465
		 -0.57867283 0.81537747 0.017241575 0.8662774 0.4821642 0.13069512 0.86627698 -0.11094444
		 -0.48708877 0.57602417 0.017276121 -0.81725007 0.57602435 0.81727529 0.016031465
		 0.86627698 -0.11094444 -0.48708877 -0.85572535 -0.092109591 -0.50916594 -0.57867485
		 0.015991041 -0.81540161 0.57602417 0.017276121 -0.81725007 -0.85572535 -0.092109591
		 -0.50916594 -0.85572392 0.50499237 0.11277924 -0.57867283 0.81537747 0.017241575
		 -0.57867485 0.015991041 -0.81540161 -0.85570967 0.43596566 -0.27873781 0.86625814
		 0.43421438 -0.24709255 0.57743311 0.58897752 -0.56539929 -0.57726634 0.58900958 -0.56553638
		 0.86625814 0.43421438 -0.24709255 0.86625785 -0.42378849 -0.26457652 0.57743275 -0.56545568
		 -0.58892381 0.57743311 0.58897752 -0.56539929 0.86625785 -0.42378849 -0.26457652
		 -0.85571146 -0.42424396 -0.29626834 -0.57726884 -0.5654791 -0.58906192 0.57743275
		 -0.56545568 -0.58892381 -0.85571146 -0.42424396 -0.29626834 -0.85570967 0.43596566
		 -0.27873781 -0.57726634 0.58900958 -0.56553638 -0.57726884 -0.5654791 -0.58906192
		 -0.85572642 0.11296984 -0.50494558 0.86627936 0.13050422 -0.48221242 0.57585818 0.015956009
		 -0.8173939 -0.57883871 0.017317571 -0.8152582 0.86627936 0.13050422 -0.48221242 0.86627901
		 -0.48712906 0.11075188 0.57585794 -0.81736553 -0.017356232 0.57585818 0.015956009
		 -0.8173939 0.86627901 -0.48712906 0.11075188 -0.85572743 -0.50912732 0.092302755
		 -0.57884014 -0.81528586 -0.015909694 0.57585794 -0.81736553 -0.017356232 -0.85572743
		 -0.50912732 0.092302755 -0.85572642 0.11296984 -0.50494558 -0.57883871 0.017317571
		 -0.8152582 -0.57884014 -0.81528586 -0.015909694 -0.85569704 -0.2798515 -0.43527657
		 0.86623991 -0.24595481 -0.43489629 0.57854974 -0.56447083 -0.58877224 -0.57614893
		 -0.56646234 -0.58921385 0.86623991 -0.24595481 -0.43489629 0.86623973 -0.26346737
		 0.42451587 0.57854974 -0.58798754 0.56528842 0.57854974 -0.56447083 -0.58877224 0.86623973
		 -0.26346737 0.42451587 -0.85569674 -0.29735109 0.42351559 -0.57614863 -0.58999538
		 0.56564838 0.57854974 -0.58798754 0.56528842 -0.85569674 -0.29735109 0.42351559 -0.85569704
		 -0.2798515 -0.43527657 -0.57614893 -0.56646234 -0.58921385 -0.57614863 -0.58999538
		 0.56564838 -0.85570472 -0.50552577 -0.11051293 0.86624879 -0.4815897 -0.13298215
		 0.57801211 -0.8158524 -0.016937245 -0.57668865 -0.81680071 -0.016331876 0.86624879
		 -0.4815897 -0.13298215 0.86624897 0.11325289 0.48660716 0.57801235 -0.016312765 0.81586498
		 0.57801211 -0.8158524 -0.016937245 0.86624897 0.11325289 0.48660716 -0.85570306 0.089831255
		 0.50961018 -0.57668656 -0.016955012 0.81678951 0.57801235 -0.016312765 0.81586498
		 -0.85570306 0.089831255 0.50961018 -0.85570472 -0.50552577 -0.11051293 -0.57668865
		 -0.81680071 -0.016331876 -0.57668656 -0.016955012 0.81678951 -0.85571295 -0.436037
		 0.27861649 0.86625963 -0.43413916 0.24721918 0.57730877 -0.58900058 0.56550246 -0.57739294
		 -0.58898425 0.56543338 0.86625963 -0.43413916 0.24721918 0.86625993 0.42370716 0.26469979
		 0.57730907 0.56547409 0.58902735 0.57730877 -0.58900058 0.56550246 0.86625993 0.42370716
		 0.26469979 -0.8557108 0.42433032 0.29614663 -0.57739037 0.56546283 0.5889585 0.57730907
		 0.56547409 0.58902735 -0.8557108 0.42433032 0.29614663 -0.85571295 -0.436037 0.27861649
		 -0.57739294 -0.58898425 0.56543338 -0.57739037 0.56546283 0.5889585 -0.85570574 -0.11069975
		 0.50548315 0.86625159 -0.13279189 0.48163727 0.57784688 -0.01686188 0.81597102 -0.57685387
		 -0.016407795 0.81668258 0.86625159 -0.13279189 0.48163727 0.86625159 0.48664716 -0.11306048
		 0.577847 0.81598043 0.016393425 0.57784688 -0.01686188 0.81597102 0.86625159 0.48664716
		 -0.11306048 -0.85570443 0.50957501 -0.09001863 -0.5768525 0.81667393 0.016875712
		 0.577847 0.81598043 0.016393425 -0.85570443 0.50957501 -0.09001863 -0.85570574 -0.11069975
		 0.50548315 -0.57685387 -0.016407795 0.81668258 -0.5768525 0.81667393 0.016875712
		 0.8662765 0.26591241 -0.42291331 -0.85572386 0.29496393 -0.42512703 -0.57861197 0.58793563
		 -0.56527859 0.5760867 0.5900473 -0.56565744 -0.85572386 0.29496393 -0.42512703 -0.85572374
		 0.2773999 0.43679082 -0.57861161 0.56441897 0.58876115 -0.57861197 0.58793563 -0.56527859
		 -0.85572374 0.2773999 0.43679082 0.86627644 0.24846286 0.43339506 0.57608658 0.56651348
		 0.58922565 -0.57861161 0.56441897 0.58876115 0.86627644 0.24846286 0.43339506 0.8662765
		 0.26591241 -0.42291331 0.5760867 0.5900473 -0.56565744 0.57608658 0.56651348 0.58922565
		 0.72880864 -0.6741429 0.11987218 0.72880846 -0.57695401 0.36873084 0.8662774 0.4821642
		 0.13069512 0.8662765 0.26591241 -0.42291331 0.72880846 -0.57695401 0.36873084 0.72880858
		 -0.39192885 0.5614534 0.86627698 -0.11094444 -0.48708877 0.8662774 0.4821642 0.13069512
		 0.72880858 -0.39192885 0.5614534 0.72880858 -0.14723612 0.66869986 0.86625814 0.43421438
		 -0.24709255 0.86627698 -0.11094444 -0.48708877 0.72880858 -0.14723612 0.66869986
		 0.72880864 0.119872 0.67414278 0.86625785 -0.42378849 -0.26457652 0.86625814 0.43421438
		 -0.24709255 0.72880864 0.119872 0.67414278 0.72880876 0.36873072 0.57695365 0.86627936
		 0.13050422 -0.48221242 0.86625785 -0.42378849 -0.26457652 0.72880876 0.36873072 0.57695365
		 0.72880876 0.56145328 0.39192855 0.86627901 -0.48712906 0.11075188 0.86627936 0.13050422
		 -0.48221242 0.72880876 0.56145328 0.39192855 0.72880894 0.66869962 0.14723594 0.86623991
		 -0.24595481 -0.43489629 0.86627901 -0.48712906 0.11075188 0.72880894 0.66869962 0.14723594
		 0.72880888 0.67414254 -0.11987219 0.86623973 -0.26346737 0.42451587 0.86623991 -0.24595481
		 -0.43489629;
	setAttr ".n[332:497]" -type "float3"  0.72880888 0.67414254 -0.11987219 0.72880876
		 0.57695341 -0.36873087 0.86624879 -0.4815897 -0.13298215 0.86623973 -0.26346737 0.42451587
		 0.72880876 0.57695341 -0.36873087 0.72880876 0.39192823 -0.5614534 0.86624897 0.11325289
		 0.48660716 0.86624879 -0.4815897 -0.13298215 0.72880876 0.39192823 -0.5614534 0.7288087
		 0.14723557 -0.6686998 0.86625963 -0.43413916 0.24721918 0.86624897 0.11325289 0.48660716
		 0.7288087 0.14723557 -0.6686998 0.7288087 -0.1198726 -0.67414266 0.86625993 0.42370716
		 0.26469979 0.86625963 -0.43413916 0.24721918 0.7288087 -0.1198726 -0.67414266 0.72880846
		 -0.36873102 -0.57695371 0.86625159 -0.13279189 0.48163727 0.86625993 0.42370716 0.26469979
		 0.72880846 -0.36873102 -0.57695371 0.72880858 -0.56145346 -0.39192864 0.86625159
		 0.48664716 -0.11306048 0.86625159 -0.13279189 0.48163727 0.72880858 -0.56145346 -0.39192864
		 0.72880846 -0.66870016 -0.14723596 0.86627644 0.24846286 0.43339506 0.86625159 0.48664716
		 -0.11306048 0.72880846 -0.66870016 -0.14723596 0.72880864 -0.6741429 0.11987218 0.8662765
		 0.26591241 -0.42291331 0.86627644 0.24846286 0.43339506 -0.75376606 0.64699429 -0.11504353
		 -0.7537663 0.55372006 -0.35387918 0.75376672 0.55371964 -0.35387909 0.75376648 0.64699382
		 -0.11504349 -0.75376785 -0.11504158 -0.64699262 -0.75376815 -0.35387814 -0.55371815
		 0.75376803 -0.35387862 -0.55371809 0.75376773 -0.11504198 -0.64699256 -0.75376856
		 -0.53883964 -0.37614453 0.75376832 -0.53884017 -0.37614453 0.75376803 -0.35387862
		 -0.55371809 -0.75376815 -0.35387814 -0.55371815 -0.75376642 0.35388321 0.55371732
		 -0.75376636 0.53884357 0.3761434 0.75376683 0.53884298 0.37614346 0.7537666 0.35388279
		 0.55371743 -0.75376636 0.53884357 0.3761434 -0.75376588 0.64177072 0.14130591 0.7537663
		 0.64177018 0.14130589 0.75376683 0.53884298 0.37614346 -0.75376588 0.64177072 0.14130591
		 -0.75376606 0.64699429 -0.11504353 0.75376648 0.64699382 -0.11504349 0.7537663 0.64177018
		 0.14130589 0.85572404 0.29496339 -0.42512691 0.8557241 0.50499195 0.11277936 -0.8662771
		 0.48216477 0.130695 -0.8662762 0.26591283 -0.42291349 -0.7288087 -0.57695353 0.36873072
		 -0.72880882 -0.3919284 0.56145328 0.72880858 -0.39192885 0.5614534 0.72880846 -0.57695401
		 0.36873084 0.57867336 0.81537712 0.017241694 0.57867497 0.015990674 -0.81540143 -0.576024
		 0.017276339 -0.81725019 -0.57602376 0.8172757 0.01603131 -0.7288087 -0.14723571 0.6686998
		 0.72880858 -0.14723612 0.66869986 0.72880858 -0.39192885 0.5614534 -0.72880882 -0.3919284
		 0.56145328 0.85572535 -0.092110172 -0.50916582 0.85571009 0.43596524 -0.27873766
		 -0.86625797 0.4342148 -0.24709263 -0.86627698 -0.11094394 -0.48708889 0.57726669
		 0.58900923 -0.56553638 0.57726854 -0.56547946 -0.58906198 -0.57743305 -0.56545532
		 -0.58892387 -0.57743275 0.58897787 -0.56539941 0.85571128 -0.42424437 -0.29626825
		 0.85572654 0.11296921 -0.50494552 -0.86627913 0.1305047 -0.48221257 -0.86625797 -0.42378804
		 -0.26457667 -0.72880858 0.36873105 0.57695353 -0.72880846 0.5614537 0.39192852 0.72880876
		 0.56145328 0.39192855 0.72880876 0.36873072 0.57695365 0.57883871 0.017317304 -0.81525826
		 0.57883954 -0.81528622 -0.01590969 -0.57585841 -0.81736511 -0.017356362 -0.57585806
		 0.015956333 -0.8173939 -0.72880846 0.5614537 0.39192852 -0.72880858 0.66870004 0.1472359
		 0.72880894 0.66869962 0.14723594 0.72880876 0.56145328 0.39192855 0.8557272 -0.50912786
		 0.09230271 0.85569692 -0.27985203 -0.43527657 -0.86624002 -0.24595436 -0.43489632
		 -0.8662793 -0.4871285 0.11075176 -0.72880852 0.67414296 -0.11987223 0.72880888 0.67414254
		 -0.11987219 0.72880894 0.66869962 0.14723594 -0.72880858 0.66870004 0.1472359 0.57614845
		 -0.56646281 -0.58921379 0.57614803 -0.58999592 0.56564844 -0.57855016 -0.58798707
		 0.56528836 -0.57855016 -0.56447047 -0.58877236 0.85569638 -0.29735163 0.42351574
		 0.85570455 -0.50552613 -0.11051282 -0.86624914 -0.48158917 -0.1329823 -0.86624002
		 -0.26346695 0.42451575 0.57668823 -0.81680107 -0.016331844 0.57668644 -0.016955182
		 0.81678957 -0.57801253 -0.016312331 0.81586492 -0.57801265 -0.81585205 -0.016937487
		 0.85570306 0.089830793 0.5096103 0.85571271 -0.43603742 0.27861661 -0.86625993 -0.43413869
		 0.24721909 -0.86624897 0.1132535 0.48660696 0.57739258 -0.58898455 0.56543344 0.57739067
		 0.56546253 0.58895856 -0.57730871 0.56547445 0.5890274 -0.57730907 -0.58900023 0.56550241
		 0.85571098 0.42432988 0.29614672 0.85570556 -0.11070029 0.50548333 -0.86625177 -0.13279131
		 0.48163709 -0.86625963 0.42370766 0.26469967 0.57685393 -0.016408002 0.81668258 0.57685298
		 0.81667358 0.016875669 -0.57784641 0.81598091 0.016393291 -0.57784694 -0.016861444
		 0.8159709 0.85570472 0.50957441 -0.090018585 0.85572398 0.2773993 0.43679067 -0.86627638
		 0.24846333 0.43339497 -0.86625129 0.48664773 -0.11306052 0.57861203 0.56441855 0.58876127
		 0.57861251 0.58793521 -0.56527853 -0.57608622 0.59004772 -0.56565744 -0.57608622
		 0.5665139 0.58922553 0.85572404 0.29496339 -0.42512691 0.75376648 0.64699382 -0.11504349
		 0.75376672 0.55371964 -0.35387909 0.8557241 0.50499195 0.11277936 0.8557241 0.50499195
		 0.11277936 0.75376672 0.55371964 -0.35387909 0.75376713 0.37614667 -0.53884029 0.85572535
		 -0.092110172 -0.50916582 0.85572535 -0.092110172 -0.50916582 0.75376713 0.37614667
		 -0.53884029 0.75376743 0.14130887 -0.64176822 0.85571009 0.43596524 -0.27873766 0.85571009
		 0.43596524 -0.27873766 0.75376743 0.14130887 -0.64176822 0.75376773 -0.11504198 -0.64699256
		 0.85571128 -0.42424437 -0.29626825 0.85571128 -0.42424437 -0.29626825 0.75376773
		 -0.11504198 -0.64699256 0.75376803 -0.35387862 -0.55371809 0.85572654 0.11296921
		 -0.50494552 0.85572654 0.11296921 -0.50494552 0.75376803 -0.35387862 -0.55371809
		 0.75376832 -0.53884017 -0.37614453 0.8557272 -0.50912786 0.09230271 0.8557272 -0.50912786
		 0.09230271 0.75376832 -0.53884017 -0.37614453;
	setAttr ".n[498:663]" -type "float3"  0.75376844 -0.64176774 -0.1413056 0.85569692
		 -0.27985203 -0.43527657 0.85569692 -0.27985203 -0.43527657 0.75376844 -0.64176774
		 -0.1413056 0.75376821 -0.64699149 0.11504559 0.85569638 -0.29735163 0.42351574 0.85569638
		 -0.29735163 0.42351574 0.75376821 -0.64699149 0.11504559 0.75376838 -0.55371529 0.35388216
		 0.85570455 -0.50552613 -0.11051282 0.85570455 -0.50552613 -0.11051282 0.75376838
		 -0.55371529 0.35388216 0.75376719 -0.37614182 0.53884345 0.85570306 0.089830793 0.5096103
		 0.85570306 0.089830793 0.5096103 0.75376719 -0.37614182 0.53884345 0.75376725 -0.14130418
		 0.64176941 0.85571271 -0.43603742 0.27861661 0.85571271 -0.43603742 0.27861661 0.75376725
		 -0.14130418 0.64176941 0.75376725 0.11504672 0.64699244 0.85571098 0.42432988 0.29614672
		 0.85571098 0.42432988 0.29614672 0.75376725 0.11504672 0.64699244 0.7537666 0.35388279
		 0.55371743 0.85570556 -0.11070029 0.50548333 0.85570556 -0.11070029 0.50548333 0.7537666
		 0.35388279 0.55371743 0.75376683 0.53884298 0.37614346 0.85570472 0.50957441 -0.090018585
		 0.85570472 0.50957441 -0.090018585 0.75376683 0.53884298 0.37614346 0.7537663 0.64177018
		 0.14130589 0.85572398 0.2773993 0.43679067 0.85572398 0.2773993 0.43679067 0.7537663
		 0.64177018 0.14130589 0.75376648 0.64699382 -0.11504349 0.85572404 0.29496339 -0.42512691
		 0.8557241 0.50499195 0.11277936 0.57867336 0.81537712 0.017241694 -0.57602376 0.8172757
		 0.01603131 -0.8662771 0.48216477 0.130695 -0.8662771 0.48216477 0.130695 -0.57602376
		 0.8172757 0.01603131 -0.576024 0.017276339 -0.81725019 -0.86627698 -0.11094394 -0.48708889
		 -0.86627698 -0.11094394 -0.48708889 -0.576024 0.017276339 -0.81725019 0.57867497
		 0.015990674 -0.81540143 0.85572535 -0.092110172 -0.50916582 0.85572535 -0.092110172
		 -0.50916582 0.57867497 0.015990674 -0.81540143 0.57867336 0.81537712 0.017241694
		 0.8557241 0.50499195 0.11277936 0.85571009 0.43596524 -0.27873766 0.57726669 0.58900923
		 -0.56553638 -0.57743275 0.58897787 -0.56539941 -0.86625797 0.4342148 -0.24709263
		 -0.86625797 0.4342148 -0.24709263 -0.57743275 0.58897787 -0.56539941 -0.57743305
		 -0.56545532 -0.58892387 -0.86625797 -0.42378804 -0.26457667 -0.86625797 -0.42378804
		 -0.26457667 -0.57743305 -0.56545532 -0.58892387 0.57726854 -0.56547946 -0.58906198
		 0.85571128 -0.42424437 -0.29626825 0.85571128 -0.42424437 -0.29626825 0.57726854
		 -0.56547946 -0.58906198 0.57726669 0.58900923 -0.56553638 0.85571009 0.43596524 -0.27873766
		 0.85572654 0.11296921 -0.50494552 0.57883871 0.017317304 -0.81525826 -0.57585806
		 0.015956333 -0.8173939 -0.86627913 0.1305047 -0.48221257 -0.86627913 0.1305047 -0.48221257
		 -0.57585806 0.015956333 -0.8173939 -0.57585841 -0.81736511 -0.017356362 -0.8662793
		 -0.4871285 0.11075176 -0.8662793 -0.4871285 0.11075176 -0.57585841 -0.81736511 -0.017356362
		 0.57883954 -0.81528622 -0.01590969 0.8557272 -0.50912786 0.09230271 0.8557272 -0.50912786
		 0.09230271 0.57883954 -0.81528622 -0.01590969 0.57883871 0.017317304 -0.81525826
		 0.85572654 0.11296921 -0.50494552 0.85569692 -0.27985203 -0.43527657 0.57614845 -0.56646281
		 -0.58921379 -0.57855016 -0.56447047 -0.58877236 -0.86624002 -0.24595436 -0.43489632
		 -0.86624002 -0.24595436 -0.43489632 -0.57855016 -0.56447047 -0.58877236 -0.57855016
		 -0.58798707 0.56528836 -0.86624002 -0.26346695 0.42451575 -0.86624002 -0.26346695
		 0.42451575 -0.57855016 -0.58798707 0.56528836 0.57614803 -0.58999592 0.56564844 0.85569638
		 -0.29735163 0.42351574 0.85569638 -0.29735163 0.42351574 0.57614803 -0.58999592 0.56564844
		 0.57614845 -0.56646281 -0.58921379 0.85569692 -0.27985203 -0.43527657 0.85570455
		 -0.50552613 -0.11051282 0.57668823 -0.81680107 -0.016331844 -0.57801265 -0.81585205
		 -0.016937487 -0.86624914 -0.48158917 -0.1329823 -0.86624914 -0.48158917 -0.1329823
		 -0.57801265 -0.81585205 -0.016937487 -0.57801253 -0.016312331 0.81586492 -0.86624897
		 0.1132535 0.48660696 -0.86624897 0.1132535 0.48660696 -0.57801253 -0.016312331 0.81586492
		 0.57668644 -0.016955182 0.81678957 0.85570306 0.089830793 0.5096103 0.85570306 0.089830793
		 0.5096103 0.57668644 -0.016955182 0.81678957 0.57668823 -0.81680107 -0.016331844
		 0.85570455 -0.50552613 -0.11051282 0.85571271 -0.43603742 0.27861661 0.57739258 -0.58898455
		 0.56543344 -0.57730907 -0.58900023 0.56550241 -0.86625993 -0.43413869 0.24721909
		 -0.86625993 -0.43413869 0.24721909 -0.57730907 -0.58900023 0.56550241 -0.57730871
		 0.56547445 0.5890274 -0.86625963 0.42370766 0.26469967 -0.86625963 0.42370766 0.26469967
		 -0.57730871 0.56547445 0.5890274 0.57739067 0.56546253 0.58895856 0.85571098 0.42432988
		 0.29614672 0.85571098 0.42432988 0.29614672 0.57739067 0.56546253 0.58895856 0.57739258
		 -0.58898455 0.56543344 0.85571271 -0.43603742 0.27861661 0.85570556 -0.11070029 0.50548333
		 0.57685393 -0.016408002 0.81668258 -0.57784694 -0.016861444 0.8159709 -0.86625177
		 -0.13279131 0.48163709 -0.86625177 -0.13279131 0.48163709 -0.57784694 -0.016861444
		 0.8159709 -0.57784641 0.81598091 0.016393291 -0.86625129 0.48664773 -0.11306052 -0.86625129
		 0.48664773 -0.11306052 -0.57784641 0.81598091 0.016393291 0.57685298 0.81667358 0.016875669
		 0.85570472 0.50957441 -0.090018585 0.85570472 0.50957441 -0.090018585 0.57685298
		 0.81667358 0.016875669 0.57685393 -0.016408002 0.81668258 0.85570556 -0.11070029
		 0.50548333 -0.8662762 0.26591283 -0.42291349 -0.57608622 0.59004772 -0.56565744 0.57861251
		 0.58793521 -0.56527853 0.85572404 0.29496339 -0.42512691 0.85572404 0.29496339 -0.42512691
		 0.57861251 0.58793521 -0.56527853 0.57861203 0.56441855 0.58876127 0.85572398 0.2773993
		 0.43679067 0.85572398 0.2773993 0.43679067 0.57861203 0.56441855 0.58876127 -0.57608622
		 0.5665139 0.58922553 -0.86627638 0.24846333 0.43339497 -0.86627638 0.24846333 0.43339497
		 -0.57608622 0.5665139 0.58922553 -0.57608622 0.59004772 -0.56565744 -0.8662762 0.26591283
		 -0.42291349;
	setAttr ".n[664:829]" -type "float3"  -0.8662771 0.48216477 0.130695 -0.7288087
		 -0.57695353 0.36873072 -0.72880894 -0.67414254 0.11987212 -0.8662762 0.26591283 -0.42291349
		 -0.86627698 -0.11094394 -0.48708889 -0.72880882 -0.3919284 0.56145328 -0.7288087
		 -0.57695353 0.36873072 -0.8662771 0.48216477 0.130695 -0.86625797 0.4342148 -0.24709263
		 -0.7288087 -0.14723571 0.6686998 -0.72880882 -0.3919284 0.56145328 -0.86627698 -0.11094394
		 -0.48708889 -0.86625797 -0.42378804 -0.26457667 -0.7288087 0.11987241 0.67414272
		 -0.7288087 -0.14723571 0.6686998 -0.86625797 0.4342148 -0.24709263 -0.86627913 0.1305047
		 -0.48221257 -0.72880858 0.36873105 0.57695353 -0.7288087 0.11987241 0.67414272 -0.86625797
		 -0.42378804 -0.26457667 -0.8662793 -0.4871285 0.11075176 -0.72880846 0.5614537 0.39192852
		 -0.72880858 0.36873105 0.57695353 -0.86627913 0.1305047 -0.48221257 -0.86624002 -0.24595436
		 -0.43489632 -0.72880858 0.66870004 0.1472359 -0.72880846 0.5614537 0.39192852 -0.8662793
		 -0.4871285 0.11075176 -0.86624002 -0.26346695 0.42451575 -0.72880852 0.67414296 -0.11987223
		 -0.72880858 0.66870004 0.1472359 -0.86624002 -0.24595436 -0.43489632 -0.86624914
		 -0.48158917 -0.1329823 -0.7288084 0.57695389 -0.36873096 -0.72880852 0.67414296 -0.11987223
		 -0.86624002 -0.26346695 0.42451575 -0.86624897 0.1132535 0.48660696 -0.72880846 0.3919287
		 -0.56145346 -0.7288084 0.57695389 -0.36873096 -0.86624914 -0.48158917 -0.1329823
		 -0.86625993 -0.43413869 0.24721909 -0.72880846 0.147236 -0.66869998 -0.72880846 0.3919287
		 -0.56145346 -0.86624897 0.1132535 0.48660696 -0.86625963 0.42370766 0.26469967 -0.7288087
		 -0.11987223 -0.67414278 -0.72880846 0.147236 -0.66869998 -0.86625993 -0.43413869
		 0.24721909 -0.86625177 -0.13279131 0.48163709 -0.72880858 -0.3687306 -0.57695377
		 -0.7288087 -0.11987223 -0.67414278 -0.86625963 0.42370766 0.26469967 -0.86625129
		 0.48664773 -0.11306052 -0.72880882 -0.56145298 -0.39192867 -0.72880858 -0.3687306
		 -0.57695377 -0.86625177 -0.13279131 0.48163709 -0.86627638 0.24846333 0.43339497
		 -0.7288087 -0.66869968 -0.147236 -0.72880882 -0.56145298 -0.39192867 -0.86625129
		 0.48664773 -0.11306052 -0.8662762 0.26591283 -0.42291349 -0.72880894 -0.67414254
		 0.11987212 -0.7288087 -0.66869968 -0.147236 -0.86627638 0.24846333 0.43339497 -0.75376683
		 0.37614709 -0.53884035 0.75376713 0.37614667 -0.53884029 0.75376672 0.55371964 -0.35387909
		 -0.7537663 0.55372006 -0.35387918 -0.75376725 0.14130922 -0.64176834 0.75376743 0.14130887
		 -0.64176822 0.75376713 0.37614667 -0.53884029 -0.75376683 0.37614709 -0.53884035
		 -0.75376725 0.14130922 -0.64176834 -0.75376785 -0.11504158 -0.64699262 0.75376773
		 -0.11504198 -0.64699256 0.75376743 0.14130887 -0.64176822 -0.75376886 -0.6417672
		 -0.14130561 0.75376844 -0.64176774 -0.1413056 0.75376832 -0.53884017 -0.37614453
		 -0.75376856 -0.53883964 -0.37614453 -0.75376856 -0.64699107 0.11504555 0.75376821
		 -0.64699149 0.11504559 0.75376844 -0.64176774 -0.1413056 -0.75376886 -0.6417672 -0.14130561
		 -0.75376874 -0.55371487 0.3538821 0.75376838 -0.55371529 0.35388216 0.75376821 -0.64699149
		 0.11504559 -0.75376856 -0.64699107 0.11504555 -0.75376874 -0.55371487 0.3538821 -0.75376761
		 -0.37614146 0.53884327 0.75376719 -0.37614182 0.53884345 0.75376838 -0.55371529 0.35388216
		 -0.75376749 -0.14130382 0.64176935 0.75376725 -0.14130418 0.64176941 0.75376719 -0.37614182
		 0.53884345 -0.75376761 -0.37614146 0.53884327 -0.75376719 0.11504712 0.64699239 0.75376725
		 0.11504672 0.64699244 0.75376725 -0.14130418 0.64176941 -0.75376749 -0.14130382 0.64176935
		 -0.75376642 0.35388321 0.55371732 0.7537666 0.35388279 0.55371743 0.75376725 0.11504672
		 0.64699244 -0.75376719 0.11504712 0.64699239 0.69876683 -0.50823563 -0.50340998 0.57367432
		 0.05611245 -0.81715918 0.59664297 0.80106139 -0.048144054 0.70798177 0.5994578 0.37337935
		 0.62415779 -0.74338913 -0.24041571 0.69876683 -0.50823563 -0.50340998 0.70798177
		 0.5994578 0.37337935 0.54422849 -0.18128644 0.8191157 -0.59664285 0.80106139 -0.048144065
		 -0.57367432 0.056112494 -0.81715918 -0.69876683 -0.50823551 -0.50340998 -0.70798177
		 0.59945792 0.37337935 -0.70798177 0.59945792 0.37337935 -0.69876683 -0.50823551 -0.50340998
		 -0.62415779 -0.74338907 -0.24041568 -0.54422861 -0.18128647 0.81911576 0.57367432
		 0.05611245 -0.81715918 0.69876683 -0.50823563 -0.50340998 -0.69876683 -0.50823551
		 -0.50340998 -0.57367432 0.056112494 -0.81715918 0.59664297 0.80106139 -0.048144054
		 0.57367432 0.05611245 -0.81715918 -0.57367432 0.056112494 -0.81715918 -0.59664285
		 0.80106139 -0.048144065 0.70798177 0.5994578 0.37337935 0.59664297 0.80106139 -0.048144054
		 -0.59664285 0.80106139 -0.048144065 -0.70798177 0.59945792 0.37337935 0.69876683
		 -0.50823563 -0.50340998 0.62415779 -0.74338913 -0.24041571 -0.62415779 -0.74338907
		 -0.24041568 -0.69876683 -0.50823551 -0.50340998 0.54422849 -0.18128644 0.8191157
		 0.70798177 0.5994578 0.37337935 -0.70798177 0.59945792 0.37337935 -0.54422861 -0.18128647
		 0.81911576 0.62415779 -0.74338913 -0.24041571 0.54422849 -0.18128644 0.8191157 -0.54422861
		 -0.18128647 0.81911576 -0.62415779 -0.74338907 -0.24041568 0.69876695 0.50727224
		 0.5043804 0.57367432 -0.057674579 0.81705046 0.59664303 -0.80115199 0.046612017 0.70798171
		 -0.59874284 -0.37452507 0.62415779 0.74292797 0.24183694 0.69876695 0.50727224 0.5043804
		 0.70798171 -0.59874284 -0.37452507 0.54422849 0.18285279 -0.81876743 -0.59664285
		 -0.80115199 0.046612043 -0.57367432 -0.057674628 0.81705046 -0.69876701 0.50727212
		 0.50438046 -0.70798171 -0.5987429 -0.37452504 -0.70798171 -0.5987429 -0.37452504
		 -0.69876701 0.50727212 0.50438046 -0.62415779 0.74292797 0.24183694 -0.54422861 0.18285273
		 -0.81876755 0.57367432 -0.057674579 0.81705046 0.69876695 0.50727224 0.5043804 -0.69876701
		 0.50727212 0.50438046 -0.57367432 -0.057674628 0.81705046 0.59664303 -0.80115199
		 0.046612017 0.57367432 -0.057674579 0.81705046;
	setAttr ".n[830:995]" -type "float3"  -0.57367432 -0.057674628 0.81705046 -0.59664285
		 -0.80115199 0.046612043 0.70798171 -0.59874284 -0.37452507 0.59664303 -0.80115199
		 0.046612017 -0.59664285 -0.80115199 0.046612043 -0.70798171 -0.5987429 -0.37452504
		 0.69876695 0.50727224 0.5043804 0.62415779 0.74292797 0.24183694 -0.62415779 0.74292797
		 0.24183694 -0.69876701 0.50727212 0.50438046 0.54422849 0.18285279 -0.81876743 0.70798171
		 -0.59874284 -0.37452507 -0.70798171 -0.5987429 -0.37452504 -0.54422861 0.18285273
		 -0.81876755 0.62415779 0.74292797 0.24183694 0.54422849 0.18285279 -0.81876743 -0.54422861
		 0.18285273 -0.81876755 -0.62415779 0.74292797 0.24183694 0.65647197 0.57536089 0.48785684
		 0.70828992 0.41492373 0.57110757 0.98209965 -0.12126666 -0.14413473 0.97003931 -0.17880064
		 -0.16448136 0.56868196 -0.65518111 0.49733141 0.59126413 -0.50927323 -0.62533778
		 0.74461657 0.00069781073 -0.66749215 0.73176879 -0.10496767 0.67342126 0.96573639
		 0.042820528 -0.25596815 0.96732056 -0.010524954 -0.25333813 0.73746663 -0.0036491281
		 0.67537367 0.72042024 0.12597886 0.68199992 0.96573639 0.042820528 -0.25596815 0.72042024
		 0.12597886 0.68199992 0.69199735 0.12368519 0.71122557 0.95483744 0.088646755 -0.28359711
		 0.73176879 -0.10496767 0.67342126 0.74461657 0.00069781073 -0.66749215 0.84314722
		 0.067935891 -0.53337371 0.75323182 -0.28908989 0.59082043 0.72946244 0.4562065 0.5096668
		 0.68593925 0.48505414 0.54241121 0.98222148 -0.092552781 -0.16332456 0.98631227 -0.094487555
		 -0.13513017 0.70828992 0.41492373 0.57110757 0.72946244 0.4562065 0.5096668 0.98631227
		 -0.094487555 -0.13513017 0.98209965 -0.12126666 -0.14413473 0.83619589 -0.43080974
		 -0.33938083 0.77283615 -0.088380307 -0.62842119 0.67720097 0.72332084 -0.13492875
		 0.72199428 0.63231885 0.2808862 0.96732056 -0.010524954 -0.25333813 0.97676802 -0.052781645
		 -0.20769763 0.74744922 -0.20023338 0.63342416 0.73746663 -0.0036491281 0.67537367
		 0.97676802 -0.052781645 -0.20769763 0.97931302 -0.084239915 -0.1839828 0.7993955
		 0.20946211 0.56310964 0.81456017 0.5324403 0.23021521 0.97931302 -0.084239915 -0.1839828
		 0.97970223 -0.090301812 -0.17896691 0.79808533 -0.22780491 0.55782133 0.7993955 0.20946211
		 0.56310964 0.97970223 -0.090301812 -0.17896691 0.98222148 -0.092552781 -0.16332456
		 0.81101477 -0.53997993 0.22511466 0.79808533 -0.22780491 0.55782133 0.81101477 -0.53997993
		 0.22511466 0.98222148 -0.092552781 -0.16332456 0.68593925 0.48505414 0.54241121 0.80365467
		 -0.54473174 -0.23959664 0.68593925 0.48505414 0.54241121 0.64810461 0.25605071 0.71721578
		 0.79686296 -0.23583564 -0.55622929 0.80365467 -0.54473174 -0.23959664 0.64810461
		 0.25605071 0.71721578 0.65261394 -0.15935978 0.74074256 0.80203563 0.20380358 -0.56142938
		 0.79686296 -0.23583564 -0.55622929 0.65261394 -0.15935978 0.74074256 0.74744922 -0.20023338
		 0.63342416 0.80794483 0.53535211 -0.24621767 0.80203563 0.20380358 -0.56142938 0.74744922
		 -0.20023338 0.63342416 0.97676802 -0.052781645 -0.20769763 0.81456017 0.5324403 0.23021521
		 0.80794483 0.53535211 -0.24621767 0.92169476 0.10853045 -0.37242424 0.94757229 0.097769864
		 -0.30421665 0.80442965 -0.23476684 0.54568988 0.80316341 0.21884219 0.5541088 0.94757229
		 0.097769864 -0.30421665 0.95483744 0.088646755 -0.28359711 0.80513519 -0.55196881
		 0.21699683 0.80442965 -0.23476684 0.54568988 0.95483744 0.088646755 -0.28359711 0.69199735
		 0.12368519 0.71122557 0.80868697 -0.53430158 -0.24606341 0.80513519 -0.55196881 0.21699683
		 0.69199735 0.12368519 0.71122557 0.66191697 -0.084021755 0.7448532 0.8037461 -0.19749628
		 -0.56123745 0.80868697 -0.53430158 -0.24606341 0.66191697 -0.084021755 0.7448532
		 0.67284125 -0.3473404 0.65317625 0.79866016 0.2477251 -0.54842877 0.8037461 -0.19749628
		 -0.56123745 0.67284125 -0.3473404 0.65317625 0.75323182 -0.28908989 0.59082043 0.80246729
		 0.55216628 -0.22618245 0.79866016 0.2477251 -0.54842877 0.75323182 -0.28908989 0.59082043
		 0.84314722 0.067935891 -0.53337371 0.80721754 0.54328883 0.23073156 0.80246729 0.55216628
		 -0.22618245 0.84314722 0.067935891 -0.53337371 0.92169476 0.10853045 -0.37242424
		 0.80316341 0.21884219 0.5541088 0.80721754 0.54328883 0.23073156 0.70710707 0.63397193
		 0.31317601 0.81183392 -0.41979039 -0.40583453 0.79427063 -0.60742718 0.012892483
		 0.65647197 0.57536089 0.48785684 0.97003931 -0.17880064 -0.16448136 0.80466723 0.41954774
		 -0.42010772 0.80140519 0.0048497524 -0.59810221 0.91737562 -0.3159962 -0.24200925
		 0.80208457 0.4191508 0.4254092 0.80916381 0.58757955 -0.0020717781 0.83619589 -0.43080974
		 -0.33938083 0.72199428 0.63231885 0.2808862 0.80930895 -0.41699597 0.41368261 0.80016738
		 0.00010892986 0.59977669 0.80590981 -0.0035292415 0.59202778 0.80354035 0.41954216
		 -0.4222644 0.80503464 -0.0023746493 -0.59322321 0.8030107 -0.42478707 0.41800693
		 0.7990405 -0.0044713789 -0.60126066 0.80442446 -0.41697428 0.42312381 0.80132198
		 -0.0016139233 0.5982312 0.80478972 0.40918404 -0.42997906 0.70710683 0.63397247 0.31317553
		 0.65647197 0.57536089 0.48785684 0.80140519 0.0048497524 -0.59810221 0.80539811 -0.4131754
		 -0.42499402 0.70710683 0.63397247 0.31317553 0.80539811 -0.4131754 -0.42499402 0.80627269
		 -0.59154338 -0.00090798072 0.80627269 -0.59154338 -0.00090798072 0.70710707 0.63397193
		 0.31317601 0.70710683 0.63397247 0.31317553 0.70710707 0.63397193 0.31317601 0.80442446
		 -0.41697428 0.42312381 0.7990405 -0.0044713789 -0.60126066 0.70710707 0.63397193
		 0.31317601 0.7990405 -0.0044713789 -0.60126066 0.81183392 -0.41979039 -0.40583453
		 0.80930895 -0.41699597 0.41368261 0.72199428 0.63231885 0.2808862 0.70710665 0.63397229
		 0.31317601 0.80032027 -0.59954971 -0.0052417978 0.80402535 -0.42321649 -0.41764954
		 0.80032027 -0.59954971 -0.0052417978 0.70710665 0.63397229 0.31317601 0.80503464
		 -0.0023746493 -0.59322321 0.80402535 -0.42321649 -0.41764954 0.70710665 0.63397229
		 0.31317601;
	setAttr ".n[996:1161]" -type "float3"  0.70710665 0.63397229 0.31317601 0.70710707
		 0.63397193 0.31317601 0.79427063 -0.60742718 0.012892483 0.8030107 -0.42478707 0.41800693
		 0.88261116 -0.36996666 -0.29003811 0.83619589 -0.43080974 -0.33938083 0.80016738
		 0.00010892986 0.59977669 0.80690813 0.41566873 0.41966507 0.88261116 -0.36996666
		 -0.29003811 0.80690813 0.41566873 0.41966507 0.80420095 0.59434813 -0.0033526253
		 0.88261116 -0.36996666 -0.29003811 0.80420095 0.59434813 -0.0033526253 0.80354035
		 0.41954216 -0.4222644 0.91737562 -0.3159962 -0.24200925 0.88261116 -0.36996666 -0.29003811
		 0.80354035 0.41954216 -0.4222644 0.80590981 -0.0035292415 0.59202778 0.91737562 -0.3159962
		 -0.24200925 0.80590981 -0.0035292415 0.59202778 0.80208457 0.4191508 0.4254092 0.80466723
		 0.41954774 -0.42010772 0.97003931 -0.17880064 -0.16448136 0.94491953 -0.2614505 -0.19690306
		 0.80707735 0.59040195 0.0071893022 0.80293196 0.41365716 0.42917132 0.80707735 0.59040195
		 0.0071893022 0.94491953 -0.2614505 -0.19690306 0.80293196 0.41365716 0.42917132 0.94491953
		 -0.2614505 -0.19690306 0.91737562 -0.3159962 -0.24200925 0.80132198 -0.0016139233
		 0.5982312 0.80478972 0.40918404 -0.42997906 0.80132198 -0.0016139233 0.5982312 0.91737562
		 -0.3159962 -0.24200925 0.80916381 0.58757955 -0.0020717781 0.80478972 0.40918404
		 -0.42997906 0.91737562 -0.3159962 -0.24200925 0.8030107 -0.42478707 0.41800693 0.80503464
		 -0.0023746493 -0.59322321 0.70710665 0.63397229 0.31317601 0.65647197 0.57536089
		 0.48785684 8.9421377e-14 0.76272362 0.64672452 6.8910582e-14 0.58777589 0.8090238
		 0.70828992 0.41492373 0.57110757 0.98209965 -0.12126666 -0.14413473 -7.7078121e-14
		 -0.65744126 -0.75350583 -1.0620658e-07 -0.75135022 -0.65990353 0.97003931 -0.17880064
		 -0.16448136 0.56868196 -0.65518111 0.49733141 -9.3383302e-14 -0.79651707 0.60461605
		 -7.4034224e-14 -0.63147825 -0.77539366 0.59126413 -0.50927323 -0.62533778 0.59126413
		 -0.50927323 -0.62533778 -7.4034224e-14 -0.63147825 -0.77539366 -2.8953751e-08 0.0010454898
		 -0.9999994 0.74461657 0.00069781073 -0.66749215 0.73176879 -0.10496767 0.67342126
		 -1.8056347e-14 -0.15401243 0.98806894 -9.3383302e-14 -0.79651707 0.60461605 0.56868196
		 -0.65518111 0.49733141 0.96573639 0.042820528 -0.25596815 9.8698415e-08 0.18901502
		 -0.98197412 -7.0073803e-08 -0.046187103 -0.99893278 0.96732056 -0.010524954 -0.25333813
		 0.73746663 -0.0036491281 0.67537367 -6.3344337e-16 -0.0054029836 0.9999854 2.1296184e-14
		 0.18164675 0.98336387 0.72042024 0.12597886 0.68199992 0.72042024 0.12597886 0.68199992
		 2.1296184e-14 0.18164675 0.98336387 2.0086988e-14 0.17133287 0.98521322 0.69199735
		 0.12368519 0.71122557 0.95483744 0.088646755 -0.28359711 6.6298554e-08 0.29841778
		 -0.95443535 9.8698415e-08 0.18901502 -0.98197412 0.96573639 0.042820528 -0.25596815
		 0.74461657 0.00069781073 -0.66749215 -2.8953751e-08 0.0010454898 -0.9999994 -6.7616199e-08
		 0.11793888 -0.99302089 0.84314722 0.067935891 -0.53337371 0.75323182 -0.28908989
		 0.59082043 -5.1527945e-14 -0.4395099 0.89823776 -1.8056347e-14 -0.15401243 0.98806894
		 0.73176879 -0.10496767 0.67342126 0.72946244 0.4562065 0.5096668 7.8192722e-14 0.66694832
		 0.74510407 7.8151359e-14 0.66659552 0.74541956 0.68593925 0.48505414 0.54241121 0.98222148
		 -0.092552781 -0.16332456 -9.8935665e-08 -0.50387704 -0.86377531 -6.994796e-14 -0.59662426
		 -0.80252069 0.98631227 -0.094487555 -0.13513017 0.70828992 0.41492373 0.57110757
		 6.8910582e-14 0.58777589 0.8090238 7.8192722e-14 0.66694832 0.74510407 0.72946244
		 0.4562065 0.5096668 0.98631227 -0.094487555 -0.13513017 -6.994796e-14 -0.59662426
		 -0.80252069 -7.7078121e-14 -0.65744126 -0.75350583 0.98209965 -0.12126666 -0.14413473
		 0.83619589 -0.43080974 -0.33938083 -2.080165e-08 -0.78551376 -0.61884421 9.8445091e-16
		 0.008396918 -0.99996477 0.77283615 -0.088380307 -0.62842119 0.77283615 -0.088380307
		 -0.62842119 9.8445091e-16 0.008396918 -0.99996477 1.3085567e-08 0.98035878 -0.19722269
		 0.67720097 0.72332084 -0.13492875 0.67720097 0.72332084 -0.13492875 1.3085567e-08
		 0.98035878 -0.19722269 -1.1920805e-08 0.91388911 0.40596417 0.72199428 0.63231885
		 0.2808862 0.96732056 -0.010524954 -0.25333813 -7.0073803e-08 -0.046187103 -0.99893278
		 -7.9727258e-08 -0.28602201 -0.95822304 0.97676802 -0.052781645 -0.20769763 0.74744922
		 -0.20023338 0.63342416 -3.533734e-14 -0.30141142 0.95349407 -6.3344337e-16 -0.0054029836
		 0.9999854 0.73746663 -0.0036491281 0.67537367 0.97676802 -0.052781645 -0.20769763
		 -7.9727258e-08 -0.28602201 -0.95822304 -1.4062368e-07 -0.4243747 -0.90548664 0.97931302
		 -0.084239915 -0.1839828 0.7993955 0.20946211 0.56310964 4.0873904e-14 0.34863579
		 0.9372583 1.076113e-13 0.91787541 0.39686862 0.81456017 0.5324403 0.23021521 0.97931302
		 -0.084239915 -0.1839828 -1.4062368e-07 -0.4243747 -0.90548664 -4.7862574e-08 -0.45240077
		 -0.89181471 0.97970223 -0.090301812 -0.17896691 0.79808533 -0.22780491 0.55782133
		 -4.4324939e-14 -0.37807155 0.9257763 4.0873904e-14 0.34863579 0.9372583 0.7993955
		 0.20946211 0.56310964 0.97970223 -0.090301812 -0.17896691 -4.7862574e-08 -0.45240077
		 -0.89181471 -9.8935665e-08 -0.50387704 -0.86377531 0.98222148 -0.092552781 -0.16332456
		 0.81101477 -0.53997993 0.22511466 -1.0821236e-13 -0.92300218 0.38479456 -4.4324939e-14
		 -0.37807155 0.9257763 0.79808533 -0.22780491 0.55782133 0.80365467 -0.54473174 -0.23959664
		 -1.0731732e-13 -0.9153679 -0.40261856 -1.0821236e-13 -0.92300218 0.38479456 0.81101477
		 -0.53997993 0.22511466 0.68593925 0.48505414 0.54241121 7.8151359e-14 0.66659552
		 0.74541956 3.9418582e-14 0.33622256 0.94178259 0.64810461 0.25605071 0.71721578 0.79686296
		 -0.23583564 -0.55622929 -4.576479e-14 -0.39035282 -0.92066532 -1.0731732e-13 -0.9153679
		 -0.40261856 0.80365467 -0.54473174 -0.23959664 0.64810461 0.25605071 0.71721578 3.9418582e-14
		 0.33622256 0.94178259 -2.4658176e-14 -0.21032302 0.97763199 0.65261394 -0.15935978
		 0.74074256 0.80203563 0.20380358 -0.56142938 4.0004688e-14 0.34122178 -0.93998283
		 -4.576479e-14 -0.39035282 -0.92066532 0.79686296 -0.23583564 -0.55622929 0.65261394
		 -0.15935978 0.74074256;
	setAttr ".n[1162:1327]" -type "float3"  -2.4658176e-14 -0.21032302 0.97763199
		 -3.533734e-14 -0.30141142 0.95349407 0.74744922 -0.20023338 0.63342416 0.80794483
		 0.53535211 -0.24621767 1.0651437e-13 0.90851903 -0.41784355 4.0004688e-14 0.34122178
		 -0.93998283 0.80203563 0.20380358 -0.56142938 0.81456017 0.5324403 0.23021521 1.076113e-13
		 0.91787541 0.39686862 1.0651437e-13 0.90851903 -0.41784355 0.80794483 0.53535211
		 -0.24621767 0.92169476 0.10853045 -0.37242424 3.1632544e-14 0.26981118 -0.96291327
		 -6.1177218e-08 0.30867335 -0.95116818 0.94757229 0.097769864 -0.30421665 0.80442965
		 -0.23476684 0.54568988 -1.3508028e-10 -0.39519846 0.91859573 7.8543012e-09 0.36733377
		 0.93008918 0.80316341 0.21884219 0.5541088 0.94757229 0.097769864 -0.30421665 -6.1177218e-08
		 0.30867335 -0.95116818 6.6298554e-08 0.29841778 -0.95443535 0.95483744 0.088646755
		 -0.28359711 0.80513519 -0.55196881 0.21699683 -1.0911066e-13 -0.93066424 0.36587429
		 -1.3508028e-10 -0.39519846 0.91859573 0.80442965 -0.23476684 0.54568988 0.80868697
		 -0.53430158 -0.24606341 -1.0648946e-13 -0.90830666 -0.41830501 -1.0911066e-13 -0.93066424
		 0.36587429 0.80513519 -0.55196881 0.21699683 0.69199735 0.12368519 0.71122557 2.0086988e-14
		 0.17133287 0.98521322 -1.3141635e-14 -0.11209216 0.99369782 0.66191697 -0.084021755
		 0.7448532 0.8037461 -0.19749628 -0.56123745 -3.8916702e-14 -0.33194175 -0.94329977
		 -1.0648946e-13 -0.90830666 -0.41830501 0.80868697 -0.53430158 -0.24606341 0.66191697
		 -0.084021755 0.7448532 -1.3141635e-14 -0.11209216 0.99369782 -5.5045632e-14 -0.46951419
		 0.88292497 0.67284125 -0.3473404 0.65317625 0.79866016 0.2477251 -0.54842877 4.8261955e-14
		 0.41165251 -0.91134089 -3.8916702e-14 -0.33194175 -0.94329977 0.8037461 -0.19749628
		 -0.56123745 0.67284125 -0.3473404 0.65317625 -5.5045632e-14 -0.46951419 0.88292497
		 -5.1527945e-14 -0.4395099 0.89823776 0.75323182 -0.28908989 0.59082043 0.80246729
		 0.55216628 -0.22618245 1.084903e-13 0.9253729 -0.37905806 4.8261955e-14 0.41165251
		 -0.91134089 0.79866016 0.2477251 -0.54842877 0.80721754 0.54328883 0.23073156 8.040991e-09
		 0.92043221 0.39090219 1.084903e-13 0.9253729 -0.37905806 0.80246729 0.55216628 -0.22618245
		 0.84314722 0.067935891 -0.53337371 -6.7616199e-08 0.11793888 -0.99302089 3.1632544e-14
		 0.26981118 -0.96291327 0.92169476 0.10853045 -0.37242424 0.80316341 0.21884219 0.5541088
		 7.8543012e-09 0.36733377 0.93008918 8.040991e-09 0.92043221 0.39090219 0.80721754
		 0.54328883 0.23073156 0.81183392 -0.41979039 -0.40583453 -8.4290146e-14 -0.71895659
		 -0.69505495 -1.1721315e-13 -0.99977481 0.021219959 0.79427063 -0.60742718 0.012892483
		 0.80466723 0.41954774 -0.42010772 8.2845569e-14 0.706635 -0.70757818 9.5062677e-16
		 0.0081084138 -0.9999671 0.80140519 0.0048497524 -0.59810221 0.80208457 0.4191508
		 0.4254092 8.2284324e-14 0.70184785 0.71232682 1.1723882e-13 0.99999374 -0.0035261062
		 0.80916381 0.58757955 -0.0020717781 0.80930895 -0.41699597 0.41368261 -8.3230874e-14
		 -0.70992148 0.70428085 2.1287958e-17 0.00018157659 1 0.80016738 0.00010892986 0.59977669
		 0.80354035 0.41954216 -0.4222644 8.263236e-14 0.7048164 -0.70938987 -4.6929077e-16
		 -0.0040028365 -0.99999201 0.80503464 -0.0023746493 -0.59322321 0.8030107 -0.42478707
		 0.41800693 -8.3565106e-14 -0.71277231 0.70139557 -6.9888498e-16 -0.0059611709 0.99998224
		 0.80590981 -0.0035292415 0.59202778 0.80442446 -0.41697428 0.42312381 -8.2291826e-14
		 -0.70191181 0.71226376 -3.1628115e-16 -0.0026977342 0.99999636 0.80132198 -0.0016139233
		 0.5982312 0.80478972 0.40918404 -0.42997906 8.0821729e-14 0.68937254 -0.7244069 -8.7183497e-16
		 -0.0074363556 -0.9999724 0.7990405 -0.0044713789 -0.60126066 0.70710683 0.63397247
		 0.31317553 1.0511375e-13 0.89657247 0.44289699 8.9421377e-14 0.76272362 0.64672452
		 0.65647197 0.57536089 0.48785684 0.80140519 0.0048497524 -0.59810221 9.5062677e-16
		 0.0081084138 -0.9999671 -8.1723833e-14 -0.69706708 -0.71700591 0.80539811 -0.4131754
		 -0.42499402 0.80539811 -0.4131754 -0.42499402 -8.1723833e-14 -0.69706708 -0.71700591
		 -1.172394e-13 -0.99999875 -0.0015350614 0.80627269 -0.59154338 -0.00090798072 0.80627269
		 -0.59154338 -0.00090798072 -1.172394e-13 -0.99999875 -0.0015350614 -8.2291826e-14
		 -0.70191181 0.71226376 0.80442446 -0.41697428 0.42312381 0.70710707 0.63397193 0.31317601
		 1.0511371e-13 0.89657211 0.44289795 1.0511375e-13 0.89657247 0.44289699 0.70710683
		 0.63397247 0.31317553 0.7990405 -0.0044713789 -0.60126066 -8.7183497e-16 -0.0074363556
		 -0.9999724 -8.4290146e-14 -0.71895659 -0.69505495 0.81183392 -0.41979039 -0.40583453
		 0.72199428 0.63231885 0.2808862 -1.1920805e-08 0.91388911 0.40596417 1.0511372e-13
		 0.89657217 0.44289765 0.70710665 0.63397229 0.31317601 0.80032027 -0.59954971 -0.0052417978
		 -1.1723507e-13 -0.99996173 -0.0087425075 -8.3230874e-14 -0.70992148 0.70428085 0.80930895
		 -0.41699597 0.41368261 0.80402535 -0.42321649 -0.41764954 -8.3447897e-14 -0.71177256
		 -0.70240992 -1.1723507e-13 -0.99996173 -0.0087425075 0.80032027 -0.59954971 -0.0052417978
		 0.80503464 -0.0023746493 -0.59322321 -4.6929077e-16 -0.0040028365 -0.99999201 -8.3447897e-14
		 -0.71177256 -0.70240992 0.80402535 -0.42321649 -0.41764954 0.70710665 0.63397229
		 0.31317601 1.0511372e-13 0.89657217 0.44289765 1.0511371e-13 0.89657211 0.44289795
		 0.70710707 0.63397193 0.31317601 0.79427063 -0.60742718 0.012892483 -1.1721315e-13
		 -0.99977481 0.021219959 -8.3565106e-14 -0.71277231 0.70139557 0.8030107 -0.42478707
		 0.41800693 0.88261116 -0.36996666 -0.29003811 -1.0321413e-07 -0.78695136 -0.61701506
		 -2.080165e-08 -0.78551376 -0.61884421 0.83619589 -0.43080974 -0.33938083 0.80016738
		 0.00010892986 0.59977669 2.1287958e-17 0.00018157659 1 8.250334e-14 0.70371592 0.71048146
		 0.80690813 0.41566873 0.41966507 0.80690813 0.41566873 0.41966507 8.250334e-14 0.70371592
		 0.71048146 1.1723768e-13 0.99998409 -0.0056399219 0.80420095 0.59434813 -0.0033526253
		 0.80420095 0.59434813 -0.0033526253 1.1723768e-13 0.99998409 -0.0056399219 8.263236e-14
		 0.7048164 -0.70938987 0.80354035 0.41954216 -0.4222644 0.91737562 -0.3159962 -0.24200925
		 -7.8795445e-08 -0.79393309 -0.60800511 -1.0321413e-07 -0.78695136 -0.61701506;
	setAttr ".n[1328:1493]" -type "float3"  0.88261116 -0.36996666 -0.29003811 0.80590981
		 -0.0035292415 0.59202778 -6.9888498e-16 -0.0059611709 0.99998224 8.2284324e-14 0.70184785
		 0.71232682 0.80208457 0.4191508 0.4254092 0.97003931 -0.17880064 -0.16448136 -1.0620658e-07
		 -0.75135022 -0.65990353 -3.1035071e-08 -0.79860789 -0.60185152 0.94491953 -0.2614505
		 -0.19690306 0.80707735 0.59040195 0.0071893022 1.1723086e-13 0.99992591 0.012176059
		 8.2845569e-14 0.706635 -0.70757818 0.80466723 0.41954774 -0.42010772 0.80293196 0.41365716
		 0.42917132 8.1361126e-14 0.69397336 0.72000062 1.1723086e-13 0.99992591 0.012176059
		 0.80707735 0.59040195 0.0071893022 0.94491953 -0.2614505 -0.19690306 -3.1035071e-08
		 -0.79860789 -0.60185152 -7.8795445e-08 -0.79393309 -0.60800511 0.91737562 -0.3159962
		 -0.24200925 0.80132198 -0.0016139233 0.5982312 -3.1628115e-16 -0.0026977342 0.99999636
		 8.1361126e-14 0.69397336 0.72000062 0.80293196 0.41365716 0.42917132 0.80916381 0.58757955
		 -0.0020717781 1.1723882e-13 0.99999374 -0.0035261062 8.0821729e-14 0.68937254 -0.7244069
		 0.80478972 0.40918404 -0.42997906 -0.65647185 0.57536101 0.48785684 -0.97003931 -0.17880033
		 -0.16448134 -0.98209959 -0.12126632 -0.14413472 -0.70828974 0.41492388 0.57110751
		 -0.56868207 -0.65518099 0.49733141 -0.73176891 -0.10496743 0.67342132 -0.74461651
		 0.00069804408 -0.66749209 -0.59126431 -0.50927317 -0.62533784 -0.96573639 0.042820849
		 -0.25596812 -0.72042018 0.1259791 0.68199998 -0.73746663 -0.0036488567 0.67537367
		 -0.96732056 -0.010524636 -0.25333816 -0.96573639 0.042820849 -0.25596812 -0.95483738
		 0.088647038 -0.28359711 -0.69199735 0.12368541 0.71122557 -0.72042018 0.1259791 0.68199998
		 -0.73176891 -0.10496743 0.67342132 -0.75323188 -0.28908971 0.59082043 -0.84314716
		 0.067936152 -0.53337365 -0.74461651 0.00069804408 -0.66749209 -0.72946233 0.45620671
		 0.50966674 -0.98631239 -0.09448722 -0.13513015 -0.98222154 -0.092552468 -0.16332461
		 -0.68593919 0.48505431 0.54241115 -0.70828974 0.41492388 0.57110751 -0.98209959 -0.12126632
		 -0.14413472 -0.98631239 -0.09448722 -0.13513015 -0.72946233 0.45620671 0.50966674
		 -0.83619601 -0.43080953 -0.33938083 -0.72199416 0.63231909 0.28088617 -0.67720085
		 0.72332108 -0.13492881 -0.77283615 -0.08838027 -0.62842119 -0.96732056 -0.010524636
		 -0.25333816 -0.73746663 -0.0036488567 0.67537367 -0.74744922 -0.20023316 0.63342428
		 -0.97676802 -0.052781321 -0.20769762 -0.97676802 -0.052781321 -0.20769762 -0.81456012
		 0.53244048 0.23021516 -0.7993955 0.20946243 0.56310964 -0.97931302 -0.084239572 -0.18398279
		 -0.97931302 -0.084239572 -0.18398279 -0.7993955 0.20946243 0.56310964 -0.79808539
		 -0.22780465 0.55782139 -0.97970223 -0.090301491 -0.17896692 -0.97970223 -0.090301491
		 -0.17896692 -0.79808539 -0.22780465 0.55782139 -0.81101495 -0.53997976 0.22511473
		 -0.98222154 -0.092552468 -0.16332461 -0.81101495 -0.53997976 0.22511473 -0.80365473
		 -0.54473156 -0.23959665 -0.68593919 0.48505431 0.54241115 -0.98222154 -0.092552468
		 -0.16332461 -0.68593919 0.48505431 0.54241115 -0.80365473 -0.54473156 -0.23959665
		 -0.79686296 -0.23583542 -0.55622929 -0.64810455 0.25605088 0.71721578 -0.64810455
		 0.25605088 0.71721578 -0.79686296 -0.23583542 -0.55622929 -0.80203563 0.20380387
		 -0.56142926 -0.65261394 -0.15935965 0.74074262 -0.65261394 -0.15935965 0.74074262
		 -0.80203563 0.20380387 -0.56142926 -0.80794477 0.53535229 -0.24621758 -0.74744922
		 -0.20023316 0.63342428 -0.74744922 -0.20023316 0.63342428 -0.80794477 0.53535229
		 -0.24621758 -0.81456012 0.53244048 0.23021516 -0.97676802 -0.052781321 -0.20769762
		 -0.92169476 0.10853075 -0.37242424 -0.80316335 0.21884248 0.55410874 -0.80442971
		 -0.23476659 0.54568988 -0.94757229 0.097770147 -0.30421662 -0.94757229 0.097770147
		 -0.30421662 -0.80442971 -0.23476659 0.54568988 -0.80513531 -0.55196875 0.21699691
		 -0.95483738 0.088647038 -0.28359711 -0.95483738 0.088647038 -0.28359711 -0.80513531
		 -0.55196875 0.21699691 -0.80868697 -0.53430146 -0.24606346 -0.69199735 0.12368541
		 0.71122557 -0.69199735 0.12368541 0.71122557 -0.80868697 -0.53430146 -0.24606346
		 -0.8037461 -0.19749601 -0.56123751 -0.66191697 -0.084021568 0.7448532 -0.66191697
		 -0.084021568 0.7448532 -0.8037461 -0.19749601 -0.56123751 -0.79866016 0.24772544
		 -0.54842877 -0.67284137 -0.34734026 0.65317631 -0.67284137 -0.34734026 0.65317631
		 -0.79866016 0.24772544 -0.54842877 -0.80246723 0.55216652 -0.22618243 -0.75323188
		 -0.28908971 0.59082043 -0.75323188 -0.28908971 0.59082043 -0.80246723 0.55216652
		 -0.22618243 -0.80721748 0.54328901 0.23073153 -0.84314716 0.067936152 -0.53337365
		 -0.84314716 0.067936152 -0.53337365 -0.80721748 0.54328901 0.23073153 -0.80316335
		 0.21884248 0.55410874 -0.92169476 0.10853075 -0.37242424 -0.70710689 0.63397205 0.31317598
		 -0.79427081 -0.60742706 0.012892498 -0.81183398 -0.41979027 -0.40583459 -0.65647185
		 0.57536101 0.48785684 -0.80140519 0.004850083 -0.59810221 -0.80466712 0.41954792
		 -0.42010754 -0.97003931 -0.17880033 -0.16448134 -0.91737568 -0.3159959 -0.24200925
		 -0.80916363 0.58757985 -0.0020718873 -0.80208451 0.41915101 0.42540908 -0.83619601
		 -0.43080953 -0.33938083 -0.8001675 0.00010923589 0.59977669 -0.80930901 -0.41699576
		 0.41368279 -0.72199416 0.63231909 0.28088617 -0.80590981 -0.0035289365 0.59202778
		 -0.80301076 -0.42478693 0.41800705 -0.80503464 -0.0023743077 -0.59322315 -0.80354029
		 0.41954249 -0.4222644 -0.7990405 -0.0044709989 -0.6012606 -0.80478954 0.40918431
		 -0.42997897 -0.80132204 -0.001613581 0.59823108 -0.80442452 -0.41697407 0.42312393
		 -0.70710665 0.63397264 0.31317547 -0.80539811 -0.41317534 -0.42499411 -0.80140519
		 0.004850083 -0.59810221 -0.65647185 0.57536101 0.48785684 -0.70710665 0.63397264
		 0.31317547 -0.80627275 -0.5915432 -0.00090805005 -0.80539811 -0.41317534 -0.42499411
		 -0.80627275 -0.5915432 -0.00090805005 -0.70710689 0.63397205 0.31317598 -0.80442452
		 -0.41697407 0.42312393 -0.70710689 0.63397205 0.31317598 -0.7990405 -0.0044709989
		 -0.6012606 -0.80442452 -0.41697407 0.42312393 -0.70710689 0.63397205 0.31317598 -0.81183398
		 -0.41979027 -0.40583459;
	setAttr ".n[1494:1659]" -type "float3"  -0.7990405 -0.0044709989 -0.6012606 -0.80930901
		 -0.41699576 0.41368279 -0.80032045 -0.59954953 -0.0052417866 -0.70710659 0.63397247
		 0.31317592 -0.72199416 0.63231909 0.28088617 -0.80402535 -0.42321625 -0.41764969
		 -0.70710659 0.63397247 0.31317592 -0.80032045 -0.59954953 -0.0052417866 -0.80503464
		 -0.0023743077 -0.59322315 -0.70710659 0.63397247 0.31317592 -0.80402535 -0.42321625
		 -0.41764969 -0.70710659 0.63397247 0.31317592 -0.80301076 -0.42478693 0.41800705
		 -0.79427081 -0.60742706 0.012892498 -0.70710689 0.63397205 0.31317598 -0.88261133
		 -0.36996639 -0.29003814 -0.80690795 0.41566917 0.41966498 -0.8001675 0.00010923589
		 0.59977669 -0.83619601 -0.43080953 -0.33938083 -0.88261133 -0.36996639 -0.29003814
		 -0.80420136 0.59434748 -0.0033519557 -0.80690795 0.41566917 0.41966498 -0.88261133
		 -0.36996639 -0.29003814 -0.80354029 0.41954249 -0.4222644 -0.80420136 0.59434748
		 -0.0033519557 -0.91737568 -0.3159959 -0.24200925 -0.80590981 -0.0035289365 0.59202778
		 -0.80354029 0.41954249 -0.4222644 -0.88261133 -0.36996639 -0.29003814 -0.91737568
		 -0.3159959 -0.24200925 -0.80208451 0.41915101 0.42540908 -0.80590981 -0.0035289365
		 0.59202778 -0.80466712 0.41954792 -0.42010754 -0.80707717 0.59040213 0.0071893493
		 -0.94491953 -0.26145023 -0.19690302 -0.97003931 -0.17880033 -0.16448134 -0.8029319
		 0.41365737 0.42917129 -0.94491953 -0.26145023 -0.19690302 -0.80707717 0.59040213
		 0.0071893493 -0.8029319 0.41365737 0.42917129 -0.80132204 -0.001613581 0.59823108
		 -0.91737568 -0.3159959 -0.24200925 -0.94491953 -0.26145023 -0.19690302 -0.80478954
		 0.40918431 -0.42997897 -0.91737568 -0.3159959 -0.24200925 -0.80132204 -0.001613581
		 0.59823108 -0.80916363 0.58757985 -0.0020718873 -0.91737568 -0.3159959 -0.24200925
		 -0.80478954 0.40918431 -0.42997897 -0.80301076 -0.42478693 0.41800705 -0.70710659
		 0.63397247 0.31317592 -0.80503464 -0.0023743077 -0.59322315 6.8910582e-14 0.58777589
		 0.8090238 8.9421377e-14 0.76272362 0.64672452 -0.65647185 0.57536101 0.48785684 -0.70828974
		 0.41492388 0.57110751 -1.0620658e-07 -0.75135022 -0.65990353 -7.7078121e-14 -0.65744126
		 -0.75350583 -0.98209959 -0.12126632 -0.14413472 -0.97003931 -0.17880033 -0.16448134
		 -7.4034224e-14 -0.63147825 -0.77539366 -9.3383302e-14 -0.79651707 0.60461605 -0.56868207
		 -0.65518099 0.49733141 -0.59126431 -0.50927317 -0.62533784 -2.8953751e-08 0.0010454898
		 -0.9999994 -7.4034224e-14 -0.63147825 -0.77539366 -0.59126431 -0.50927317 -0.62533784
		 -0.74461651 0.00069804408 -0.66749209 -9.3383302e-14 -0.79651707 0.60461605 -1.8056347e-14
		 -0.15401243 0.98806894 -0.73176891 -0.10496743 0.67342132 -0.56868207 -0.65518099
		 0.49733141 -7.0073803e-08 -0.046187103 -0.99893278 9.8698415e-08 0.18901502 -0.98197412
		 -0.96573639 0.042820849 -0.25596812 -0.96732056 -0.010524636 -0.25333816 2.1296184e-14
		 0.18164675 0.98336387 -6.3344337e-16 -0.0054029836 0.9999854 -0.73746663 -0.0036488567
		 0.67537367 -0.72042018 0.1259791 0.68199998 2.0086988e-14 0.17133287 0.98521322 2.1296184e-14
		 0.18164675 0.98336387 -0.72042018 0.1259791 0.68199998 -0.69199735 0.12368541 0.71122557
		 9.8698415e-08 0.18901502 -0.98197412 6.6298554e-08 0.29841778 -0.95443535 -0.95483738
		 0.088647038 -0.28359711 -0.96573639 0.042820849 -0.25596812 -6.7616199e-08 0.11793888
		 -0.99302089 -2.8953751e-08 0.0010454898 -0.9999994 -0.74461651 0.00069804408 -0.66749209
		 -0.84314716 0.067936152 -0.53337365 -1.8056347e-14 -0.15401243 0.98806894 -5.1527945e-14
		 -0.4395099 0.89823776 -0.75323188 -0.28908971 0.59082043 -0.73176891 -0.10496743
		 0.67342132 7.8151359e-14 0.66659552 0.74541956 7.8192722e-14 0.66694832 0.74510407
		 -0.72946233 0.45620671 0.50966674 -0.68593919 0.48505431 0.54241115 -6.994796e-14
		 -0.59662426 -0.80252069 -9.8935665e-08 -0.50387704 -0.86377531 -0.98222154 -0.092552468
		 -0.16332461 -0.98631239 -0.09448722 -0.13513015 7.8192722e-14 0.66694832 0.74510407
		 6.8910582e-14 0.58777589 0.8090238 -0.70828974 0.41492388 0.57110751 -0.72946233
		 0.45620671 0.50966674 -7.7078121e-14 -0.65744126 -0.75350583 -6.994796e-14 -0.59662426
		 -0.80252069 -0.98631239 -0.09448722 -0.13513015 -0.98209959 -0.12126632 -0.14413472
		 9.8445091e-16 0.008396918 -0.99996477 -2.080165e-08 -0.78551376 -0.61884421 -0.83619601
		 -0.43080953 -0.33938083 -0.77283615 -0.08838027 -0.62842119 1.3085567e-08 0.98035878
		 -0.19722269 9.8445091e-16 0.008396918 -0.99996477 -0.77283615 -0.08838027 -0.62842119
		 -0.67720085 0.72332108 -0.13492881 -1.1920805e-08 0.91388911 0.40596417 1.3085567e-08
		 0.98035878 -0.19722269 -0.67720085 0.72332108 -0.13492881 -0.72199416 0.63231909
		 0.28088617 -7.9727258e-08 -0.28602201 -0.95822304 -7.0073803e-08 -0.046187103 -0.99893278
		 -0.96732056 -0.010524636 -0.25333816 -0.97676802 -0.052781321 -0.20769762 -6.3344337e-16
		 -0.0054029836 0.9999854 -3.533734e-14 -0.30141142 0.95349407 -0.74744922 -0.20023316
		 0.63342428 -0.73746663 -0.0036488567 0.67537367 -1.4062368e-07 -0.4243747 -0.90548664
		 -7.9727258e-08 -0.28602201 -0.95822304 -0.97676802 -0.052781321 -0.20769762 -0.97931302
		 -0.084239572 -0.18398279 1.076113e-13 0.91787541 0.39686862 4.0873904e-14 0.34863579
		 0.9372583 -0.7993955 0.20946243 0.56310964 -0.81456012 0.53244048 0.23021516 -4.7862574e-08
		 -0.45240077 -0.89181471 -1.4062368e-07 -0.4243747 -0.90548664 -0.97931302 -0.084239572
		 -0.18398279 -0.97970223 -0.090301491 -0.17896692 4.0873904e-14 0.34863579 0.9372583
		 -4.4324939e-14 -0.37807155 0.9257763 -0.79808539 -0.22780465 0.55782139 -0.7993955
		 0.20946243 0.56310964 -9.8935665e-08 -0.50387704 -0.86377531 -4.7862574e-08 -0.45240077
		 -0.89181471 -0.97970223 -0.090301491 -0.17896692 -0.98222154 -0.092552468 -0.16332461
		 -4.4324939e-14 -0.37807155 0.9257763 -1.0821236e-13 -0.92300218 0.38479456 -0.81101495
		 -0.53997976 0.22511473 -0.79808539 -0.22780465 0.55782139 -1.0821236e-13 -0.92300218
		 0.38479456 -1.0731732e-13 -0.9153679 -0.40261856 -0.80365473 -0.54473156 -0.23959665
		 -0.81101495 -0.53997976 0.22511473 3.9418582e-14 0.33622256 0.94178259 7.8151359e-14
		 0.66659552 0.74541956 -0.68593919 0.48505431 0.54241115 -0.64810455 0.25605088 0.71721578
		 -1.0731732e-13 -0.9153679 -0.40261856 -4.576479e-14 -0.39035282 -0.92066532;
	setAttr ".n[1660:1825]" -type "float3"  -0.79686296 -0.23583542 -0.55622929 -0.80365473
		 -0.54473156 -0.23959665 -2.4658176e-14 -0.21032302 0.97763199 3.9418582e-14 0.33622256
		 0.94178259 -0.64810455 0.25605088 0.71721578 -0.65261394 -0.15935965 0.74074262 -4.576479e-14
		 -0.39035282 -0.92066532 4.0004688e-14 0.34122178 -0.93998283 -0.80203563 0.20380387
		 -0.56142926 -0.79686296 -0.23583542 -0.55622929 -3.533734e-14 -0.30141142 0.95349407
		 -2.4658176e-14 -0.21032302 0.97763199 -0.65261394 -0.15935965 0.74074262 -0.74744922
		 -0.20023316 0.63342428 4.0004688e-14 0.34122178 -0.93998283 1.0651437e-13 0.90851903
		 -0.41784355 -0.80794477 0.53535229 -0.24621758 -0.80203563 0.20380387 -0.56142926
		 1.0651437e-13 0.90851903 -0.41784355 1.076113e-13 0.91787541 0.39686862 -0.81456012
		 0.53244048 0.23021516 -0.80794477 0.53535229 -0.24621758 -6.1177218e-08 0.30867335
		 -0.95116818 3.1632544e-14 0.26981118 -0.96291327 -0.92169476 0.10853075 -0.37242424
		 -0.94757229 0.097770147 -0.30421662 7.8543012e-09 0.36733377 0.93008918 -1.3508028e-10
		 -0.39519846 0.91859573 -0.80442971 -0.23476659 0.54568988 -0.80316335 0.21884248
		 0.55410874 6.6298554e-08 0.29841778 -0.95443535 -6.1177218e-08 0.30867335 -0.95116818
		 -0.94757229 0.097770147 -0.30421662 -0.95483738 0.088647038 -0.28359711 -1.3508028e-10
		 -0.39519846 0.91859573 -1.0911066e-13 -0.93066424 0.36587429 -0.80513531 -0.55196875
		 0.21699691 -0.80442971 -0.23476659 0.54568988 -1.0911066e-13 -0.93066424 0.36587429
		 -1.0648946e-13 -0.90830666 -0.41830501 -0.80868697 -0.53430146 -0.24606346 -0.80513531
		 -0.55196875 0.21699691 -1.3141635e-14 -0.11209216 0.99369782 2.0086988e-14 0.17133287
		 0.98521322 -0.69199735 0.12368541 0.71122557 -0.66191697 -0.084021568 0.7448532 -1.0648946e-13
		 -0.90830666 -0.41830501 -3.8916702e-14 -0.33194175 -0.94329977 -0.8037461 -0.19749601
		 -0.56123751 -0.80868697 -0.53430146 -0.24606346 -5.5045632e-14 -0.46951419 0.88292497
		 -1.3141635e-14 -0.11209216 0.99369782 -0.66191697 -0.084021568 0.7448532 -0.67284137
		 -0.34734026 0.65317631 -3.8916702e-14 -0.33194175 -0.94329977 4.8261955e-14 0.41165251
		 -0.91134089 -0.79866016 0.24772544 -0.54842877 -0.8037461 -0.19749601 -0.56123751
		 -5.1527945e-14 -0.4395099 0.89823776 -5.5045632e-14 -0.46951419 0.88292497 -0.67284137
		 -0.34734026 0.65317631 -0.75323188 -0.28908971 0.59082043 4.8261955e-14 0.41165251
		 -0.91134089 1.084903e-13 0.9253729 -0.37905806 -0.80246723 0.55216652 -0.22618243
		 -0.79866016 0.24772544 -0.54842877 1.084903e-13 0.9253729 -0.37905806 8.040991e-09
		 0.92043221 0.39090219 -0.80721748 0.54328901 0.23073153 -0.80246723 0.55216652 -0.22618243
		 3.1632544e-14 0.26981118 -0.96291327 -6.7616199e-08 0.11793888 -0.99302089 -0.84314716
		 0.067936152 -0.53337365 -0.92169476 0.10853075 -0.37242424 8.040991e-09 0.92043221
		 0.39090219 7.8543012e-09 0.36733377 0.93008918 -0.80316335 0.21884248 0.55410874
		 -0.80721748 0.54328901 0.23073153 -1.1721315e-13 -0.99977481 0.021219959 -8.4290146e-14
		 -0.71895659 -0.69505495 -0.81183398 -0.41979027 -0.40583459 -0.79427081 -0.60742706
		 0.012892498 9.5062677e-16 0.0081084138 -0.9999671 8.2845569e-14 0.706635 -0.70757818
		 -0.80466712 0.41954792 -0.42010754 -0.80140519 0.004850083 -0.59810221 1.1723882e-13
		 0.99999374 -0.0035261062 8.2284324e-14 0.70184785 0.71232682 -0.80208451 0.41915101
		 0.42540908 -0.80916363 0.58757985 -0.0020718873 2.1287958e-17 0.00018157659 1 -8.3230874e-14
		 -0.70992148 0.70428085 -0.80930901 -0.41699576 0.41368279 -0.8001675 0.00010923589
		 0.59977669 -4.6929077e-16 -0.0040028365 -0.99999201 8.263236e-14 0.7048164 -0.70938987
		 -0.80354029 0.41954249 -0.4222644 -0.80503464 -0.0023743077 -0.59322315 -6.9888498e-16
		 -0.0059611709 0.99998224 -8.3565106e-14 -0.71277231 0.70139557 -0.80301076 -0.42478693
		 0.41800705 -0.80590981 -0.0035289365 0.59202778 -3.1628115e-16 -0.0026977342 0.99999636
		 -8.2291826e-14 -0.70191181 0.71226376 -0.80442452 -0.41697407 0.42312393 -0.80132204
		 -0.001613581 0.59823108 -8.7183497e-16 -0.0074363556 -0.9999724 8.0821729e-14 0.68937254
		 -0.7244069 -0.80478954 0.40918431 -0.42997897 -0.7990405 -0.0044709989 -0.6012606
		 8.9421377e-14 0.76272362 0.64672452 1.0511375e-13 0.89657247 0.44289699 -0.70710665
		 0.63397264 0.31317547 -0.65647185 0.57536101 0.48785684 -8.1723833e-14 -0.69706708
		 -0.71700591 9.5062677e-16 0.0081084138 -0.9999671 -0.80140519 0.004850083 -0.59810221
		 -0.80539811 -0.41317534 -0.42499411 -1.172394e-13 -0.99999875 -0.0015350614 -8.1723833e-14
		 -0.69706708 -0.71700591 -0.80539811 -0.41317534 -0.42499411 -0.80627275 -0.5915432
		 -0.00090805005 -8.2291826e-14 -0.70191181 0.71226376 -1.172394e-13 -0.99999875 -0.0015350614
		 -0.80627275 -0.5915432 -0.00090805005 -0.80442452 -0.41697407 0.42312393 1.0511375e-13
		 0.89657247 0.44289699 1.0511371e-13 0.89657211 0.44289795 -0.70710689 0.63397205
		 0.31317598 -0.70710665 0.63397264 0.31317547 -8.4290146e-14 -0.71895659 -0.69505495
		 -8.7183497e-16 -0.0074363556 -0.9999724 -0.7990405 -0.0044709989 -0.6012606 -0.81183398
		 -0.41979027 -0.40583459 1.0511372e-13 0.89657217 0.44289765 -1.1920805e-08 0.91388911
		 0.40596417 -0.72199416 0.63231909 0.28088617 -0.70710659 0.63397247 0.31317592 -8.3230874e-14
		 -0.70992148 0.70428085 -1.1723507e-13 -0.99996173 -0.0087425075 -0.80032045 -0.59954953
		 -0.0052417866 -0.80930901 -0.41699576 0.41368279 -1.1723507e-13 -0.99996173 -0.0087425075
		 -8.3447897e-14 -0.71177256 -0.70240992 -0.80402535 -0.42321625 -0.41764969 -0.80032045
		 -0.59954953 -0.0052417866 -8.3447897e-14 -0.71177256 -0.70240992 -4.6929077e-16 -0.0040028365
		 -0.99999201 -0.80503464 -0.0023743077 -0.59322315 -0.80402535 -0.42321625 -0.41764969
		 1.0511371e-13 0.89657211 0.44289795 1.0511372e-13 0.89657217 0.44289765 -0.70710659
		 0.63397247 0.31317592 -0.70710689 0.63397205 0.31317598 -8.3565106e-14 -0.71277231
		 0.70139557 -1.1721315e-13 -0.99977481 0.021219959 -0.79427081 -0.60742706 0.012892498
		 -0.80301076 -0.42478693 0.41800705 -2.080165e-08 -0.78551376 -0.61884421 -1.0321413e-07
		 -0.78695136 -0.61701506 -0.88261133 -0.36996639 -0.29003814 -0.83619601 -0.43080953
		 -0.33938083 8.250334e-14 0.70371592 0.71048146 2.1287958e-17 0.00018157659 1 -0.8001675
		 0.00010923589 0.59977669 -0.80690795 0.41566917 0.41966498;
	setAttr ".n[1826:1991]" -type "float3"  1.1723768e-13 0.99998409 -0.0056399219
		 8.250334e-14 0.70371592 0.71048146 -0.80690795 0.41566917 0.41966498 -0.80420136
		 0.59434748 -0.0033519557 8.263236e-14 0.7048164 -0.70938987 1.1723768e-13 0.99998409
		 -0.0056399219 -0.80420136 0.59434748 -0.0033519557 -0.80354029 0.41954249 -0.4222644
		 -1.0321413e-07 -0.78695136 -0.61701506 -7.8795445e-08 -0.79393309 -0.60800511 -0.91737568
		 -0.3159959 -0.24200925 -0.88261133 -0.36996639 -0.29003814 8.2284324e-14 0.70184785
		 0.71232682 -6.9888498e-16 -0.0059611709 0.99998224 -0.80590981 -0.0035289365 0.59202778
		 -0.80208451 0.41915101 0.42540908 -3.1035071e-08 -0.79860789 -0.60185152 -1.0620658e-07
		 -0.75135022 -0.65990353 -0.97003931 -0.17880033 -0.16448134 -0.94491953 -0.26145023
		 -0.19690302 8.2845569e-14 0.706635 -0.70757818 1.1723086e-13 0.99992591 0.012176059
		 -0.80707717 0.59040213 0.0071893493 -0.80466712 0.41954792 -0.42010754 1.1723086e-13
		 0.99992591 0.012176059 8.1361126e-14 0.69397336 0.72000062 -0.8029319 0.41365737
		 0.42917129 -0.80707717 0.59040213 0.0071893493 -7.8795445e-08 -0.79393309 -0.60800511
		 -3.1035071e-08 -0.79860789 -0.60185152 -0.94491953 -0.26145023 -0.19690302 -0.91737568
		 -0.3159959 -0.24200925 8.1361126e-14 0.69397336 0.72000062 -3.1628115e-16 -0.0026977342
		 0.99999636 -0.80132204 -0.001613581 0.59823108 -0.8029319 0.41365737 0.42917129 8.0821729e-14
		 0.68937254 -0.7244069 1.1723882e-13 0.99999374 -0.0035261062 -0.80916363 0.58757985
		 -0.0020718873 -0.80478954 0.40918431 -0.42997897 0.80627269 -0.59154338 -0.00090798072
		 0.80442446 -0.41697428 0.42312381 0.70710707 0.63397193 0.31317601 -0.80627275 -0.5915432
		 -0.00090805005 -0.70710665 0.63397264 0.31317547 -0.70710689 0.63397205 0.31317598
		 0.62596047 0.74467158 0.2315978 0.68902838 0.50332743 0.5214417 0.71598673 -0.47032174
		 -0.51590741 0.55033946 0.27648887 -0.78783262 0.56361806 -0.68544453 0.46097758 0.62400156
		 -0.56119162 -0.54377002 0.67155409 -0.14932474 -0.72575289 0.73176885 -0.10496765
		 0.67342126 0.71421963 -0.028687244 -0.69933343 0.72652107 -0.10705931 -0.67875284
		 0.73746657 -0.0036491251 0.67537367 0.72042024 0.12597883 0.68199998 0.71421963 -0.028687244
		 -0.69933343 0.72042024 0.12597883 0.68199998 0.69199735 0.12368522 0.71122557 0.76985365
		 0.15820917 -0.61830026 0.73176885 -0.10496765 0.67342126 0.67155409 -0.14932474 -0.72575289
		 0.68681967 0.041300993 -0.72565353 0.75323182 -0.28908989 0.59082043 0.72335756 0.47365496
		 0.50239897 0.68593925 0.48505411 0.54241121 0.70982718 -0.33559465 -0.61929125 0.72928065
		 -0.38883585 -0.56298876 0.68902838 0.50332743 0.5214417 0.72335756 0.47365496 0.50239897
		 0.72928065 -0.38883585 -0.56298876 0.71598673 -0.47032174 -0.51590741 0.72652107
		 -0.10705931 -0.67875284 0.72787172 -0.22247887 -0.64861858 0.74744922 -0.20023333
		 0.63342416 0.73746657 -0.0036491251 0.67537367 0.72787172 -0.22247887 -0.64861858
		 0.70378506 -0.280211 -0.65281576 0.79939568 0.20946233 0.5631094 0.81456006 0.5324406
		 0.23021507 0.70378506 -0.280211 -0.65281576 0.71782875 -0.29503104 -0.63061762 0.79808539
		 -0.227805 0.55782133 0.79939568 0.20946233 0.5631094 0.71782875 -0.29503104 -0.63061762
		 0.70982718 -0.33559465 -0.61929125 0.81101489 -0.53997993 0.22511417 0.79808539 -0.227805
		 0.55782133 0.81101489 -0.53997993 0.22511417 0.70982718 -0.33559465 -0.61929125 0.68593925
		 0.48505411 0.54241121 0.80365425 -0.54473233 -0.23959664 0.68593925 0.48505411 0.54241121
		 0.64810461 0.25605077 0.71721572 0.7968632 -0.23583601 -0.5562287 0.80365425 -0.54473233
		 -0.23959664 0.64810461 0.25605077 0.71721572 0.65261388 -0.15935969 0.74074268 0.80203563
		 0.20380375 -0.56142938 0.7968632 -0.23583601 -0.5562287 0.65261388 -0.15935969 0.74074268
		 0.74744922 -0.20023333 0.63342416 0.80794477 0.53535223 -0.24621762 0.80203563 0.20380375
		 -0.56142938 0.74744922 -0.20023333 0.63342416 0.72787172 -0.22247887 -0.64861858
		 0.81456006 0.5324406 0.23021507 0.80794477 0.53535223 -0.24621762 0.68034762 0.19794196
		 -0.70565289 0.69456565 0.31549877 -0.64655942 0.80442959 -0.23476686 0.54569006 0.80316335
		 0.21884222 0.55410892 0.69456565 0.31549877 -0.64655942 0.76985365 0.15820917 -0.61830026
		 0.80513531 -0.55196875 0.21699685 0.80442959 -0.23476686 0.54569006 0.76985365 0.15820917
		 -0.61830026 0.69199735 0.12368522 0.71122557 0.80868691 -0.53430158 -0.24606344 0.80513531
		 -0.55196875 0.21699685 0.69199735 0.12368522 0.71122557 0.66191697 -0.084021889 0.74485314
		 0.80374599 -0.19749635 -0.56123739 0.80868691 -0.53430158 -0.24606344 0.66191697
		 -0.084021889 0.74485314 0.67284131 -0.34734046 0.65317613 0.79866022 0.24772517 -0.54842877
		 0.80374599 -0.19749635 -0.56123739 0.67284131 -0.34734046 0.65317613 0.75323182 -0.28908989
		 0.59082043 0.80246723 0.5521664 -0.22618245 0.79866022 0.24772517 -0.54842877 0.75323182
		 -0.28908989 0.59082043 0.68681967 0.041300993 -0.72565353 0.80721796 0.54328817 0.23073138
		 0.80246723 0.5521664 -0.22618245 0.68681967 0.041300993 -0.72565353 0.68034762 0.19794196
		 -0.70565289 0.80316335 0.21884222 0.55410892 0.80721796 0.54328817 0.23073138 0.62596047
		 0.74467158 0.2315978 -6.8974774e-15 0.95488507 0.29697561 8.142277e-14 0.69449914
		 0.71949357 0.68902838 0.50332743 0.5214417 0.71598673 -0.47032174 -0.51590741 -1.1519987e-13
		 -0.67370349 -0.73900175 3.8823301e-14 0.33114508 -0.94357985 0.55033946 0.27648887
		 -0.78783262 0.55033946 0.27648887 -0.78783262 3.8823301e-14 0.33114508 -0.94357985
		 -6.8974774e-15 0.95488507 0.29697561 0.62596047 0.74467158 0.2315978 0.56361806 -0.68544453
		 0.46097758 -9.728542e-14 -0.82980037 0.55806035 -8.4197494e-14 -0.71816629 -0.69587159
		 0.62400156 -0.56119162 -0.54377002 0.62400156 -0.56119162 -0.54377002 -8.4197494e-14
		 -0.71816629 -0.69587159 -2.3627276e-14 -0.20152991 -0.97948229 0.67155409 -0.14932474
		 -0.72575289 0.73176885 -0.10496765 0.67342126 -1.8056345e-14 -0.15401241 0.98806882
		 -9.728542e-14 -0.82980037 0.55806035 0.56361806 -0.68544453 0.46097758;
	setAttr ".n[1992:2157]" -type "float3"  0.71421963 -0.028687244 -0.69933343 -1.6619272e-09
		 -0.040986326 -0.99915975 -1.8266299e-14 -0.15580322 -0.98778808 0.72652107 -0.10705931
		 -0.67875284 0.73746657 -0.0036491251 0.67537367 -6.3344284e-16 -0.005402979 0.9999854
		 2.129618e-14 0.18164672 0.98336381 0.72042024 0.12597883 0.68199998 0.72042024 0.12597883
		 0.68199998 2.129618e-14 0.18164672 0.98336381 2.0086993e-14 0.17133291 0.98521316
		 0.69199735 0.12368522 0.71122557 0.76985365 0.15820917 -0.61830026 8.1577952e-08
		 0.24789125 -0.96878785 -1.6619272e-09 -0.040986326 -0.99915975 0.71421963 -0.028687244
		 -0.69933343 0.67155409 -0.14932474 -0.72575289 -2.3627276e-14 -0.20152991 -0.97948229
		 6.6619819e-15 0.056823671 -0.99838418 0.68681967 0.041300993 -0.72565353 0.75323182
		 -0.28908989 0.59082043 -5.1527942e-14 -0.43950987 0.89823776 -1.8056345e-14 -0.15401241
		 0.98806882 0.73176885 -0.10496765 0.67342126 0.72335756 0.47365496 0.50239897 8.0424647e-14
		 0.68598562 0.727615 7.8151359e-14 0.66659552 0.74541956 0.68593925 0.48505411 0.54241121
		 0.70982718 -0.33559465 -0.61929125 -5.5857906e-14 -0.47644252 -0.87920564 -6.6626663e-14
		 -0.56829512 -0.82282478 0.72928065 -0.38883585 -0.56298876 0.68902838 0.50332743
		 0.5214417 8.142277e-14 0.69449914 0.71949357 8.0424647e-14 0.68598562 0.727615 0.72335756
		 0.47365496 0.50239897 0.72928065 -0.38883585 -0.56298876 -6.6626663e-14 -0.56829512
		 -0.82282478 -1.1519987e-13 -0.67370349 -0.73900175 0.71598673 -0.47032174 -0.51590741
		 0.72652107 -0.10705931 -0.67875284 -1.8266299e-14 -0.15580322 -0.98778808 -3.8038217e-14
		 -0.32444867 -0.94590324 0.72787172 -0.22247887 -0.64861858 0.74744922 -0.20023333
		 0.63342416 -3.533734e-14 -0.30141142 0.95349407 -6.3344284e-16 -0.005402979 0.9999854
		 0.73746657 -0.0036491251 0.67537367 0.72787172 -0.22247887 -0.64861858 -3.8038217e-14
		 -0.32444867 -0.94590324 -4.6243259e-14 -0.39443395 -0.91892427 0.70378506 -0.280211
		 -0.65281576 0.79939568 0.20946233 0.5631094 4.0873951e-14 0.34863618 0.93725818 1.0761132e-13
		 0.91787559 0.39686823 0.81456006 0.5324406 0.23021507 0.70378506 -0.280211 -0.65281576
		 -4.6243259e-14 -0.39443395 -0.91892427 -4.9681589e-14 -0.42376134 -0.90577388 0.71782875
		 -0.29503104 -0.63061762 0.79808539 -0.227805 0.55782133 -4.4324953e-14 -0.37807167
		 0.9257763 4.0873951e-14 0.34863618 0.93725818 0.79939568 0.20946233 0.5631094 0.71782875
		 -0.29503104 -0.63061762 -4.9681589e-14 -0.42376134 -0.90577388 -5.5857906e-14 -0.47644252
		 -0.87920564 0.70982718 -0.33559465 -0.61929125 0.81101489 -0.53997993 0.22511417
		 -1.082124e-13 -0.92300254 0.38479385 -4.4324953e-14 -0.37807167 0.9257763 0.79808539
		 -0.227805 0.55782133 0.80365425 -0.54473233 -0.23959664 -1.0731733e-13 -0.91536802
		 -0.40261814 -1.082124e-13 -0.92300254 0.38479385 0.81101489 -0.53997993 0.22511417
		 0.68593925 0.48505411 0.54241121 7.8151359e-14 0.66659552 0.74541956 3.9418599e-14
		 0.33622271 0.94178259 0.64810461 0.25605077 0.71721572 0.7968632 -0.23583601 -0.5562287
		 -4.5764882e-14 -0.39035362 -0.92066497 -1.0731733e-13 -0.91536802 -0.40261814 0.80365425
		 -0.54473233 -0.23959664 0.64810461 0.25605077 0.71721572 3.9418599e-14 0.33622271
		 0.94178259 -2.4658159e-14 -0.21032287 0.97763193 0.65261388 -0.15935969 0.74074268
		 0.80203563 0.20380375 -0.56142938 4.0004702e-14 0.3412219 -0.93998277 -4.5764882e-14
		 -0.39035362 -0.92066497 0.7968632 -0.23583601 -0.5562287 0.65261388 -0.15935969 0.74074268
		 -2.4658159e-14 -0.21032287 0.97763193 -3.533734e-14 -0.30141142 0.95349407 0.74744922
		 -0.20023333 0.63342416 0.80794477 0.53535223 -0.24621762 1.0651437e-13 0.90851903
		 -0.41784346 4.0004702e-14 0.3412219 -0.93998277 0.80203563 0.20380375 -0.56142938
		 0.81456006 0.5324406 0.23021507 1.0761132e-13 0.91787559 0.39686823 1.0651437e-13
		 0.90851903 -0.41784346 0.80794477 0.53535223 -0.24621762 0.68034762 0.19794196 -0.70565289
		 3.1664565e-14 0.27008432 -0.96283662 8.062274e-08 0.43854034 -0.8987115 0.69456565
		 0.31549877 -0.64655942 0.80442959 -0.23476686 0.54569006 -4.6638996e-14 -0.39519829
		 0.91859579 5.2842577e-14 0.36733332 0.93008935 0.80316335 0.21884222 0.55410892 0.69456565
		 0.31549877 -0.64655942 8.062274e-08 0.43854034 -0.8987115 8.1577952e-08 0.24789125
		 -0.96878785 0.76985365 0.15820917 -0.61830026 0.80513531 -0.55196875 0.21699685 -1.0911066e-13
		 -0.93066424 0.36587438 -4.6638996e-14 -0.39519829 0.91859579 0.80442959 -0.23476686
		 0.54569006 0.80868691 -0.53430158 -0.24606344 -1.0648945e-13 -0.90830654 -0.4183051
		 -1.0911066e-13 -0.93066424 0.36587438 0.80513531 -0.55196875 0.21699685 0.69199735
		 0.12368522 0.71122557 2.0086993e-14 0.17133291 0.98521316 -1.3141655e-14 -0.11209234
		 0.99369782 0.66191697 -0.084021889 0.74485314 0.80374599 -0.19749635 -0.56123739
		 -3.8916722e-14 -0.33194193 -0.94329977 -1.0648945e-13 -0.90830654 -0.4183051 0.80868691
		 -0.53430158 -0.24606344 0.66191697 -0.084021889 0.74485314 -1.3141655e-14 -0.11209234
		 0.99369782 -5.5045639e-14 -0.46951425 0.88292491 0.67284131 -0.34734046 0.65317613
		 0.79866022 0.24772517 -0.54842877 4.8261955e-14 0.41165251 -0.91134083 -3.8916722e-14
		 -0.33194193 -0.94329977 0.80374599 -0.19749635 -0.56123739 0.67284131 -0.34734046
		 0.65317613 -5.5045639e-14 -0.46951425 0.88292491 -5.1527942e-14 -0.43950987 0.89823776
		 0.75323182 -0.28908989 0.59082043 0.80246723 0.5521664 -0.22618245 1.084903e-13 0.9253729
		 -0.379058 4.8261955e-14 0.41165251 -0.91134083 0.79866022 0.24772517 -0.54842877
		 0.80721796 0.54328817 0.23073138 9.807104e-14 0.92043221 0.39090222 1.084903e-13
		 0.9253729 -0.379058 0.80246723 0.5521664 -0.22618245 0.68681967 0.041300993 -0.72565353
		 6.6619819e-15 0.056823671 -0.99838418 3.1664565e-14 0.27008432 -0.96283662 0.68034762
		 0.19794196 -0.70565289 0.80316335 0.21884222 0.55410892 5.2842577e-14 0.36733332
		 0.93008935 9.807104e-14 0.92043221 0.39090222 0.80721796 0.54328817 0.23073138 -0.62596041
		 0.7446717 0.23159781 -0.55033952 0.27648893 -0.78783268 -0.71598685 -0.47032157 -0.51590741
		 -0.68902826 0.50332749 0.52144164 -0.56361818 -0.68544447 0.46097761 -0.73176891
		 -0.10496742 0.67342132;
	setAttr ".n[2158:2323]" -type "float3"  -0.67155409 -0.14932457 -0.72575289 -0.62400174
		 -0.56119156 -0.54377002 -0.71421963 -0.028687011 -0.69933343 -0.72042024 0.12597907
		 0.68199998 -0.73746657 -0.003648873 0.67537367 -0.72652107 -0.10705906 -0.67875278
		 -0.71421963 -0.028687011 -0.69933343 -0.76985359 0.15820931 -0.61830032 -0.69199735
		 0.12368543 0.71122557 -0.72042024 0.12597907 0.68199998 -0.73176891 -0.10496742 0.67342132
		 -0.75323188 -0.28908965 0.59082043 -0.68681967 0.041301209 -0.72565353 -0.67155409
		 -0.14932457 -0.72575289 -0.72335756 0.47365516 0.50239891 -0.72928077 -0.38883564
		 -0.56298888 -0.7098273 -0.33559451 -0.61929131 -0.68593925 0.48505425 0.54241115
		 -0.68902826 0.50332749 0.52144164 -0.71598685 -0.47032157 -0.51590741 -0.72928077
		 -0.38883564 -0.56298888 -0.72335756 0.47365516 0.50239891 -0.72652107 -0.10705906
		 -0.67875278 -0.73746657 -0.003648873 0.67537367 -0.74744928 -0.20023309 0.63342416
		 -0.72787178 -0.22247858 -0.64861852 -0.72787178 -0.22247858 -0.64861852 -0.81455988
		 0.53244078 0.23021497 -0.79939568 0.2094626 0.56310934 -0.70378506 -0.28021079 -0.65281576
		 -0.70378506 -0.28021079 -0.65281576 -0.79939568 0.2094626 0.56310934 -0.79808539
		 -0.22780475 0.55782127 -0.71782875 -0.29503083 -0.63061768 -0.71782875 -0.29503083
		 -0.63061768 -0.79808539 -0.22780475 0.55782127 -0.81101501 -0.53997982 0.22511424
		 -0.7098273 -0.33559451 -0.61929131 -0.81101501 -0.53997982 0.22511424 -0.80365431
		 -0.54473221 -0.23959675 -0.68593925 0.48505425 0.54241115 -0.7098273 -0.33559451
		 -0.61929131 -0.68593925 0.48505425 0.54241115 -0.80365431 -0.54473221 -0.23959675
		 -0.79686326 -0.23583576 -0.55622882 -0.64810467 0.25605097 0.71721572 -0.64810467
		 0.25605097 0.71721572 -0.79686326 -0.23583576 -0.55622882 -0.80203557 0.20380399
		 -0.56142932 -0.65261394 -0.15935954 0.74074262 -0.65261394 -0.15935954 0.74074262
		 -0.80203557 0.20380399 -0.56142932 -0.80794477 0.53535235 -0.24621761 -0.74744928
		 -0.20023309 0.63342416 -0.74744928 -0.20023309 0.63342416 -0.80794477 0.53535235
		 -0.24621761 -0.81455988 0.53244078 0.23021497 -0.72787178 -0.22247858 -0.64861852
		 -0.68034756 0.19794212 -0.70565289 -0.80316335 0.2188426 0.55410892 -0.80442971 -0.23476657
		 0.54569012 -0.69456559 0.31549895 -0.64655948 -0.69456559 0.31549895 -0.64655948
		 -0.80442971 -0.23476657 0.54569012 -0.80513549 -0.55196857 0.21699688 -0.76985359
		 0.15820931 -0.61830032 -0.76985359 0.15820931 -0.61830032 -0.80513549 -0.55196857
		 0.21699688 -0.80868709 -0.53430146 -0.24606355 -0.69199735 0.12368543 0.71122557
		 -0.69199735 0.12368543 0.71122557 -0.80868709 -0.53430146 -0.24606355 -0.8037461
		 -0.19749604 -0.56123745 -0.66191697 -0.08402171 0.7448532 -0.66191697 -0.08402171
		 0.7448532 -0.8037461 -0.19749604 -0.56123745 -0.79866022 0.24772544 -0.54842871 -0.67284137
		 -0.34734029 0.65317619 -0.67284137 -0.34734029 0.65317619 -0.79866022 0.24772544
		 -0.54842871 -0.80246717 0.55216664 -0.22618242 -0.75323188 -0.28908965 0.59082043
		 -0.75323188 -0.28908965 0.59082043 -0.80246717 0.55216664 -0.22618242 -0.80721784
		 0.54328841 0.23073129 -0.68681967 0.041301209 -0.72565353 -0.68681967 0.041301209
		 -0.72565353 -0.80721784 0.54328841 0.23073129 -0.80316335 0.2188426 0.55410892 -0.68034756
		 0.19794212 -0.70565289 8.142277e-14 0.69449914 0.71949357 -6.8974774e-15 0.95488507
		 0.29697561 -0.62596041 0.7446717 0.23159781 -0.68902826 0.50332749 0.52144164 3.8823301e-14
		 0.33114508 -0.94357985 -1.1519987e-13 -0.67370349 -0.73900175 -0.71598685 -0.47032157
		 -0.51590741 -0.55033952 0.27648893 -0.78783268 -6.8974774e-15 0.95488507 0.29697561
		 3.8823301e-14 0.33114508 -0.94357985 -0.55033952 0.27648893 -0.78783268 -0.62596041
		 0.7446717 0.23159781 -8.4197494e-14 -0.71816629 -0.69587159 -9.728542e-14 -0.82980037
		 0.55806035 -0.56361818 -0.68544447 0.46097761 -0.62400174 -0.56119156 -0.54377002
		 -2.3627276e-14 -0.20152991 -0.97948229 -8.4197494e-14 -0.71816629 -0.69587159 -0.62400174
		 -0.56119156 -0.54377002 -0.67155409 -0.14932457 -0.72575289 -9.728542e-14 -0.82980037
		 0.55806035 -1.8056345e-14 -0.15401241 0.98806882 -0.73176891 -0.10496742 0.67342132
		 -0.56361818 -0.68544447 0.46097761 -1.8266299e-14 -0.15580322 -0.98778808 -1.6619272e-09
		 -0.040986326 -0.99915975 -0.71421963 -0.028687011 -0.69933343 -0.72652107 -0.10705906
		 -0.67875278 2.129618e-14 0.18164672 0.98336381 -6.3344284e-16 -0.005402979 0.9999854
		 -0.73746657 -0.003648873 0.67537367 -0.72042024 0.12597907 0.68199998 2.0086993e-14
		 0.17133291 0.98521316 2.129618e-14 0.18164672 0.98336381 -0.72042024 0.12597907 0.68199998
		 -0.69199735 0.12368543 0.71122557 -1.6619272e-09 -0.040986326 -0.99915975 8.1577952e-08
		 0.24789125 -0.96878785 -0.76985359 0.15820931 -0.61830032 -0.71421963 -0.028687011
		 -0.69933343 6.6619819e-15 0.056823671 -0.99838418 -2.3627276e-14 -0.20152991 -0.97948229
		 -0.67155409 -0.14932457 -0.72575289 -0.68681967 0.041301209 -0.72565353 -1.8056345e-14
		 -0.15401241 0.98806882 -5.1527942e-14 -0.43950987 0.89823776 -0.75323188 -0.28908965
		 0.59082043 -0.73176891 -0.10496742 0.67342132 7.8151359e-14 0.66659552 0.74541956
		 8.0424647e-14 0.68598562 0.727615 -0.72335756 0.47365516 0.50239891 -0.68593925 0.48505425
		 0.54241115 -6.6626663e-14 -0.56829512 -0.82282478 -5.5857906e-14 -0.47644252 -0.87920564
		 -0.7098273 -0.33559451 -0.61929131 -0.72928077 -0.38883564 -0.56298888 8.0424647e-14
		 0.68598562 0.727615 8.142277e-14 0.69449914 0.71949357 -0.68902826 0.50332749 0.52144164
		 -0.72335756 0.47365516 0.50239891 -1.1519987e-13 -0.67370349 -0.73900175 -6.6626663e-14
		 -0.56829512 -0.82282478 -0.72928077 -0.38883564 -0.56298888 -0.71598685 -0.47032157
		 -0.51590741 -3.8038217e-14 -0.32444867 -0.94590324 -1.8266299e-14 -0.15580322 -0.98778808
		 -0.72652107 -0.10705906 -0.67875278 -0.72787178 -0.22247858 -0.64861852 -6.3344284e-16
		 -0.005402979 0.9999854 -3.533734e-14 -0.30141142 0.95349407 -0.74744928 -0.20023309
		 0.63342416 -0.73746657 -0.003648873 0.67537367 -4.6243259e-14 -0.39443395 -0.91892427
		 -3.8038217e-14 -0.32444867 -0.94590324 -0.72787178 -0.22247858 -0.64861852 -0.70378506
		 -0.28021079 -0.65281576;
	setAttr ".n[2324:2489]" -type "float3"  1.0761132e-13 0.91787559 0.39686823 4.0873951e-14
		 0.34863618 0.93725818 -0.79939568 0.2094626 0.56310934 -0.81455988 0.53244078 0.23021497
		 -4.9681589e-14 -0.42376134 -0.90577388 -4.6243259e-14 -0.39443395 -0.91892427 -0.70378506
		 -0.28021079 -0.65281576 -0.71782875 -0.29503083 -0.63061768 4.0873951e-14 0.34863618
		 0.93725818 -4.4324953e-14 -0.37807167 0.9257763 -0.79808539 -0.22780475 0.55782127
		 -0.79939568 0.2094626 0.56310934 -5.5857906e-14 -0.47644252 -0.87920564 -4.9681589e-14
		 -0.42376134 -0.90577388 -0.71782875 -0.29503083 -0.63061768 -0.7098273 -0.33559451
		 -0.61929131 -4.4324953e-14 -0.37807167 0.9257763 -1.082124e-13 -0.92300254 0.38479385
		 -0.81101501 -0.53997982 0.22511424 -0.79808539 -0.22780475 0.55782127 -1.082124e-13
		 -0.92300254 0.38479385 -1.0731733e-13 -0.91536802 -0.40261814 -0.80365431 -0.54473221
		 -0.23959675 -0.81101501 -0.53997982 0.22511424 3.9418599e-14 0.33622271 0.94178259
		 7.8151359e-14 0.66659552 0.74541956 -0.68593925 0.48505425 0.54241115 -0.64810467
		 0.25605097 0.71721572 -1.0731733e-13 -0.91536802 -0.40261814 -4.5764882e-14 -0.39035362
		 -0.92066497 -0.79686326 -0.23583576 -0.55622882 -0.80365431 -0.54473221 -0.23959675
		 -2.4658159e-14 -0.21032287 0.97763193 3.9418599e-14 0.33622271 0.94178259 -0.64810467
		 0.25605097 0.71721572 -0.65261394 -0.15935954 0.74074262 -4.5764882e-14 -0.39035362
		 -0.92066497 4.0004702e-14 0.3412219 -0.93998277 -0.80203557 0.20380399 -0.56142932
		 -0.79686326 -0.23583576 -0.55622882 -3.533734e-14 -0.30141142 0.95349407 -2.4658159e-14
		 -0.21032287 0.97763193 -0.65261394 -0.15935954 0.74074262 -0.74744928 -0.20023309
		 0.63342416 4.0004702e-14 0.3412219 -0.93998277 1.0651437e-13 0.90851903 -0.41784346
		 -0.80794477 0.53535235 -0.24621761 -0.80203557 0.20380399 -0.56142932 1.0651437e-13
		 0.90851903 -0.41784346 1.0761132e-13 0.91787559 0.39686823 -0.81455988 0.53244078
		 0.23021497 -0.80794477 0.53535235 -0.24621761 8.062274e-08 0.43854034 -0.8987115
		 3.1664565e-14 0.27008432 -0.96283662 -0.68034756 0.19794212 -0.70565289 -0.69456559
		 0.31549895 -0.64655948 5.2842577e-14 0.36733332 0.93008935 -4.6638996e-14 -0.39519829
		 0.91859579 -0.80442971 -0.23476657 0.54569012 -0.80316335 0.2188426 0.55410892 8.1577952e-08
		 0.24789125 -0.96878785 8.062274e-08 0.43854034 -0.8987115 -0.69456559 0.31549895
		 -0.64655948 -0.76985359 0.15820931 -0.61830032 -4.6638996e-14 -0.39519829 0.91859579
		 -1.0911066e-13 -0.93066424 0.36587438 -0.80513549 -0.55196857 0.21699688 -0.80442971
		 -0.23476657 0.54569012 -1.0911066e-13 -0.93066424 0.36587438 -1.0648945e-13 -0.90830654
		 -0.4183051 -0.80868709 -0.53430146 -0.24606355 -0.80513549 -0.55196857 0.21699688
		 -1.3141655e-14 -0.11209234 0.99369782 2.0086993e-14 0.17133291 0.98521316 -0.69199735
		 0.12368543 0.71122557 -0.66191697 -0.08402171 0.7448532 -1.0648945e-13 -0.90830654
		 -0.4183051 -3.8916722e-14 -0.33194193 -0.94329977 -0.8037461 -0.19749604 -0.56123745
		 -0.80868709 -0.53430146 -0.24606355 -5.5045639e-14 -0.46951425 0.88292491 -1.3141655e-14
		 -0.11209234 0.99369782 -0.66191697 -0.08402171 0.7448532 -0.67284137 -0.34734029
		 0.65317619 -3.8916722e-14 -0.33194193 -0.94329977 4.8261955e-14 0.41165251 -0.91134083
		 -0.79866022 0.24772544 -0.54842871 -0.8037461 -0.19749604 -0.56123745 -5.1527942e-14
		 -0.43950987 0.89823776 -5.5045639e-14 -0.46951425 0.88292491 -0.67284137 -0.34734029
		 0.65317619 -0.75323188 -0.28908965 0.59082043 4.8261955e-14 0.41165251 -0.91134083
		 1.084903e-13 0.9253729 -0.379058 -0.80246717 0.55216664 -0.22618242 -0.79866022 0.24772544
		 -0.54842871 1.084903e-13 0.9253729 -0.379058 9.807104e-14 0.92043221 0.39090222 -0.80721784
		 0.54328841 0.23073129 -0.80246717 0.55216664 -0.22618242 3.1664565e-14 0.27008432
		 -0.96283662 6.6619819e-15 0.056823671 -0.99838418 -0.68681967 0.041301209 -0.72565353
		 -0.68034756 0.19794212 -0.70565289 9.807104e-14 0.92043221 0.39090222 5.2842577e-14
		 0.36733332 0.93008935 -0.80316335 0.2188426 0.55410892 -0.80721784 0.54328841 0.23073129
		 0.65647191 -0.57442707 -0.48895618 0.70828992 -0.41383082 -0.57190001 0.98209965
		 0.12099075 0.14436628 0.97003925 0.17848593 0.16482304 0.56868196 0.65613091 -0.49607766
		 0.59126419 0.50807655 0.62631047 0.74461651 -0.001974303 0.66748947 0.73176891 0.10625526
		 -0.67321932 0.96573639 -0.043309897 0.25588584 0.96732044 0.010040491 0.2533578 0.73746657
		 0.0049405503 -0.67536551 0.72042024 -0.12467445 -0.68223959 0.96573639 -0.043309897
		 0.25588584 0.72042024 -0.12467445 -0.68223959 0.69199735 -0.12232484 -0.71146083
		 0.95483738 -0.089188896 0.28342712 0.73176891 0.10625526 -0.67321932 0.74461651 -0.001974303
		 0.66748947 0.84314722 -0.068955682 0.53324276 0.75323188 0.29021916 -0.59026653 0.72946244
		 -0.45523098 -0.5105384 0.68593943 -0.48401603 -0.54333752 0.98222148 0.092240267
		 0.16350131 0.98631227 0.094228961 0.13531056 0.70828992 -0.41383082 -0.57190001 0.72946244
		 -0.45523098 -0.5105384 0.98631227 0.094228961 0.13531056 0.98209965 0.12099075 0.14436628
		 0.83619571 0.43016031 0.34020412 0.77283597 0.087175302 0.62858969 0.67720479 -0.72357446
		 0.13354255 0.72199535 -0.63177949 -0.28209448 0.96732044 0.010040491 0.2533578 0.97676796
		 0.052384369 0.20779821 0.74744928 0.20144425 -0.63304019 0.73746657 0.0049405503
		 -0.67536551 0.97676796 0.052384369 0.20779821 0.97931302 0.08388792 0.18414347 0.79939568
		 -0.20838511 -0.56350881 0.81455988 -0.53199947 -0.23123302 0.97931302 0.08388792
		 0.18414347 0.97970223 0.089959368 0.17913935 0.79808515 0.22887145 -0.55738491 0.79939568
		 -0.20838511 -0.56350881 0.97970223 0.089959368 0.17913935 0.98222148 0.092240267
		 0.16350131 0.8110137 0.54041094 -0.22408208 0.79808515 0.22887145 -0.55738491 0.8110137
		 0.54041094 -0.22408208 0.98222148 0.092240267 0.16350131 0.68593943 -0.48401603 -0.54333752
		 0.80365384 0.54427361 0.24063827 0.68593943 -0.48401603 -0.54333752 0.64810455 -0.25467905
		 -0.71770412 0.79686332 0.23477186 0.55667877 0.80365384 0.54427361 0.24063827 0.64810455
		 -0.25467905 -0.71770412 0.65261394 0.160776 -0.74043643;
	setAttr ".n[2490:2655]" -type "float3"  0.80203551 -0.20487683 0.56103879 0.79686332
		 0.23477186 0.55667877 0.65261394 0.160776 -0.74043643 0.74744928 0.20144425 -0.63304019
		 0.80794507 -0.5358218 0.24519333 0.80203551 -0.20487683 0.56103879 0.74744928 0.20144425
		 -0.63304019 0.97676796 0.052384369 0.20779821 0.81455988 -0.53199947 -0.23123302
		 0.80794507 -0.5358218 0.24519333 0.92169476 -0.10924248 0.37221617 0.94757229 -0.098351501
		 0.30402917 0.80442959 0.23580983 -0.5452401 0.80316335 -0.21778217 -0.55452645 0.94757229
		 -0.098351501 0.30402917 0.95483738 -0.089188896 0.28342712 0.80513519 0.55238265
		 -0.21594119 0.80442959 0.23580983 -0.5452401 0.95483738 -0.089188896 0.28342712 0.69199735
		 -0.12232484 -0.71146083 0.80868715 0.53382999 0.24708462 0.80513519 0.55238265 -0.21594119
		 0.69199735 -0.12232484 -0.71146083 0.66191703 0.085445978 -0.74469113 0.80374599
		 0.19642274 0.56161422 0.80868715 0.53382999 0.24708462 0.66191703 0.085445978 -0.74469113
		 0.67284125 0.34858871 -0.65251088 0.79866034 -0.24877337 0.54795396 0.80374599 0.19642274
		 0.56161422 0.67284125 0.34858871 -0.65251088 0.75323188 0.29021916 -0.59026653 0.80246729
		 -0.552598 0.22512607 0.79866034 -0.24877337 0.54795396 0.75323188 0.29021916 -0.59026653
		 0.84314722 -0.068955682 0.53324276 0.8072176 -0.54284656 -0.2317701 0.80246729 -0.552598
		 0.22512607 0.84314722 -0.068955682 0.53324276 0.92169476 -0.10924248 0.37221617 0.80316335
		 -0.21778217 -0.55452645 0.8072176 -0.54284656 -0.2317701 0.70710665 -0.63337278 -0.31438714
		 0.8118341 0.41901267 0.40663722 0.7942704 0.60745096 -0.011734729 0.65647191 -0.57442707
		 -0.48895618 0.97003925 0.17848593 0.16482304 0.80466676 -0.42034879 0.41930687 0.80140424
		 -0.0059938203 0.59809315 0.91737533 0.31553304 0.24261366 0.80208361 -0.41833532
		 -0.42621288 0.8091684 -0.58757615 0.00095341849 0.83619571 0.43016031 0.34020412
		 0.72199535 -0.63177949 -0.28209448 0.8093124 0.41778526 -0.41287884 0.80016732 0.0010337138
		 -0.59977597 0.80591029 0.0046632797 -0.59201926 0.80354083 -0.42035204 0.42145747
		 0.80503565 0.0012385773 0.59322518 0.80300814 0.42558619 -0.41719818 0.79904056 0.0033200379
		 0.60126799 0.80442417 0.41778153 -0.4223274 0.80132097 0.0027588385 -0.59822822 0.80478591
		 -0.41000402 0.42920434 0.70710713 -0.63337225 -0.31438693 0.65647191 -0.57442707
		 -0.48895618 0.80140424 -0.0059938203 0.59809315 0.80539894 0.41236076 0.42578304
		 0.70710713 -0.63337225 -0.31438693 0.80539894 0.41236076 0.42578304 0.80627304 0.5915401
		 0.0020371408 0.80627304 0.5915401 0.0020371408 0.70710665 -0.63337278 -0.31438714
		 0.70710713 -0.63337225 -0.31438693 0.70710665 -0.63337278 -0.31438714 0.80442417
		 0.41778153 -0.4223274 0.79904056 0.0033200379 0.60126799 0.70710665 -0.63337278 -0.31438714
		 0.79904056 0.0033200379 0.60126799 0.8118341 0.41901267 0.40663722 0.8093124 0.41778526
		 -0.41287884 0.72199535 -0.63177949 -0.28209448 0.70710689 -0.63337243 -0.3143869
		 0.80031759 0.59954214 0.0063934969 0.80402535 0.42241755 0.41845751 0.80031759 0.59954214
		 0.0063934969 0.70710689 -0.63337243 -0.3143869 0.80503565 0.0012385773 0.59322518
		 0.80402535 0.42241755 0.41845751 0.70710689 -0.63337243 -0.3143869 0.70710689 -0.63337243
		 -0.3143869 0.70710665 -0.63337278 -0.31438714 0.7942704 0.60745096 -0.011734729 0.80300814
		 0.42558619 -0.41719818 0.88261098 0.36941165 0.29074553 0.83619571 0.43016031 0.34020412
		 0.80016732 0.0010337138 -0.59977597 0.80690902 -0.41486883 -0.42045406 0.88261098
		 0.36941165 0.29074553 0.80690902 -0.41486883 -0.42045406 0.80419773 -0.59435767 0.0022172921
		 0.88261098 0.36941165 0.29074553 0.80419773 -0.59435767 0.0022172921 0.80354083 -0.42035204
		 0.42145747 0.91737533 0.31553304 0.24261366 0.88261098 0.36941165 0.29074553 0.80354083
		 -0.42035204 0.42145747 0.80591029 0.0046632797 -0.59201926 0.91737533 0.31553304
		 0.24261366 0.80591029 0.0046632797 -0.59201926 0.80208361 -0.41833532 -0.42621288
		 0.80466676 -0.42034879 0.41930687 0.97003925 0.17848593 0.16482304 0.94491929 0.26107389
		 0.19740283 0.80707854 -0.59038562 -0.0083175004 0.8029322 -0.4128336 -0.42996308
		 0.80707854 -0.59038562 -0.0083175004 0.94491929 0.26107389 0.19740283 0.8029322 -0.4128336
		 -0.42996308 0.94491929 0.26107389 0.19740283 0.91737533 0.31553304 0.24261366 0.80132097
		 0.0027588385 -0.59822822 0.80478591 -0.41000402 0.42920434 0.80132097 0.0027588385
		 -0.59822822 0.91737533 0.31553304 0.24261366 0.8091684 -0.58757615 0.00095341849
		 0.80478591 -0.41000402 0.42920434 0.91737533 0.31553304 0.24261366 0.80300814 0.42558619
		 -0.41719818 0.80503565 0.0012385773 0.59322518 0.70710689 -0.63337243 -0.3143869
		 0.65647191 -0.57442707 -0.48895618 -8.9276243e-14 -0.7614857 -0.6481818 -6.872906e-14
		 -0.5862276 -0.81014639 0.70828992 -0.41383082 -0.57190001 0.98209965 0.12099075 0.14436628
		 -1.3706919e-07 0.65599918 0.75476164 -1.0620634e-07 0.75008726 0.66133893 0.97003925
		 0.17848593 0.16482304 0.56868196 0.65613091 -0.49607766 9.3518692e-14 0.79767185
		 -0.60309184 7.386025e-14 0.62999433 0.77659965 0.59126419 0.50807655 0.62631047 0.59126419
		 0.50807655 0.62631047 7.386025e-14 0.62999433 0.77659965 -2.8953751e-08 -0.0029578616
		 0.99999553 0.74461651 -0.001974303 0.66748947 0.73176891 0.10625526 -0.67321932 1.8277836e-14
		 0.15590163 -0.98777252 9.3518692e-14 0.79767185 -0.60309184 0.56868196 0.65613091
		 -0.49607766 0.96573639 -0.043309897 0.25588584 -2.2380152e-14 -0.1908925 0.98161089
		 -3.5036887e-08 0.044276748 0.99901921 0.96732044 0.010040491 0.2533578 0.73746657
		 0.0049405503 -0.67536551 8.5762144e-16 0.0073151207 -0.99997336 -2.1075682e-14 -0.17976597
		 -0.98370945 0.72042024 -0.12467445 -0.68223959 0.72042024 -0.12467445 -0.68223959
		 -2.1075682e-14 -0.17976597 -0.98370945 -1.9866058e-14 -0.16944844 -0.98553902 0.69199735
		 -0.12232484 -0.71146083 0.95483738 -0.089188896 0.28342712 3.3149224e-08 -0.30024233
		 0.95386302 -2.2380152e-14 -0.1908925 0.98161089;
	setAttr ".n[2656:2821]" -type "float3"  0.96573639 -0.043309897 0.25588584 0.74461651
		 -0.001974303 0.66748947 -2.8953751e-08 -0.0029578616 0.99999553 -4.5077481e-08 -0.11983758
		 0.99279344 0.84314722 -0.068955682 0.53324276 0.75323188 0.29021916 -0.59026653 5.172922e-14
		 0.44122669 -0.89739561 1.8277836e-14 0.15590163 -0.98777252 0.73176891 0.10625526
		 -0.67321932 0.72946244 -0.45523098 -0.5105384 -7.8025504e-14 -0.66552204 -0.7463783
		 -7.7984108e-14 -0.66516894 -0.74669278 0.68593943 -0.48401603 -0.54333752 0.98222148
		 0.092240267 0.16350131 -9.8935523e-08 0.50222427 0.86473733 -1.6514082e-07 0.59508842
		 0.80366027 0.98631227 0.094228961 0.13531056 0.70828992 -0.41383082 -0.57190001 -6.872906e-14
		 -0.5862276 -0.81014639 -7.8025504e-14 -0.66552204 -0.7463783 0.72946244 -0.45523098
		 -0.5105384 0.98631227 0.094228961 0.13531056 -1.6514082e-07 0.59508842 0.80366027
		 -1.3706919e-07 0.65599918 0.75476164 0.98209965 0.12099075 0.14436628 0.83619571
		 0.43016031 0.34020412 9.1954385e-14 0.78432906 0.620345 -9.706679e-09 -0.010311889
		 0.99994683 0.77283597 0.087175302 0.62858969 0.77283597 0.087175302 0.62858969 -9.706679e-09
		 -0.010311889 0.99994683 1.962813e-08 -0.980735 0.19534318 0.67720479 -0.72357446
		 0.13354255 0.67720479 -0.72357446 0.13354255 1.962813e-08 -0.980735 0.19534318 -9.5368407e-09
		 -0.91311097 -0.40771115 0.72199535 -0.63177949 -0.28209448 0.96732044 0.010040491
		 0.2533578 -3.5036887e-08 0.044276748 0.99901921 -3.9863576e-08 0.28418934 0.95876825
		 0.97676796 0.052384369 0.20779821 0.74744928 0.20144425 -0.63304019 3.5551037e-14
		 0.30323416 -0.95291603 8.5762144e-16 0.0073151207 -0.99997336 0.73746657 0.0049405503
		 -0.67536551 0.97676796 0.052384369 0.20779821 -3.9863576e-08 0.28418934 0.95876825
		 4.6874618e-08 0.42264235 0.90629655 0.97931302 0.08388792 0.18414347 0.79939568 -0.20838511
		 -0.56350881 -4.0663751e-14 -0.34684327 -0.93792307 -1.0752214e-13 -0.91711491 -0.39862296
		 0.81455988 -0.53199947 -0.23123302 0.97931302 0.08388792 0.18414347 4.6874618e-08
		 0.42264235 0.90629655 5.2839193e-14 0.45069426 0.89267832 0.97970223 0.089959368
		 0.17913935 0.79808515 0.22887145 -0.55738491 1.9975419e-13 0.37984148 -0.92505163
		 -4.0663751e-14 -0.34684327 -0.93792307 0.79939568 -0.20838511 -0.56350881 0.97970223
		 0.089959368 0.17913935 5.2839193e-14 0.45069426 0.89267832 -9.8935523e-08 0.50222427
		 0.86473733 0.98222148 0.092240267 0.16350131 0.8110137 0.54041094 -0.22408208 2.9080444e-14
		 0.92373699 -0.38302708 1.9975419e-13 0.37984148 -0.92505163 0.79808515 0.22887145
		 -0.55738491 0.80365384 0.54427361 0.24063827 -4.9318792e-14 0.91459626 0.40436807
		 2.9080444e-14 0.92373699 -0.38302708 0.8110137 0.54041094 -0.22408208 0.68593943
		 -0.48401603 -0.54333752 -7.7984108e-14 -0.66516894 -0.74669278 -3.9207403e-14 -0.33442131
		 -0.94242358 0.64810455 -0.25467905 -0.71770412 0.79686332 0.23477186 0.55667877 4.5558375e-14
		 0.38859221 0.92140979 -4.9318792e-14 0.91459626 0.40436807 0.80365384 0.54427361
		 0.24063827 0.64810455 -0.25467905 -0.71770412 -3.9207403e-14 -0.33442131 -0.94242358
		 2.487731e-14 0.21219213 -0.97722793 0.65261394 0.160776 -0.74043643 0.80203551 -0.20487683
		 0.56103879 -4.0215349e-14 -0.34301862 0.93932861 4.5558375e-14 0.38859221 0.92140979
		 0.79686332 0.23477186 0.55667877 0.65261394 0.160776 -0.74043643 2.487731e-14 0.21219213
		 -0.97722793 3.5551037e-14 0.30323416 -0.95291603 0.74744928 0.20144425 -0.63304019
		 0.80794507 -0.5358218 0.24519333 -1.0660785e-13 -0.90931642 0.41610533 -4.0215349e-14
		 -0.34301862 0.93932861 0.80203551 -0.20487683 0.56103879 0.81455988 -0.53199947 -0.23123302
		 -1.0752214e-13 -0.91711491 -0.39862296 -1.0660785e-13 -0.90931642 0.41610533 0.80794507
		 -0.5358218 0.24519333 0.92169476 -0.10924248 0.37221617 -2.6915055e-08 -0.27165207
		 0.96239555 6.1177197e-08 -0.31049192 0.95057601 0.94757229 -0.098351501 0.30402917
		 0.80442959 0.23580983 -0.5452401 5.1436757e-14 0.39695409 -0.91783839 -7.7075465e-14
		 -0.3655543 -0.93078995 0.80316335 -0.21778217 -0.55452645 0.94757229 -0.098351501
		 0.30402917 6.1177197e-08 -0.31049192 0.95057601 3.3149224e-08 -0.30024233 0.95386302
		 0.95483738 -0.089188896 0.28342712 0.80513519 0.55238265 -0.21594119 1.0919247e-13
		 0.93136203 -0.36409438 5.1436757e-14 0.39695409 -0.91783839 0.80442959 0.23580983
		 -0.5452401 0.80868715 0.53382999 0.24708462 1.0639549e-13 0.9075051 0.42004114 1.0919247e-13
		 0.93136203 -0.36409438 0.80513519 0.55238265 -0.21594119 0.69199735 -0.12232484 -0.71146083
		 -1.9866058e-14 -0.16944844 -0.98553902 1.3364392e-14 0.11399218 -0.9934817 0.66191703
		 0.085445978 -0.74469113 0.80374599 0.19642274 0.56161422 3.870516e-14 0.3301374 0.94393283
		 1.0639549e-13 0.9075051 0.42004114 0.80868715 0.53382999 0.24708462 0.66191703 0.085445978
		 -0.74469113 1.3364392e-14 0.11399218 -0.9934817 5.5243455e-14 0.47120151 -0.88202566
		 0.67284125 0.34858871 -0.65251088 0.79866034 -0.24877337 0.54795396 -4.8466188e-14
		 -0.41339451 0.91055202 3.870516e-14 0.3301374 0.94393283 0.80374599 0.19642274 0.56161422
		 0.67284125 0.34858871 -0.65251088 5.5243455e-14 0.47120151 -0.88202566 5.172922e-14
		 0.44122669 -0.89739561 0.75323188 0.29021916 -0.59026653 0.80246729 -0.552598 0.22512607
		 -1.085751e-13 -0.92609614 0.37728754 -4.8466188e-14 -0.41339451 0.91055202 0.79866034
		 -0.24877337 0.54795396 0.8072176 -0.54284656 -0.2317701 -1.2750327e-13 -0.91968304
		 -0.3926616 -1.085751e-13 -0.92609614 0.37728754 0.80246729 -0.552598 0.22512607 0.84314722
		 -0.068955682 0.53324276 -4.5077481e-08 -0.11983758 0.99279344 -2.6915055e-08 -0.27165207
		 0.96239555 0.92169476 -0.10924248 0.37221617 0.80316335 -0.21778217 -0.55452645 -7.7075465e-14
		 -0.3655543 -0.93078995 -1.2750327e-13 -0.91968304 -0.3926616 0.8072176 -0.54284656
		 -0.2317701 0.8118341 0.41901267 0.40663722 8.4134007e-14 0.71762478 0.69642991 1.1721769e-13
		 0.9998135 -0.019314352 0.7942704 0.60745096 -0.011734729 0.80466676 -0.42034879 0.41930687
		 -8.3003679e-14 -0.70798361 0.70622885 -1.1748762e-15 -0.010021159 0.99994975 0.80140424
		 -0.0059938203 0.59809315 0.80208361 -0.41833532 -0.42621288;
	setAttr ".n[2822:2987]" -type "float3"  -8.2124073e-14 -0.70048094 -0.71367115
		 -1.1723939e-13 -0.99999863 0.0016227929 0.8091684 -0.58757615 0.00095341849 0.8093124
		 0.41778526 -0.41287884 8.3389079e-14 0.71127087 -0.70291805 2.0207163e-16 0.001723579
		 -0.99999845 0.80016732 0.0010337138 -0.59977597 0.80354083 -0.42035204 0.42145747
		 -8.2791928e-14 -0.70617747 0.70803475 2.4476722e-16 0.002087753 0.99999785 0.80503565
		 0.0012385773 0.59322518 0.80300814 0.42558619 -0.41719818 8.3721827e-14 0.71410906
		 -0.70003438 9.2345258e-16 0.0078766299 -0.99996889 0.80591029 0.0046632797 -0.59201926
		 0.80442417 0.41778153 -0.4223274 8.2451088e-14 0.70327026 -0.71092272 5.4065859e-16
		 0.0046115718 -0.99998933 0.80132097 0.0027588385 -0.59822822 0.80478591 -0.41000402
		 0.42920434 -8.0983004e-14 -0.69074816 0.72309554 6.4734186e-16 0.0055215312 0.9999848
		 0.79904056 0.0033200379 0.60126799 0.70710713 -0.63337225 -0.31438693 -1.0501429e-13
		 -0.89572412 -0.44461042 -8.9276243e-14 -0.7614857 -0.6481818 0.65647191 -0.57442707
		 -0.48895618 0.80140424 -0.0059938203 0.59809315 -1.1748762e-15 -0.010021159 0.99994975
		 8.1562849e-14 0.69569397 0.71833843 0.80539894 0.41236076 0.42578304 0.80539894 0.41236076
		 0.42578304 8.1562849e-14 0.69569397 0.71833843 1.1723885e-13 0.99999404 0.0034439098
		 0.80627304 0.5915401 0.0020371408 0.80627304 0.5915401 0.0020371408 1.1723885e-13
		 0.99999404 0.0034439098 8.2451088e-14 0.70327026 -0.71092272 0.80442417 0.41778153
		 -0.4223274 0.70710665 -0.63337278 -0.31438714 -1.0501429e-13 -0.89572412 -0.44461042
		 -1.0501429e-13 -0.89572412 -0.44461042 0.70710713 -0.63337225 -0.31438693 0.79904056
		 0.0033200379 0.60126799 6.4734186e-16 0.0055215312 0.9999848 8.4134007e-14 0.71762478
		 0.69642991 0.8118341 0.41901267 0.40663722 0.72199535 -0.63177949 -0.28209448 -9.5368407e-09
		 -0.91311097 -0.40771115 -1.0501429e-13 -0.89572412 -0.44461027 0.70710689 -0.63337243
		 -0.3143869 0.80031759 0.59954214 0.0063934969 1.1723288e-13 0.99994314 0.010663342
		 8.3389079e-14 0.71127087 -0.70291805 0.8093124 0.41778526 -0.41287884 0.80402535
		 0.42241755 0.41845751 8.329039e-14 0.71042913 0.70376879 1.1723288e-13 0.99994314
		 0.010663342 0.80031759 0.59954214 0.0063934969 0.80503565 0.0012385773 0.59322518
		 2.4476722e-16 0.002087753 0.99999785 8.329039e-14 0.71042913 0.70376879 0.80402535
		 0.42241755 0.41845751 0.70710689 -0.63337243 -0.3143869 -1.0501429e-13 -0.89572412
		 -0.44461027 -1.0501429e-13 -0.89572412 -0.44461042 0.70710665 -0.63337278 -0.31438714
		 0.7942704 0.60745096 -0.011734729 1.1721769e-13 0.9998135 -0.019314352 8.3721827e-14
		 0.71410906 -0.70003438 0.80300814 0.42558619 -0.41719818 0.88261098 0.36941165 0.29074553
		 9.212329e-14 0.7857697 0.61851907 9.1954385e-14 0.78432906 0.620345 0.83619571 0.43016031
		 0.34020412 0.80016732 0.0010337138 -0.59977597 2.0207163e-16 0.001723579 -0.99999845
		 -8.2344762e-14 -0.70236331 -0.7118187 0.80690902 -0.41486883 -0.42045406 0.80690902
		 -0.41486883 -0.42045406 -8.2344762e-14 -0.70236331 -0.7118187 -1.1723874e-13 -0.99999303
		 0.0037297278 0.80419773 -0.59435767 0.0022172921 0.80419773 -0.59435767 0.0022172921
		 -1.1723874e-13 -0.99999303 0.0037297278 -8.2791928e-14 -0.70617747 0.70803475 0.80354083
		 -0.42035204 0.42145747 0.91737533 0.31553304 0.24261366 -7.8795232e-08 0.79276854
		 0.60952282 9.212329e-14 0.7857697 0.61851907 0.88261098 0.36941165 0.29074553 0.80591029
		 0.0046632797 -0.59201926 9.2345258e-16 0.0078766299 -0.99996889 -8.2124073e-14 -0.70048094
		 -0.71367115 0.80208361 -0.41833532 -0.42621288 0.97003925 0.17848593 0.16482304 -1.0620634e-07
		 0.75008726 0.66133893 -1.2413967e-07 0.79745579 0.60337746 0.94491929 0.26107389
		 0.19740283 0.80707854 -0.59038562 -0.0083175004 -1.1722792e-13 -0.99990082 -0.014086843
		 -8.3003679e-14 -0.70798361 0.70622885 0.80466676 -0.42034879 0.41930687 0.8029322
		 -0.4128336 -0.42996308 -8.1199201e-14 -0.6925922 -0.72132933 -1.1722792e-13 -0.99990082
		 -0.014086843 0.80707854 -0.59038562 -0.0083175004 0.94491929 0.26107389 0.19740283
		 -1.2413967e-07 0.79745579 0.60337746 -7.8795232e-08 0.79276854 0.60952282 0.91737533
		 0.31553304 0.24261366 0.80132097 0.0027588385 -0.59822822 5.4065859e-16 0.0046115718
		 -0.99998933 -8.1199201e-14 -0.6925922 -0.72132933 0.8029322 -0.4128336 -0.42996308
		 0.8091684 -0.58757615 0.00095341849 -1.1723939e-13 -0.99999863 0.0016227929 -8.0983004e-14
		 -0.69074816 0.72309554 0.80478591 -0.41000402 0.42920434 -0.65647185 -0.57442713
		 -0.48895618 -0.97003931 0.17848562 0.164823 -0.98209971 0.12099042 0.14436628 -0.70828974
		 -0.413831 -0.57189989 -0.56868201 0.65613079 -0.49607763 -0.73176885 0.10625498 -0.67321932
		 -0.74461651 -0.0019745391 0.66748959 -0.59126431 0.50807649 0.62631053 -0.96573633
		 -0.043310206 0.25588578 -0.72042018 -0.12467468 -0.68223965 -0.73746657 0.0049402853
		 -0.67536551 -0.96732044 0.010040175 0.2533578 -0.96573633 -0.043310206 0.25588578
		 -0.95483738 -0.089189172 0.28342709 -0.69199723 -0.12232504 -0.71146071 -0.72042018
		 -0.12467468 -0.68223965 -0.73176885 0.10625498 -0.67321932 -0.75323194 0.29021892
		 -0.59026653 -0.84314722 -0.068955936 0.5332427 -0.74461651 -0.0019745391 0.66748959
		 -0.72946233 -0.45523113 -0.51053828 -0.98631239 0.09422864 0.13531056 -0.98222148
		 0.092239924 0.16350126 -0.68593931 -0.48401612 -0.54333746 -0.70828974 -0.413831
		 -0.57189989 -0.98209971 0.12099042 0.14436628 -0.98631239 0.09422864 0.13531056 -0.72946233
		 -0.45523113 -0.51053828 -0.83619589 0.43016014 0.34020418 -0.72199535 -0.63177967
		 -0.28209445 -0.67720467 -0.72357458 0.13354257 -0.77283597 0.087175213 0.62858963
		 -0.96732044 0.010040175 0.2533578 -0.73746657 0.0049402853 -0.67536551 -0.74744922
		 0.20144399 -0.63304025 -0.97676802 0.052384052 0.20779823 -0.97676802 0.052384052
		 0.20779823 -0.81455982 -0.53199971 -0.23123299 -0.79939562 -0.20838539 -0.56350875
		 -0.97931308 0.08388757 0.18414344 -0.97931308 0.08388757 0.18414344 -0.79939562 -0.20838539
		 -0.56350875 -0.79808521 0.2288712 -0.55738497 -0.97970223 0.089959048 0.1791393 -0.97970223
		 0.089959048 0.1791393 -0.79808521 0.2288712 -0.55738497 -0.81101382 0.54041076 -0.22408211;
	setAttr ".n[2988:3153]" -type "float3"  -0.98222148 0.092239924 0.16350126 -0.81101382
		 0.54041076 -0.22408211 -0.80365396 0.54427338 0.24063829 -0.68593931 -0.48401612
		 -0.54333746 -0.98222148 0.092239924 0.16350126 -0.68593931 -0.48401612 -0.54333746
		 -0.80365396 0.54427338 0.24063829 -0.79686338 0.23477155 0.55667877 -0.64810443 -0.2546792
		 -0.71770412 -0.64810443 -0.2546792 -0.71770412 -0.79686338 0.23477155 0.55667877
		 -0.80203551 -0.20487714 0.56103867 -0.65261388 0.16077583 -0.74043649 -0.65261388
		 0.16077583 -0.74043649 -0.80203551 -0.20487714 0.56103867 -0.80794501 -0.53582203
		 0.24519323 -0.74744922 0.20144399 -0.63304025 -0.74744922 0.20144399 -0.63304025
		 -0.80794501 -0.53582203 0.24519323 -0.81455982 -0.53199971 -0.23123299 -0.97676802
		 0.052384052 0.20779823 -0.92169476 -0.10924278 0.37221611 -0.80316323 -0.21778247
		 -0.55452639 -0.80442965 0.23580956 -0.54524016 -0.94757223 -0.098351777 0.30402914
		 -0.94757223 -0.098351777 0.30402914 -0.80442965 0.23580956 -0.54524016 -0.80513537
		 0.55238253 -0.21594124 -0.95483738 -0.089189172 0.28342709 -0.95483738 -0.089189172
		 0.28342709 -0.80513537 0.55238253 -0.21594124 -0.80868715 0.53382975 0.24708465 -0.69199723
		 -0.12232504 -0.71146071 -0.69199723 -0.12232504 -0.71146071 -0.80868715 0.53382975
		 0.24708465 -0.80374604 0.19642249 0.56161427 -0.66191703 0.085445769 -0.74469113
		 -0.66191703 0.085445769 -0.74469113 -0.80374604 0.19642249 0.56161427 -0.79866022
		 -0.24877365 0.54795384 -0.67284137 0.34858856 -0.65251094 -0.67284137 0.34858856
		 -0.65251094 -0.79866022 -0.24877365 0.54795384 -0.80246711 -0.55259818 0.22512597
		 -0.75323194 0.29021892 -0.59026653 -0.75323194 0.29021892 -0.59026653 -0.80246711
		 -0.55259818 0.22512597 -0.80721754 -0.54284668 -0.23177004 -0.84314722 -0.068955936
		 0.5332427 -0.84314722 -0.068955936 0.5332427 -0.80721754 -0.54284668 -0.23177004
		 -0.80316323 -0.21778247 -0.55452639 -0.92169476 -0.10924278 0.37221611 -0.70710647
		 -0.6333729 -0.31438711 -0.79427058 0.6074509 -0.011734719 -0.8118341 0.41901252 0.40663734
		 -0.65647185 -0.57442713 -0.48895618 -0.80140424 -0.0059941625 0.59809309 -0.8046667
		 -0.42034894 0.41930681 -0.97003931 0.17848562 0.164823 -0.91737545 0.31553277 0.24261367
		 -0.80916816 -0.58757633 0.00095350336 -0.80208355 -0.41833553 -0.42621273 -0.83619589
		 0.43016014 0.34020418 -0.80016738 0.0010334447 -0.59977597 -0.8093124 0.41778496
		 -0.41287905 -0.72199535 -0.63177967 -0.28209445 -0.80591035 0.0046629384 -0.59201926
		 -0.80300814 0.42558604 -0.41719824 -0.80503565 0.0012382357 0.59322512 -0.80354065
		 -0.42035234 0.42145744 -0.79904056 0.0033196704 0.60126793 -0.80478585 -0.41000435
		 0.42920429 -0.80132103 0.0027585207 -0.59822822 -0.80442417 0.41778126 -0.42232755
		 -0.70710695 -0.63337237 -0.31438684 -0.80539894 0.4123607 0.42578319 -0.80140424
		 -0.0059941625 0.59809309 -0.65647185 -0.57442713 -0.48895618 -0.70710695 -0.63337237
		 -0.31438684 -0.80627322 0.59153992 0.0020372104 -0.80539894 0.4123607 0.42578319
		 -0.80627322 0.59153992 0.0020372104 -0.70710647 -0.6333729 -0.31438711 -0.80442417
		 0.41778126 -0.42232755 -0.70710647 -0.6333729 -0.31438711 -0.79904056 0.0033196704
		 0.60126793 -0.80442417 0.41778126 -0.42232755 -0.70710647 -0.6333729 -0.31438711
		 -0.8118341 0.41901252 0.40663734 -0.79904056 0.0033196704 0.60126793 -0.8093124 0.41778496
		 -0.41287905 -0.80031782 0.5995419 0.0063935225 -0.70710683 -0.63337255 -0.31438681
		 -0.72199535 -0.63177967 -0.28209445 -0.80402535 0.42241731 0.4184576 -0.70710683
		 -0.63337255 -0.31438681 -0.80031782 0.5995419 0.0063935225 -0.80503565 0.0012382357
		 0.59322512 -0.70710683 -0.63337255 -0.31438681 -0.80402535 0.42241731 0.4184576 -0.70710683
		 -0.63337255 -0.31438681 -0.80300814 0.42558604 -0.41719824 -0.79427058 0.6074509
		 -0.011734719 -0.70710647 -0.6333729 -0.31438711 -0.88261104 0.36941141 0.29074553
		 -0.80690891 -0.41486922 -0.42045388 -0.80016738 0.0010334447 -0.59977597 -0.83619589
		 0.43016014 0.34020418 -0.88261104 0.36941141 0.29074553 -0.80419821 -0.59435707 0.0022166588
		 -0.80690891 -0.41486922 -0.42045388 -0.88261104 0.36941141 0.29074553 -0.80354065
		 -0.42035234 0.42145744 -0.80419821 -0.59435707 0.0022166588 -0.91737545 0.31553277
		 0.24261367 -0.80591035 0.0046629384 -0.59201926 -0.80354065 -0.42035234 0.42145744
		 -0.88261104 0.36941141 0.29074553 -0.91737545 0.31553277 0.24261367 -0.80208355 -0.41833553
		 -0.42621273 -0.80591035 0.0046629384 -0.59201926 -0.8046667 -0.42034894 0.41930681
		 -0.8070783 -0.59038574 -0.0083175469 -0.94491941 0.26107359 0.19740279 -0.97003931
		 0.17848562 0.164823 -0.80293208 -0.41283387 -0.42996305 -0.94491941 0.26107359 0.19740279
		 -0.8070783 -0.59038574 -0.0083175469 -0.80293208 -0.41283387 -0.42996305 -0.80132103
		 0.0027585207 -0.59822822 -0.91737545 0.31553277 0.24261367 -0.94491941 0.26107359
		 0.19740279 -0.80478585 -0.41000435 0.42920429 -0.91737545 0.31553277 0.24261367 -0.80132103
		 0.0027585207 -0.59822822 -0.80916816 -0.58757633 0.00095350336 -0.91737545 0.31553277
		 0.24261367 -0.80478585 -0.41000435 0.42920429 -0.80300814 0.42558604 -0.41719824
		 -0.70710683 -0.63337255 -0.31438681 -0.80503565 0.0012382357 0.59322512 -6.872906e-14
		 -0.5862276 -0.81014639 -8.9276243e-14 -0.7614857 -0.6481818 -0.65647185 -0.57442713
		 -0.48895618 -0.70828974 -0.413831 -0.57189989 -1.0620634e-07 0.75008726 0.66133893
		 -1.3706919e-07 0.65599918 0.75476164 -0.98209971 0.12099042 0.14436628 -0.97003931
		 0.17848562 0.164823 7.386025e-14 0.62999433 0.77659965 9.3518692e-14 0.79767185 -0.60309184
		 -0.56868201 0.65613079 -0.49607763 -0.59126431 0.50807649 0.62631053 -2.8953751e-08
		 -0.0029578616 0.99999553 7.386025e-14 0.62999433 0.77659965 -0.59126431 0.50807649
		 0.62631053 -0.74461651 -0.0019745391 0.66748959 9.3518692e-14 0.79767185 -0.60309184
		 1.8277836e-14 0.15590163 -0.98777252 -0.73176885 0.10625498 -0.67321932 -0.56868201
		 0.65613079 -0.49607763 -3.5036887e-08 0.044276748 0.99901921 -2.2380152e-14 -0.1908925
		 0.98161089 -0.96573633 -0.043310206 0.25588578 -0.96732044 0.010040175 0.2533578;
	setAttr ".n[3154:3319]" -type "float3"  -2.1075682e-14 -0.17976597 -0.98370945
		 8.5762144e-16 0.0073151207 -0.99997336 -0.73746657 0.0049402853 -0.67536551 -0.72042018
		 -0.12467468 -0.68223965 -1.9866058e-14 -0.16944844 -0.98553902 -2.1075682e-14 -0.17976597
		 -0.98370945 -0.72042018 -0.12467468 -0.68223965 -0.69199723 -0.12232504 -0.71146071
		 -2.2380152e-14 -0.1908925 0.98161089 3.3149224e-08 -0.30024233 0.95386302 -0.95483738
		 -0.089189172 0.28342709 -0.96573633 -0.043310206 0.25588578 -4.5077481e-08 -0.11983758
		 0.99279344 -2.8953751e-08 -0.0029578616 0.99999553 -0.74461651 -0.0019745391 0.66748959
		 -0.84314722 -0.068955936 0.5332427 1.8277836e-14 0.15590163 -0.98777252 5.172922e-14
		 0.44122669 -0.89739561 -0.75323194 0.29021892 -0.59026653 -0.73176885 0.10625498
		 -0.67321932 -7.7984108e-14 -0.66516894 -0.74669278 -7.8025504e-14 -0.66552204 -0.7463783
		 -0.72946233 -0.45523113 -0.51053828 -0.68593931 -0.48401612 -0.54333746 -1.6514082e-07
		 0.59508842 0.80366027 -9.8935523e-08 0.50222427 0.86473733 -0.98222148 0.092239924
		 0.16350126 -0.98631239 0.09422864 0.13531056 -7.8025504e-14 -0.66552204 -0.7463783
		 -6.872906e-14 -0.5862276 -0.81014639 -0.70828974 -0.413831 -0.57189989 -0.72946233
		 -0.45523113 -0.51053828 -1.3706919e-07 0.65599918 0.75476164 -1.6514082e-07 0.59508842
		 0.80366027 -0.98631239 0.09422864 0.13531056 -0.98209971 0.12099042 0.14436628 -9.706679e-09
		 -0.010311889 0.99994683 9.1954385e-14 0.78432906 0.620345 -0.83619589 0.43016014
		 0.34020418 -0.77283597 0.087175213 0.62858963 1.962813e-08 -0.980735 0.19534318 -9.706679e-09
		 -0.010311889 0.99994683 -0.77283597 0.087175213 0.62858963 -0.67720467 -0.72357458
		 0.13354257 -9.5368407e-09 -0.91311097 -0.40771115 1.962813e-08 -0.980735 0.19534318
		 -0.67720467 -0.72357458 0.13354257 -0.72199535 -0.63177967 -0.28209445 -3.9863576e-08
		 0.28418934 0.95876825 -3.5036887e-08 0.044276748 0.99901921 -0.96732044 0.010040175
		 0.2533578 -0.97676802 0.052384052 0.20779823 8.5762144e-16 0.0073151207 -0.99997336
		 3.5551037e-14 0.30323416 -0.95291603 -0.74744922 0.20144399 -0.63304025 -0.73746657
		 0.0049402853 -0.67536551 4.6874618e-08 0.42264235 0.90629655 -3.9863576e-08 0.28418934
		 0.95876825 -0.97676802 0.052384052 0.20779823 -0.97931308 0.08388757 0.18414344 -1.0752214e-13
		 -0.91711491 -0.39862296 -4.0663751e-14 -0.34684327 -0.93792307 -0.79939562 -0.20838539
		 -0.56350875 -0.81455982 -0.53199971 -0.23123299 5.2839193e-14 0.45069426 0.89267832
		 4.6874618e-08 0.42264235 0.90629655 -0.97931308 0.08388757 0.18414344 -0.97970223
		 0.089959048 0.1791393 -4.0663751e-14 -0.34684327 -0.93792307 1.9975419e-13 0.37984148
		 -0.92505163 -0.79808521 0.2288712 -0.55738497 -0.79939562 -0.20838539 -0.56350875
		 -9.8935523e-08 0.50222427 0.86473733 5.2839193e-14 0.45069426 0.89267832 -0.97970223
		 0.089959048 0.1791393 -0.98222148 0.092239924 0.16350126 1.9975419e-13 0.37984148
		 -0.92505163 2.9080444e-14 0.92373699 -0.38302708 -0.81101382 0.54041076 -0.22408211
		 -0.79808521 0.2288712 -0.55738497 2.9080444e-14 0.92373699 -0.38302708 -4.9318792e-14
		 0.91459626 0.40436807 -0.80365396 0.54427338 0.24063829 -0.81101382 0.54041076 -0.22408211
		 -3.9207403e-14 -0.33442131 -0.94242358 -7.7984108e-14 -0.66516894 -0.74669278 -0.68593931
		 -0.48401612 -0.54333746 -0.64810443 -0.2546792 -0.71770412 -4.9318792e-14 0.91459626
		 0.40436807 4.5558375e-14 0.38859221 0.92140979 -0.79686338 0.23477155 0.55667877
		 -0.80365396 0.54427338 0.24063829 2.487731e-14 0.21219213 -0.97722793 -3.9207403e-14
		 -0.33442131 -0.94242358 -0.64810443 -0.2546792 -0.71770412 -0.65261388 0.16077583
		 -0.74043649 4.5558375e-14 0.38859221 0.92140979 -4.0215349e-14 -0.34301862 0.93932861
		 -0.80203551 -0.20487714 0.56103867 -0.79686338 0.23477155 0.55667877 3.5551037e-14
		 0.30323416 -0.95291603 2.487731e-14 0.21219213 -0.97722793 -0.65261388 0.16077583
		 -0.74043649 -0.74744922 0.20144399 -0.63304025 -4.0215349e-14 -0.34301862 0.93932861
		 -1.0660785e-13 -0.90931642 0.41610533 -0.80794501 -0.53582203 0.24519323 -0.80203551
		 -0.20487714 0.56103867 -1.0660785e-13 -0.90931642 0.41610533 -1.0752214e-13 -0.91711491
		 -0.39862296 -0.81455982 -0.53199971 -0.23123299 -0.80794501 -0.53582203 0.24519323
		 6.1177197e-08 -0.31049192 0.95057601 -2.6915055e-08 -0.27165207 0.96239555 -0.92169476
		 -0.10924278 0.37221611 -0.94757223 -0.098351777 0.30402914 -7.7075465e-14 -0.3655543
		 -0.93078995 5.1436757e-14 0.39695409 -0.91783839 -0.80442965 0.23580956 -0.54524016
		 -0.80316323 -0.21778247 -0.55452639 3.3149224e-08 -0.30024233 0.95386302 6.1177197e-08
		 -0.31049192 0.95057601 -0.94757223 -0.098351777 0.30402914 -0.95483738 -0.089189172
		 0.28342709 5.1436757e-14 0.39695409 -0.91783839 1.0919247e-13 0.93136203 -0.36409438
		 -0.80513537 0.55238253 -0.21594124 -0.80442965 0.23580956 -0.54524016 1.0919247e-13
		 0.93136203 -0.36409438 1.0639549e-13 0.9075051 0.42004114 -0.80868715 0.53382975
		 0.24708465 -0.80513537 0.55238253 -0.21594124 1.3364392e-14 0.11399218 -0.9934817
		 -1.9866058e-14 -0.16944844 -0.98553902 -0.69199723 -0.12232504 -0.71146071 -0.66191703
		 0.085445769 -0.74469113 1.0639549e-13 0.9075051 0.42004114 3.870516e-14 0.3301374
		 0.94393283 -0.80374604 0.19642249 0.56161427 -0.80868715 0.53382975 0.24708465 5.5243455e-14
		 0.47120151 -0.88202566 1.3364392e-14 0.11399218 -0.9934817 -0.66191703 0.085445769
		 -0.74469113 -0.67284137 0.34858856 -0.65251094 3.870516e-14 0.3301374 0.94393283
		 -4.8466188e-14 -0.41339451 0.91055202 -0.79866022 -0.24877365 0.54795384 -0.80374604
		 0.19642249 0.56161427 5.172922e-14 0.44122669 -0.89739561 5.5243455e-14 0.47120151
		 -0.88202566 -0.67284137 0.34858856 -0.65251094 -0.75323194 0.29021892 -0.59026653
		 -4.8466188e-14 -0.41339451 0.91055202 -1.085751e-13 -0.92609614 0.37728754 -0.80246711
		 -0.55259818 0.22512597 -0.79866022 -0.24877365 0.54795384 -1.085751e-13 -0.92609614
		 0.37728754 -1.2750327e-13 -0.91968304 -0.3926616 -0.80721754 -0.54284668 -0.23177004
		 -0.80246711 -0.55259818 0.22512597 -2.6915055e-08 -0.27165207 0.96239555 -4.5077481e-08
		 -0.11983758 0.99279344 -0.84314722 -0.068955936 0.5332427 -0.92169476 -0.10924278
		 0.37221611 -1.2750327e-13 -0.91968304 -0.3926616 -7.7075465e-14 -0.3655543 -0.93078995;
	setAttr ".n[3320:3485]" -type "float3"  -0.80316323 -0.21778247 -0.55452639 -0.80721754
		 -0.54284668 -0.23177004 1.1721769e-13 0.9998135 -0.019314352 8.4134007e-14 0.71762478
		 0.69642991 -0.8118341 0.41901252 0.40663734 -0.79427058 0.6074509 -0.011734719 -1.1748762e-15
		 -0.010021159 0.99994975 -8.3003679e-14 -0.70798361 0.70622885 -0.8046667 -0.42034894
		 0.41930681 -0.80140424 -0.0059941625 0.59809309 -1.1723939e-13 -0.99999863 0.0016227929
		 -8.2124073e-14 -0.70048094 -0.71367115 -0.80208355 -0.41833553 -0.42621273 -0.80916816
		 -0.58757633 0.00095350336 2.0207163e-16 0.001723579 -0.99999845 8.3389079e-14 0.71127087
		 -0.70291805 -0.8093124 0.41778496 -0.41287905 -0.80016738 0.0010334447 -0.59977597
		 2.4476722e-16 0.002087753 0.99999785 -8.2791928e-14 -0.70617747 0.70803475 -0.80354065
		 -0.42035234 0.42145744 -0.80503565 0.0012382357 0.59322512 9.2345258e-16 0.0078766299
		 -0.99996889 8.3721827e-14 0.71410906 -0.70003438 -0.80300814 0.42558604 -0.41719824
		 -0.80591035 0.0046629384 -0.59201926 5.4065859e-16 0.0046115718 -0.99998933 8.2451088e-14
		 0.70327026 -0.71092272 -0.80442417 0.41778126 -0.42232755 -0.80132103 0.0027585207
		 -0.59822822 6.4734186e-16 0.0055215312 0.9999848 -8.0983004e-14 -0.69074816 0.72309554
		 -0.80478585 -0.41000435 0.42920429 -0.79904056 0.0033196704 0.60126793 -8.9276243e-14
		 -0.7614857 -0.6481818 -1.0501429e-13 -0.89572412 -0.44461042 -0.70710695 -0.63337237
		 -0.31438684 -0.65647185 -0.57442713 -0.48895618 8.1562849e-14 0.69569397 0.71833843
		 -1.1748762e-15 -0.010021159 0.99994975 -0.80140424 -0.0059941625 0.59809309 -0.80539894
		 0.4123607 0.42578319 1.1723885e-13 0.99999404 0.0034439098 8.1562849e-14 0.69569397
		 0.71833843 -0.80539894 0.4123607 0.42578319 -0.80627322 0.59153992 0.0020372104 8.2451088e-14
		 0.70327026 -0.71092272 1.1723885e-13 0.99999404 0.0034439098 -0.80627322 0.59153992
		 0.0020372104 -0.80442417 0.41778126 -0.42232755 -1.0501429e-13 -0.89572412 -0.44461042
		 -1.0501429e-13 -0.89572412 -0.44461042 -0.70710647 -0.6333729 -0.31438711 -0.70710695
		 -0.63337237 -0.31438684 8.4134007e-14 0.71762478 0.69642991 6.4734186e-16 0.0055215312
		 0.9999848 -0.79904056 0.0033196704 0.60126793 -0.8118341 0.41901252 0.40663734 -1.0501429e-13
		 -0.89572412 -0.44461027 -9.5368407e-09 -0.91311097 -0.40771115 -0.72199535 -0.63177967
		 -0.28209445 -0.70710683 -0.63337255 -0.31438681 8.3389079e-14 0.71127087 -0.70291805
		 1.1723288e-13 0.99994314 0.010663342 -0.80031782 0.5995419 0.0063935225 -0.8093124
		 0.41778496 -0.41287905 1.1723288e-13 0.99994314 0.010663342 8.329039e-14 0.71042913
		 0.70376879 -0.80402535 0.42241731 0.4184576 -0.80031782 0.5995419 0.0063935225 8.329039e-14
		 0.71042913 0.70376879 2.4476722e-16 0.002087753 0.99999785 -0.80503565 0.0012382357
		 0.59322512 -0.80402535 0.42241731 0.4184576 -1.0501429e-13 -0.89572412 -0.44461042
		 -1.0501429e-13 -0.89572412 -0.44461027 -0.70710683 -0.63337255 -0.31438681 -0.70710647
		 -0.6333729 -0.31438711 8.3721827e-14 0.71410906 -0.70003438 1.1721769e-13 0.9998135
		 -0.019314352 -0.79427058 0.6074509 -0.011734719 -0.80300814 0.42558604 -0.41719824
		 9.1954385e-14 0.78432906 0.620345 9.212329e-14 0.7857697 0.61851907 -0.88261104 0.36941141
		 0.29074553 -0.83619589 0.43016014 0.34020418 -8.2344762e-14 -0.70236331 -0.7118187
		 2.0207163e-16 0.001723579 -0.99999845 -0.80016738 0.0010334447 -0.59977597 -0.80690891
		 -0.41486922 -0.42045388 -1.1723874e-13 -0.99999303 0.0037297278 -8.2344762e-14 -0.70236331
		 -0.7118187 -0.80690891 -0.41486922 -0.42045388 -0.80419821 -0.59435707 0.0022166588
		 -8.2791928e-14 -0.70617747 0.70803475 -1.1723874e-13 -0.99999303 0.0037297278 -0.80419821
		 -0.59435707 0.0022166588 -0.80354065 -0.42035234 0.42145744 9.212329e-14 0.7857697
		 0.61851907 -7.8795232e-08 0.79276854 0.60952282 -0.91737545 0.31553277 0.24261367
		 -0.88261104 0.36941141 0.29074553 -8.2124073e-14 -0.70048094 -0.71367115 9.2345258e-16
		 0.0078766299 -0.99996889 -0.80591035 0.0046629384 -0.59201926 -0.80208355 -0.41833553
		 -0.42621273 -1.2413967e-07 0.79745579 0.60337746 -1.0620634e-07 0.75008726 0.66133893
		 -0.97003931 0.17848562 0.164823 -0.94491941 0.26107359 0.19740279 -8.3003679e-14
		 -0.70798361 0.70622885 -1.1722792e-13 -0.99990082 -0.014086843 -0.8070783 -0.59038574
		 -0.0083175469 -0.8046667 -0.42034894 0.41930681 -1.1722792e-13 -0.99990082 -0.014086843
		 -8.1199201e-14 -0.6925922 -0.72132933 -0.80293208 -0.41283387 -0.42996305 -0.8070783
		 -0.59038574 -0.0083175469 -7.8795232e-08 0.79276854 0.60952282 -1.2413967e-07 0.79745579
		 0.60337746 -0.94491941 0.26107359 0.19740279 -0.91737545 0.31553277 0.24261367 -8.1199201e-14
		 -0.6925922 -0.72132933 5.4065859e-16 0.0046115718 -0.99998933 -0.80132103 0.0027585207
		 -0.59822822 -0.80293208 -0.41283387 -0.42996305 -8.0983004e-14 -0.69074816 0.72309554
		 -1.1723939e-13 -0.99999863 0.0016227929 -0.80916816 -0.58757633 0.00095350336 -0.80478585
		 -0.41000435 0.42920429 0.80627304 0.5915401 0.0020371408 0.80442417 0.41778153 -0.4223274
		 0.70710665 -0.63337278 -0.31438714 -0.80627322 0.59153992 0.0020372104 -0.70710695
		 -0.63337237 -0.31438684 -0.70710647 -0.6333729 -0.31438711 0.62596071 -0.74422741
		 -0.23302093 0.68902814 -0.50232971 -0.52240312 0.71598655 0.46933433 0.51680607 0.55033958
		 -0.2779955 0.7873022 0.56361806 0.68632478 -0.45966601 0.62400162 0.5601508 0.54484218
		 0.67155403 0.14793663 0.72603703 0.73176885 0.10625529 -0.67321926 0.71421969 0.027349902
		 0.69938707 0.72652113 0.10576112 0.67895627 0.73746663 0.0049406248 -0.67536551 0.72042024
		 -0.12467449 -0.68223965 0.71421969 0.027349902 0.69938707 0.72042024 -0.12467449
		 -0.68223965 0.69199729 -0.12232485 -0.71146083 0.76985371 -0.15939125 0.61799663
		 0.73176885 0.10625529 -0.67321926 0.67155403 0.14793663 0.72603703 0.68681967 -0.042688575
		 0.72557324 0.75323182 0.29021916 -0.59026653 0.72335756 -0.47269326 -0.50330395 0.68593931
		 -0.48401594 -0.54333776 0.70982718 0.33440974 0.61993188 0.72928071 0.3877587 0.56373107
		 0.68902814 -0.50232971 -0.52240312 0.72335756 -0.47269326 -0.50330395 0.72928071
		 0.3877587 0.56373107 0.71598655 0.46933433 0.51680607 0.72652113 0.10576112 0.67895627
		 0.72787172 0.221238 0.64904279;
	setAttr ".n[3486:3651]" -type "float3"  0.74744922 0.20144412 -0.63304031 0.73746663
		 0.0049406248 -0.67536551 0.72787172 0.221238 0.64904279 0.70378506 0.27896202 0.65335041
		 0.79939568 -0.20838535 -0.56350875 0.81455982 -0.53199959 -0.23123302 0.70378506
		 0.27896202 0.65335041 0.71782875 0.29382446 0.63118064 0.79808557 0.22887141 -0.55738443
		 0.79939568 -0.20838535 -0.56350875 0.71782875 0.29382446 0.63118064 0.70982718 0.33440974
		 0.61993188 0.81101489 0.54040962 -0.22408088 0.79808557 0.22887141 -0.55738443 0.81101489
		 0.54040962 -0.22408088 0.70982718 0.33440974 0.61993188 0.68593931 -0.48401594 -0.54333776
		 0.80365413 0.54427338 0.24063785 0.68593931 -0.48401594 -0.54333776 0.64810461 -0.25467867
		 -0.71770418 0.7968632 0.23477201 0.55667847 0.80365413 0.54427338 0.24063785 0.64810461
		 -0.25467867 -0.71770418 0.65261394 0.16077574 -0.74043649 0.80203551 -0.20487696
		 0.56103879 0.7968632 0.23477201 0.55667847 0.65261394 0.16077574 -0.74043649 0.74744922
		 0.20144412 -0.63304031 0.80794507 -0.53582197 0.24519315 0.80203551 -0.20487696 0.56103879
		 0.74744922 0.20144412 -0.63304031 0.72787172 0.221238 0.64904279 0.81455982 -0.53199959
		 -0.23123302 0.80794507 -0.53582197 0.24519315 0.68034762 -0.19929095 0.70527309 0.69456559
		 -0.31673461 0.64595491 0.80442959 0.23581 -0.54523993 0.80316335 -0.21778236 -0.55452639
		 0.69456559 -0.31673461 0.64595491 0.76985371 -0.15939125 0.61799663 0.80513513 0.55238283
		 -0.21594089 0.80442959 0.23581 -0.54523993 0.76985371 -0.15939125 0.61799663 0.69199729
		 -0.12232485 -0.71146083 0.80868691 0.53383005 0.24708466 0.80513513 0.55238283 -0.21594089
		 0.69199729 -0.12232485 -0.71146083 0.66191697 0.085446104 -0.74469107 0.80374604
		 0.19642276 0.5616141 0.80868691 0.53383005 0.24708466 0.66191697 0.085446104 -0.74469107
		 0.67284131 0.34858873 -0.65251088 0.79866028 -0.24877347 0.54795402 0.80374604 0.19642276
		 0.5616141 0.67284131 0.34858873 -0.65251088 0.75323182 0.29021916 -0.59026653 0.80246717
		 -0.55259794 0.22512624 0.79866028 -0.24877347 0.54795402 0.75323182 0.29021916 -0.59026653
		 0.68681967 -0.042688575 0.72557324 0.8072179 -0.5428462 -0.23176964 0.80246717 -0.55259794
		 0.22512624 0.68681967 -0.042688575 0.72557324 0.68034762 -0.19929095 0.70527309 0.80316335
		 -0.21778236 -0.55452639 0.8072179 -0.5428462 -0.23176964 0.62596071 -0.74422741 -0.23302093
		 -1.5149945e-13 -0.9543156 -0.2988005 -8.1261353e-14 -0.69312233 -0.72081989 0.68902814
		 -0.50232971 -0.52240312 0.71598655 0.46933433 0.51680607 7.8818848e-14 0.67228889
		 0.74028897 -3.9034856e-14 -0.33294955 0.94294459 0.55033958 -0.2779955 0.7873022
		 0.55033958 -0.2779955 0.7873022 -3.9034856e-14 -0.33294955 0.94294459 -1.5149945e-13
		 -0.9543156 -0.2988005 0.62596071 -0.74422741 -0.23302093 0.56361806 0.68632478 -0.45966601
		 9.7410368e-14 0.8308661 -0.5564726 8.4041328e-14 0.71683425 0.69724363 0.62400162
		 0.5601508 0.54484218 0.62400162 0.5601508 0.54484218 8.4041328e-14 0.71683425 0.69724363
		 2.3407642e-14 0.19965653 0.97986597 0.67155403 0.14793663 0.72603703 0.73176885 0.10625529
		 -0.67321926 1.8277843e-14 0.15590167 -0.98777252 9.7410368e-14 0.8308661 -0.5564726
		 0.56361806 0.68632478 -0.45966601 0.71421969 0.027349902 0.69938707 -1.4403282e-09
		 0.039075628 0.99923635 1.8044804e-14 0.15391396 0.98808426 0.72652113 0.10576112
		 0.67895627 0.73746663 0.0049406248 -0.67536551 8.5763235e-16 0.0073152133 -0.99997324
		 -2.1075686e-14 -0.179766 -0.98370939 0.72042024 -0.12467449 -0.68223965 0.72042024
		 -0.12467449 -0.68223965 -2.1075686e-14 -0.179766 -0.98370939 -1.9866063e-14 -0.16944848
		 -0.98553902 0.69199729 -0.12232485 -0.71146083 0.76985371 -0.15939125 0.61799663
		 8.1807102e-08 -0.24974337 0.96831203 -1.4403282e-09 0.039075628 0.99923635 0.71421969
		 0.027349902 0.69938707 0.67155403 0.14793663 0.72603703 2.3407642e-14 0.19965653
		 0.97986597 -6.8858027e-15 -0.058732763 0.99827379 0.68681967 -0.042688575 0.72557324
		 0.75323182 0.29021916 -0.59026653 5.172922e-14 0.44122669 -0.89739561 1.8277843e-14
		 0.15590167 -0.98777252 0.73176885 0.10625529 -0.67321926 0.72335756 -0.47269326 -0.50330395
		 -8.0261359e-14 -0.68459284 -0.72892565 -7.7984081e-14 -0.6651687 -0.74669302 0.68593931
		 -0.48401594 -0.54333776 0.70982718 0.33440974 0.61993188 5.5660683e-14 0.47476029
		 0.88011509 6.6442098e-14 0.56672084 0.82390988 0.72928071 0.3877587 0.56373107 0.68902814
		 -0.50232971 -0.52240312 -8.1261353e-14 -0.69312233 -0.72081989 -8.0261359e-14 -0.68459284
		 -0.72892565 0.72335756 -0.47269326 -0.50330395 0.72928071 0.3877587 0.56373107 6.6442098e-14
		 0.56672084 0.82390988 7.8818848e-14 0.67228889 0.74028897 0.71598655 0.46933433 0.51680607
		 0.72652113 0.10576112 0.67895627 1.8044804e-14 0.15391396 0.98808426 3.7826072e-14
		 0.32263917 0.946522 0.72787172 0.221238 0.64904279 0.74744922 0.20144412 -0.63304031
		 3.5551016e-14 0.30323398 -0.95291615 8.5763235e-16 0.0073152133 -0.99997324 0.73746663
		 0.0049406248 -0.67536551 0.72787172 0.221238 0.64904279 3.7826072e-14 0.32263917
		 0.946522 4.6037135e-14 0.39267582 0.91967696 0.70378506 0.27896202 0.65335041 0.79939568
		 -0.20838535 -0.56350875 -4.0663792e-14 -0.34684363 -0.93792289 -1.0752213e-13 -0.91711485
		 -0.39862293 0.81455982 -0.53199959 -0.23123302 0.70378506 0.27896202 0.65335041 4.6037135e-14
		 0.39267582 0.91967696 4.9478417e-14 0.42202836 0.90658259 0.71782875 0.29382446 0.63118064
		 0.79808557 0.22887141 -0.55738443 4.4532469e-14 0.37984169 -0.92505151 -4.0663792e-14
		 -0.34684363 -0.93792289 0.79939568 -0.20838535 -0.56350875 0.71782875 0.29382446
		 0.63118064 4.9478417e-14 0.42202836 0.90658259 5.5660683e-14 0.47476029 0.88011509
		 0.70982718 0.33440974 0.61993188 0.81101489 0.54040962 -0.22408088 1.082985e-13 0.92373693
		 -0.38302758 4.4532469e-14 0.37984169 -0.92505151 0.79808557 0.22887141 -0.55738443
		 0.80365413 0.54427338 0.24063785 1.0722688e-13 0.91459644 0.40436763 1.082985e-13
		 0.92373693 -0.38302758 0.81101489 0.54040962 -0.22408088;
	setAttr ".n[3652:3817]" -type "float3"  0.68593931 -0.48401594 -0.54333776 -7.7984081e-14
		 -0.6651687 -0.74669302 -3.9207359e-14 -0.33442092 -0.94242382 0.64810461 -0.25467867
		 -0.71770418 0.7968632 0.23477201 0.55667847 4.5558423e-14 0.3885926 0.92140967 1.0722688e-13
		 0.91459644 0.40436763 0.80365413 0.54427338 0.24063785 0.64810461 -0.25467867 -0.71770418
		 -3.9207359e-14 -0.33442092 -0.94242382 2.4877266e-14 0.21219176 -0.97722799 0.65261394
		 0.16077574 -0.74043649 0.80203551 -0.20487696 0.56103879 -4.0215363e-14 -0.34301874
		 0.93932861 4.5558423e-14 0.3885926 0.92140967 0.7968632 0.23477201 0.55667847 0.65261394
		 0.16077574 -0.74043649 2.4877266e-14 0.21219176 -0.97722799 3.5551016e-14 0.30323398
		 -0.95291615 0.74744922 0.20144412 -0.63304031 0.80794507 -0.53582197 0.24519315 -1.0660787e-13
		 -0.9093166 0.41610503 -4.0215363e-14 -0.34301874 0.93932861 0.80203551 -0.20487696
		 0.56103879 0.81455982 -0.53199959 -0.23123302 -1.0752213e-13 -0.91711485 -0.39862293
		 -1.0660787e-13 -0.9093166 0.41610503 0.80794507 -0.53582197 0.24519315 0.68034762
		 -0.19929095 0.70527309 -3.1880362e-14 -0.27192497 0.96231842 8.0622648e-08 -0.44025809
		 0.89787126 0.69456559 -0.31673461 0.64595491 0.80442959 0.23581 -0.54523993 4.6538755e-14
		 0.39695439 -0.91783828 -4.2857455e-14 -0.36555457 -0.93078989 0.80316335 -0.21778236
		 -0.55452639 0.69456559 -0.31673461 0.64595491 8.0622648e-08 -0.44025809 0.89787126
		 8.1807102e-08 -0.24974337 0.96831203 0.76985371 -0.15939125 0.61799663 0.80513513
		 0.55238283 -0.21594089 1.0919248e-13 0.93136215 -0.36409384 4.6538755e-14 0.39695439
		 -0.91783828 0.80442959 0.23581 -0.54523993 0.80868691 0.53383005 0.24708466 1.0639549e-13
		 0.9075051 0.4200412 1.0919248e-13 0.93136215 -0.36409384 0.80513513 0.55238283 -0.21594089
		 0.69199729 -0.12232485 -0.71146083 -1.9866063e-14 -0.16944848 -0.98553902 1.3364413e-14
		 0.11399236 -0.9934817 0.66191697 0.085446104 -0.74469107 0.80374604 0.19642276 0.5616141
		 3.8705164e-14 0.33013743 0.94393283 1.0639549e-13 0.9075051 0.4200412 0.80868691
		 0.53383005 0.24708466 0.66191697 0.085446104 -0.74469107 1.3364413e-14 0.11399236
		 -0.9934817 5.5243458e-14 0.47120154 -0.88202554 0.67284131 0.34858873 -0.65251088
		 0.79866028 -0.24877347 0.54795402 -4.8466192e-14 -0.41339454 0.91055202 3.8705164e-14
		 0.33013743 0.94393283 0.80374604 0.19642276 0.5616141 0.67284131 0.34858873 -0.65251088
		 5.5243458e-14 0.47120154 -0.88202554 5.172922e-14 0.44122669 -0.89739561 0.75323182
		 0.29021916 -0.59026653 0.80246717 -0.55259794 0.22512624 -1.0857508e-13 -0.92609602
		 0.37728783 -4.8466192e-14 -0.41339454 0.91055202 0.79866028 -0.24877347 0.54795402
		 0.8072179 -0.5428462 -0.23176964 -1.0782325e-13 -0.91968322 -0.39266124 -1.0857508e-13
		 -0.92609602 0.37728783 0.80246717 -0.55259794 0.22512624 0.68681967 -0.042688575
		 0.72557324 -6.8858027e-15 -0.058732763 0.99827379 -3.1880362e-14 -0.27192497 0.96231842
		 0.68034762 -0.19929095 0.70527309 0.80316335 -0.21778236 -0.55452639 -4.2857455e-14
		 -0.36555457 -0.93078989 -1.0782325e-13 -0.91968322 -0.39266124 0.8072179 -0.5428462
		 -0.23176964 -0.62596053 -0.74422747 -0.23302092 -0.55033958 -0.27799556 0.78730226
		 -0.71598661 0.46933416 0.51680613 -0.68902814 -0.50232989 -0.52240312 -0.56361824
		 0.68632478 -0.45966607 -0.73176885 0.10625504 -0.67321932 -0.67155409 0.14793646
		 0.72603714 -0.6240018 0.56015062 0.54484218 -0.71421969 0.027349671 0.69938707 -0.72042018
		 -0.12467471 -0.68223953 -0.73746657 0.0049403566 -0.67536551 -0.72652107 0.10576086
		 0.67895627 -0.71421969 0.027349671 0.69938707 -0.76985353 -0.15939136 0.61799669
		 -0.69199723 -0.12232509 -0.71146077 -0.72042018 -0.12467471 -0.68223953 -0.73176885
		 0.10625504 -0.67321932 -0.75323194 0.29021895 -0.59026664 -0.68681967 -0.042688787
		 0.72557324 -0.67155409 0.14793646 0.72603714 -0.72335756 -0.47269347 -0.50330395
		 -0.72928077 0.38775849 0.56373125 -0.70982718 0.33440951 0.61993188 -0.68593913 -0.48401603
		 -0.5433377 -0.68902814 -0.50232989 -0.52240312 -0.71598661 0.46933416 0.51680613
		 -0.72928077 0.38775849 0.56373125 -0.72335756 -0.47269347 -0.50330395 -0.72652107
		 0.10576086 0.67895627 -0.73746657 0.0049403566 -0.67536551 -0.74744916 0.20144387
		 -0.63304037 -0.72787172 0.22123779 0.64904284 -0.72787172 0.22123779 0.64904284 -0.81455976
		 -0.53199983 -0.231233 -0.79939568 -0.20838557 -0.56350863 -0.70378506 0.27896184
		 0.65335047 -0.70378506 0.27896184 0.65335047 -0.79939568 -0.20838557 -0.56350863
		 -0.79808557 0.22887117 -0.55738443 -0.71782875 0.29382432 0.6311807 -0.71782875 0.29382432
		 0.6311807 -0.79808557 0.22887117 -0.55738443 -0.81101495 0.54040951 -0.22408092 -0.70982718
		 0.33440951 0.61993188 -0.81101495 0.54040951 -0.22408092 -0.80365413 0.54427314 0.24063793
		 -0.68593913 -0.48401603 -0.5433377 -0.70982718 0.33440951 0.61993188 -0.68593913
		 -0.48401603 -0.5433377 -0.80365413 0.54427314 0.24063793 -0.79686332 0.23477174 0.55667859
		 -0.64810455 -0.25467888 -0.71770412 -0.64810455 -0.25467888 -0.71770412 -0.79686332
		 0.23477174 0.55667859 -0.80203551 -0.20487721 0.56103867 -0.652614 0.16077559 -0.74043655
		 -0.652614 0.16077559 -0.74043655 -0.80203551 -0.20487721 0.56103867 -0.80794501 -0.53582215
		 0.24519309 -0.74744916 0.20144387 -0.63304037 -0.74744916 0.20144387 -0.63304037
		 -0.80794501 -0.53582215 0.24519309 -0.81455976 -0.53199983 -0.231233 -0.72787172
		 0.22123779 0.64904284 -0.68034756 -0.19929112 0.70527309 -0.80316329 -0.21778266
		 -0.55452633 -0.80442971 0.23580977 -0.5452401 -0.69456553 -0.31673476 0.64595497
		 -0.69456553 -0.31673476 0.64595497 -0.80442971 0.23580977 -0.5452401 -0.80513525
		 0.55238271 -0.21594098 -0.76985353 -0.15939136 0.61799669 -0.76985353 -0.15939136
		 0.61799669 -0.80513525 0.55238271 -0.21594098 -0.80868709 0.53382987 0.24708475 -0.69199723
		 -0.12232509 -0.71146077 -0.69199723 -0.12232509 -0.71146077 -0.80868709 0.53382987
		 0.24708475 -0.8037461 0.1964224 0.56161416 -0.66191697 0.085445888 -0.74469107 -0.66191697
		 0.085445888 -0.74469107 -0.8037461 0.1964224 0.56161416;
	setAttr ".n[3818:3983]" -type "float3"  -0.79866022 -0.24877374 0.54795396 -0.67284137
		 0.34858856 -0.65251088 -0.67284137 0.34858856 -0.65251088 -0.79866022 -0.24877374
		 0.54795396 -0.80246711 -0.55259818 0.22512616 -0.75323194 0.29021895 -0.59026664
		 -0.75323194 0.29021895 -0.59026664 -0.80246711 -0.55259818 0.22512616 -0.80721784
		 -0.54284638 -0.23176958 -0.68681967 -0.042688787 0.72557324 -0.68681967 -0.042688787
		 0.72557324 -0.80721784 -0.54284638 -0.23176958 -0.80316329 -0.21778266 -0.55452633
		 -0.68034756 -0.19929112 0.70527309 -8.1261353e-14 -0.69312233 -0.72081989 -1.5149945e-13
		 -0.9543156 -0.2988005 -0.62596053 -0.74422747 -0.23302092 -0.68902814 -0.50232989
		 -0.52240312 -3.9034856e-14 -0.33294955 0.94294459 7.8818848e-14 0.67228889 0.74028897
		 -0.71598661 0.46933416 0.51680613 -0.55033958 -0.27799556 0.78730226 -1.5149945e-13
		 -0.9543156 -0.2988005 -3.9034856e-14 -0.33294955 0.94294459 -0.55033958 -0.27799556
		 0.78730226 -0.62596053 -0.74422747 -0.23302092 8.4041328e-14 0.71683425 0.69724363
		 9.7410368e-14 0.8308661 -0.5564726 -0.56361824 0.68632478 -0.45966607 -0.6240018
		 0.56015062 0.54484218 2.3407642e-14 0.19965653 0.97986597 8.4041328e-14 0.71683425
		 0.69724363 -0.6240018 0.56015062 0.54484218 -0.67155409 0.14793646 0.72603714 9.7410368e-14
		 0.8308661 -0.5564726 1.8277843e-14 0.15590167 -0.98777252 -0.73176885 0.10625504
		 -0.67321932 -0.56361824 0.68632478 -0.45966607 1.8044804e-14 0.15391396 0.98808426
		 -1.4403282e-09 0.039075628 0.99923635 -0.71421969 0.027349671 0.69938707 -0.72652107
		 0.10576086 0.67895627 -2.1075686e-14 -0.179766 -0.98370939 8.5763235e-16 0.0073152133
		 -0.99997324 -0.73746657 0.0049403566 -0.67536551 -0.72042018 -0.12467471 -0.68223953
		 -1.9866063e-14 -0.16944848 -0.98553902 -2.1075686e-14 -0.179766 -0.98370939 -0.72042018
		 -0.12467471 -0.68223953 -0.69199723 -0.12232509 -0.71146077 -1.4403282e-09 0.039075628
		 0.99923635 8.1807102e-08 -0.24974337 0.96831203 -0.76985353 -0.15939136 0.61799669
		 -0.71421969 0.027349671 0.69938707 -6.8858027e-15 -0.058732763 0.99827379 2.3407642e-14
		 0.19965653 0.97986597 -0.67155409 0.14793646 0.72603714 -0.68681967 -0.042688787
		 0.72557324 1.8277843e-14 0.15590167 -0.98777252 5.172922e-14 0.44122669 -0.89739561
		 -0.75323194 0.29021895 -0.59026664 -0.73176885 0.10625504 -0.67321932 -7.7984081e-14
		 -0.6651687 -0.74669302 -8.0261359e-14 -0.68459284 -0.72892565 -0.72335756 -0.47269347
		 -0.50330395 -0.68593913 -0.48401603 -0.5433377 6.6442098e-14 0.56672084 0.82390988
		 5.5660683e-14 0.47476029 0.88011509 -0.70982718 0.33440951 0.61993188 -0.72928077
		 0.38775849 0.56373125 -8.0261359e-14 -0.68459284 -0.72892565 -8.1261353e-14 -0.69312233
		 -0.72081989 -0.68902814 -0.50232989 -0.52240312 -0.72335756 -0.47269347 -0.50330395
		 7.8818848e-14 0.67228889 0.74028897 6.6442098e-14 0.56672084 0.82390988 -0.72928077
		 0.38775849 0.56373125 -0.71598661 0.46933416 0.51680613 3.7826072e-14 0.32263917
		 0.946522 1.8044804e-14 0.15391396 0.98808426 -0.72652107 0.10576086 0.67895627 -0.72787172
		 0.22123779 0.64904284 8.5763235e-16 0.0073152133 -0.99997324 3.5551016e-14 0.30323398
		 -0.95291615 -0.74744916 0.20144387 -0.63304037 -0.73746657 0.0049403566 -0.67536551
		 4.6037135e-14 0.39267582 0.91967696 3.7826072e-14 0.32263917 0.946522 -0.72787172
		 0.22123779 0.64904284 -0.70378506 0.27896184 0.65335047 -1.0752213e-13 -0.91711485
		 -0.39862293 -4.0663792e-14 -0.34684363 -0.93792289 -0.79939568 -0.20838557 -0.56350863
		 -0.81455976 -0.53199983 -0.231233 4.9478417e-14 0.42202836 0.90658259 4.6037135e-14
		 0.39267582 0.91967696 -0.70378506 0.27896184 0.65335047 -0.71782875 0.29382432 0.6311807
		 -4.0663792e-14 -0.34684363 -0.93792289 4.4532469e-14 0.37984169 -0.92505151 -0.79808557
		 0.22887117 -0.55738443 -0.79939568 -0.20838557 -0.56350863 5.5660683e-14 0.47476029
		 0.88011509 4.9478417e-14 0.42202836 0.90658259 -0.71782875 0.29382432 0.6311807 -0.70982718
		 0.33440951 0.61993188 4.4532469e-14 0.37984169 -0.92505151 1.082985e-13 0.92373693
		 -0.38302758 -0.81101495 0.54040951 -0.22408092 -0.79808557 0.22887117 -0.55738443
		 1.082985e-13 0.92373693 -0.38302758 1.0722688e-13 0.91459644 0.40436763 -0.80365413
		 0.54427314 0.24063793 -0.81101495 0.54040951 -0.22408092 -3.9207359e-14 -0.33442092
		 -0.94242382 -7.7984081e-14 -0.6651687 -0.74669302 -0.68593913 -0.48401603 -0.5433377
		 -0.64810455 -0.25467888 -0.71770412 1.0722688e-13 0.91459644 0.40436763 4.5558423e-14
		 0.3885926 0.92140967 -0.79686332 0.23477174 0.55667859 -0.80365413 0.54427314 0.24063793
		 2.4877266e-14 0.21219176 -0.97722799 -3.9207359e-14 -0.33442092 -0.94242382 -0.64810455
		 -0.25467888 -0.71770412 -0.652614 0.16077559 -0.74043655 4.5558423e-14 0.3885926
		 0.92140967 -4.0215363e-14 -0.34301874 0.93932861 -0.80203551 -0.20487721 0.56103867
		 -0.79686332 0.23477174 0.55667859 3.5551016e-14 0.30323398 -0.95291615 2.4877266e-14
		 0.21219176 -0.97722799 -0.652614 0.16077559 -0.74043655 -0.74744916 0.20144387 -0.63304037
		 -4.0215363e-14 -0.34301874 0.93932861 -1.0660787e-13 -0.9093166 0.41610503 -0.80794501
		 -0.53582215 0.24519309 -0.80203551 -0.20487721 0.56103867 -1.0660787e-13 -0.9093166
		 0.41610503 -1.0752213e-13 -0.91711485 -0.39862293 -0.81455976 -0.53199983 -0.231233
		 -0.80794501 -0.53582215 0.24519309 8.0622648e-08 -0.44025809 0.89787126 -3.1880362e-14
		 -0.27192497 0.96231842 -0.68034756 -0.19929112 0.70527309 -0.69456553 -0.31673476
		 0.64595497 -4.2857455e-14 -0.36555457 -0.93078989 4.6538755e-14 0.39695439 -0.91783828
		 -0.80442971 0.23580977 -0.5452401 -0.80316329 -0.21778266 -0.55452633 8.1807102e-08
		 -0.24974337 0.96831203 8.0622648e-08 -0.44025809 0.89787126 -0.69456553 -0.31673476
		 0.64595497 -0.76985353 -0.15939136 0.61799669 4.6538755e-14 0.39695439 -0.91783828
		 1.0919248e-13 0.93136215 -0.36409384 -0.80513525 0.55238271 -0.21594098 -0.80442971
		 0.23580977 -0.5452401 1.0919248e-13 0.93136215 -0.36409384 1.0639549e-13 0.9075051
		 0.4200412 -0.80868709 0.53382987 0.24708475 -0.80513525 0.55238271 -0.21594098 1.3364413e-14
		 0.11399236 -0.9934817 -1.9866063e-14 -0.16944848 -0.98553902 -0.69199723 -0.12232509
		 -0.71146077 -0.66191697 0.085445888 -0.74469107;
	setAttr ".n[3984:4015]" -type "float3"  1.0639549e-13 0.9075051 0.4200412 3.8705164e-14
		 0.33013743 0.94393283 -0.8037461 0.1964224 0.56161416 -0.80868709 0.53382987 0.24708475
		 5.5243458e-14 0.47120154 -0.88202554 1.3364413e-14 0.11399236 -0.9934817 -0.66191697
		 0.085445888 -0.74469107 -0.67284137 0.34858856 -0.65251088 3.8705164e-14 0.33013743
		 0.94393283 -4.8466192e-14 -0.41339454 0.91055202 -0.79866022 -0.24877374 0.54795396
		 -0.8037461 0.1964224 0.56161416 5.172922e-14 0.44122669 -0.89739561 5.5243458e-14
		 0.47120154 -0.88202554 -0.67284137 0.34858856 -0.65251088 -0.75323194 0.29021895
		 -0.59026664 -4.8466192e-14 -0.41339454 0.91055202 -1.0857508e-13 -0.92609602 0.37728783
		 -0.80246711 -0.55259818 0.22512616 -0.79866022 -0.24877374 0.54795396 -1.0857508e-13
		 -0.92609602 0.37728783 -1.0782325e-13 -0.91968322 -0.39266124 -0.80721784 -0.54284638
		 -0.23176958 -0.80246711 -0.55259818 0.22512616 -3.1880362e-14 -0.27192497 0.96231842
		 -6.8858027e-15 -0.058732763 0.99827379 -0.68681967 -0.042688787 0.72557324 -0.68034756
		 -0.19929112 0.70527309 -1.0782325e-13 -0.91968322 -0.39266124 -4.2857455e-14 -0.36555457
		 -0.93078989 -0.80316329 -0.21778266 -0.55452633 -0.80721784 -0.54284638 -0.23176958;
	setAttr -s 1020 -ch 4016 ".fc";
	setAttr ".fc[0:499]" -type "polyFaces" 
		f 4 0 1 2 3
		mu 0 4 0 1 2 3
		f 4 4 5 6 7
		mu 0 4 16 17 18 19
		f 4 8 9 10 11
		mu 0 4 24 25 42 43
		f 4 12 13 14 15
		mu 0 4 44 45 50 51
		f 4 16 17 18 19
		mu 0 4 56 57 62 63
		f 4 20 21 22 23
		mu 0 4 68 69 74 75
		f 4 24 25 26 -19
		mu 0 4 62 80 81 63
		f 4 27 28 29 30
		mu 0 4 121 138 143 234
		f 4 31 32 33 34
		mu 0 4 235 236 256 257
		f 4 35 36 37 38
		mu 0 4 258 259 260 261
		f 4 39 40 41 42
		mu 0 4 262 263 264 265
		f 4 43 44 45 46
		mu 0 4 266 267 268 269
		f 4 47 48 49 50
		mu 0 4 270 271 272 273
		f 4 -46 51 52 53
		mu 0 4 269 268 274 275
		f 4 54 55 56 57
		mu 0 4 276 277 278 279
		f 4 -53 58 59 60
		mu 0 4 275 274 280 281
		f 4 61 62 63 64
		mu 0 4 282 283 284 285
		f 4 -60 65 66 67
		mu 0 4 281 280 286 287
		f 4 68 69 70 71
		mu 0 4 288 289 290 291
		f 4 -67 72 73 74
		mu 0 4 287 286 292 293
		f 4 75 76 77 78
		mu 0 4 294 295 296 297
		f 4 -74 79 80 81
		mu 0 4 293 292 298 299
		f 4 82 83 84 85
		mu 0 4 300 301 302 303
		f 4 -81 86 87 88
		mu 0 4 299 298 304 305
		f 4 89 90 91 92
		mu 0 4 306 307 308 309
		f 4 -88 93 -1 94
		mu 0 4 305 304 1 0
		f 4 95 96 97 98
		mu 0 4 310 311 312 313
		f 4 -8 99 100 101
		mu 0 4 4 7 90 91
		f 4 102 103 104 -100
		mu 0 4 7 12 92 90
		f 4 -16 105 106 -104
		mu 0 4 12 15 93 92
		f 4 107 108 109 -106
		mu 0 4 15 26 94 93
		f 4 -31 110 111 -109
		mu 0 4 26 29 95 94
		f 4 112 113 114 -111
		mu 0 4 29 34 96 95
		f 4 -39 115 116 -114
		mu 0 4 34 37 97 96
		f 4 117 118 119 -116
		mu 0 4 37 46 98 97
		f 4 -51 120 121 -119
		mu 0 4 46 49 99 98
		f 4 122 123 124 -121
		mu 0 4 49 58 100 99
		f 4 -65 125 126 -124
		mu 0 4 58 61 101 100
		f 4 127 128 129 -126
		mu 0 4 61 70 102 101
		f 4 -79 130 131 -129
		mu 0 4 70 73 103 102
		f 4 132 133 134 -131
		mu 0 4 73 82 104 103
		f 4 -93 135 136 -134
		mu 0 4 82 85 105 104
		f 4 137 -102 138 -136
		mu 0 4 85 4 91 105
		f 4 -7 139 -9 140
		mu 0 4 19 18 25 24
		f 4 141 142 -10 -140
		mu 0 4 6 13 10 9
		f 4 -13 143 -11 -143
		mu 0 4 45 44 43 42
		f 4 -103 -141 -12 -144
		mu 0 4 12 7 8 11
		f 4 -15 144 -21 145
		mu 0 4 51 50 69 68
		f 4 146 147 -22 -145
		mu 0 4 14 27 22 21
		f 4 -28 148 -23 -148
		mu 0 4 138 121 75 74
		f 4 -108 -146 -24 -149
		mu 0 4 26 15 20 23
		f 4 -30 149 -32 150
		mu 0 4 234 143 236 235
		f 4 151 152 -33 -150
		mu 0 4 28 35 32 31
		f 4 -36 153 -34 -153
		mu 0 4 259 258 257 256
		f 4 -113 -151 -35 -154
		mu 0 4 34 29 30 33
		f 4 -38 154 -40 155
		mu 0 4 389 388 263 262
		f 4 156 157 -41 -155
		mu 0 4 36 47 40 39
		f 4 -48 158 -42 -158
		mu 0 4 271 270 265 264
		f 4 -118 -156 -43 -159
		mu 0 4 46 37 38 41
		f 4 -50 159 -55 160
		mu 0 4 273 272 277 276
		f 4 161 162 -56 -160
		mu 0 4 48 59 54 53
		f 4 -62 163 -57 -163
		mu 0 4 283 282 279 278
		f 4 -123 -161 -58 -164
		mu 0 4 58 49 52 55
		f 4 -64 164 -69 165
		mu 0 4 285 284 289 288
		f 4 166 167 -70 -165
		mu 0 4 60 71 66 65
		f 4 -76 168 -71 -168
		mu 0 4 295 294 291 290
		f 4 -128 -166 -72 -169
		mu 0 4 70 61 64 67
		f 4 -78 169 -83 170
		mu 0 4 297 296 301 300
		f 4 171 172 -84 -170
		mu 0 4 72 83 78 77
		f 4 -90 173 -85 -173
		mu 0 4 307 306 303 302
		f 4 -133 -171 -86 -174
		mu 0 4 82 73 76 79
		f 4 -5 174 -98 175
		mu 0 4 17 16 313 312
		f 4 -138 176 -99 -175
		mu 0 4 4 85 86 89
		f 4 -92 177 -96 -177
		mu 0 4 309 308 311 310
		f 4 178 -176 -97 -178
		mu 0 4 84 5 88 87
		f 4 -4 179 -6 180
		mu 0 4 192 195 6 5
		f 4 181 182 -142 -180
		mu 0 4 195 106 13 6
		f 4 183 184 -14 -183
		mu 0 4 106 196 14 13
		f 4 -20 185 -147 -185
		mu 0 4 196 199 27 14
		f 4 -27 186 -29 -186
		mu 0 4 199 201 28 27
		f 4 187 188 -152 -187
		mu 0 4 201 107 35 28
		f 4 189 190 -37 -189
		mu 0 4 107 108 36 35
		f 4 191 192 -157 -191
		mu 0 4 108 202 47 36
		f 4 -47 193 -49 -193
		mu 0 4 202 205 48 47
		f 4 -54 194 -162 -194
		mu 0 4 205 207 59 48
		f 4 -61 195 -63 -195
		mu 0 4 207 209 60 59
		f 4 -68 196 -167 -196
		mu 0 4 209 211 71 60
		f 4 -75 197 -77 -197
		mu 0 4 211 213 72 71
		f 4 -82 198 -172 -198
		mu 0 4 213 215 83 72
		f 4 -89 199 -91 -199
		mu 0 4 215 217 84 83
		f 4 -95 -181 -179 -200
		mu 0 4 217 192 5 84
		f 4 -101 200 201 202
		mu 0 4 109 110 111 112
		f 4 -112 203 204 205
		mu 0 4 113 114 115 116
		f 4 206 207 -204 -115
		mu 0 4 218 219 115 114
		f 4 -135 208 209 210
		mu 0 4 220 221 222 223
		f 4 -137 211 212 -209
		mu 0 4 221 224 225 222
		f 4 -139 -203 213 -212
		mu 0 4 224 109 112 225
		f 4 214 215 216 217
		mu 0 4 320 321 322 323
		f 4 218 219 -182 -3
		mu 0 4 2 314 315 3
		f 4 220 221 222 223
		mu 0 4 324 325 326 327
		f 4 -17 -184 -220 224
		mu 0 4 57 56 315 314
		f 4 225 226 227 228
		mu 0 4 328 329 330 331
		f 4 229 230 231 232
		mu 0 4 332 333 334 335
		f 4 233 234 235 236
		mu 0 4 336 337 338 339
		f 4 237 238 -188 -26
		mu 0 4 80 316 317 81
		f 4 239 240 241 242
		mu 0 4 340 341 342 343
		f 4 243 244 -190 -239
		mu 0 4 384 318 319 385
		f 4 245 246 247 248
		mu 0 4 344 345 346 347
		f 4 -44 -192 -245 249
		mu 0 4 267 266 319 318
		f 4 250 251 252 253
		mu 0 4 348 349 350 351
		f 4 254 255 256 257
		mu 0 4 352 353 354 355
		f 4 258 259 260 261
		mu 0 4 356 357 358 359
		f 4 262 263 264 265
		mu 0 4 360 361 362 363
		f 4 266 267 268 269
		mu 0 4 364 365 366 367
		f 4 270 271 272 273
		mu 0 4 368 369 370 371
		f 4 274 275 276 277
		mu 0 4 372 373 374 375
		f 4 278 279 280 281
		mu 0 4 376 377 378 379
		f 4 282 283 284 285
		mu 0 4 380 381 382 383
		f 4 286 -202 287 -215
		mu 0 4 117 238 237 118
		f 4 -288 288 289 290
		mu 0 4 118 237 184 126
		f 4 -290 291 292 -226
		mu 0 4 126 184 185 127
		f 4 -293 293 294 295
		mu 0 4 127 185 240 134
		f 4 -295 -205 296 -234
		mu 0 4 134 240 239 135
		f 4 -297 -208 297 298
		mu 0 4 135 239 241 144
		f 4 -298 299 300 -246
		mu 0 4 144 241 186 145
		f 4 -301 301 302 303
		mu 0 4 145 186 187 152
		f 4 -303 304 305 -255
		mu 0 4 152 187 188 153
		f 4 -306 306 307 308
		mu 0 4 153 188 189 160
		f 4 -308 309 310 -263
		mu 0 4 160 189 190 161
		f 4 -311 311 312 313
		mu 0 4 161 190 191 168
		f 4 -313 314 315 -271
		mu 0 4 168 191 243 169
		f 4 -316 -210 316 317
		mu 0 4 169 243 242 176
		f 4 -317 -213 318 -279
		mu 0 4 176 242 244 177
		f 4 -319 -214 -287 319
		mu 0 4 177 244 238 117
		f 4 320 -224 321 -216
		mu 0 4 321 324 327 322
		f 4 -322 -223 322 323
		mu 0 4 119 125 124 129
		f 4 -323 -222 324 -229
		mu 0 4 331 326 325 328
		f 4 -325 -221 -321 -291
		mu 0 4 126 123 122 118
		f 4 325 -233 326 -227
		mu 0 4 329 332 335 330
		f 4 -327 -232 327 328
		mu 0 4 128 133 132 137
		f 4 -328 -231 329 -237
		mu 0 4 339 334 333 336
		f 4 -330 -230 -326 -296
		mu 0 4 134 131 130 127
		f 4 330 -243 331 -235
		mu 0 4 337 340 343 338
		f 4 -332 -242 332 333
		mu 0 4 136 142 141 147
		f 4 -333 -241 334 -249
		mu 0 4 391 342 341 390
		f 4 -335 -240 -331 -299
		mu 0 4 144 140 139 135
		f 4 335 -254 336 -247
		mu 0 4 345 348 351 346
		f 4 -337 -253 337 338
		mu 0 4 146 151 150 155
		f 4 -338 -252 339 -258
		mu 0 4 355 350 349 352
		f 4 -340 -251 -336 -304
		mu 0 4 152 149 148 145
		f 4 340 -262 341 -256
		mu 0 4 353 356 359 354
		f 4 -342 -261 342 343
		mu 0 4 154 159 158 163
		f 4 -343 -260 344 -266
		mu 0 4 363 358 357 360
		f 4 -345 -259 -341 -309
		mu 0 4 160 157 156 153
		f 4 345 -270 346 -264
		mu 0 4 361 364 367 362
		f 4 -347 -269 347 348
		mu 0 4 162 167 166 171
		f 4 -348 -268 349 -274
		mu 0 4 371 366 365 368
		f 4 -350 -267 -346 -314
		mu 0 4 168 165 164 161
		f 4 350 -278 351 -272
		mu 0 4 369 372 375 370
		f 4 -352 -277 352 353
		mu 0 4 170 175 174 179
		f 4 -353 -276 354 -282
		mu 0 4 379 374 373 376
		f 4 -355 -275 -351 -318
		mu 0 4 176 173 172 169
		f 4 355 -284 356 -218
		mu 0 4 323 382 381 320
		f 4 -357 -283 357 -320
		mu 0 4 117 181 180 177
		f 4 -358 -286 358 -280
		mu 0 4 377 380 383 378
		f 4 -359 -285 -356 359
		mu 0 4 178 183 182 120
		f 4 360 -2 361 -217
		mu 0 4 119 194 193 120
		f 4 362 -219 -361 -324
		mu 0 4 129 245 194 119
		f 4 363 -225 -363 -228
		mu 0 4 128 197 245 129
		f 4 364 -18 -364 -329
		mu 0 4 137 198 197 128
		f 4 365 -25 -365 -236
		mu 0 4 136 200 198 137
		f 4 366 -238 -366 -334
		mu 0 4 147 246 200 136
		f 4 367 -244 -367 -248
		mu 0 4 146 247 246 147
		f 4 368 -250 -368 -339
		mu 0 4 155 203 247 146
		f 4 369 -45 -369 -257
		mu 0 4 154 204 203 155
		f 4 370 -52 -370 -344
		mu 0 4 163 206 204 154
		f 4 371 -59 -371 -265
		mu 0 4 162 208 206 163
		f 4 372 -66 -372 -349
		mu 0 4 171 210 208 162
		f 4 373 -73 -373 -273
		mu 0 4 170 212 210 171
		f 4 374 -80 -374 -354
		mu 0 4 179 214 212 170
		f 4 375 -87 -375 -281
		mu 0 4 178 216 214 179
		f 4 -362 -94 -376 -360
		mu 0 4 120 193 216 178
		f 4 376 -289 -201 -105
		mu 0 4 226 227 387 386
		f 4 377 -292 -377 -107
		mu 0 4 228 229 227 226
		f 4 -110 -206 -294 -378
		mu 0 4 228 113 116 229
		f 4 378 -300 -207 -117
		mu 0 4 230 231 219 218
		f 4 379 -302 -379 -120
		mu 0 4 232 233 231 230
		f 4 380 -305 -380 -122
		mu 0 4 248 249 233 232
		f 4 -125 381 -307 -381
		mu 0 4 248 250 251 249
		f 4 382 -310 -382 -127
		mu 0 4 252 253 251 250
		f 4 383 -312 -383 -130
		mu 0 4 254 255 253 252
		f 4 -211 -315 -384 -132
		mu 0 4 220 223 255 254
		f 4 384 385 386 387
		mu 0 4 404 405 406 407
		f 4 388 -388 389 390
		mu 0 4 408 404 407 409
		f 4 391 392 393 394
		mu 0 4 410 411 412 413
		f 4 -394 395 396 397
		mu 0 4 413 412 414 415
		f 4 -385 398 -393 399
		mu 0 4 393 392 400 399
		f 4 -386 -400 -392 400
		mu 0 4 394 393 399 398
		f 4 -387 -401 -395 401
		mu 0 4 395 394 398 401
		f 4 -389 402 -396 -399
		mu 0 4 392 396 402 400
		f 4 -390 -402 -398 403
		mu 0 4 397 395 401 403
		f 4 -391 -404 -397 -403
		mu 0 4 396 416 417 402
		f 4 404 405 406 407
		mu 0 4 430 431 432 433
		f 4 408 -408 409 410
		mu 0 4 434 430 433 435
		f 4 411 412 413 414
		mu 0 4 436 437 438 439
		f 4 -414 415 416 417
		mu 0 4 439 438 440 441
		f 4 -405 418 -413 419
		mu 0 4 419 418 426 425
		f 4 -406 -420 -412 420
		mu 0 4 420 419 425 424
		f 4 -407 -421 -415 421
		mu 0 4 421 420 424 427
		f 4 -409 422 -416 -419
		mu 0 4 418 422 428 426
		f 4 -410 -422 -418 423
		mu 0 4 423 421 427 429
		f 4 -411 -424 -417 -423
		mu 0 4 422 442 443 428
		f 4 424 425 426 427
		mu 0 4 444 445 446 447
		f 4 428 429 430 431
		mu 0 4 448 449 450 451
		f 4 432 433 434 435
		mu 0 4 452 453 454 455
		f 4 -436 436 437 438
		mu 0 4 452 455 456 457
		f 4 -431 439 440 441
		mu 0 4 451 450 458 459
		f 4 442 443 444 445
		mu 0 4 460 461 462 463
		f 4 446 -446 447 -426
		mu 0 4 445 460 463 446
		f 4 448 449 450 451
		mu 0 4 464 465 466 467
		f 4 452 453 454 -434
		mu 0 4 453 912 913 454
		f 4 455 456 457 458
		mu 0 4 468 470 471 472
		f 4 459 460 461 -457
		mu 0 4 470 473 474 471
		f 4 462 463 464 -461
		mu 0 4 473 462 475 474
		f 4 -464 -444 465 466
		mu 0 4 475 462 461 476
		f 4 467 468 469 -466
		mu 0 4 461 477 478 476
		f 4 470 471 472 -469
		mu 0 4 477 479 480 478
		f 4 473 474 475 -472
		mu 0 4 479 469 481 480
		f 4 -454 -459 476 -475
		mu 0 4 469 468 472 481
		f 4 477 478 479 480
		mu 0 4 482 483 484 485
		f 4 481 482 483 -479
		mu 0 4 483 457 486 484
		f 4 -438 484 485 -483
		mu 0 4 457 456 487 486
		f 4 486 487 488 -485
		mu 0 4 456 488 489 487
		f 4 489 490 491 -488
		mu 0 4 488 490 491 489
		f 4 492 493 494 -491
		mu 0 4 490 459 492 491
		f 4 -441 495 496 -494
		mu 0 4 459 458 493 492
		f 4 497 -481 498 -496
		mu 0 4 458 482 485 493
		f 3 499 500 501
		mu 0 3 494 495 496
		f 4 -428 502 503 504
		mu 0 4 444 447 497 498
		f 3 505 506 507
		mu 0 3 499 500 501
		f 4 -452 508 509 510
		mu 0 4 464 467 502 503
		f 4 511 512 513 514
		mu 0 4 504 505 506 507
		f 4 515 516 517 518
		mu 0 4 508 509 510 511
		f 4 519 -505 520 521
		mu 0 4 512 444 498 513
		f 3 -522 522 523
		mu 0 3 512 513 514
		f 3 524 525 -524
		mu 0 3 514 494 512
		f 3 526 -516 527
		mu 0 3 494 509 508
		f 3 -528 528 -500
		mu 0 3 494 508 495
		f 4 -509 529 530 531
		mu 0 4 502 467 515 516
		f 3 532 -531 533
		mu 0 3 517 516 515
		f 3 534 -534 535
		mu 0 3 506 517 515
		f 4 536 -502 537 538
		mu 0 4 515 494 496 507
		f 4 539 -511 540 541
		mu 0 4 518 464 503 519
		f 3 -542 542 543
		mu 0 3 518 519 520
		f 3 -544 544 545
		mu 0 3 518 520 505
		f 4 546 -546 -512 547
		mu 0 4 499 518 505 504
		f 3 -548 548 -506
		mu 0 3 499 504 500
		f 4 -503 549 550 551
		mu 0 4 497 447 521 522
		f 3 552 -551 553
		mu 0 3 523 522 521
		f 4 -554 554 555 556
		mu 0 4 523 521 499 510
		f 3 -518 -556 557
		mu 0 3 511 510 499
		f 3 558 -558 -508
		mu 0 3 501 511 499
		f 3 -514 -536 -539
		mu 0 3 507 506 515
		f 4 559 560 561 -425
		mu 0 4 764 524 525 765
		f 4 562 563 564 -427
		mu 0 4 766 526 527 767
		f 4 565 566 567 -429
		mu 0 4 768 528 529 769
		f 4 -568 568 569 -430
		mu 0 4 769 529 530 770
		f 4 570 571 -566 -432
		mu 0 4 771 531 844 848
		f 4 572 573 574 -433
		mu 0 4 772 532 533 773
		f 4 575 576 577 -435
		mu 0 4 774 534 535 775
		f 4 -578 578 579 -437
		mu 0 4 775 535 536 776
		f 4 580 581 -573 -439
		mu 0 4 777 537 916 917
		f 4 -570 582 583 -440
		mu 0 4 770 530 538 778
		f 4 584 585 -571 -442
		mu 0 4 779 539 531 771
		f 4 586 587 588 -443
		mu 0 4 780 540 541 781
		f 4 589 590 591 -445
		mu 0 4 782 542 543 783
		f 4 -562 592 -587 -447
		mu 0 4 765 525 540 780
		f 4 -592 593 -563 -448
		mu 0 4 783 543 526 766
		f 4 594 595 596 -449
		mu 0 4 784 544 545 785
		f 4 -597 597 598 -450
		mu 0 4 785 545 546 786
		f 4 -599 599 600 -451
		mu 0 4 849 845 547 787
		f 4 -575 601 602 -453
		mu 0 4 773 533 548 788
		f 4 603 604 -576 -455
		mu 0 4 789 549 534 774
		f 4 -603 605 606 -456
		mu 0 4 788 548 550 790
		f 4 607 608 609 -458
		mu 0 4 471 551 552 472
		f 4 -607 610 611 -460
		mu 0 4 790 550 553 791
		f 4 612 613 -608 -462
		mu 0 4 474 554 551 471
		f 4 -612 614 -590 -463
		mu 0 4 791 553 542 782
		f 4 615 616 -613 -465
		mu 0 4 475 555 554 474
		f 4 617 618 -616 -467
		mu 0 4 476 556 555 475
		f 4 -589 619 620 -468
		mu 0 4 781 541 557 792
		f 4 621 622 -618 -470
		mu 0 4 478 558 556 476
		f 4 -621 623 624 -471
		mu 0 4 792 557 559 793
		f 4 625 626 -622 -473
		mu 0 4 480 560 558 478
		f 4 -625 627 -604 -474
		mu 0 4 793 559 549 789
		f 4 628 629 -626 -476
		mu 0 4 481 561 560 480
		f 4 -610 630 -629 -477
		mu 0 4 472 552 561 481
		f 4 631 632 633 -478
		mu 0 4 794 562 563 795
		f 4 634 635 636 -480
		mu 0 4 484 564 565 485
		f 4 -634 637 -581 -482
		mu 0 4 795 563 537 777
		f 4 638 639 -635 -484
		mu 0 4 486 566 564 484
		f 4 640 641 -639 -486
		mu 0 4 487 567 566 486
		f 4 -580 642 643 -487
		mu 0 4 776 536 568 796
		f 4 644 645 -641 -489
		mu 0 4 489 569 567 487
		f 4 -644 646 647 -490
		mu 0 4 796 568 570 797
		f 4 648 649 -645 -492
		mu 0 4 491 571 569 489
		f 4 -648 650 -585 -493
		mu 0 4 797 570 539 779
		f 4 651 652 -649 -495
		mu 0 4 492 572 571 491
		f 4 653 654 -652 -497
		mu 0 4 493 573 572 492
		f 4 -584 655 -632 -498
		mu 0 4 778 538 562 794
		f 4 -637 656 -654 -499
		mu 0 4 485 565 573 493
		f 4 657 658 659 -501
		mu 0 4 894 574 575 895
		f 4 660 661 662 -504
		mu 0 4 852 576 577 853
		f 4 663 664 665 -507
		mu 0 4 854 578 579 855
		f 4 666 667 668 -510
		mu 0 4 856 580 581 857
		f 4 669 670 671 -513
		mu 0 4 890 582 583 891
		f 4 672 673 674 -515
		mu 0 4 897 584 585 896
		f 4 675 676 677 -517
		mu 0 4 906 586 587 907
		f 4 678 679 680 -519
		mu 0 4 899 588 589 898
		f 4 681 682 -560 -520
		mu 0 4 800 590 524 764
		f 4 -663 683 684 -521
		mu 0 4 853 577 591 858
		f 4 -685 685 686 -523
		mu 0 4 858 591 592 908
		f 4 -687 687 -676 688
		mu 0 4 908 592 586 906
		f 4 689 690 -682 -526
		mu 0 4 798 593 590 800
		f 4 -681 691 -658 -529
		mu 0 4 898 589 574 894
		f 4 -601 692 693 -530
		mu 0 4 787 547 594 801
		f 4 694 695 -667 -532
		mu 0 4 859 595 580 856
		f 4 696 697 -695 -533
		mu 0 4 860 596 595 859
		f 4 -672 698 -697 -535
		mu 0 4 891 583 596 860
		f 4 -694 699 -690 -537
		mu 0 4 801 594 593 798
		f 4 -660 700 -673 -538
		mu 0 4 895 575 584 897
		f 4 701 702 -595 -540
		mu 0 4 802 597 544 784
		f 4 -669 703 704 -541
		mu 0 4 885 879 598 861
		f 4 -705 705 706 -543
		mu 0 4 861 598 599 862
		f 4 -707 707 -670 -545
		mu 0 4 862 599 582 890
		f 4 708 709 -702 -547
		mu 0 4 799 600 597 802
		f 4 -675 710 -664 -549
		mu 0 4 896 585 878 884
		f 4 -565 711 712 -550
		mu 0 4 767 527 601 803
		f 4 713 714 -661 -552
		mu 0 4 863 602 576 852
		f 4 715 716 -714 -553
		mu 0 4 864 603 880 886
		f 4 -713 717 -709 -555
		mu 0 4 803 601 600 799
		f 4 -678 718 -716 -557
		mu 0 4 907 587 603 864
		f 4 -666 719 -679 -559
		mu 0 4 855 579 588 899
		f 4 720 721 722 723
		mu 0 4 604 605 606 607
		f 4 724 725 726 727
		mu 0 4 608 609 610 611
		f 4 728 729 730 731
		mu 0 4 612 613 614 615
		f 4 732 733 734 -729
		mu 0 4 612 616 617 613
		f 4 735 736 737 -726
		mu 0 4 609 618 619 610
		f 4 738 739 740 741
		mu 0 4 620 621 622 623
		f 4 -723 742 -739 743
		mu 0 4 607 606 621 620
		f 4 744 745 746 747
		mu 0 4 624 625 626 627
		f 4 -731 748 749 750
		mu 0 4 615 614 914 915
		f 4 751 752 753 754
		mu 0 4 629 630 631 632
		f 4 -754 755 756 757
		mu 0 4 632 631 633 634
		f 4 -757 758 759 760
		mu 0 4 634 633 635 622
		f 4 761 762 -741 -760
		mu 0 4 635 636 623 622
		f 4 -763 763 764 765
		mu 0 4 623 636 637 638
		f 4 -765 766 767 768
		mu 0 4 638 637 639 640
		f 4 -768 769 770 771
		mu 0 4 640 639 641 628
		f 4 -771 772 -752 -750
		mu 0 4 628 641 630 629
		f 4 773 774 775 776
		mu 0 4 642 643 644 645
		f 4 -776 777 778 779
		mu 0 4 645 644 646 616
		f 4 -779 780 781 -734
		mu 0 4 616 646 647 617
		f 4 -782 782 783 784
		mu 0 4 617 647 648 649
		f 4 -784 785 786 787
		mu 0 4 649 648 650 651
		f 4 -787 788 789 790
		mu 0 4 651 650 652 618
		f 4 -790 791 792 -737
		mu 0 4 618 652 653 619
		f 4 -793 793 -774 794
		mu 0 4 619 653 643 642
		f 3 795 796 797
		mu 0 3 654 655 656
		f 4 798 799 800 -721
		mu 0 4 604 657 658 605
		f 3 801 802 803
		mu 0 3 659 660 661
		f 4 804 805 806 -745
		mu 0 4 624 662 663 625
		f 4 807 808 809 810
		mu 0 4 664 665 666 667
		f 4 811 812 813 814
		mu 0 4 668 669 670 671
		f 4 815 816 -799 817
		mu 0 4 672 673 657 604
		f 3 818 819 -816
		mu 0 3 672 674 673
		f 3 820 821 822
		mu 0 3 674 654 671
		f 3 823 -815 -822
		mu 0 3 654 668 671
		f 3 -798 824 -824
		mu 0 3 654 656 668
		f 4 825 826 827 -807
		mu 0 4 663 675 676 625
		f 3 828 -827 829
		mu 0 3 677 676 675
		f 3 830 -829 831
		mu 0 3 666 676 677
		f 4 832 833 -796 834
		mu 0 4 676 665 655 654
		f 4 835 836 -805 837
		mu 0 4 678 679 662 624
		f 3 838 839 -836
		mu 0 3 678 680 679
		f 3 840 841 -839
		mu 0 3 678 667 680
		f 4 842 -811 -841 843
		mu 0 4 659 664 667 678
		f 3 -804 844 -843
		mu 0 3 659 661 664
		f 4 845 846 847 -801
		mu 0 4 658 681 682 605
		f 3 848 -847 849
		mu 0 3 683 682 681
		f 4 850 851 852 -849
		mu 0 4 683 670 659 682
		f 3 853 -852 -813
		mu 0 3 669 659 670
		f 3 -802 -854 854
		mu 0 3 660 659 669
		f 3 -833 -831 -809
		mu 0 3 665 676 666
		f 4 -561 855 -724 856
		mu 0 4 685 684 804 807
		f 4 -564 857 -722 858
		mu 0 4 687 686 806 805
		f 4 -567 859 -728 860
		mu 0 4 689 688 808 811
		f 4 -569 -861 -727 861
		mu 0 4 690 846 850 810
		f 4 -572 862 -725 -860
		mu 0 4 688 691 809 808
		f 4 -574 863 -732 864
		mu 0 4 693 692 812 815
		f 4 -577 865 -730 866
		mu 0 4 695 694 814 813
		f 4 -579 -867 -735 867
		mu 0 4 696 695 813 817
		f 4 -582 868 -733 -864
		mu 0 4 918 697 816 919
		f 4 -583 -862 -738 869
		mu 0 4 698 690 810 819
		f 4 -586 870 -736 -863
		mu 0 4 691 699 818 809
		f 4 -588 871 -742 872
		mu 0 4 701 700 820 823
		f 4 -591 873 -740 874
		mu 0 4 703 702 822 821
		f 4 -593 -857 -744 -872
		mu 0 4 700 685 807 820
		f 4 -594 -875 -743 -858
		mu 0 4 686 703 821 806
		f 4 -596 875 -748 876
		mu 0 4 705 704 824 827
		f 4 -598 -877 -747 877
		mu 0 4 706 847 851 826
		f 4 -600 -878 -746 878
		mu 0 4 707 706 826 825
		f 4 -602 -865 -751 879
		mu 0 4 708 693 815 829
		f 4 -605 880 -749 -866
		mu 0 4 694 709 828 814
		f 4 -606 -880 -755 881
		mu 0 4 710 708 829 830
		f 4 -609 882 -753 883
		mu 0 4 712 711 631 630
		f 4 -611 -882 -758 884
		mu 0 4 713 710 830 831
		f 4 -614 885 -756 -883
		mu 0 4 711 714 633 631
		f 4 -615 -885 -761 -874
		mu 0 4 702 713 831 822
		f 4 -617 886 -759 -886
		mu 0 4 714 715 635 633
		f 4 -619 887 -762 -887
		mu 0 4 715 716 636 635
		f 4 -620 -873 -766 888
		mu 0 4 717 701 823 832
		f 4 -623 889 -764 -888
		mu 0 4 716 718 637 636
		f 4 -624 -889 -769 890
		mu 0 4 719 717 832 833
		f 4 -627 891 -767 -890
		mu 0 4 718 720 639 637
		f 4 -628 -891 -772 -881
		mu 0 4 709 719 833 828
		f 4 -630 892 -770 -892
		mu 0 4 720 721 641 639
		f 4 -631 -884 -773 -893
		mu 0 4 721 712 630 641
		f 4 -633 893 -777 894
		mu 0 4 723 722 834 835
		f 4 -636 895 -775 896
		mu 0 4 725 724 644 643
		f 4 -638 -895 -780 -869
		mu 0 4 697 723 835 816
		f 4 -640 897 -778 -896
		mu 0 4 724 726 646 644
		f 4 -642 898 -781 -898
		mu 0 4 726 727 647 646
		f 4 -643 -868 -785 899
		mu 0 4 728 696 817 836
		f 4 -646 900 -783 -899
		mu 0 4 727 729 648 647
		f 4 -647 -900 -788 901
		mu 0 4 730 728 836 837
		f 4 -650 902 -786 -901
		mu 0 4 729 731 650 648
		f 4 -651 -902 -791 -871
		mu 0 4 699 730 837 818
		f 4 -653 903 -789 -903
		mu 0 4 731 732 652 650
		f 4 -655 904 -792 -904
		mu 0 4 732 733 653 652
		f 4 -656 -870 -795 -894
		mu 0 4 722 698 819 834
		f 4 -657 -897 -794 -905
		mu 0 4 733 725 643 653
		f 4 -659 905 -797 906
		mu 0 4 735 734 901 900
		f 4 -662 907 -800 908
		mu 0 4 737 736 866 865
		f 4 -665 909 -803 910
		mu 0 4 739 738 868 867
		f 4 -668 911 -806 912
		mu 0 4 741 740 870 869
		f 4 -671 913 -810 914
		mu 0 4 743 742 893 892
		f 4 -674 915 -808 916
		mu 0 4 745 744 903 902
		f 4 -677 917 -814 918
		mu 0 4 747 746 910 909
		f 4 -680 919 -812 920
		mu 0 4 749 748 905 904
		f 4 -683 921 -818 -856
		mu 0 4 684 750 840 804
		f 4 -684 -909 -817 922
		mu 0 4 751 737 865 871
		f 4 -686 -923 -820 923
		mu 0 4 752 751 871 911
		f 4 -688 -924 -823 -918
		mu 0 4 746 752 911 910
		f 4 -691 924 925 -922
		mu 0 4 750 753 838 840
		f 4 -692 -921 -825 -906
		mu 0 4 734 749 904 901
		f 4 -693 -879 -828 926
		mu 0 4 754 707 825 841
		f 4 -696 927 -826 -912
		mu 0 4 740 755 872 870
		f 4 -698 928 -830 -928
		mu 0 4 755 756 873 872
		f 4 -699 -915 -832 -929
		mu 0 4 756 743 892 873
		f 4 -700 -927 -835 -925
		mu 0 4 753 754 841 838
		f 4 -701 -907 -834 -916
		mu 0 4 744 735 900 903
		f 4 -703 929 -838 -876
		mu 0 4 704 757 842 824
		f 4 -704 -913 -837 930
		mu 0 4 758 882 888 874
		f 4 -706 -931 -840 931
		mu 0 4 759 758 874 875
		f 4 -708 -932 -842 -914
		mu 0 4 742 759 875 893
		f 4 -710 932 -844 -930
		mu 0 4 757 760 839 842
		f 4 -711 -917 -845 -910
		mu 0 4 881 745 902 887
		f 4 -712 -859 -848 933
		mu 0 4 761 687 805 843
		f 4 -715 934 -846 -908
		mu 0 4 736 762 876 866
		f 4 -717 935 -850 -935
		mu 0 4 883 763 877 889
		f 4 -718 -934 -853 -933
		mu 0 4 760 761 843 839
		f 4 -719 -919 -851 -936
		mu 0 4 763 747 909 877
		f 4 -720 -911 -855 -920
		mu 0 4 748 739 867 905
		f 3 -689 -527 -525
		mu 0 3 514 509 494
		f 3 -819 -926 -821
		mu 0 3 674 672 654
		f 4 936 937 938 939
		mu 0 4 920 921 922 923
		f 4 940 941 942 943
		mu 0 4 924 925 926 927
		f 4 944 945 946 947
		mu 0 4 928 929 930 931
		f 4 -948 948 949 950
		mu 0 4 928 931 932 933
		f 4 -943 951 952 953
		mu 0 4 927 926 934 935
		f 4 954 955 956 957
		mu 0 4 936 937 938 939
		f 4 958 -958 959 -938
		mu 0 4 921 936 939 922
		f 4 960 961 962 -946
		mu 0 4 929 940 941 930
		f 4 963 964 965 966
		mu 0 4 940 942 943 944
		f 4 967 968 969 -965
		mu 0 4 942 945 946 943
		f 4 970 971 972 -969
		mu 0 4 945 938 947 946
		f 4 -972 -956 973 974
		mu 0 4 947 938 937 948
		f 4 975 976 977 -974
		mu 0 4 937 949 950 948
		f 4 978 979 980 -977
		mu 0 4 949 951 952 950
		f 4 981 982 983 -980
		mu 0 4 951 941 953 952
		f 4 -962 -967 984 -983
		mu 0 4 941 940 944 953
		f 4 985 986 987 988
		mu 0 4 954 955 956 957
		f 4 989 990 991 -987
		mu 0 4 955 933 958 956
		f 4 -950 992 993 -991
		mu 0 4 933 932 959 958
		f 4 994 995 996 -993
		mu 0 4 932 960 961 959
		f 4 997 998 999 -996
		mu 0 4 960 962 963 961
		f 4 1000 1001 1002 -999
		mu 0 4 962 935 964 963
		f 4 -953 1003 1004 -1002
		mu 0 4 935 934 965 964
		f 4 1005 -989 1006 -1004
		mu 0 4 934 954 957 965;
	setAttr ".fc[500:999]"
		f 4 1007 1008 1009 -937
		mu 0 4 1104 966 967 1105
		f 4 1010 1011 1012 -939
		mu 0 4 1106 968 969 1107
		f 4 -1013 1013 -1008 -940
		mu 0 4 1168 1164 966 1104
		f 4 1014 1015 1016 -941
		mu 0 4 1108 970 971 1109
		f 4 -1017 1017 1018 -942
		mu 0 4 1109 971 972 1110
		f 4 1019 1020 -1015 -944
		mu 0 4 1111 973 1165 1169
		f 4 1021 1022 1023 -945
		mu 0 4 1112 974 975 1113
		f 4 1024 1025 1026 -947
		mu 0 4 1114 976 977 1115
		f 4 -1027 1027 1028 -949
		mu 0 4 1115 977 978 1116
		f 4 1029 1030 -1022 -951
		mu 0 4 1117 979 974 1112
		f 4 -1019 1031 1032 -952
		mu 0 4 1110 972 980 1118
		f 4 1033 1034 -1020 -954
		mu 0 4 1119 981 973 1111
		f 4 1035 1036 1037 -955
		mu 0 4 1120 982 983 1121
		f 4 1038 1039 1040 -957
		mu 0 4 1122 984 985 1123
		f 4 -1010 1041 -1036 -959
		mu 0 4 1105 967 982 1120
		f 4 -1041 1042 -1011 -960
		mu 0 4 1123 985 968 1106
		f 4 -1024 1043 1044 -961
		mu 0 4 1113 975 986 1124
		f 4 1045 1046 -1025 -963
		mu 0 4 1125 987 976 1114
		f 4 -1045 1047 1048 -964
		mu 0 4 1124 986 988 1126
		f 4 1049 1050 1051 -966
		mu 0 4 1172 989 990 1173
		f 4 -1049 1052 1053 -968
		mu 0 4 1126 988 991 1127
		f 4 1054 1055 -1050 -970
		mu 0 4 1174 992 1208 1210
		f 4 -1054 1056 -1039 -971
		mu 0 4 1127 991 984 1122
		f 4 1057 1058 -1055 -973
		mu 0 4 1175 993 992 1174
		f 4 1059 1060 -1058 -975
		mu 0 4 1176 994 993 1175
		f 4 -1038 1061 1062 -976
		mu 0 4 1121 983 995 1128
		f 4 1063 1064 -1060 -978
		mu 0 4 1177 996 994 1176
		f 4 -1063 1065 1066 -979
		mu 0 4 1128 995 997 1129
		f 4 1067 1068 -1064 -981
		mu 0 4 1178 998 996 1177
		f 4 -1067 1069 -1046 -982
		mu 0 4 1129 997 987 1125
		f 4 1070 1071 -1068 -984
		mu 0 4 1179 999 998 1178
		f 4 -1052 1072 -1071 -985
		mu 0 4 1173 990 999 1179
		f 4 1073 1074 1075 -986
		mu 0 4 1130 1000 1001 1131
		f 4 1076 1077 1078 -988
		mu 0 4 1188 1002 1003 1189
		f 4 -1076 1079 -1030 -990
		mu 0 4 1131 1001 979 1117
		f 4 1080 1081 -1077 -992
		mu 0 4 1190 1004 1002 1188
		f 4 1082 1083 -1081 -994
		mu 0 4 1191 1005 1004 1190
		f 4 -1029 1084 1085 -995
		mu 0 4 1116 978 1006 1132
		f 4 1086 1087 -1083 -997
		mu 0 4 1192 1007 1005 1191
		f 4 -1086 1088 1089 -998
		mu 0 4 1132 1006 1008 1133
		f 4 1090 1091 -1087 -1000
		mu 0 4 1193 1009 1007 1192
		f 4 -1090 1092 -1034 -1001
		mu 0 4 1133 1008 981 1119
		f 4 1093 1094 -1091 -1003
		mu 0 4 1194 1010 1009 1193
		f 4 1095 1096 -1094 -1005
		mu 0 4 1195 1011 1010 1194
		f 4 -1033 1097 -1074 -1006
		mu 0 4 1118 980 1000 1130
		f 4 -1079 1098 -1096 -1007
		mu 0 4 1206 1204 1011 1195
		f 4 1099 1100 1101 1102
		mu 0 4 1012 1013 1014 1015
		f 4 1103 1104 1105 1106
		mu 0 4 1016 1017 1018 1019
		f 4 1107 1108 1109 1110
		mu 0 4 1020 1021 1022 1023
		f 4 1111 1112 1113 -1108
		mu 0 4 1020 1024 1025 1021
		f 4 1114 1115 1116 -1105
		mu 0 4 1017 1026 1027 1018
		f 4 1117 1118 1119 1120
		mu 0 4 1028 1029 1030 1031
		f 4 -1102 1121 -1118 1122
		mu 0 4 1015 1014 1029 1028
		f 4 -1110 1123 1124 1125
		mu 0 4 1023 1022 1032 1033
		f 4 1126 1127 1128 1129
		mu 0 4 1033 1034 1035 1036
		f 4 -1129 1130 1131 1132
		mu 0 4 1036 1035 1037 1038
		f 4 -1132 1133 1134 1135
		mu 0 4 1038 1037 1039 1030
		f 4 1136 1137 -1120 -1135
		mu 0 4 1039 1040 1031 1030
		f 4 -1138 1138 1139 1140
		mu 0 4 1031 1040 1041 1042
		f 4 -1140 1141 1142 1143
		mu 0 4 1042 1041 1043 1044
		f 4 -1143 1144 1145 1146
		mu 0 4 1044 1043 1045 1032
		f 4 -1146 1147 -1127 -1125
		mu 0 4 1032 1045 1034 1033
		f 4 1148 1149 1150 1151
		mu 0 4 1046 1047 1048 1049
		f 4 -1151 1152 1153 1154
		mu 0 4 1049 1048 1050 1024
		f 4 -1154 1155 1156 -1113
		mu 0 4 1024 1050 1051 1025
		f 4 -1157 1157 1158 1159
		mu 0 4 1025 1051 1052 1053
		f 4 -1159 1160 1161 1162
		mu 0 4 1053 1052 1054 1055
		f 4 -1162 1163 1164 1165
		mu 0 4 1055 1054 1056 1026
		f 4 -1165 1166 1167 -1116
		mu 0 4 1026 1056 1057 1027
		f 4 -1168 1168 -1149 1169
		mu 0 4 1027 1057 1047 1046
		f 4 -1009 1170 -1103 1171
		mu 0 4 1059 1058 1134 1137
		f 4 -1012 1172 -1101 1173
		mu 0 4 1061 1060 1136 1135
		f 4 -1014 -1174 -1100 -1171
		mu 0 4 1058 1166 1170 1134
		f 4 -1016 1174 -1107 1175
		mu 0 4 1063 1062 1138 1141
		f 4 -1018 -1176 -1106 1176
		mu 0 4 1064 1063 1141 1140
		f 4 -1021 1177 -1104 -1175
		mu 0 4 1167 1065 1139 1171
		f 4 -1023 1178 -1111 1179
		mu 0 4 1067 1066 1142 1145
		f 4 -1026 1180 -1109 1181
		mu 0 4 1069 1068 1144 1143
		f 4 -1028 -1182 -1114 1182
		mu 0 4 1070 1069 1143 1147
		f 4 -1031 1183 -1112 -1179
		mu 0 4 1066 1071 1146 1142
		f 4 -1032 -1177 -1117 1184
		mu 0 4 1072 1064 1140 1149
		f 4 -1035 1185 -1115 -1178
		mu 0 4 1065 1073 1148 1139
		f 4 -1037 1186 -1121 1187
		mu 0 4 1075 1074 1150 1153
		f 4 -1040 1188 -1119 1189
		mu 0 4 1077 1076 1152 1151
		f 4 -1042 -1172 -1123 -1187
		mu 0 4 1074 1059 1137 1150
		f 4 -1043 -1190 -1122 -1173
		mu 0 4 1060 1077 1151 1136
		f 4 -1044 -1180 -1126 1190
		mu 0 4 1078 1067 1145 1155
		f 4 -1047 1191 -1124 -1181
		mu 0 4 1068 1079 1154 1144
		f 4 -1048 -1191 -1130 1192
		mu 0 4 1080 1078 1155 1156
		f 4 -1051 1193 -1128 1194
		mu 0 4 1082 1081 1181 1180
		f 4 -1053 -1193 -1133 1195
		mu 0 4 1083 1080 1156 1157
		f 4 -1056 1196 -1131 -1194
		mu 0 4 1209 1084 1182 1211
		f 4 -1057 -1196 -1136 -1189
		mu 0 4 1076 1083 1157 1152
		f 4 -1059 1197 -1134 -1197
		mu 0 4 1084 1085 1183 1182
		f 4 -1061 1198 -1137 -1198
		mu 0 4 1085 1086 1184 1183
		f 4 -1062 -1188 -1141 1199
		mu 0 4 1087 1075 1153 1158
		f 4 -1065 1200 -1139 -1199
		mu 0 4 1086 1088 1185 1184
		f 4 -1066 -1200 -1144 1201
		mu 0 4 1089 1087 1158 1159
		f 4 -1069 1202 -1142 -1201
		mu 0 4 1088 1090 1186 1185
		f 4 -1070 -1202 -1147 -1192
		mu 0 4 1079 1089 1159 1154
		f 4 -1072 1203 -1145 -1203
		mu 0 4 1090 1091 1187 1186
		f 4 -1073 -1195 -1148 -1204
		mu 0 4 1091 1082 1180 1187
		f 4 -1075 1204 -1152 1205
		mu 0 4 1093 1092 1160 1161
		f 4 -1078 1206 -1150 1207
		mu 0 4 1095 1094 1197 1196
		f 4 -1080 -1206 -1155 -1184
		mu 0 4 1071 1093 1161 1146
		f 4 -1082 1208 -1153 -1207
		mu 0 4 1094 1096 1198 1197
		f 4 -1084 1209 -1156 -1209
		mu 0 4 1096 1097 1199 1198
		f 4 -1085 -1183 -1160 1210
		mu 0 4 1098 1070 1147 1162
		f 4 -1088 1211 -1158 -1210
		mu 0 4 1097 1099 1200 1199
		f 4 -1089 -1211 -1163 1212
		mu 0 4 1100 1098 1162 1163
		f 4 -1092 1213 -1161 -1212
		mu 0 4 1099 1101 1201 1200
		f 4 -1093 -1213 -1166 -1186
		mu 0 4 1073 1100 1163 1148
		f 4 -1095 1214 -1164 -1214
		mu 0 4 1101 1102 1202 1201
		f 4 -1097 1215 -1167 -1215
		mu 0 4 1102 1103 1203 1202
		f 4 -1098 -1185 -1170 -1205
		mu 0 4 1092 1072 1149 1160
		f 4 -1099 -1208 -1169 -1216
		mu 0 4 1103 1205 1207 1203
		f 4 1216 1217 1218 1219
		mu 0 4 1212 1213 1214 1215
		f 4 1220 1221 1222 1223
		mu 0 4 1216 1217 1218 1219
		f 4 1224 1225 1226 1227
		mu 0 4 1220 1221 1222 1223
		f 4 -1228 1228 1229 1230
		mu 0 4 1220 1223 1224 1225
		f 4 -1223 1231 1232 1233
		mu 0 4 1219 1218 1226 1227
		f 4 1234 1235 1236 1237
		mu 0 4 1228 1229 1230 1231
		f 4 1238 -1238 1239 -1218
		mu 0 4 1213 1228 1231 1214
		f 4 1240 1241 1242 1243
		mu 0 4 1232 1233 1234 1235
		f 4 1244 1245 1246 -1226
		mu 0 4 1221 1680 1681 1222
		f 4 1247 1248 1249 1250
		mu 0 4 1236 1238 1239 1240
		f 4 1251 1252 1253 -1249
		mu 0 4 1238 1241 1242 1239
		f 4 1254 1255 1256 -1253
		mu 0 4 1241 1230 1243 1242
		f 4 -1256 -1236 1257 1258
		mu 0 4 1243 1230 1229 1244
		f 4 1259 1260 1261 -1258
		mu 0 4 1229 1245 1246 1244
		f 4 1262 1263 1264 -1261
		mu 0 4 1245 1247 1248 1246
		f 4 1265 1266 1267 -1264
		mu 0 4 1247 1237 1249 1248
		f 4 -1246 -1251 1268 -1267
		mu 0 4 1237 1236 1240 1249
		f 4 1269 1270 1271 1272
		mu 0 4 1250 1251 1252 1253
		f 4 1273 1274 1275 -1271
		mu 0 4 1251 1225 1254 1252
		f 4 -1230 1276 1277 -1275
		mu 0 4 1225 1224 1255 1254
		f 4 1278 1279 1280 -1277
		mu 0 4 1224 1256 1257 1255
		f 4 1281 1282 1283 -1280
		mu 0 4 1256 1258 1259 1257
		f 4 1284 1285 1286 -1283
		mu 0 4 1258 1227 1260 1259
		f 4 -1233 1287 1288 -1286
		mu 0 4 1227 1226 1261 1260
		f 4 1289 -1273 1290 -1288
		mu 0 4 1226 1250 1253 1261
		f 3 1291 1292 1293
		mu 0 3 1262 1263 1264
		f 4 -1220 1294 1295 1296
		mu 0 4 1212 1215 1265 1266
		f 3 1297 1298 1299
		mu 0 3 1267 1268 1269
		f 4 -1244 1300 1301 1302
		mu 0 4 1232 1235 1270 1271
		f 4 1303 1304 1305 1306
		mu 0 4 1272 1273 1274 1275
		f 4 1307 1308 1309 1310
		mu 0 4 1276 1277 1278 1279
		f 4 1311 -1297 1312 1313
		mu 0 4 1280 1212 1266 1281
		f 3 -1314 1314 1315
		mu 0 3 1280 1281 1282
		f 3 1316 1317 -1316
		mu 0 3 1282 1262 1280
		f 3 1318 -1308 1319
		mu 0 3 1262 1277 1276
		f 3 -1320 1320 -1292
		mu 0 3 1262 1276 1263
		f 4 -1301 1321 1322 1323
		mu 0 4 1270 1235 1283 1284
		f 3 1324 -1323 1325
		mu 0 3 1285 1284 1283
		f 3 1326 -1326 1327
		mu 0 3 1274 1285 1283
		f 4 1328 -1294 1329 1330
		mu 0 4 1283 1262 1264 1275
		f 4 1331 -1303 1332 1333
		mu 0 4 1286 1232 1271 1287
		f 3 -1334 1334 1335
		mu 0 3 1286 1287 1288
		f 3 -1336 1336 1337
		mu 0 3 1286 1288 1273
		f 4 1338 -1338 -1304 1339
		mu 0 4 1267 1286 1273 1272
		f 3 -1340 1340 -1298
		mu 0 3 1267 1272 1268
		f 4 -1295 1341 1342 1343
		mu 0 4 1265 1215 1289 1290
		f 3 1344 -1343 1345
		mu 0 3 1291 1290 1289
		f 4 -1346 1346 1347 1348
		mu 0 4 1291 1289 1267 1278
		f 3 -1310 -1348 1349
		mu 0 3 1279 1278 1267
		f 3 1350 -1350 -1300
		mu 0 3 1269 1279 1267
		f 3 -1306 -1328 -1331
		mu 0 3 1275 1274 1283
		f 4 1351 1352 1353 -1217
		mu 0 4 1532 1292 1293 1533
		f 4 1354 1355 1356 -1219
		mu 0 4 1534 1294 1295 1535
		f 4 1357 1358 1359 -1221
		mu 0 4 1536 1296 1297 1537
		f 4 -1360 1360 1361 -1222
		mu 0 4 1537 1297 1298 1538
		f 4 1362 1363 -1358 -1224
		mu 0 4 1539 1299 1612 1616
		f 4 1364 1365 1366 -1225
		mu 0 4 1540 1300 1301 1541
		f 4 1367 1368 1369 -1227
		mu 0 4 1542 1302 1303 1543
		f 4 -1370 1370 1371 -1229
		mu 0 4 1543 1303 1304 1544
		f 4 1372 1373 -1365 -1231
		mu 0 4 1545 1305 1684 1685
		f 4 -1362 1374 1375 -1232
		mu 0 4 1538 1298 1306 1546
		f 4 1376 1377 -1363 -1234
		mu 0 4 1547 1307 1299 1539
		f 4 1378 1379 1380 -1235
		mu 0 4 1548 1308 1309 1549
		f 4 1381 1382 1383 -1237
		mu 0 4 1550 1310 1311 1551
		f 4 -1354 1384 -1379 -1239
		mu 0 4 1533 1293 1308 1548
		f 4 -1384 1385 -1355 -1240
		mu 0 4 1551 1311 1294 1534
		f 4 1386 1387 1388 -1241
		mu 0 4 1552 1312 1313 1553
		f 4 -1389 1389 1390 -1242
		mu 0 4 1553 1313 1314 1554
		f 4 -1391 1391 1392 -1243
		mu 0 4 1617 1613 1315 1555
		f 4 -1367 1393 1394 -1245
		mu 0 4 1541 1301 1316 1556
		f 4 1395 1396 -1368 -1247
		mu 0 4 1557 1317 1302 1542
		f 4 -1395 1397 1398 -1248
		mu 0 4 1556 1316 1318 1558
		f 4 1399 1400 1401 -1250
		mu 0 4 1239 1319 1320 1240
		f 4 -1399 1402 1403 -1252
		mu 0 4 1558 1318 1321 1559
		f 4 1404 1405 -1400 -1254
		mu 0 4 1242 1322 1319 1239
		f 4 -1404 1406 -1382 -1255
		mu 0 4 1559 1321 1310 1550
		f 4 1407 1408 -1405 -1257
		mu 0 4 1243 1323 1322 1242
		f 4 1409 1410 -1408 -1259
		mu 0 4 1244 1324 1323 1243
		f 4 -1381 1411 1412 -1260
		mu 0 4 1549 1309 1325 1560
		f 4 1413 1414 -1410 -1262
		mu 0 4 1246 1326 1324 1244
		f 4 -1413 1415 1416 -1263
		mu 0 4 1560 1325 1327 1561
		f 4 1417 1418 -1414 -1265
		mu 0 4 1248 1328 1326 1246
		f 4 -1417 1419 -1396 -1266
		mu 0 4 1561 1327 1317 1557
		f 4 1420 1421 -1418 -1268
		mu 0 4 1249 1329 1328 1248
		f 4 -1402 1422 -1421 -1269
		mu 0 4 1240 1320 1329 1249
		f 4 1423 1424 1425 -1270
		mu 0 4 1562 1330 1331 1563
		f 4 1426 1427 1428 -1272
		mu 0 4 1252 1332 1333 1253
		f 4 -1426 1429 -1373 -1274
		mu 0 4 1563 1331 1305 1545
		f 4 1430 1431 -1427 -1276
		mu 0 4 1254 1334 1332 1252
		f 4 1432 1433 -1431 -1278
		mu 0 4 1255 1335 1334 1254
		f 4 -1372 1434 1435 -1279
		mu 0 4 1544 1304 1336 1564
		f 4 1436 1437 -1433 -1281
		mu 0 4 1257 1337 1335 1255
		f 4 -1436 1438 1439 -1282
		mu 0 4 1564 1336 1338 1565
		f 4 1440 1441 -1437 -1284
		mu 0 4 1259 1339 1337 1257
		f 4 -1440 1442 -1377 -1285
		mu 0 4 1565 1338 1307 1547
		f 4 1443 1444 -1441 -1287
		mu 0 4 1260 1340 1339 1259
		f 4 1445 1446 -1444 -1289
		mu 0 4 1261 1341 1340 1260
		f 4 -1376 1447 -1424 -1290
		mu 0 4 1546 1306 1330 1562
		f 4 -1429 1448 -1446 -1291
		mu 0 4 1253 1333 1341 1261
		f 4 1449 1450 1451 -1293
		mu 0 4 1662 1342 1343 1663
		f 4 1452 1453 1454 -1296
		mu 0 4 1620 1344 1345 1621
		f 4 1455 1456 1457 -1299
		mu 0 4 1622 1346 1347 1623
		f 4 1458 1459 1460 -1302
		mu 0 4 1624 1348 1349 1625
		f 4 1461 1462 1463 -1305
		mu 0 4 1658 1350 1351 1659
		f 4 1464 1465 1466 -1307
		mu 0 4 1665 1352 1353 1664
		f 4 1467 1468 1469 -1309
		mu 0 4 1674 1354 1355 1675
		f 4 1470 1471 1472 -1311
		mu 0 4 1667 1356 1357 1666
		f 4 1473 1474 -1352 -1312
		mu 0 4 1568 1358 1292 1532
		f 4 -1455 1475 1476 -1313
		mu 0 4 1621 1345 1359 1626
		f 4 -1477 1477 1478 -1315
		mu 0 4 1626 1359 1360 1676
		f 4 -1479 1479 -1468 1480
		mu 0 4 1676 1360 1354 1674
		f 4 1481 1482 -1474 -1318
		mu 0 4 1566 1361 1358 1568
		f 4 -1473 1483 -1450 -1321
		mu 0 4 1666 1357 1342 1662
		f 4 -1393 1484 1485 -1322
		mu 0 4 1555 1315 1362 1569
		f 4 1486 1487 -1459 -1324
		mu 0 4 1627 1363 1348 1624
		f 4 1488 1489 -1487 -1325
		mu 0 4 1628 1364 1363 1627
		f 4 -1464 1490 -1489 -1327
		mu 0 4 1659 1351 1364 1628
		f 4 -1486 1491 -1482 -1329
		mu 0 4 1569 1362 1361 1566
		f 4 -1452 1492 -1465 -1330
		mu 0 4 1663 1343 1352 1665
		f 4 1493 1494 -1387 -1332
		mu 0 4 1570 1365 1312 1552
		f 4 -1461 1495 1496 -1333
		mu 0 4 1653 1647 1366 1629
		f 4 -1497 1497 1498 -1335
		mu 0 4 1629 1366 1367 1630
		f 4 -1499 1499 -1462 -1337
		mu 0 4 1630 1367 1350 1658
		f 4 1500 1501 -1494 -1339
		mu 0 4 1567 1368 1365 1570
		f 4 -1467 1502 -1456 -1341
		mu 0 4 1664 1353 1646 1652
		f 4 -1357 1503 1504 -1342
		mu 0 4 1535 1295 1369 1571
		f 4 1505 1506 -1453 -1344
		mu 0 4 1631 1370 1344 1620
		f 4 1507 1508 -1506 -1345
		mu 0 4 1632 1371 1648 1654
		f 4 -1505 1509 -1501 -1347
		mu 0 4 1571 1369 1368 1567
		f 4 -1470 1510 -1508 -1349
		mu 0 4 1675 1355 1371 1632
		f 4 -1458 1511 -1471 -1351
		mu 0 4 1623 1347 1356 1667
		f 4 1512 1513 1514 1515
		mu 0 4 1372 1373 1374 1375
		f 4 1516 1517 1518 1519
		mu 0 4 1376 1377 1378 1379
		f 4 1520 1521 1522 1523
		mu 0 4 1380 1381 1382 1383
		f 4 1524 1525 1526 -1521
		mu 0 4 1380 1384 1385 1381
		f 4 1527 1528 1529 -1518
		mu 0 4 1377 1386 1387 1378
		f 4 1530 1531 1532 1533
		mu 0 4 1388 1389 1390 1391
		f 4 -1515 1534 -1531 1535
		mu 0 4 1375 1374 1389 1388
		f 4 1536 1537 1538 1539
		mu 0 4 1392 1393 1394 1395
		f 4 -1523 1540 1541 1542
		mu 0 4 1383 1382 1682 1683
		f 4 1543 1544 1545 1546
		mu 0 4 1397 1398 1399 1400
		f 4 -1546 1547 1548 1549
		mu 0 4 1400 1399 1401 1402
		f 4 -1549 1550 1551 1552
		mu 0 4 1402 1401 1403 1390
		f 4 1553 1554 -1533 -1552
		mu 0 4 1403 1404 1391 1390
		f 4 -1555 1555 1556 1557
		mu 0 4 1391 1404 1405 1406
		f 4 -1557 1558 1559 1560
		mu 0 4 1406 1405 1407 1408
		f 4 -1560 1561 1562 1563
		mu 0 4 1408 1407 1409 1396
		f 4 -1563 1564 -1544 -1542
		mu 0 4 1396 1409 1398 1397
		f 4 1565 1566 1567 1568
		mu 0 4 1410 1411 1412 1413
		f 4 -1568 1569 1570 1571
		mu 0 4 1413 1412 1414 1384
		f 4 -1571 1572 1573 -1526
		mu 0 4 1384 1414 1415 1385
		f 4 -1574 1574 1575 1576
		mu 0 4 1385 1415 1416 1417
		f 4 -1576 1577 1578 1579
		mu 0 4 1417 1416 1418 1419
		f 4 -1579 1580 1581 1582
		mu 0 4 1419 1418 1420 1386
		f 4 -1582 1583 1584 -1529
		mu 0 4 1386 1420 1421 1387
		f 4 -1585 1585 -1566 1586
		mu 0 4 1387 1421 1411 1410
		f 3 1587 1588 1589
		mu 0 3 1422 1423 1424
		f 4 1590 1591 1592 -1513
		mu 0 4 1372 1425 1426 1373
		f 3 1593 1594 1595
		mu 0 3 1427 1428 1429
		f 4 1596 1597 1598 -1537
		mu 0 4 1392 1430 1431 1393
		f 4 1599 1600 1601 1602
		mu 0 4 1432 1433 1434 1435
		f 4 1603 1604 1605 1606
		mu 0 4 1436 1437 1438 1439
		f 4 1607 1608 -1591 1609
		mu 0 4 1440 1441 1425 1372
		f 3 1610 1611 -1608
		mu 0 3 1440 1442 1441
		f 3 1612 1613 1614
		mu 0 3 1442 1422 1439
		f 3 1615 -1607 -1614
		mu 0 3 1422 1436 1439
		f 3 -1590 1616 -1616
		mu 0 3 1422 1424 1436
		f 4 1617 1618 1619 -1599
		mu 0 4 1431 1443 1444 1393
		f 3 1620 -1619 1621
		mu 0 3 1445 1444 1443
		f 3 1622 -1621 1623
		mu 0 3 1434 1444 1445
		f 4 1624 1625 -1588 1626
		mu 0 4 1444 1433 1423 1422
		f 4 1627 1628 -1597 1629
		mu 0 4 1446 1447 1430 1392
		f 3 1630 1631 -1628
		mu 0 3 1446 1448 1447
		f 3 1632 1633 -1631
		mu 0 3 1446 1435 1448
		f 4 1634 -1603 -1633 1635
		mu 0 4 1427 1432 1435 1446
		f 3 -1596 1636 -1635
		mu 0 3 1427 1429 1432
		f 4 1637 1638 1639 -1593
		mu 0 4 1426 1449 1450 1373
		f 3 1640 -1639 1641
		mu 0 3 1451 1450 1449
		f 4 1642 1643 1644 -1641
		mu 0 4 1451 1438 1427 1450
		f 3 1645 -1644 -1605
		mu 0 3 1437 1427 1438
		f 3 -1594 -1646 1646
		mu 0 3 1428 1427 1437
		f 3 -1625 -1623 -1601
		mu 0 3 1433 1444 1434
		f 4 -1353 1647 -1516 1648
		mu 0 4 1453 1452 1572 1575
		f 4 -1356 1649 -1514 1650
		mu 0 4 1455 1454 1574 1573
		f 4 -1359 1651 -1520 1652
		mu 0 4 1457 1456 1576 1579
		f 4 -1361 -1653 -1519 1653
		mu 0 4 1458 1614 1618 1578
		f 4 -1364 1654 -1517 -1652
		mu 0 4 1456 1459 1577 1576
		f 4 -1366 1655 -1524 1656
		mu 0 4 1461 1460 1580 1583
		f 4 -1369 1657 -1522 1658
		mu 0 4 1463 1462 1582 1581
		f 4 -1371 -1659 -1527 1659
		mu 0 4 1464 1463 1581 1585
		f 4 -1374 1660 -1525 -1656
		mu 0 4 1686 1465 1584 1687
		f 4 -1375 -1654 -1530 1661
		mu 0 4 1466 1458 1578 1587
		f 4 -1378 1662 -1528 -1655
		mu 0 4 1459 1467 1586 1577
		f 4 -1380 1663 -1534 1664
		mu 0 4 1469 1468 1588 1591
		f 4 -1383 1665 -1532 1666
		mu 0 4 1471 1470 1590 1589
		f 4 -1385 -1649 -1536 -1664
		mu 0 4 1468 1453 1575 1588
		f 4 -1386 -1667 -1535 -1650
		mu 0 4 1454 1471 1589 1574
		f 4 -1388 1667 -1540 1668
		mu 0 4 1473 1472 1592 1595
		f 4 -1390 -1669 -1539 1669
		mu 0 4 1474 1615 1619 1594
		f 4 -1392 -1670 -1538 1670
		mu 0 4 1475 1474 1594 1593
		f 4 -1394 -1657 -1543 1671
		mu 0 4 1476 1461 1583 1597
		f 4 -1397 1672 -1541 -1658
		mu 0 4 1462 1477 1596 1582
		f 4 -1398 -1672 -1547 1673
		mu 0 4 1478 1476 1597 1598
		f 4 -1401 1674 -1545 1675
		mu 0 4 1480 1479 1399 1398
		f 4 -1403 -1674 -1550 1676
		mu 0 4 1481 1478 1598 1599
		f 4 -1406 1677 -1548 -1675
		mu 0 4 1479 1482 1401 1399
		f 4 -1407 -1677 -1553 -1666
		mu 0 4 1470 1481 1599 1590
		f 4 -1409 1678 -1551 -1678
		mu 0 4 1482 1483 1403 1401
		f 4 -1411 1679 -1554 -1679
		mu 0 4 1483 1484 1404 1403
		f 4 -1412 -1665 -1558 1680
		mu 0 4 1485 1469 1591 1600
		f 4 -1415 1681 -1556 -1680
		mu 0 4 1484 1486 1405 1404
		f 4 -1416 -1681 -1561 1682
		mu 0 4 1487 1485 1600 1601
		f 4 -1419 1683 -1559 -1682
		mu 0 4 1486 1488 1407 1405
		f 4 -1420 -1683 -1564 -1673
		mu 0 4 1477 1487 1601 1596
		f 4 -1422 1684 -1562 -1684
		mu 0 4 1488 1489 1409 1407
		f 4 -1423 -1676 -1565 -1685
		mu 0 4 1489 1480 1398 1409
		f 4 -1425 1685 -1569 1686
		mu 0 4 1491 1490 1602 1603
		f 4 -1428 1687 -1567 1688
		mu 0 4 1493 1492 1412 1411
		f 4 -1430 -1687 -1572 -1661
		mu 0 4 1465 1491 1603 1584
		f 4 -1432 1689 -1570 -1688
		mu 0 4 1492 1494 1414 1412
		f 4 -1434 1690 -1573 -1690
		mu 0 4 1494 1495 1415 1414
		f 4 -1435 -1660 -1577 1691
		mu 0 4 1496 1464 1585 1604
		f 4 -1438 1692 -1575 -1691
		mu 0 4 1495 1497 1416 1415
		f 4 -1439 -1692 -1580 1693
		mu 0 4 1498 1496 1604 1605
		f 4 -1442 1694 -1578 -1693
		mu 0 4 1497 1499 1418 1416
		f 4 -1443 -1694 -1583 -1663
		mu 0 4 1467 1498 1605 1586
		f 4 -1445 1695 -1581 -1695
		mu 0 4 1499 1500 1420 1418
		f 4 -1447 1696 -1584 -1696
		mu 0 4 1500 1501 1421 1420
		f 4 -1448 -1662 -1587 -1686
		mu 0 4 1490 1466 1587 1602
		f 4 -1449 -1689 -1586 -1697
		mu 0 4 1501 1493 1411 1421
		f 4 -1451 1697 -1589 1698
		mu 0 4 1503 1502 1669 1668
		f 4 -1454 1699 -1592 1700
		mu 0 4 1505 1504 1634 1633
		f 4 -1457 1701 -1595 1702
		mu 0 4 1507 1506 1636 1635
		f 4 -1460 1703 -1598 1704
		mu 0 4 1509 1508 1638 1637
		f 4 -1463 1705 -1602 1706
		mu 0 4 1511 1510 1661 1660
		f 4 -1466 1707 -1600 1708
		mu 0 4 1513 1512 1671 1670
		f 4 -1469 1709 -1606 1710
		mu 0 4 1515 1514 1678 1677
		f 4 -1472 1711 -1604 1712
		mu 0 4 1517 1516 1673 1672
		f 4 -1475 1713 -1610 -1648
		mu 0 4 1452 1518 1608 1572
		f 4 -1476 -1701 -1609 1714
		mu 0 4 1519 1505 1633 1639
		f 4 -1478 -1715 -1612 1715
		mu 0 4 1520 1519 1639 1679
		f 4 -1480 -1716 -1615 -1710
		mu 0 4 1514 1520 1679 1678
		f 4 -1483 1716 1717 -1714
		mu 0 4 1518 1521 1606 1608
		f 4 -1484 -1713 -1617 -1698
		mu 0 4 1502 1517 1672 1669
		f 4 -1485 -1671 -1620 1718
		mu 0 4 1522 1475 1593 1609
		f 4 -1488 1719 -1618 -1704
		mu 0 4 1508 1523 1640 1638
		f 4 -1490 1720 -1622 -1720
		mu 0 4 1523 1524 1641 1640
		f 4 -1491 -1707 -1624 -1721
		mu 0 4 1524 1511 1660 1641
		f 4 -1492 -1719 -1627 -1717
		mu 0 4 1521 1522 1609 1606
		f 4 -1493 -1699 -1626 -1708
		mu 0 4 1512 1503 1668 1671
		f 4 -1495 1721 -1630 -1668
		mu 0 4 1472 1525 1610 1592
		f 4 -1496 -1705 -1629 1722
		mu 0 4 1526 1650 1656 1642
		f 4 -1498 -1723 -1632 1723
		mu 0 4 1527 1526 1642 1643
		f 4 -1500 -1724 -1634 -1706
		mu 0 4 1510 1527 1643 1661
		f 4 -1502 1724 -1636 -1722
		mu 0 4 1525 1528 1607 1610
		f 4 -1503 -1709 -1637 -1702
		mu 0 4 1649 1513 1670 1655
		f 4 -1504 -1651 -1640 1725
		mu 0 4 1529 1455 1573 1611
		f 4 -1507 1726 -1638 -1700
		mu 0 4 1504 1530 1644 1634
		f 4 -1509 1727 -1642 -1727
		mu 0 4 1651 1531 1645 1657
		f 4 -1510 -1726 -1645 -1725
		mu 0 4 1528 1529 1611 1607
		f 4 -1511 -1711 -1643 -1728
		mu 0 4 1531 1515 1677 1645
		f 4 -1512 -1703 -1647 -1712
		mu 0 4 1516 1507 1635 1673
		f 3 -1481 -1319 -1317
		mu 0 3 1282 1277 1262
		f 3 -1611 -1718 -1613
		mu 0 3 1442 1440 1422
		f 4 1728 1729 1730 1731
		mu 0 4 1688 1689 1690 1691
		f 4 1732 1733 1734 1735
		mu 0 4 1692 1693 1694 1695
		f 4 1736 1737 1738 1739
		mu 0 4 1696 1697 1698 1699
		f 4 -1740 1740 1741 1742
		mu 0 4 1696 1699 1700 1701
		f 4 -1735 1743 1744 1745
		mu 0 4 1695 1694 1702 1703
		f 4 1746 1747 1748 1749
		mu 0 4 1704 1705 1706 1707
		f 4 1750 -1750 1751 -1730
		mu 0 4 1689 1704 1707 1690
		f 4 1752 1753 1754 -1738
		mu 0 4 1697 1708 1709 1698
		f 4 1755 1756 1757 1758
		mu 0 4 1708 1710 1711 1712
		f 4 1759 1760 1761 -1757
		mu 0 4 1710 1713 1714 1711
		f 4 1762 1763 1764 -1761
		mu 0 4 1713 1706 1715 1714
		f 4 -1764 -1748 1765 1766
		mu 0 4 1715 1706 1705 1716
		f 4 1767 1768 1769 -1766
		mu 0 4 1705 1717 1718 1716
		f 4 1770 1771 1772 -1769
		mu 0 4 1717 1719 1720 1718
		f 4 1773 1774 1775 -1772
		mu 0 4 1719 1709 1721 1720
		f 4 -1754 -1759 1776 -1775
		mu 0 4 1709 1708 1712 1721
		f 4 1777 1778 1779 1780
		mu 0 4 1722 1723 1724 1725
		f 4 1781 1782 1783 -1779
		mu 0 4 1723 1701 1726 1724
		f 4 -1742 1784 1785 -1783
		mu 0 4 1701 1700 1727 1726
		f 4 1786 1787 1788 -1785
		mu 0 4 1700 1728 1729 1727
		f 4 1789 1790 1791 -1788
		mu 0 4 1728 1730 1731 1729
		f 4 1792 1793 1794 -1791
		mu 0 4 1730 1703 1732 1731
		f 4 -1745 1795 1796 -1794
		mu 0 4 1703 1702 1733 1732
		f 4 1797 -1781 1798 -1796
		mu 0 4 1702 1722 1725 1733
		f 4 1799 1800 1801 -1729
		mu 0 4 1872 1734 1735 1873
		f 4 1802 1803 1804 -1731
		mu 0 4 1874 1736 1737 1875
		f 4 -1805 1805 -1800 -1732
		mu 0 4 1936 1932 1734 1872
		f 4 1806 1807 1808 -1733
		mu 0 4 1876 1738 1739 1877
		f 4 -1809 1809 1810 -1734
		mu 0 4 1877 1739 1740 1878
		f 4 1811 1812 -1807 -1736
		mu 0 4 1879 1741 1933 1937
		f 4 1813 1814 1815 -1737
		mu 0 4 1880 1742 1743 1881
		f 4 1816 1817 1818 -1739
		mu 0 4 1882 1744 1745 1883
		f 4 -1819 1819 1820 -1741
		mu 0 4 1883 1745 1746 1884
		f 4 1821 1822 -1814 -1743
		mu 0 4 1885 1747 1742 1880
		f 4 -1811 1823 1824 -1744
		mu 0 4 1878 1740 1748 1886
		f 4 1825 1826 -1812 -1746
		mu 0 4 1887 1749 1741 1879
		f 4 1827 1828 1829 -1747
		mu 0 4 1888 1750 1751 1889
		f 4 1830 1831 1832 -1749
		mu 0 4 1890 1752 1753 1891
		f 4 -1802 1833 -1828 -1751
		mu 0 4 1873 1735 1750 1888
		f 4 -1833 1834 -1803 -1752
		mu 0 4 1891 1753 1736 1874
		f 4 -1816 1835 1836 -1753
		mu 0 4 1881 1743 1754 1892
		f 4 1837 1838 -1817 -1755
		mu 0 4 1893 1755 1744 1882
		f 4 -1837 1839 1840 -1756
		mu 0 4 1892 1754 1756 1894
		f 4 1841 1842 1843 -1758
		mu 0 4 1940 1757 1758 1941
		f 4 -1841 1844 1845 -1760
		mu 0 4 1894 1756 1759 1895
		f 4 1846 1847 -1842 -1762
		mu 0 4 1942 1760 1976 1978
		f 4 -1846 1848 -1831 -1763
		mu 0 4 1895 1759 1752 1890
		f 4 1849 1850 -1847 -1765
		mu 0 4 1943 1761 1760 1942
		f 4 1851 1852 -1850 -1767
		mu 0 4 1944 1762 1761 1943
		f 4 -1830 1853 1854 -1768
		mu 0 4 1889 1751 1763 1896
		f 4 1855 1856 -1852 -1770
		mu 0 4 1945 1764 1762 1944
		f 4 -1855 1857 1858 -1771
		mu 0 4 1896 1763 1765 1897
		f 4 1859 1860 -1856 -1773
		mu 0 4 1946 1766 1764 1945
		f 4 -1859 1861 -1838 -1774
		mu 0 4 1897 1765 1755 1893
		f 4 1862 1863 -1860 -1776
		mu 0 4 1947 1767 1766 1946
		f 4 -1844 1864 -1863 -1777
		mu 0 4 1941 1758 1767 1947
		f 4 1865 1866 1867 -1778
		mu 0 4 1898 1768 1769 1899
		f 4 1868 1869 1870 -1780
		mu 0 4 1956 1770 1771 1957
		f 4 -1868 1871 -1822 -1782
		mu 0 4 1899 1769 1747 1885
		f 4 1872 1873 -1869 -1784
		mu 0 4 1958 1772 1770 1956
		f 4 1874 1875 -1873 -1786
		mu 0 4 1959 1773 1772 1958
		f 4 -1821 1876 1877 -1787
		mu 0 4 1884 1746 1774 1900
		f 4 1878 1879 -1875 -1789
		mu 0 4 1960 1775 1773 1959
		f 4 -1878 1880 1881 -1790
		mu 0 4 1900 1774 1776 1901
		f 4 1882 1883 -1879 -1792
		mu 0 4 1961 1777 1775 1960
		f 4 -1882 1884 -1826 -1793
		mu 0 4 1901 1776 1749 1887
		f 4 1885 1886 -1883 -1795
		mu 0 4 1962 1778 1777 1961
		f 4 1887 1888 -1886 -1797
		mu 0 4 1963 1779 1778 1962
		f 4 -1825 1889 -1866 -1798
		mu 0 4 1886 1748 1768 1898
		f 4 -1871 1890 -1888 -1799
		mu 0 4 1974 1972 1779 1963
		f 4 1891 1892 1893 1894
		mu 0 4 1780 1781 1782 1783
		f 4 1895 1896 1897 1898
		mu 0 4 1784 1785 1786 1787
		f 4 1899 1900 1901 1902
		mu 0 4 1788 1789 1790 1791
		f 4 1903 1904 1905 -1900
		mu 0 4 1788 1792 1793 1789
		f 4 1906 1907 1908 -1897
		mu 0 4 1785 1794 1795 1786
		f 4 1909 1910 1911 1912
		mu 0 4 1796 1797 1798 1799
		f 4 -1894 1913 -1910 1914
		mu 0 4 1783 1782 1797 1796
		f 4 -1902 1915 1916 1917
		mu 0 4 1791 1790 1800 1801
		f 4 1918 1919 1920 1921
		mu 0 4 1801 1802 1803 1804
		f 4 -1921 1922 1923 1924
		mu 0 4 1804 1803 1805 1806
		f 4 -1924 1925 1926 1927
		mu 0 4 1806 1805 1807 1798
		f 4 1928 1929 -1912 -1927
		mu 0 4 1807 1808 1799 1798
		f 4 -1930 1930 1931 1932
		mu 0 4 1799 1808 1809 1810
		f 4 -1932 1933 1934 1935
		mu 0 4 1810 1809 1811 1812
		f 4 -1935 1936 1937 1938
		mu 0 4 1812 1811 1813 1800
		f 4 -1938 1939 -1919 -1917
		mu 0 4 1800 1813 1802 1801
		f 4 1940 1941 1942 1943
		mu 0 4 1814 1815 1816 1817
		f 4 -1943 1944 1945 1946
		mu 0 4 1817 1816 1818 1792
		f 4 -1946 1947 1948 -1905
		mu 0 4 1792 1818 1819 1793
		f 4 -1949 1949 1950 1951
		mu 0 4 1793 1819 1820 1821
		f 4 -1951 1952 1953 1954
		mu 0 4 1821 1820 1822 1823
		f 4 -1954 1955 1956 1957
		mu 0 4 1823 1822 1824 1794
		f 4 -1957 1958 1959 -1908
		mu 0 4 1794 1824 1825 1795
		f 4 -1960 1960 -1941 1961
		mu 0 4 1795 1825 1815 1814
		f 4 -1801 1962 -1895 1963
		mu 0 4 1827 1826 1902 1905
		f 4 -1804 1964 -1893 1965
		mu 0 4 1829 1828 1904 1903
		f 4 -1806 -1966 -1892 -1963
		mu 0 4 1826 1934 1938 1902
		f 4 -1808 1966 -1899 1967
		mu 0 4 1831 1830 1906 1909
		f 4 -1810 -1968 -1898 1968
		mu 0 4 1832 1831 1909 1908
		f 4 -1813 1969 -1896 -1967
		mu 0 4 1935 1833 1907 1939
		f 4 -1815 1970 -1903 1971
		mu 0 4 1835 1834 1910 1913
		f 4 -1818 1972 -1901 1973
		mu 0 4 1837 1836 1912 1911
		f 4 -1820 -1974 -1906 1974
		mu 0 4 1838 1837 1911 1915
		f 4 -1823 1975 -1904 -1971
		mu 0 4 1834 1839 1914 1910
		f 4 -1824 -1969 -1909 1976
		mu 0 4 1840 1832 1908 1917
		f 4 -1827 1977 -1907 -1970
		mu 0 4 1833 1841 1916 1907
		f 4 -1829 1978 -1913 1979
		mu 0 4 1843 1842 1918 1921
		f 4 -1832 1980 -1911 1981
		mu 0 4 1845 1844 1920 1919
		f 4 -1834 -1964 -1915 -1979
		mu 0 4 1842 1827 1905 1918
		f 4 -1835 -1982 -1914 -1965
		mu 0 4 1828 1845 1919 1904
		f 4 -1836 -1972 -1918 1982
		mu 0 4 1846 1835 1913 1923
		f 4 -1839 1983 -1916 -1973
		mu 0 4 1836 1847 1922 1912
		f 4 -1840 -1983 -1922 1984
		mu 0 4 1848 1846 1923 1924
		f 4 -1843 1985 -1920 1986
		mu 0 4 1850 1849 1949 1948
		f 4 -1845 -1985 -1925 1987
		mu 0 4 1851 1848 1924 1925
		f 4 -1848 1988 -1923 -1986
		mu 0 4 1977 1852 1950 1979
		f 4 -1849 -1988 -1928 -1981
		mu 0 4 1844 1851 1925 1920
		f 4 -1851 1989 -1926 -1989
		mu 0 4 1852 1853 1951 1950
		f 4 -1853 1990 -1929 -1990
		mu 0 4 1853 1854 1952 1951
		f 4 -1854 -1980 -1933 1991
		mu 0 4 1855 1843 1921 1926;
	setAttr ".fc[1000:1019]"
		f 4 -1857 1992 -1931 -1991
		mu 0 4 1854 1856 1953 1952
		f 4 -1858 -1992 -1936 1993
		mu 0 4 1857 1855 1926 1927
		f 4 -1861 1994 -1934 -1993
		mu 0 4 1856 1858 1954 1953
		f 4 -1862 -1994 -1939 -1984
		mu 0 4 1847 1857 1927 1922
		f 4 -1864 1995 -1937 -1995
		mu 0 4 1858 1859 1955 1954
		f 4 -1865 -1987 -1940 -1996
		mu 0 4 1859 1850 1948 1955
		f 4 -1867 1996 -1944 1997
		mu 0 4 1861 1860 1928 1929
		f 4 -1870 1998 -1942 1999
		mu 0 4 1863 1862 1965 1964
		f 4 -1872 -1998 -1947 -1976
		mu 0 4 1839 1861 1929 1914
		f 4 -1874 2000 -1945 -1999
		mu 0 4 1862 1864 1966 1965
		f 4 -1876 2001 -1948 -2001
		mu 0 4 1864 1865 1967 1966
		f 4 -1877 -1975 -1952 2002
		mu 0 4 1866 1838 1915 1930
		f 4 -1880 2003 -1950 -2002
		mu 0 4 1865 1867 1968 1967
		f 4 -1881 -2003 -1955 2004
		mu 0 4 1868 1866 1930 1931
		f 4 -1884 2005 -1953 -2004
		mu 0 4 1867 1869 1969 1968
		f 4 -1885 -2005 -1958 -1978
		mu 0 4 1841 1868 1931 1916
		f 4 -1887 2006 -1956 -2006
		mu 0 4 1869 1870 1970 1969
		f 4 -1889 2007 -1959 -2007
		mu 0 4 1870 1871 1971 1970
		f 4 -1890 -1977 -1962 -1997
		mu 0 4 1860 1840 1917 1928
		f 4 -1891 -2000 -1961 -2008
		mu 0 4 1871 1973 1975 1971;
	setAttr ".cd" -type "dataPolyComponent" Index_Data Edge 0 ;
	setAttr ".cvd" -type "dataPolyComponent" Index_Data Vertex 0 ;
	setAttr ".pd[0]" -type "dataPolyComponent" Index_Data UV 0 ;
	setAttr ".hfd" -type "dataPolyComponent" Index_Data Face 0 ;
createNode transform -n "Tube_r_Grp";
	rename -uid "9ADB5105-4443-5307-5A61-019A6FA9E635";
	setAttr ".t" -type "double3" -22.803314037111861 43.155810206398165 -1.0236482270419263 ;
createNode transform -n "Tube_r_Geo" -p "Tube_r_Grp";
	rename -uid "B7DFE5A7-4D94-AC1B-1AB9-16976A384E62";
	addAttr -is true -ci true -h true -k true -sn "MaxHandle" -ln "MaxHandle" -smn 
		0 -smx 0 -at "long";
	setAttr ".t" -type "double3" 22.803314037111861 -43.155810206398165 1.0236482270419263 ;
	setAttr ".rp" -type "double3" -22.803314037111861 43.155810206398165 -1.0236482270419263 ;
	setAttr ".sp" -type "double3" -22.803314037111861 43.155810206398165 -1.0236482270419263 ;
	setAttr -k on ".MaxHandle" 30;
createNode mesh -n "Tube_r_GeoShape" -p "Tube_r_Geo";
	rename -uid "990DE5EB-4E2B-506F-DDA0-28974D3B5D60";
	setAttr -k off ".v";
	setAttr ".vir" yes;
	setAttr ".vif" yes;
	setAttr ".uvst[0].uvsn" -type "string" "UVChannel_1";
	setAttr -s 1980 ".uvst[0].uvsp";
	setAttr ".uvst[0].uvsp[0:249]" -type "float2" 0.23750266 0.99218762 0.23741934
		 0.91607541 0.26066166 0.91604978 0.26074529 0.99216223 0.66829932 0.36204338 0.44319612
		 0.78527069 0.41453192 0.81427038 0.63903415 0.3336696 0.6198715 0.34196007 0.39519128
		 0.8063907 0.37980658 0.84415078 0.60368556 0.30454776 0.62284815 0.29625735 0.399147
		 0.85203081 0.39938354 0.8928051 0.62220579 0.25549942 0.58095431 0.033865109 0.58068687
		 0.0095134452 0.62142211 0.009066863 0.62168837 0.033419672 0.60279274 0.24781662
		 0.38013479 0.9009093 0.39595711 0.93848979 0.61779219 0.20991601 0.64255452 0.033280186
		 0.64228839 0.0089259055 0.63720495 0.21759829 0.41520545 0.93038577 0.44420466 0.95905113
		 0.66556388 0.18832302 0.65727001 0.1691646 0.43632403 0.97839278 0.47408569 0.99377817
		 0.69467318 0.15297186 0.70296735 0.17212985 0.48196644 0.97443682 0.52274162 0.97420043
		 0.74372029 0.17148733 0.75140554 0.15207601 0.53084606 0.99344951 0.56842649 0.97762716
		 0.78930306 0.16708045 0.68302846 0.0084804697 0.68329406 0.032836828 0.70416164 0.032522757
		 0.70389599 0.008164254 0.78161776 0.18649103 0.56032252 0.95837814 0.58898777 0.92937857
		 0.81089014 0.21485785 0.74464291 0.0077190055 0.74490851 0.032079652 0.83005178 0.20656459
		 0.60833013 0.93725842 0.62371498 0.89949626 0.84624255 0.24397531 0.30723029 0.99211168
		 0.30714649 0.915999 0.82708097 0.25226843 0.60437334 0.89161605 0.60413605 0.85084027
		 0.82772595 0.29302856 0.33038965 0.91597325 0.33047298 0.99208629 0.84714121 0.30071157
		 0.62338501 0.84273565 0.60756207 0.80515474 0.83214152 0.33861744 0.76578075 0.031847924
		 0.76551515 0.0074849455 0.81272632 0.33093435 0.58831298 0.81325948 0.559313 0.78459495
		 0.78436381 0.36021489 0.80626875 0.007039153 0.80653536 0.031404715 0.79265887 0.37937504
		 0.56719315 0.76525337 0.52943087 0.74986881 0.75525057 0.39557031 0.35363194 0.91594774
		 0.3537156 0.9920606 0.74695575 0.37640974 0.52155095 0.76921022 0.48077613 0.76944822
		 0.70619851 0.3770521 0.69851112 0.39646432 0.4726713 0.75019968 0.43509164 0.76602244
		 0.66061163 0.38145542 0.65379459 0.32347181 0.67803311 0.34697425 0.64038682 0.29248142
		 0.63985395 0.25872016 0.65227687 0.22732607 0.6757654 0.20307718 0.70674449 0.18966535
		 0.74049836 0.18913309 0.77188706 0.20156138 0.79613197 0.2250578 0.80954212 0.25604543
		 0.81007642 0.28980795 0.7976523 0.32120577 0.77416056 0.34545839 0.74317831 0.35887271
		 0.70942181 0.35940492 0.443324 0.86055624 0.49049234 0.93025917 0.51371229 0.93012309
		 0.13366024 0.19498076 0.099902883 0.1949956 0.099887758 0.16174051 0.13364573 0.16172563
		 0.53878206 0.19484957 0.50501305 0.19485421 0.50500667 0.16158988 0.53877681 0.1615822
		 0.69936901 0.78524941 0.67071879 0.8142333 0.70152909 0.4276478 0.66075641 0.42805222
		 0.82741255 0.031182066 0.65138704 0.80635375 0.63600349 0.84409571 0.74715632 0.42349917
		 0.70932639 0.40827292 0.65533495 0.85197502 0.65556264 0.89273334 0.76847547 0.47142419
		 0.73935735 0.44287601 0.63631886 0.90082955 0.65212548 0.93840057 0.80366725 0.50076008
		 0.78769225 0.46324188 0.67136908 0.93030423 0.70035094 0.95896745 0.78485072 0.5497179
		 0.78445053 0.50894278 0.8271445 0.0068144402 0.69246751 0.97830081 0.73021245 0.99369144
		 0.78898996 0.59534591 0.80422491 0.5575214 0.86790562 0.0063639702 0.73809528 0.9743585
		 0.77885759 0.97413236 0.74106622 0.61665708 0.76961631 0.5875423 0.78695506 0.99337757
		 0.82452846 0.97756904 0.71172971 0.65184641 0.74924767 0.63587356 0.81643128 0.95832413
		 0.84509414 0.92933857 0.6627748 0.63302952 0.70354861 0.63262999 0.86442989 0.93722039
		 0.87981755 0.8994717 0.61714971 0.63716853 0.65497202 0.65240204 0.86048234 0.89158958
		 0.86025161 0.85082525 0.59583908 0.58924842 0.62495255 0.61779588 0.87949669 0.84272504
		 0.86368257 0.80515212 0.56065142 0.5599153 0.5766238 0.59742987 0.84443748 0.81325197
		 0.8154484 0.78459036 0.57946539 0.51096272 0.57986635 0.55173409 0.82332897 0.76525491
		 0.78557926 0.74986881 0.57532525 0.46533981 0.56009322 0.50316113 0.77769864 0.76920438
		 0.73693645 0.76943588 0.6232428 0.44402757 0.59469682 0.47314128 0.72883689 0.75019389
		 0.69126886 0.76600742 0.65257436 0.40883756 0.61505979 0.42481279 0.67294776 0.85537559
		 0.67313671 0.88913596 0.77526027 0.95655692 0.8063814 0.94346285 0.83012217 0.91945517
		 0.84286714 0.88818914 0.84267551 0.85442507 0.82957721 0.8233037 0.46840629 0.82253671
		 0.66996676 0.47209153 0.69318622 0.4718608 0.45208374 0.8390519 0.44346052 0.88377583
		 0.73131025 0.49678642 0.74040878 0.51815027 0.45247218 0.90517628 0.74063826 0.5413695
		 0.46898761 0.92149913 0.53511256 0.92111117 0.69434267 0.58858848 0.67112279 0.58881843
		 0.55143559 0.90459561 0.64958316 0.58014512 0.56019539 0.8830905 0.63300222 0.56388992
		 0.56005877 0.85987043 0.62390441 0.54252756 0.55104661 0.83847016 0.62367469 0.51930934
		 0.53453112 0.82214767 0.63234735 0.49777064 0.51302612 0.81338799 0.64860284 0.48119006
		 0.48980621 0.81352431 0.47124767 0.1948601 0.47124022 0.16159882 0.23493294 0.19493678
		 0.20117612 0.19495173 0.20116173 0.16169614 0.23491859 0.16168222 0.16741763 0.19496644
		 0.16740331 0.16171078 0.60632622 0.19483961 0.60632074 0.16157006 0.57255387 0.19484483
		 0.57254857 0.16157614 0.43748483 0.19486745 0.43747655 0.16160783 0.40372363 0.19487572
		 0.40371388 0.16161792 0.86817491 0.030733198 0.8890546 0.03060168 0.88878566 0.0062315441
		 0.68568969 0.82411265 0.7094202 0.80010623 0.71023458 0.94399685 0.68622971 0.9202559
		 0.74149764 0.95674419 0.77429855 0.78681922 0.80556577 0.79956377 0.74053615 0.78701019
		 0.7147277 0.48053163 0.73196441 0.56290966 0.71570718 0.57949036 0.36999294 0.19488607
		 0.36999294 0.16162907;
	setAttr ".uvst[0].uvsp[250:499]" 0.33620504 0.19489746 0.33619305 0.16164137
		 0.3024464 0.19490902 0.30243397 0.16165391 0.26869032 0.19492255 0.26867613 0.16166833
		 0.92954969 0.0057805302 0.92981917 0.03015111 0.95069772 0.029821571 0.95042825 0.0054508583
		 0.99119341 0.0049999999 0.99146277 0.029370852 0.026183859 0.040272415 0.025893595
		 0.015884535 0.066687249 0.015398549 0.066977546 0.039786503 0.051565945 0.99238801
		 0.051484074 0.91627741 0.074725598 0.91625232 0.074807957 0.99236292 0.087873191
		 0.039617017 0.087582223 0.015229223 0.12837495 0.01474236 0.12866648 0.039129049
		 0.097967781 0.91622722 0.098050147 0.992338 0.14955966 0.038834143 0.14926697 0.014449029
		 0.19005412 0.013960538 0.19034699 0.038343005 0.12120979 0.91620225 0.12129185 0.99231333
		 0.21123672 0.038134106 0.21094336 0.013754366 0.25172117 0.01326517 0.25201401 0.03764151
		 0.14445142 0.91617721 0.14453398 0.99228811 0.27289695 0.037391737 0.27260512 0.013018914
		 0.31337184 0.01253421 0.31366128 0.036902759 0.1676935 0.91615164 0.16777593 0.99226302
		 0.33453566 0.036651816 0.33425021 0.012287041 0.37500405 0.011813967 0.37528643 0.036175191
		 0.19097894 0.91612637 0.19097894 0.99223799 0.39615497 0.035900321 0.39587593 0.011542206
		 0.43661964 0.011079483 0.43689555 0.035435043 0.21417744 0.91610098 0.21426061 0.99221277
		 0.45776072 0.035231665 0.4574874 0.010878156 0.49823096 0.010423254 0.49849549 0.034775451
		 0.51935941 0.034627207 0.51908982 0.010275649 0.55982429 0.0098264441 0.56009215
		 0.034177754 0.28390431 0.91602451 0.28398779 0.99213684 0.37687442 0.91592228 0.37695795
		 0.99203509 0.028241888 0.91630244 0.02832425 0.99241316 0.3750028 0.07842236 0.33422467
		 0.078240126 0.33433309 0.053860821 0.37511334 0.054044351 0.31333742 0.078236625
		 0.27255613 0.078061298 0.2726607 0.053680535 0.31344351 0.05385673 0.2516686 0.077884555
		 0.210886 0.077712387 0.21098904 0.053331319 0.25177199 0.053503502 0.18999723 0.077618338
		 0.14921507 0.077444963 0.14931948 0.053064756 0.19010046 0.053237755 0.12832704 0.077359699
		 0.087548837 0.077182151 0.087654948 0.052803706 0.12843254 0.052980766 0.066662513
		 0.077189602 0.025885221 0.077011801 0.025991883 0.052633721 0.06676881 0.052811407
		 0.99121535 0.081738688 0.95047832 0.081501842 0.95061976 0.057147872 0.99135643 0.057384767
		 0.92961389 0.08130084 0.88887811 0.08106418 0.88901925 0.05671069 0.92975521 0.056947105
		 0.8680132 0.081022799 0.82727802 0.080788016 0.82741785 0.056434367 0.86815387 0.056669429
		 0.80641317 0.080624565 0.76567537 0.080392055 0.76581377 0.056036863 0.80655283 0.056270231
		 0.7448085 0.080317967 0.70406729 0.080088824 0.70420361 0.05573098 0.74494666 0.055961501
		 0.68319833 0.079975709 0.6424517 0.079751164 0.64258528 0.055389944 0.68333346 0.055616222
		 0.62158036 0.079635985 0.5808264 0.079420075 0.58095473 0.055054497 0.62171102 0.055272657
		 0.55995148 0.079279378 0.51919031 0.079072997 0.51931274 0.05470321 0.56007707 0.054911725
		 0.49831134 0.079002976 0.45754355 0.078805208 0.457661 0.054431736 0.498431 0.054631278
		 0.43666103 0.07879024 0.39588735 0.078600988 0.39599973 0.054224301 0.4367758 0.05441504
		 0.0050000018 0.9163276 0.0050821803 0.99243814 0.64009827 0.19483453 0.64009279 0.16156477
		 0.0050000018 0.016212899 0.0052903276 0.040600974 0.0050000018 0.076821826 0.0051062386
		 0.052443873 0.27661318 0.77283663 0.29242757 0.77283669 0.30530828 0.77283669 0.32903162
		 0.77283669 0.22645089 0.77283663 0.39782345 0.7728368 0.30530828 0.74986887 0.29242763
		 0.74986881 0.27661318 0.74986881 0.32903162 0.74986899 0.22645089 0.74986881 0.39782345
		 0.74986905 0.10694746 0.69370061 0.10288783 0.70898563 0.090707593 0.70479602 0.090765409
		 0.68107265 0.11615652 0.6443913 0.090398967 0.61228156 0.16803604 0.30152282 0.15585591
		 0.30571252 0.15179619 0.29042807 0.16797821 0.27779961 0.14258721 0.24111831 0.16834481
		 0.20900863 0.18528675 0.77283663 0.18528669 0.74986881 0.27661318 0.77283663 0.29242757
		 0.77283669 0.30530828 0.77283669 0.32903162 0.77283669 0.22645089 0.77283663 0.39782345
		 0.7728368 0.30530828 0.74986887 0.29242763 0.74986881 0.27661318 0.74986881 0.32903162
		 0.74986899 0.22645089 0.74986881 0.39782345 0.74986905 0.10694746 0.69370061 0.10288783
		 0.70898563 0.090707593 0.70479602 0.090765409 0.68107265 0.11615652 0.6443913 0.090398967
		 0.61228156 0.16803604 0.30152282 0.15585591 0.30571252 0.15179619 0.29042807 0.16797821
		 0.27779961 0.14258721 0.24111831 0.16834481 0.20900863 0.18528675 0.77283663 0.18528669
		 0.74986881 0.40827289 0.47921857 0.41867265 0.41371676 0.46381024 0.43020672 0.46348697
		 0.50921637 0.29875836 0.7970686 0.28577548 0.87204742 0.22732125 0.87625027 0.23691541
		 0.7977379 0.069487877 0.86055976 0.042380709 0.86685711 0.033420239 0.82290608 0.059644844
		 0.81283468 0.11563168 0.78226399 0.12605143 0.86227882 0.19813716 0.87516308 0.20414321
		 0.79153383 0.42984521 0.33783919 0.4255307 0.25263265 0.48279315 0.29119539 0.46848774
		 0.35494399 0.48491588 0.60856241 0.49457002 0.72195709 0.49205711 0.72219747 0.44308475
		 0.59652853 0.50074881 0.24317169 0.47779045 0.20900863 0.49285847 0.25790635 0.4817363
		 0.25018844 0.48393539 0.23211183 0.48775929 0.27297977 0.46970421 0.25859419 0.44959697
		 0.25708327 0.43629429 0.24339859 0.42986828 0.2267722 0.4375298 0.22497886 0.44959593
		 0.20989423 0.45280915 0.2130097 0.47214785 0.21734808 0.17041388 0.86808676 0.14868742
		 0.86438257 0.16190432 0.84140766 0.18138851 0.83700204 0.14903314 0.83155292 0.14205502
		 0.807935 0.13507989 0.77459902 0.15231225 0.78813469 0.15951224 0.77359068 0.17158997
		 0.78257179 0.19371659 0.79475594 0.19611363 0.81709117 0.4307726 0.54915643 0.45606089
		 0.55868322 0.45789063 0.56287903 0.45420241 0.5273571 0.44902164 0.529441 0.47469988
		 0.55151755;
	setAttr ".uvst[0].uvsp[500:749]" 0.46748424 0.55842716 0.46567503 0.55429852
		 0.46728939 0.58408481 0.47016752 0.58280748 0.46594068 0.56282163 0.46701214 0.57586181
		 0.46381921 0.57699633 0.46206665 0.56458539 0.45754164 0.55481297 0.45481119 0.54341906
		 0.4601393 0.54092628 0.4616642 0.55295521 0.41493428 0.49861854 0.44672352 0.53504413
		 0.44877627 0.54091471 0.43666279 0.57186621 0.46402442 0.58289754 0.46274215 0.57991803
		 0.4808076 0.57870978 0.47147483 0.57990867 0.47010553 0.5769068 0.4680301 0.52886856
		 0.45968947 0.52950549 0.46209839 0.53505218 0.63432765 0.12164988 0.56647342 0.12211455
		 0.11010285 0.4748804 0.11410535 0.54812789 0.30042672 0.89394099 0.22981761 0.89940929
		 0.17536548 0.90362793 0.062184051 0.12609577 0.15113108 0.21059251 0.13494375 0.23268293
		 0.27659976 0.12418973 0.24854505 0.12442252 0.18364076 0.1249828 0.063845098 0.90246779
		 0.1481584 0.90573734 0.093288824 0.1258041 0.48581177 0.12266719 0.3919099 0.1233188
		 0.11256911 0.32324675 0.11013359 0.39955106 0.1313096 0.63028866 0.15175991 0.71911842
		 0.14977276 0.72313255 0.74956244 0.12085176 0.12390947 0.2583147 0.30470467 0.12396525
		 0.1201266 0.27996731 0.47813788 0.2479572 0.47946352 0.2334265 0.11634617 0.30161142
		 0.46855366 0.25424325 0.45177919 0.25249967 0.44085827 0.24171801 0.36252066 0.12352853
		 0.44183329 0.22731386 0.33650786 0.12372084 0.45388749 0.21797071 0.46958718 0.22137798
		 0.11483022 0.90562737 0.089330725 0.90401942 0.1629373 0.83670491 0.17831427 0.83238244
		 0.15310746 0.82875431 0.14763549 0.80851072 0.15919212 0.12520003 0.1557027 0.79242361
		 0.13350144 0.12543274 0.17091224 0.78850681 0.18862213 0.79808921 0.1904324 0.81562638
		 0.091021292 0.57530582 0.090863869 0.57155722 0.38853168 0.4664416 0.38858172 0.46099263
		 0.091649935 0.59051824 0.091491193 0.5866949 0.39453605 0.49550194 0.39448997 0.49815509
		 0.39472014 0.48491591 0.39467359 0.48751825 0.09071102 0.56786686 0.090555601 0.56412089
		 0.38873962 0.4439317 0.38879076 0.43843347 0.091334186 0.58290792 0.091172375 0.57900196
		 0.65529186 0.12150496 0.38863325 0.45540285 0.38868669 0.44963035 0.7076804 0.12114331
		 0.72862589 0.12099753 0.39458349 0.49276236 0.39462766 0.49022061 0.12650704 0.60792536
		 0.39481375 0.4795652 0.39476606 0.48227811 0.1217062 0.58554453 0.11714455 0.56309903
		 0.38847822 0.47227651 0.3888424 0.43290043 0.49367189 0.44847855 0.55002201 0.42065638
		 0.54725987 0.49962771 0.50150698 0.51434499 0.91037065 0.40776023 0.91129047 0.34591937
		 0.98984241 0.33664262 0.98540282 0.39508024 0.97478575 0.17874762 0.92710072 0.16871299
		 0.93727779 0.14252904 0.98119247 0.1516663 0.97627795 0.23531692 0.89630592 0.22457638
		 0.90521872 0.31312218 0.98887265 0.30745381 0.50971144 0.59061188 0.54899728 0.57502508
		 0.56080836 0.63929224 0.50207692 0.67559886 0.57531071 0.32223907 0.53305233 0.33261934
		 0.58690029 0.20900865 0.58940119 0.20934781 0.55260605 0.72123688 0.57688206 0.68798727
		 0.55964762 0.69838578 0.55815369 0.68023354 0.56957042 0.67295307 0.5464564 0.67136317
		 0.56506157 0.65768993 0.52630234 0.67208958 0.51247406 0.6852473 0.51299077 0.70370454
		 0.50540334 0.70161319 0.52779555 0.71626401 0.5244621 0.71925241 0.5472917 0.71268225
		 0.9819082 0.27970168 0.9507792 0.2905511 0.9552635 0.27108496 0.9782908 0.25796086
		 0.94546068 0.25817481 0.92187041 0.25110281 0.90202838 0.26128015 0.88856226 0.24399336
		 0.89638793 0.2805343 0.887456 0.2684212 0.90848267 0.30270875 0.93080878 0.30519596
		 0.51889193 0.37946585 0.54652548 0.36681759 0.54453319 0.37093773 0.53635591 0.39988071
		 0.54153657 0.40216568 0.56287569 0.3788245 0.55396742 0.37569427 0.5559361 0.37163997
		 0.55956936 0.34738824 0.55674368 0.34599966 0.55456603 0.36718976 0.55076367 0.36527586
		 0.55300063 0.35294551 0.55614567 0.35420412 0.54586136 0.37486237 0.54990762 0.37687972
		 0.54791433 0.38883907 0.54268777 0.38614002 0.50108689 0.42935079 0.53427905 0.3941918
		 0.53656 0.38840616 0.55343634 0.34705848 0.52566862 0.35700589 0.55203867 0.34998444
		 0.57003814 0.35189787 0.56076193 0.35033536 0.55927664 0.35328114 0.54701895 0.40023279
		 0.55532849 0.40119481 0.54964262 0.39478484 0.23073639 0.10544419 0.29852378 0.10487463
		 0.38015023 0.45405975 0.38382435 0.38080698 0.85966372 0.10147254 0.93056154 0.10117673
		 0.34004122 0.43408954 0.8022927 0.10171431 0.42211062 0.71778595 0.40591043 0.69583499
		 0.58783966 0.10275013 0.61583483 0.10259135 0.68063283 0.1022495 0.33951098 0.5456965
		 0.3375071 0.46124458 0.77108186 0.10184444 0.37907073 0.10422952 0.47279528 0.10351546
		 0.38325536 0.60556293 0.38050339 0.5293417 0.40061513 0.29839128 0.42053294 0.20900862
		 0.0092834476 0.10780173 0.11550719 0.10651556 0.39481765 0.67032111 0.55980039 0.10292021
		 0.39096439 0.64873654 0.55447018 0.68232316 0.55522954 0.69689786 0.38711014 0.62715077
		 0.54513675 0.67566657 0.52830446 0.67675525 0.51696956 0.68710464 0.50212222 0.10330241
		 0.51738262 0.70153868 0.52807438 0.10312451 0.52906638 0.71134728 0.54488963 0.70855463
		 0.33710709 0.49458793 0.33833379 0.52014077 0.95055652 0.27209896 0.946172 0.28745818
		 0.94264561 0.26223806 0.92242336 0.2566855 0.70507008 0.10213225 0.90630347 0.2646879
		 0.73078287 0.10201722 0.90232539 0.27988061 0.91183633 0.29762757 0.92936671 0.29950866
		 0.10490963 0.2185685 0.10363928 0.22215174 0.18784352 0.24848114 0.18914632 0.24320263
		 0.10997918 0.20426425 0.10870094 0.20787171 0.12503797 0.69240928 0.12577499 0.68986207
		 0.12209642 0.70257449 0.12283761 0.7000134 0.10240501 0.22563213 0.10115177 0.22916517
		 0.19353931 0.22667421 0.19492927 0.22134648 0.10743454 0.21144459 0.10612873 0.2151293;
	setAttr ".uvst[0].uvsp[750:999]" 0.20978433 0.10562868 0.1906376 0.23778768
		 0.19209813 0.23219511 0.15740226 0.10611036 0.13645309 0.10630986 0.12427676 0.69503999
		 0.12357062 0.69748062 0.39593595 0.3208608 0.12060913 0.70771217 0.12136331 0.70510709
		 0.39124942 0.34331837 0.38679612 0.36581388 0.18636645 0.25413331 0.19632733 0.21598585
		 0.63428634 0.11563345 0.56643218 0.11609568 0.094062589 0.46790698 0.10251611 0.54772604
		 0.29996121 0.887932 0.22935215 0.89340258 0.17489971 0.89762694 0.062127616 0.12008873
		 0.14152208 0.20426424 0.12569116 0.22658136 0.27655059 0.11817929 0.2484941 0.11841419
		 0.18358809 0.11897567 0.061901227 0.89178503 0.14756958 0.89894915 0.093232661 0.11979681
		 0.48577029 0.11664741 0.39186728 0.11730048 0.098238945 0.3185679 0.090398967 0.38929924
		 0.12496862 0.63209242 0.14518341 0.71785086 0.14447138 0.71967655 0.74952084 0.11484562
		 0.11222477 0.25045988 0.3046574 0.11795248 0.10583257 0.2731353 0.10198065 0.29468742
		 0.36247674 0.11751246 0.33646223 0.11770632 0.11348584 0.89676976 0.087563179 0.89390761
		 0.1591382 0.11919291 0.13344631 0.11942526 0.70763868 0.11513213 0.113755 0.58748806
		 0.65525031 0.11549113 0.72858429 0.11498901 0.1194531 0.60944474 0.10787465 0.56705493
		 0.2306847 0.0994322 0.37223554 0.38126311 0.36414757 0.46110073 0.29847461 0.098862864
		 0.85963857 0.095441744 0.80226701 0.095684223 0.34602723 0.4346489 0.93053621 0.095143355
		 0.41256371 0.72412103 0.61580223 0.096594237 0.5878045 0.096752994 0.39671209 0.7019487
		 0.35018873 0.54779977 0.68060213 0.096248642 0.7710557 0.095820464 0.34428477 0.46193761
		 0.37902418 0.098219663 0.36082903 0.53966874 0.36896336 0.61029518 0.4727506 0.097509116
		 0.39423695 0.29662317 0.11544716 0.10050616 0.010460738 0.10147254 0.41393512 0.21032853
		 0.55976301 0.096921653 0.3831957 0.67819774 0.3767305 0.65560842 0.37279901 0.63411921
		 0.50208032 0.097299606 0.52803463 0.097124211 0.34595135 0.49606633 0.34843454 0.52206051
		 0.70504099 0.096123904 0.73075563 0.096000634 0.15734598 0.10009885 0.3832745 0.34141541
		 0.20973016 0.099616714 0.13639455 0.10029928 0.38885352 0.31938058 0.37749898 0.36190155
		 0.0050566797 0.12663805 0.85572398 0.12037947 0.3451198 0.37980658 0.0050000018 0.10645421
		 0.0050000018 0.12063082 0.85444152 0.1141209 0.35110575 0.38036647 0.0086459033 0.10081622
		 0.39454406 0.46649671 0.39459398 0.46104786 0.097657688 0.59026909 0.097499028 0.58644575
		 0.38852432 0.49539766 0.38847822 0.49805072 0.39464536 0.45545837 0.38857183 0.49265772
		 0.3886162 0.490116 0.38880259 0.47945976 0.38875499 0.48217314 0.39449069 0.47233155
		 0.39485395 0.43295643 0.18339869 0.24168076 0.18201938 0.24695909 0.11436911 0.20988071
		 0.11564761 0.20627318 0.11994798 0.68819177 0.11926585 0.69073921 0.18481331 0.23626623
		 0.11850457 0.69336981 0.1177982 0.6958102 0.11483751 0.70604187 0.1155913 0.70343661
		 0.18054232 0.25261134 0.19050257 0.21446674 0.090398967 0.56034231 0.39485908 0.47698703
		 0.38889486 0.42726678 0.099887751 0.23272838 0.11994798 0.71018809 0.19775036 0.21052702
		 0.096405648 0.56009322 0.38884825 0.47688141 0.39490652 0.42732245 0.10555261 0.23473845
		 0.1141209 0.70851755 0.19192554 0.20900863 0.38870883 0.48481104 0.38866216 0.48751825
		 0.11706531 0.6983431 0.1163242 0.70090401 0.097028524 0.57510704 0.096870922 0.57130802
		 0.096562259 0.56387162 0.09671773 0.56761789 0.097179778 0.5787527 0.09734191 0.58265841
		 0.10930496 0.22416104 0.11057597 0.22057775 0.10681685 0.23117509 0.10807043 0.22764164
		 0.11179579 0.2171386 0.11310235 0.21345374 0.3947514 0.44398746 0.39480251 0.4384892
		 0.39469853 0.44968602 0.18914632 0.21982726 0.18771496 0.22515401 0.1862739 0.23067428
		 0.015686721 0.87600732 0.0050000018 0.82587171 0.94035798 0.1141209 0.99044997 0.12500975
		 0.0071094576 0.8986938 0.0050000018 0.887456 0.34247184 0.6026268 0.35371065 0.6049034
		 0.34596586 0.72085422 0.33123502 0.70074534 0.369201 0.69673139 0.3869212 0.7249791
		 0.34364155 0.20900865 0.37428135 0.22805193 0.38327298 0.28673545 0.32870287 0.263796
		 0.3061209 0.43947262 0.30189413 0.46831557 0.26683798 0.45534447 0.26943469 0.42758545
		 0.26795095 0.36308125 0.3134571 0.40473041 0.37837595 0.31337699 0.31446058 0.29124254
		 0.29774913 0.63438505 0.24448271 0.55796689 0.32310566 0.58721447 0.33809462 0.63731223
		 0.30259576 0.49917492 0.25718164 0.4815408 0.30764964 0.52380431 0.29394144 0.51841861
		 0.28460103 0.50182325 0.31094357 0.54268748 0.29003793 0.53463715 0.27411097 0.54543471
		 0.25662553 0.54112589 0.23273057 0.53127331 0.24731396 0.52586579 0.23696314 0.5057987
		 0.25041568 0.50897044 0.26563329 0.49810112 0.36845747 0.33914089 0.35508463 0.35807192
		 0.3441841 0.34461936 0.34819412 0.32752627 0.33061418 0.35299739 0.310599 0.34810928
		 0.27072141 0.3389329 0.30166197 0.33219135 0.28398424 0.31710702 0.30597579 0.3166329
		 0.32067168 0.30747837 0.33833244 0.3113375 0.005197492 0.71469486 0.00517254 0.68977034
		 0.64106172 0.13327472 0.67443585 0.13309845 0.099887758 0.13641448 0.13592415 0.13619204
		 0.19523269 0.13582519 0.0051434617 0.19464624 0.37106711 0.13475929 0.40021965 0.13458872
		 0.0050030579 0.40781459 0.0050118575 0.37993294 0.0050454494 0.31540906 0.3355633
		 0.13497019 0.22229789 0.13565734 0.0051146899 0.22557579 0.0051027578 0.61544746
		 0.005029547 0.52230543 0.52160811 0.13391219 0.57393801 0.13363124 0.43109319 0.1344116
		 0.0049999999 0.43573448 0.45624369 0.13426974 0.24221936 0.43571311 0.24245267 0.41667271
		 0.47542107 0.13416308 0.24380131 0.30634466 0.24356514 0.32558697 0.24334563 0.34359571
		 0.0050126417 0.49313915 0.24312767 0.36147121 0.0050036795 0.46731409 0.24291784
		 0.37864763 0.24268922 0.39734626;
	setAttr ".uvst[0].uvsp[1000:1249]" 0.24988705 0.1354876 0.27305382 0.13534586
		 0.79114628 0.14902125 0.77359068 0.14871524 0.80709189 0.14929856 0.8276915 0.14965709
		 0.0050611133 0.2911002 0.84594184 0.14997649 0.0050804275 0.2655564 0.86208338 0.15026176
		 0.87939334 0.15056887 0.89746779 0.15089004 0.23685879 0.21313693 0.27782577 0.20900862
		 0.26010197 0.23726572 0.22212452 0.23325224 0.23453322 0.72499114 0.21959625 0.67021167
		 0.274158 0.64727473 0.26516837 0.70594966 0.19701086 0.49456528 0.16033046 0.50645298
		 0.15773137 0.47869781 0.19278352 0.46572602 0.2043476 0.52930117 0.15885168 0.57094663
		 0.20535602 0.64276952 0.26926109 0.62063688 0.18863384 0.29963303 0.2289896 0.29670283
		 0.21399885 0.34681383 0.13535956 0.37607285 0.14807326 0.45250401 0.19348443 0.43486831
		 0.17548952 0.43222022 0.18483007 0.41562435 0.19853999 0.41023815 0.18092525 0.39940348
		 0.20183507 0.39135188 0.16499496 0.38860497 0.1475067 0.39291525 0.1381965 0.40817809
		 0.12360969 0.40277278 0.14130233 0.42507532 0.12784906 0.42824978 0.15652272 0.43594304
		 0.25934327 0.59487689 0.23908331 0.60649043 0.23507309 0.58939999 0.24597143 0.57594925
		 0.22150514 0.58102459 0.20149331 0.58591288 0.19255866 0.60182887 0.16162322 0.59509003
		 0.19687219 0.61738455 0.17488495 0.61691117 0.21156552 0.62653649 0.22922349 0.62267709
		 0.033475026 0.17899127 0.0334743 0.20391004 0.062569901 0.67897511 0.061932642 0.71227801
		 0.073122188 0.13784282 0.07240165 0.17393965 0.071217157 0.23334272 0.033471245 0.69901532
		 0.067746729 0.4093084 0.067179687 0.43845859 0.033466451 0.4858157 0.03346632 0.51369864
		 0.033467125 0.57823151 0.068441771 0.37379664 0.070678107 0.26044515 0.033469774
		 0.6680783 0.033472236 0.27821508 0.033469588 0.37133735 0.064848796 0.55974078 0.063850418
		 0.61198503 0.066582233 0.46932113 0.033466879 0.45789596 0.06609831 0.49445453 0.98131728
		 0.97759938 0.96227103 0.97783184 0.065731473 0.51361334 0.85194427 0.97918409 0.87118053
		 0.97895038 0.88918364 0.97872967 0.033468459 0.40049714 0.90705746 0.97850943 0.03346758
		 0.4263182 0.9242357 0.97829789 0.94293886 0.97806835 0.070130579 0.28806555 0.069672659
		 0.31125289 0.85756058 0.94831735 0.84001207 0.94886893 0.87349999 0.94781643 0.89409256
		 0.94716966 0.033467479 0.60254413 0.9123382 0.94659662 0.033468153 0.62809157 0.92847514
		 0.94609076 0.9457804 0.94554842 0.96384901 0.94498217 0.020812746 0.71467954 0.020788211
		 0.68975538 0.64114475 0.14890543 0.6745187 0.14872915 0.099983588 0.15201558 0.13602041
		 0.15179361 0.19532894 0.15142886 0.020765238 0.19466096 0.37115836 0.15037721 0.40030926
		 0.15020922 0.020621132 0.40781808 0.020630807 0.37993979 0.020665027 0.31541845 0.33565634
		 0.15058555 0.22239356 0.15126383 0.020736415 0.22558984 0.020718366 0.61543417 0.020645846
		 0.52229518 0.52169222 0.14954011 0.5740217 0.14926094 0.4311814 0.15003437 0.020617513
		 0.43573466 0.45633048 0.14989416 0.47550637 0.14978962 0.020629469 0.49313197 0.020620933
		 0.46731013 0.24998225 0.15109694 0.27314815 0.15095823 0.02068156 0.29111135 0.020701684
		 0.26556903 0.049087264 0.17899145 0.077530243 0.71257699 0.078168362 0.67927361 0.049086589
		 0.20391044 0.088749371 0.13815497 0.049096953 0.69901431 0.0868439 0.23365392 0.088028714
		 0.17425121 0.083366126 0.40961382 0.049087264 0.51369822 0.049085934 0.48581535 0.082796797
		 0.43876225 0.084063232 0.37410361 0.049089149 0.57823133 0.049094636 0.66807747 0.086303897
		 0.2607556 0.049084723 0.27821559 0.079451591 0.61228365 0.080453984 0.56003988 0.04908298
		 0.37133756 0.049084786 0.45789585 0.082196832 0.46962315 0.081710212 0.49475524 0.081340186
		 0.51391304 0.049083371 0.40049738 0.049084101 0.42631829 0.085755236 0.2883755 0.085295975
		 0.31156096 0.04909049 0.60254329 0.049092181 0.62809032 0.0052381996 0.75585091 0.0051983991
		 0.13784282 0.033475973 0.13784282 0.033474006 0.75583255 0.020853322 0.75583547 0.020820364
		 0.13785817 0.049088113 0.1378431 0.049100112 0.75583154 0.25783578 0.43590435 0.25806913
		 0.41686395 0.25941944 0.30653635 0.25918338 0.32577825 0.25896281 0.34378678 0.25874433
		 0.36166194 0.2585341 0.37883863 0.25830537 0.39753717 0.96246195 0.9934532 0.98150814
		 0.99322063 0.85213381 0.99479765 0.87137055 0.99456382 0.88937432 0.99434417 0.90724868
		 0.99412608 0.92442697 0.99391687 0.94312978 0.9936887 0.79141825 0.13340437 0.7738629
		 0.13309845 0.80736405 0.13368241 0.82796431 0.13404144 0.84621644 0.13436151 0.86235958
		 0.13464659 0.87967056 0.13495345 0.89774513 0.1352745 0.8405025 0.96447951 0.85805112
		 0.9639281 0.87399042 0.96342701 0.89458269 0.96278006 0.91282761 0.9622072 0.92896456
		 0.96170115 0.94626951 0.96115893 0.9643383 0.96059293 0.91641998 0.15122664 0.98279613
		 0.94438863 0.91669732 0.135611 0.98328483 0.9599992 0.24400599 0.2896632 0.83526766
		 0.97938669 0.25962403 0.28985438 0.83545709 0.995 0.40827289 0.47921857 0.41867265
		 0.41371676 0.46381024 0.43020672 0.46348697 0.50921637 0.29875836 0.7970686 0.28577548
		 0.87204742 0.22732125 0.87625027 0.23691541 0.7977379 0.069487877 0.86055976 0.042380709
		 0.86685711 0.033420239 0.82290608 0.059644844 0.81283468 0.11563168 0.78226399 0.12605143
		 0.86227882 0.19813716 0.87516308 0.20414321 0.79153383 0.42984521 0.33783919 0.4255307
		 0.25263265 0.48279315 0.29119539 0.46848774 0.35494399 0.48491588 0.60856241 0.49457002
		 0.72195709 0.49205711 0.72219747 0.44308475 0.59652853 0.50074881 0.24317169 0.47779045
		 0.20900863 0.49285847 0.25790635 0.4817363 0.25018844 0.48393539 0.23211183 0.48775929
		 0.27297977 0.46970421 0.25859419 0.44959697 0.25708327 0.43629429 0.24339859 0.42986828
		 0.2267722 0.4375298 0.22497886 0.44959593 0.20989423 0.45280915 0.2130097 0.47214785
		 0.21734808;
	setAttr ".uvst[0].uvsp[1250:1499]" 0.17041388 0.86808676 0.14868742 0.86438257
		 0.16190432 0.84140766 0.18138851 0.83700204 0.14903314 0.83155292 0.14205502 0.807935
		 0.13507989 0.77459902 0.15231225 0.78813469 0.15951224 0.77359068 0.17158997 0.78257179
		 0.19371659 0.79475594 0.19611363 0.81709117 0.4307726 0.54915643 0.45606089 0.55868322
		 0.45789063 0.56287903 0.45420241 0.5273571 0.44902164 0.529441 0.47469988 0.55151755
		 0.46748424 0.55842716 0.46567503 0.55429852 0.46728939 0.58408481 0.47016752 0.58280748
		 0.46594068 0.56282163 0.46701214 0.57586181 0.46381921 0.57699633 0.46206665 0.56458539
		 0.45754164 0.55481297 0.45481119 0.54341906 0.4601393 0.54092628 0.4616642 0.55295521
		 0.41493428 0.49861854 0.44672352 0.53504413 0.44877627 0.54091471 0.43666279 0.57186621
		 0.46402442 0.58289754 0.46274215 0.57991803 0.4808076 0.57870978 0.47147483 0.57990867
		 0.47010553 0.5769068 0.4680301 0.52886856 0.45968947 0.52950549 0.46209839 0.53505218
		 0.63432765 0.12164988 0.56647342 0.12211455 0.11010285 0.4748804 0.11410535 0.54812789
		 0.30042672 0.89394099 0.22981761 0.89940929 0.17536548 0.90362793 0.062184051 0.12609577
		 0.15113108 0.21059251 0.13494375 0.23268293 0.27659976 0.12418973 0.24854505 0.12442252
		 0.18364076 0.1249828 0.063845098 0.90246779 0.1481584 0.90573734 0.093288824 0.1258041
		 0.48581177 0.12266719 0.3919099 0.1233188 0.11256911 0.32324675 0.11013359 0.39955106
		 0.1313096 0.63028866 0.15175991 0.71911842 0.14977276 0.72313255 0.74956244 0.12085176
		 0.12390947 0.2583147 0.30470467 0.12396525 0.1201266 0.27996731 0.47813788 0.2479572
		 0.47946352 0.2334265 0.11634617 0.30161142 0.46855366 0.25424325 0.45177919 0.25249967
		 0.44085827 0.24171801 0.36252066 0.12352853 0.44183329 0.22731386 0.33650786 0.12372084
		 0.45388749 0.21797071 0.46958718 0.22137798 0.11483022 0.90562737 0.089330725 0.90401942
		 0.1629373 0.83670491 0.17831427 0.83238244 0.15310746 0.82875431 0.14763549 0.80851072
		 0.15919212 0.12520003 0.1557027 0.79242361 0.13350144 0.12543274 0.17091224 0.78850681
		 0.18862213 0.79808921 0.1904324 0.81562638 0.091021292 0.57530582 0.090863869 0.57155722
		 0.38853168 0.4664416 0.38858172 0.46099263 0.091649935 0.59051824 0.091491193 0.5866949
		 0.39453605 0.49550194 0.39448997 0.49815509 0.39472014 0.48491591 0.39467359 0.48751825
		 0.09071102 0.56786686 0.090555601 0.56412089 0.38873962 0.4439317 0.38879076 0.43843347
		 0.091334186 0.58290792 0.091172375 0.57900196 0.65529186 0.12150496 0.38863325 0.45540285
		 0.38868669 0.44963035 0.7076804 0.12114331 0.72862589 0.12099753 0.39458349 0.49276236
		 0.39462766 0.49022061 0.12650704 0.60792536 0.39481375 0.4795652 0.39476606 0.48227811
		 0.1217062 0.58554453 0.11714455 0.56309903 0.38847822 0.47227651 0.3888424 0.43290043
		 0.49367189 0.44847855 0.55002201 0.42065638 0.54725987 0.49962771 0.50150698 0.51434499
		 0.91037065 0.40776023 0.91129047 0.34591937 0.98984241 0.33664262 0.98540282 0.39508024
		 0.97478575 0.17874762 0.92710072 0.16871299 0.93727779 0.14252904 0.98119247 0.1516663
		 0.97627795 0.23531692 0.89630592 0.22457638 0.90521872 0.31312218 0.98887265 0.30745381
		 0.50971144 0.59061188 0.54899728 0.57502508 0.56080836 0.63929224 0.50207692 0.67559886
		 0.57531071 0.32223907 0.53305233 0.33261934 0.58690029 0.20900865 0.58940119 0.20934781
		 0.55260605 0.72123688 0.57688206 0.68798727 0.55964762 0.69838578 0.55815369 0.68023354
		 0.56957042 0.67295307 0.5464564 0.67136317 0.56506157 0.65768993 0.52630234 0.67208958
		 0.51247406 0.6852473 0.51299077 0.70370454 0.50540334 0.70161319 0.52779555 0.71626401
		 0.5244621 0.71925241 0.5472917 0.71268225 0.9819082 0.27970168 0.9507792 0.2905511
		 0.9552635 0.27108496 0.9782908 0.25796086 0.94546068 0.25817481 0.92187041 0.25110281
		 0.90202838 0.26128015 0.88856226 0.24399336 0.89638793 0.2805343 0.887456 0.2684212
		 0.90848267 0.30270875 0.93080878 0.30519596 0.51889193 0.37946585 0.54652548 0.36681759
		 0.54453319 0.37093773 0.53635591 0.39988071 0.54153657 0.40216568 0.56287569 0.3788245
		 0.55396742 0.37569427 0.5559361 0.37163997 0.55956936 0.34738824 0.55674368 0.34599966
		 0.55456603 0.36718976 0.55076367 0.36527586 0.55300063 0.35294551 0.55614567 0.35420412
		 0.54586136 0.37486237 0.54990762 0.37687972 0.54791433 0.38883907 0.54268777 0.38614002
		 0.50108689 0.42935079 0.53427905 0.3941918 0.53656 0.38840616 0.55343634 0.34705848
		 0.52566862 0.35700589 0.55203867 0.34998444 0.57003814 0.35189787 0.56076193 0.35033536
		 0.55927664 0.35328114 0.54701895 0.40023279 0.55532849 0.40119481 0.54964262 0.39478484
		 0.23073639 0.10544419 0.29852378 0.10487463 0.38015023 0.45405975 0.38382435 0.38080698
		 0.85966372 0.10147254 0.93056154 0.10117673 0.34004122 0.43408954 0.8022927 0.10171431
		 0.42211062 0.71778595 0.40591043 0.69583499 0.58783966 0.10275013 0.61583483 0.10259135
		 0.68063283 0.1022495 0.33951098 0.5456965 0.3375071 0.46124458 0.77108186 0.10184444
		 0.37907073 0.10422952 0.47279528 0.10351546 0.38325536 0.60556293 0.38050339 0.5293417
		 0.40061513 0.29839128 0.42053294 0.20900862 0.0092834476 0.10780173 0.11550719 0.10651556
		 0.39481765 0.67032111 0.55980039 0.10292021 0.39096439 0.64873654 0.55447018 0.68232316
		 0.55522954 0.69689786 0.38711014 0.62715077 0.54513675 0.67566657 0.52830446 0.67675525
		 0.51696956 0.68710464 0.50212222 0.10330241 0.51738262 0.70153868 0.52807438 0.10312451
		 0.52906638 0.71134728 0.54488963 0.70855463 0.33710709 0.49458793 0.33833379 0.52014077
		 0.95055652 0.27209896 0.946172 0.28745818 0.94264561 0.26223806 0.92242336 0.2566855
		 0.70507008 0.10213225 0.90630347 0.2646879 0.73078287 0.10201722 0.90232539 0.27988061;
	setAttr ".uvst[0].uvsp[1500:1749]" 0.91183633 0.29762757 0.92936671 0.29950866
		 0.10490963 0.2185685 0.10363928 0.22215174 0.18784352 0.24848114 0.18914632 0.24320263
		 0.10997918 0.20426425 0.10870094 0.20787171 0.12503797 0.69240928 0.12577499 0.68986207
		 0.12209642 0.70257449 0.12283761 0.7000134 0.10240501 0.22563213 0.10115177 0.22916517
		 0.19353931 0.22667421 0.19492927 0.22134648 0.10743454 0.21144459 0.10612873 0.2151293
		 0.20978433 0.10562868 0.1906376 0.23778768 0.19209813 0.23219511 0.15740226 0.10611036
		 0.13645309 0.10630986 0.12427676 0.69503999 0.12357062 0.69748062 0.39593595 0.3208608
		 0.12060913 0.70771217 0.12136331 0.70510709 0.39124942 0.34331837 0.38679612 0.36581388
		 0.18636645 0.25413331 0.19632733 0.21598585 0.63428634 0.11563345 0.56643218 0.11609568
		 0.094062589 0.46790698 0.10251611 0.54772604 0.29996121 0.887932 0.22935215 0.89340258
		 0.17489971 0.89762694 0.062127616 0.12008873 0.14152208 0.20426424 0.12569116 0.22658136
		 0.27655059 0.11817929 0.2484941 0.11841419 0.18358809 0.11897567 0.061901227 0.89178503
		 0.14756958 0.89894915 0.093232661 0.11979681 0.48577029 0.11664741 0.39186728 0.11730048
		 0.098238945 0.3185679 0.090398967 0.38929924 0.12496862 0.63209242 0.14518341 0.71785086
		 0.14447138 0.71967655 0.74952084 0.11484562 0.11222477 0.25045988 0.3046574 0.11795248
		 0.10583257 0.2731353 0.10198065 0.29468742 0.36247674 0.11751246 0.33646223 0.11770632
		 0.11348584 0.89676976 0.087563179 0.89390761 0.1591382 0.11919291 0.13344631 0.11942526
		 0.70763868 0.11513213 0.113755 0.58748806 0.65525031 0.11549113 0.72858429 0.11498901
		 0.1194531 0.60944474 0.10787465 0.56705493 0.2306847 0.0994322 0.37223554 0.38126311
		 0.36414757 0.46110073 0.29847461 0.098862864 0.85963857 0.095441744 0.80226701 0.095684223
		 0.34602723 0.4346489 0.93053621 0.095143355 0.41256371 0.72412103 0.61580223 0.096594237
		 0.5878045 0.096752994 0.39671209 0.7019487 0.35018873 0.54779977 0.68060213 0.096248642
		 0.7710557 0.095820464 0.34428477 0.46193761 0.37902418 0.098219663 0.36082903 0.53966874
		 0.36896336 0.61029518 0.4727506 0.097509116 0.39423695 0.29662317 0.11544716 0.10050616
		 0.010460738 0.10147254 0.41393512 0.21032853 0.55976301 0.096921653 0.3831957 0.67819774
		 0.3767305 0.65560842 0.37279901 0.63411921 0.50208032 0.097299606 0.52803463 0.097124211
		 0.34595135 0.49606633 0.34843454 0.52206051 0.70504099 0.096123904 0.73075563 0.096000634
		 0.15734598 0.10009885 0.3832745 0.34141541 0.20973016 0.099616714 0.13639455 0.10029928
		 0.38885352 0.31938058 0.37749898 0.36190155 0.0050566797 0.12663805 0.85572398 0.12037947
		 0.3451198 0.37980658 0.0050000018 0.10645421 0.0050000018 0.12063082 0.85444152 0.1141209
		 0.35110575 0.38036647 0.0086459033 0.10081622 0.39454406 0.46649671 0.39459398 0.46104786
		 0.097657688 0.59026909 0.097499028 0.58644575 0.38852432 0.49539766 0.38847822 0.49805072
		 0.39464536 0.45545837 0.38857183 0.49265772 0.3886162 0.490116 0.38880259 0.47945976
		 0.38875499 0.48217314 0.39449069 0.47233155 0.39485395 0.43295643 0.18339869 0.24168076
		 0.18201938 0.24695909 0.11436911 0.20988071 0.11564761 0.20627318 0.11994798 0.68819177
		 0.11926585 0.69073921 0.18481331 0.23626623 0.11850457 0.69336981 0.1177982 0.6958102
		 0.11483751 0.70604187 0.1155913 0.70343661 0.18054232 0.25261134 0.19050257 0.21446674
		 0.090398967 0.56034231 0.39485908 0.47698703 0.38889486 0.42726678 0.099887751 0.23272838
		 0.11994798 0.71018809 0.19775036 0.21052702 0.096405648 0.56009322 0.38884825 0.47688141
		 0.39490652 0.42732245 0.10555261 0.23473845 0.1141209 0.70851755 0.19192554 0.20900863
		 0.38870883 0.48481104 0.38866216 0.48751825 0.11706531 0.6983431 0.1163242 0.70090401
		 0.097028524 0.57510704 0.096870922 0.57130802 0.096562259 0.56387162 0.09671773 0.56761789
		 0.097179778 0.5787527 0.09734191 0.58265841 0.10930496 0.22416104 0.11057597 0.22057775
		 0.10681685 0.23117509 0.10807043 0.22764164 0.11179579 0.2171386 0.11310235 0.21345374
		 0.3947514 0.44398746 0.39480251 0.4384892 0.39469853 0.44968602 0.18914632 0.21982726
		 0.18771496 0.22515401 0.1862739 0.23067428 0.015686721 0.87600732 0.0050000018 0.82587171
		 0.94035798 0.1141209 0.99044997 0.12500975 0.0071094576 0.8986938 0.0050000018 0.887456
		 0.34247184 0.6026268 0.35371065 0.6049034 0.34596586 0.72085422 0.33123502 0.70074534
		 0.369201 0.69673139 0.3869212 0.7249791 0.34364155 0.20900865 0.37428135 0.22805193
		 0.38327298 0.28673545 0.32870287 0.263796 0.3061209 0.43947262 0.30189413 0.46831557
		 0.26683798 0.45534447 0.26943469 0.42758545 0.26795095 0.36308125 0.3134571 0.40473041
		 0.37837595 0.31337699 0.31446058 0.29124254 0.29774913 0.63438505 0.24448271 0.55796689
		 0.32310566 0.58721447 0.33809462 0.63731223 0.30259576 0.49917492 0.25718164 0.4815408
		 0.30764964 0.52380431 0.29394144 0.51841861 0.28460103 0.50182325 0.31094357 0.54268748
		 0.29003793 0.53463715 0.27411097 0.54543471 0.25662553 0.54112589 0.23273057 0.53127331
		 0.24731396 0.52586579 0.23696314 0.5057987 0.25041568 0.50897044 0.26563329 0.49810112
		 0.36845747 0.33914089 0.35508463 0.35807192 0.3441841 0.34461936 0.34819412 0.32752627
		 0.33061418 0.35299739 0.310599 0.34810928 0.27072141 0.3389329 0.30166197 0.33219135
		 0.28398424 0.31710702 0.30597579 0.3166329 0.32067168 0.30747837 0.33833244 0.3113375
		 0.005197492 0.71469486 0.00517254 0.68977034 0.64106172 0.13327472 0.67443585 0.13309845
		 0.099887758 0.13641448 0.13592415 0.13619204 0.19523269 0.13582519 0.0051434617 0.19464624
		 0.37106711 0.13475929 0.40021965 0.13458872 0.0050030579 0.40781459 0.0050118575
		 0.37993294 0.0050454494 0.31540906 0.3355633 0.13497019 0.22229789 0.13565734 0.0051146899
		 0.22557579;
	setAttr ".uvst[0].uvsp[1750:1979]" 0.0051027578 0.61544746 0.005029547 0.52230543
		 0.52160811 0.13391219 0.57393801 0.13363124 0.43109319 0.1344116 0.0049999999 0.43573448
		 0.45624369 0.13426974 0.24221936 0.43571311 0.24245267 0.41667271 0.47542107 0.13416308
		 0.24380131 0.30634466 0.24356514 0.32558697 0.24334563 0.34359571 0.0050126417 0.49313915
		 0.24312767 0.36147121 0.0050036795 0.46731409 0.24291784 0.37864763 0.24268922 0.39734626
		 0.24988705 0.1354876 0.27305382 0.13534586 0.79114628 0.14902125 0.77359068 0.14871524
		 0.80709189 0.14929856 0.8276915 0.14965709 0.0050611133 0.2911002 0.84594184 0.14997649
		 0.0050804275 0.2655564 0.86208338 0.15026176 0.87939334 0.15056887 0.89746779 0.15089004
		 0.23685879 0.21313693 0.27782577 0.20900862 0.26010197 0.23726572 0.22212452 0.23325224
		 0.23453322 0.72499114 0.21959625 0.67021167 0.274158 0.64727473 0.26516837 0.70594966
		 0.19701086 0.49456528 0.16033046 0.50645298 0.15773137 0.47869781 0.19278352 0.46572602
		 0.2043476 0.52930117 0.15885168 0.57094663 0.20535602 0.64276952 0.26926109 0.62063688
		 0.18863384 0.29963303 0.2289896 0.29670283 0.21399885 0.34681383 0.13535956 0.37607285
		 0.14807326 0.45250401 0.19348443 0.43486831 0.17548952 0.43222022 0.18483007 0.41562435
		 0.19853999 0.41023815 0.18092525 0.39940348 0.20183507 0.39135188 0.16499496 0.38860497
		 0.1475067 0.39291525 0.1381965 0.40817809 0.12360969 0.40277278 0.14130233 0.42507532
		 0.12784906 0.42824978 0.15652272 0.43594304 0.25934327 0.59487689 0.23908331 0.60649043
		 0.23507309 0.58939999 0.24597143 0.57594925 0.22150514 0.58102459 0.20149331 0.58591288
		 0.19255866 0.60182887 0.16162322 0.59509003 0.19687219 0.61738455 0.17488495 0.61691117
		 0.21156552 0.62653649 0.22922349 0.62267709 0.033475026 0.17899127 0.0334743 0.20391004
		 0.062569901 0.67897511 0.061932642 0.71227801 0.073122188 0.13784282 0.07240165 0.17393965
		 0.071217157 0.23334272 0.033471245 0.69901532 0.067746729 0.4093084 0.067179687 0.43845859
		 0.033466451 0.4858157 0.03346632 0.51369864 0.033467125 0.57823151 0.068441771 0.37379664
		 0.070678107 0.26044515 0.033469774 0.6680783 0.033472236 0.27821508 0.033469588 0.37133735
		 0.064848796 0.55974078 0.063850418 0.61198503 0.066582233 0.46932113 0.033466879
		 0.45789596 0.06609831 0.49445453 0.98131728 0.97759938 0.96227103 0.97783184 0.065731473
		 0.51361334 0.85194427 0.97918409 0.87118053 0.97895038 0.88918364 0.97872967 0.033468459
		 0.40049714 0.90705746 0.97850943 0.03346758 0.4263182 0.9242357 0.97829789 0.94293886
		 0.97806835 0.070130579 0.28806555 0.069672659 0.31125289 0.85756058 0.94831735 0.84001207
		 0.94886893 0.87349999 0.94781643 0.89409256 0.94716966 0.033467479 0.60254413 0.9123382
		 0.94659662 0.033468153 0.62809157 0.92847514 0.94609076 0.9457804 0.94554842 0.96384901
		 0.94498217 0.020812746 0.71467954 0.020788211 0.68975538 0.64114475 0.14890543 0.6745187
		 0.14872915 0.099983588 0.15201558 0.13602041 0.15179361 0.19532894 0.15142886 0.020765238
		 0.19466096 0.37115836 0.15037721 0.40030926 0.15020922 0.020621132 0.40781808 0.020630807
		 0.37993979 0.020665027 0.31541845 0.33565634 0.15058555 0.22239356 0.15126383 0.020736415
		 0.22558984 0.020718366 0.61543417 0.020645846 0.52229518 0.52169222 0.14954011 0.5740217
		 0.14926094 0.4311814 0.15003437 0.020617513 0.43573466 0.45633048 0.14989416 0.47550637
		 0.14978962 0.020629469 0.49313197 0.020620933 0.46731013 0.24998225 0.15109694 0.27314815
		 0.15095823 0.02068156 0.29111135 0.020701684 0.26556903 0.049087264 0.17899145 0.077530243
		 0.71257699 0.078168362 0.67927361 0.049086589 0.20391044 0.088749371 0.13815497 0.049096953
		 0.69901431 0.0868439 0.23365392 0.088028714 0.17425121 0.083366126 0.40961382 0.049087264
		 0.51369822 0.049085934 0.48581535 0.082796797 0.43876225 0.084063232 0.37410361 0.049089149
		 0.57823133 0.049094636 0.66807747 0.086303897 0.2607556 0.049084723 0.27821559 0.079451591
		 0.61228365 0.080453984 0.56003988 0.04908298 0.37133756 0.049084786 0.45789585 0.082196832
		 0.46962315 0.081710212 0.49475524 0.081340186 0.51391304 0.049083371 0.40049738 0.049084101
		 0.42631829 0.085755236 0.2883755 0.085295975 0.31156096 0.04909049 0.60254329 0.049092181
		 0.62809032 0.0052381996 0.75585091 0.0051983991 0.13784282 0.033475973 0.13784282
		 0.033474006 0.75583255 0.020853322 0.75583547 0.020820364 0.13785817 0.049088113
		 0.1378431 0.049100112 0.75583154 0.25783578 0.43590435 0.25806913 0.41686395 0.25941944
		 0.30653635 0.25918338 0.32577825 0.25896281 0.34378678 0.25874433 0.36166194 0.2585341
		 0.37883863 0.25830537 0.39753717 0.96246195 0.9934532 0.98150814 0.99322063 0.85213381
		 0.99479765 0.87137055 0.99456382 0.88937432 0.99434417 0.90724868 0.99412608 0.92442697
		 0.99391687 0.94312978 0.9936887 0.79141825 0.13340437 0.7738629 0.13309845 0.80736405
		 0.13368241 0.82796431 0.13404144 0.84621644 0.13436151 0.86235958 0.13464659 0.87967056
		 0.13495345 0.89774513 0.1352745 0.8405025 0.96447951 0.85805112 0.9639281 0.87399042
		 0.96342701 0.89458269 0.96278006 0.91282761 0.9622072 0.92896456 0.96170115 0.94626951
		 0.96115893 0.9643383 0.96059293 0.91641998 0.15122664 0.98279613 0.94438863 0.91669732
		 0.135611 0.98328483 0.9599992 0.24400599 0.2896632 0.83526766 0.97938669 0.25962403
		 0.28985438 0.83545709 0.995;
	setAttr ".cuvs" -type "string" "UVChannel_1";
	setAttr ".dcc" -type "string" "Ambient+Diffuse";
	setAttr -s 972 ".pt";
	setAttr ".pt[0:165]" -type "float3"  -21.600445 47.366184 -4.0311513 -22.875551 
		48.358131 -6.2982082 -21.814573 49.419109 -6.2982078 -22.543051 46.998058 -4.6056314 
		-24.528696 47.712509 -7.3057313 -23.467716 48.773491 -7.3057318 -23.273029 46.297234 
		-4.6347876 -25.808939 46.483402 -7.3568664 -24.747953 47.544388 -7.3568664 -23.679249 
		45.370407 -4.1141806 -26.521372 44.857929 -6.4438248 -25.460381 45.918919 -6.4438248 
		-23.699865 44.358677 -3.1230679 -26.557537 43.083549 -4.7056122 -25.496538 44.14455 
		-4.7056112 -23.331741 43.416073 -1.8123373 -25.911924 41.430405 -2.4068513 -24.850922 
		42.491405 -2.4068513 -22.630919 42.686092 -0.38153657 -24.682825 40.150162 0.10248784 
		-23.621819 41.21117 0.10248784 -21.704092 42.279877 0.951509 -23.05736 39.437733 
		2.4403832 -21.996351 40.498741 2.4403837 -20.692364 42.259258 1.9838549 -21.282988 
		39.401577 4.2509122 -20.221979 40.462585 4.2509122 -19.749758 42.627384 2.5583351 
		-19.629841 40.047199 5.2584357 -18.568838 41.108204 5.2584357 -19.019779 43.328205 
		2.587491 -18.3496 41.276306 5.3095689 -17.288601 42.337307 5.3095689 -18.61356 44.255032 
		2.0668838 -17.637167 42.901783 4.3965273 -16.576174 43.962776 4.3965278 -18.592943 
		45.266762 1.0757711 -17.601002 44.676159 2.6583142 -16.540016 45.737144 2.6583142 
		-18.961067 46.209366 -0.23495898 -18.246614 46.329308 0.35955456 -17.185633 47.390289 
		0.3595548 -19.66189 46.939346 -1.6657602 -19.475712 47.609547 -2.1497836 -18.414736 
		48.670525 -2.1497838 -20.588717 47.345566 -2.998805 -21.101179 48.321976 -4.487679 
		-20.040203 49.382954 -4.4876785 -22.738813 47.589127 -5.3924651 -24.10808 47.054375 
		-6.2269783 -25.168484 46.036324 -6.2693334 -25.758579 44.689976 -5.5130792 -25.788534 
		43.220291 -4.073349 -25.253782 41.851013 -2.1693213 -24.235752 40.790623 -0.090898715 
		-22.889402 40.200531 1.845544 -21.41972 40.170582 3.3451726 -20.050447 40.705341 
		4.1796885 -18.990057 41.723381 4.2220368 -18.399961 43.069729 3.465785 -18.370005 
		44.539417 2.026052 -18.904758 45.908699 0.12201861 -19.922783 46.969086 -1.9563909 
		-21.26914 47.559181 -3.8928456 -25.162066 48.364426 -8.591013 -24.101086 49.425404 
		-8.591013 -25.381321 48.196301 -8.6421471 -26.442307 47.135315 -8.642148 -27.429964 
		44.876686 -7.3711758 -26.368973 45.937679 -7.3711762 -26.40513 44.163307 -5.6329622 
		-27.466129 43.10231 -5.6329627 -26.571962 40.796558 -2.4330425 -25.51096 41.857559 
		-2.4330425 -24.281857 40.577324 0.076297082 -25.342863 39.516315 0.076296844 -23.072414 
		38.532368 3.3306952 -22.011406 39.593376 3.3306956 -20.237034 39.557217 5.1412234 
		-21.298042 38.496212 5.1412234 -18.998384 39.393375 6.5437169 -17.93738 40.45438 
		6.5437174 -16.657145 41.683483 6.5948505 -17.718143 40.622482 6.5948501 -16.728455 
		42.883144 5.3238783 -15.667461 43.944134 5.3238788 -15.631304 45.718506 3.585665 
		-16.692291 44.65752 3.585665 -17.589445 46.960285 0.38574556 -16.528463 48.021267 
		0.38574556 -17.757565 49.301502 -2.1235929 -18.818542 48.240524 -2.1235924 -21.799698 
		50.324295 -7.188519 -22.860676 49.263321 -7.1885195 -21.086304 49.227161 -5.3779907 
		-20.025328 50.288139 -5.3779898 -24.914265 44.052364 -4.0311522 -25.856871 43.684238 
		-4.6056323 -24.323671 46.910015 -6.2982087 -25.384647 45.849037 -6.2982092 -27.03779 
		45.203419 -7.3057327 -25.976809 46.2644 -7.3057318 -26.586849 42.983418 -4.634789 
		-26.60253 46.923958 -8.591013 -27.663511 45.86298 -8.5910149 -28.943748 44.633877 
		-8.642148 -27.882763 45.694862 -8.642148 -28.318027 43.974316 -7.3568673 -26.993069 
		42.056591 -4.114182 -27.25704 45.035301 -7.3568668 -29.030455 42.348846 -6.4438257 
		-27.969461 43.40984 -6.4438252 -27.013685 41.044861 -3.123069 -28.878532 43.42812 
		-7.3711758 -29.939524 42.36713 -7.3711772 -29.975681 40.592758 -5.6329632 -28.914684 
		41.653755 -5.6329632 -29.066612 40.574474 -4.7056122 -26.645561 40.102253 -1.8123385 
		-28.005615 41.635475 -4.7056127 -28.420994 38.921333 -2.4068525 -27.359991 39.982338 
		-2.4068518 -25.944738 39.372276 -0.38153765 -28.011425 39.357094 -2.433043 -29.07243 
		38.296089 -2.4330435 -27.843327 37.015854 0.07629589 -26.78232 38.076859 0.076296844 
		-27.191893 37.641098 0.10248665 -25.017912 38.966057 0.95150793 -26.130884 38.702103 
		0.10248736 -25.566423 36.928669 2.4403825 -24.505415 37.989677 2.440383 -24.006182 
		38.945438 1.9838538 -24.527401 37.077381 3.3306949 -25.588409 36.016373 3.3306944 
		-23.814037 35.980217 5.1412225 -22.753031 37.041222 5.141223 -23.792053 36.892513 
		4.2509112 -23.063578 39.313564 2.5583341 -22.731045 37.953518 4.2509122 -22.13891 
		37.538132 5.2584343 -21.077906 38.599136 5.2584352 -22.333599 40.014389 2.5874898 
		-20.450274 37.941486 6.5437169 -21.511278 36.880482 6.543716 -20.231041 38.109585 
		6.5948496 -19.170042 39.170586 6.5948496 -20.858675 38.767235 5.3095679 -21.92738 
		40.941216 2.0668826 -19.797674 39.828232 5.3095684 -20.146246 40.392704 4.3965268 
		-19.085255 41.453693 4.3965268 -21.906763 41.952942 1.0757699 -18.176304 41.435295 
		5.3238778 -19.237295 40.374302 5.3238778 -19.201139 42.148674 3.585664 -18.140152 
		43.20966 3.5856645 -20.110088 42.167072 2.6583133 -22.274887 42.89555 -0.23496017 
		-19.049103 43.228062 2.658314 -20.755707 43.820213 0.35955361 -19.694725 44.881195 
		0.35955408 -22.97571 43.625526 -1.6657612 -19.040422 45.509308 0.38574508 -20.101404 
		44.448326 0.3857446 -21.330505 45.728565 -2.123594;
	setAttr ".pt[166:331]" -20.269527 46.789539 -2.1235924 -21.984808 45.100452 
		-2.149785 -23.902534 44.031746 -2.9988062 -20.92383 46.16143 -2.1497841 -23.610277 
		45.812878 -4.48768 -22.549299 46.873856 -4.487679 -22.527136 47.786331 -5.3779907 
		-23.588112 46.725357 -5.3779912 -25.362484 46.761513 -7.1885204 -24.301506 47.822491 
		-7.18852 -25.556189 45.606266 -6.2269788 -24.186928 46.141014 -5.3924661 -26.616585 
		44.588226 -6.2693338 -27.206669 43.241886 -5.5130796 -27.236612 41.772213 -4.0733495 
		-26.701853 40.402943 -2.1693218 -25.683817 39.34256 -0.090899192 -24.337465 38.752468 
		1.8455435 -22.867785 38.722519 3.3451719 -21.498516 39.257271 4.179688 -20.438135 
		40.275307 4.2220364 -19.848049 41.621643 3.4657845 -19.818104 43.09132 2.0260518 
		-20.352863 44.460594 0.12201814 -21.370895 45.520973 -1.9563913 -22.717257 46.111065 
		-3.8928461 -27.901724 69.913956 -32.880203 -28.337448 69.560883 -32.962852 -27.027107 
		69.364464 -31.456097 -27.866747 69.058327 -31.989595 -24.478626 67.790817 -27.333967 
		-26.25853 67.580605 -28.903654 -28.901733 68.913948 -32.880203 -29.337458 68.560875 
		-32.962852 -28.027117 68.364456 -31.456097 -28.866756 68.058319 -31.989595 -25.478638 
		66.79081 -27.333967 -27.258539 66.580589 -28.903654 -16.919563 16.716908 31.299007 
		-16.483164 17.069147 31.383165 -17.793127 17.268068 29.874283 -16.952904 17.572603 
		30.409971 -20.338593 18.84659 25.750294 -18.558292 19.0534 27.323786 -17.919573 15.716897 
		31.299007 -17.483173 16.069138 31.383165 -18.793137 16.268057 29.874283 -17.952913 
		16.572592 30.409971 -21.338602 17.846579 25.750294 -19.558302 18.053389 27.323786 
		-20.059826 45.814209 -0.93855757 -23.038868 46.492367 -4.595757 -34.58976 73.363861 
		-43.018143 -34.637829 73.293762 -42.996117 -18.948393 58.213047 -12.225964 -21.127707 
		58.278828 -14.471056 -23.085899 48.849659 -7.0000801 -22.565783 51.44384 -9.0741482 
		-21.829372 53.564243 -10.458138 -21.078075 55.921535 -12.064134 -18.96163 55.804142 
		-9.8302937 -18.291739 53.076069 -6.432332 -18.540781 50.970909 -4.5762157 -19.940199 
		48.283878 -3.2886033 -22.989752 50.028305 -8.0825796 -19.59297 49.584671 -4.2421627 
		-22.176884 52.50404 -9.7454491 -18.182327 52.023491 -5.2703409 -30.353067 71.724541 
		-37.142136 -25.884642 69.517189 -30.466352 -24.173981 67.136429 -26.374937 -22.111563 
		64.328789 -21.504877 -19.127758 61.58157 -15.773854 -22.3832 61.004852 -18.452578 
		-23.944918 63.654461 -22.663904 -26.133247 66.258995 -27.456764 -28.533012 68.7668 
		-32.364338 -31.614895 70.955437 -37.634857 -21.478319 59.233276 -15.776119 -21.898012 
		60.080326 -17.042864 -18.376902 60.557373 -13.998797 -18.317112 59.434528 -12.816166 
		-19.112402 57.008595 -11.185519 -21.030094 57.100182 -13.194799 -20.100712 58.693577 
		-13.858813 -20.723528 59.388779 -15.176832 -20.708563 60.206322 -15.979411 -20.060764 
		60.891834 -16.017122 -19.178293 60.870911 -15.113729 -18.570978 60.239246 -13.87475 
		-18.540436 59.397766 -13.002727 -19.15357 58.71637 -12.934462 -21.278896 50.752666 
		-7.0960875 -21.267534 51.65015 -7.9822097 -20.682756 52.218197 -7.9654789 -19.629742 
		52.195297 -6.889564 -19.007845 51.499512 -5.5718818 -19.051289 50.675274 -4.7910872 
		-19.683672 50.056004 -4.8041997 -20.607834 50.05357 -5.7259278 -30.601233 70.81485 
		-36.48061 -28.681164 69.826958 -33.572647 -28.770792 69.609039 -33.444355 -30.643492 
		70.708176 -36.416195 -29.540627 71.323204 -35.928356 -28.728186 70.921867 -34.714577 
		-26.697083 69.918526 -31.68013 -29.244072 69.264145 -33.572739 -30.00948 69.775085 
		-34.849091 -30.804697 70.351952 -36.221172 -30.490721 70.857613 -36.412861 -30.388916 
		70.816162 -36.2696 -30.344496 70.711075 -36.120094 -29.975714 70.439125 -35.479366 
		-29.827929 70.499725 -35.392181 -29.673286 70.443855 -35.181667 -29.614685 70.297348 
		-34.976559 -29.226265 70.053925 -34.344715 -28.999189 70.149696 -34.213409 -28.769474 
		70.051979 -33.885979 -29.004023 69.512749 -33.581295 -29.226906 69.611183 -33.902618 
		-29.315456 69.833481 -34.213467 -29.675125 70.139481 -34.879128 -29.82509 70.073372 
		-34.96299 -29.976963 70.139046 -35.180531 -30.03964 70.2901 -35.394268 -30.388559 
		70.604462 -36.057545 -30.49371 70.560204 -36.118439 -30.602381 70.604507 -36.271412 
		-26.14464 69.257187 -30.466352 -24.433981 66.876434 -26.374937 -27.087694 65.850479 
		-28.002697 -29.146616 68.263985 -32.475124 -21.760319 55.661533 -12.486378 -21.691183 
		56.840179 -13.595887 -19.372402 56.748592 -11.185519 -22.371561 64.068794 -21.504877 
		-19.387758 61.321571 -15.773854 -23.2122 60.563484 -18.84021 -25.119869 63.255665 
		-23.440058 -31.936773 70.594048 -37.595348 -35.023685 73.064674 -43.152882 -34.873981 
		73.188515 -43.127022 -30.613066 71.464546 -37.142136 -21.936827 58.018826 -15.020178 
		-19.208391 57.953049 -12.225964 -22.361952 58.867046 -16.293522 -22.787077 59.715267 
		-17.566866 -18.6369 60.297375 -13.998797 -18.577112 59.17453 -12.816166 -26.957081 
		69.658524 -31.68013 -28.988184 70.661865 -34.714577 -29.800625 71.06321 -35.928356 
		-31.175821 69.95858 -36.198925 -30.414869 69.323105 -34.802498 -29.653917 68.687637 
		-33.406075 -20.983528 59.12878 -15.176832 -20.360712 58.433578 -13.858813 -20.320763 
		60.631836 -16.017122 -18.830978 59.979248 -13.87475 -20.942759 51.958199 -7.9654789 
		-19.889742 51.935299 -6.889564 -19.267845 51.239513 -5.5718818 -19.311289 50.415276 
		-4.7910872 -19.943672 49.796005 -4.8041997;
	setAttr ".pt[332:497]" -20.867834 49.793568 -5.7259278 -30.087927 70.239731 
		-35.392181 -28.941162 69.566963 -33.572647 -30.085089 69.813377 -34.96299 -30.861231 
		70.554855 -36.48061 -30.90349 70.448181 -36.416195 -30.299639 70.030106 -35.394268 
		-29.486263 69.79393 -34.344715 -29.575455 69.573486 -34.213467 -29.029472 69.791985 
		-33.885979 -30.750719 70.597618 -36.412861 -30.753708 70.300209 -36.118439 -29.486904 
		69.351189 -33.902618 -26.404638 68.997192 -30.466352 -24.693979 66.616432 -26.374937 
		-26.653244 65.738998 -27.456764 -29.053011 68.246803 -32.364338 -20.579828 45.294205 
		-0.93855757 -23.55887 45.972363 -4.595757 -23.6059 48.329655 -7.0000801 -20.460201 
		47.763878 -3.2886033 -21.598076 55.401535 -12.064134 -21.550095 56.580181 -13.194799 
		-19.632401 56.488594 -11.185519 -19.48163 55.284142 -9.8302937 -18.811739 52.556068 
		-6.432332 -22.349373 53.044243 -10.458138 -23.509754 49.508301 -8.0825796 -20.11297 
		49.064667 -4.2421627 -22.631561 63.808792 -21.504877 -19.647758 61.061573 -15.773854 
		-22.903198 60.484856 -18.452578 -24.464916 63.134464 -22.663904 -32.134892 70.43544 
		-37.634857 -35.157825 72.773766 -42.996117 -35.109753 72.843864 -43.018143 -30.873064 
		71.204544 -37.142136 -21.647705 57.758827 -14.471056 -19.468391 57.693047 -12.225964 
		-21.998318 58.713276 -15.776119 -21.243528 58.868782 -15.176832 -20.620712 58.173576 
		-13.858813 -22.418011 59.560329 -17.042864 -21.228563 59.686325 -15.979411 -20.580763 
		60.371834 -16.017122 -19.698294 60.350914 -15.113729 -18.8969 60.037373 -13.998797 
		-19.090977 59.71925 -13.87475 -18.837111 58.914532 -12.816166 -19.060434 58.877769 
		-13.002727 -19.673569 58.196369 -12.934462 -23.085785 50.92384 -9.0741482 -22.696884 
		51.984039 -9.7454491 -21.787535 51.13015 -7.9822097 -21.798897 50.232666 -7.0960875 
		-21.202759 51.698196 -7.9654789 -20.149742 51.675297 -6.889564 -18.702328 51.50349 
		-5.2703409 -19.527845 50.979511 -5.5718818 -19.060783 50.450909 -4.5762157 -19.571289 
		50.155273 -4.7910872 -20.203672 49.536003 -4.8041997 -21.127834 49.533569 -5.7259278 
		-29.248182 70.401871 -34.714577 -30.193283 69.923859 -35.181667 -30.347925 69.979729 
		-35.392181 -29.290791 69.089043 -33.444355 -29.201162 69.306961 -33.572647 -30.529478 
		69.255089 -34.849091 -30.49696 69.619049 -35.180531 -30.345087 69.553375 -34.96299 
		-31.121229 70.294853 -36.48061 -31.163488 70.188179 -36.416195 -30.559637 69.770103 
		-35.394268 -30.908556 70.084465 -36.057545 -30.864492 70.191078 -36.120094 -30.49571 
		69.919128 -35.479366 -30.134682 69.777351 -34.976559 -29.746262 69.533928 -34.344715 
		-29.835455 69.313484 -34.213467 -30.195122 69.619484 -34.879128 -27.217079 69.398529 
		-31.68013 -29.289471 69.531982 -33.885979 -29.519186 69.6297 -34.213409 -30.060623 
		70.803207 -35.928356 -31.010717 70.337616 -36.412861 -30.908913 70.296165 -36.2696 
		-31.324694 69.831955 -36.221172 -31.122377 70.084511 -36.271412 -31.013706 70.040207 
		-36.118439 -29.764069 68.744148 -33.572739 -29.524019 68.992752 -33.581295 -29.746904 
		69.091187 -33.902618 -20.319826 45.554207 -0.93855757 -23.298868 46.232365 -4.595757 
		-23.3459 48.589657 -7.0000801 -20.200201 48.02388 -3.2886033 -19.22163 55.54414 -9.8302937 
		-18.551739 52.816071 -6.432332 -22.481644 53.304241 -10.85041 -23.388355 49.768303 
		-8.2211819 -19.85297 49.324669 -4.2421627 -20.968563 59.946323 -15.979411 -19.438293 
		60.610912 -15.113729 -18.800434 59.137768 -13.002727 -19.413568 58.456367 -12.934462 
		-23.11348 51.183842 -9.3618441 -22.797562 52.244041 -10.106127 -21.527534 51.390152 
		-7.9822097 -21.538897 50.492668 -7.096087 -18.442327 51.763489 -5.2703409 -18.800783 
		50.710911 -4.5762157 -29.933285 70.183861 -35.181667 -29.03079 69.349037 -33.444355 
		-30.236961 69.879044 -35.180531 -30.648558 70.344467 -36.057545 -30.604494 70.451073 
		-36.120094 -30.235712 70.179131 -35.479366 -29.935123 69.879478 -34.879128 -29.874683 
		70.037354 -34.976559 -29.259188 69.889694 -34.213409 -30.648914 70.55616 -36.2696 
		-30.862379 70.344513 -36.271412 -29.264021 69.252754 -33.581295 -19.38307 46.234219 
		-0.68181223 -20.864784 46.755527 -2.6848366 -18.271637 58.633057 -11.969218 -20.368097 
		58.955349 -14.38797 -21.799135 49.165684 -6.0293417 -21.662304 51.532898 -8.2597265 
		-19.941223 54.838459 -9.8442068 -19.956209 56.384312 -11.405046 -18.284874 56.224152 
		-9.5735493 -17.614983 53.496078 -6.1755867 -17.864027 51.390919 -4.3194709 -19.263445 
		48.703892 -3.0318582 -21.841591 50.34433 -7.2504439 -18.916214 50.004681 -3.9854178 
		-21.271883 52.463463 -8.7998695 -17.505571 52.443501 -5.0135956 -24.298628 67.970818 
		-27.333967 -23.483072 67.254639 -25.802237 -21.434807 64.748802 -21.248133 -18.451004 
		62.001579 -15.517109 -22.068691 62.504826 -19.638042 -23.177505 64.493439 -22.735466 
		-25.059284 66.72657 -26.85038 -26.078529 67.760605 -28.903654 -20.81472 59.95472 
		-15.833966 -21.132496 60.726418 -16.923437 -17.700146 60.977383 -13.742053 -17.640358 
		59.854538 -12.559421 -18.435646 57.428604 -10.928774 -20.047892 57.650154 -12.76257 
		-19.628069 59.237267 -13.92986 -20.181303 59.854797 -15.100625 -20.168009 60.581005 
		-15.813539 -19.592583 61.189926 -15.847035 -18.808706 61.171341 -15.044572 -18.269241 
		60.610252 -13.944017 -18.242111 59.862782 -13.169417 -18.786743 59.257511 -13.10878 
		-20.691626 51.229767 -6.9859176 -20.68195 51.994137 -7.7406101 -20.183907 52.477932 
		-7.7263613 -19.287073 52.458427 -6.8100257;
	setAttr ".pt[498:663]" -18.757416 51.865841 -5.6877823 -18.794416 51.163853 
		-5.0227947 -19.333004 50.636433 -5.0339627 -20.120094 50.634361 -5.8189802 -24.16308 
		66.574631 -25.802237 -25.739292 66.046562 -26.85038 -26.758539 67.080589 -28.903652 
		-21.544796 46.075516 -2.6848366 -20.727901 56.970146 -12.76257 -18.294992 52.816071 
		-6.1755867 -22.521601 49.664318 -7.2504439 -19.596226 49.324669 -3.9854178 -22.748701 
		61.824818 -19.638042 -23.857513 63.813427 -22.735466 -21.048107 58.275341 -14.38797 
		-21.49473 59.274712 -15.833966 -20.861311 59.174789 -15.100625 -21.812506 60.04641 
		-16.923437 -20.272593 60.509918 -15.847035 -19.488714 60.491333 -15.044572 -18.949251 
		59.930244 -13.944017 -18.320366 59.17453 -12.559421 -19.466753 58.577503 -13.10878 
		-20.863916 51.79792 -7.7263613 -19.967083 51.778419 -6.8100257 -18.185581 51.763489 
		-5.0135956 -18.544037 50.710911 -4.3194709 -19.474426 50.483845 -5.0227947 -20.013016 
		49.956425 -5.0339627 -20.800106 49.95435 -5.8189802 -25.658644 66.610802 -27.333967 
		-24.84309 65.894623 -25.802237 -26.419302 65.366554 -26.85038 -27.438547 66.400581 
		-28.903654 -20.743093 44.874195 -0.68181223 -22.224808 45.395504 -2.6848366 -23.159157 
		47.80566 -6.0293417 -20.623466 47.343868 -3.0318582 -21.316229 55.024292 -11.405046 
		-21.407911 56.290134 -12.76257 -19.795666 56.068584 -10.928774 -19.644896 54.864132 
		-9.5735493 -18.975004 52.136059 -6.1755867 -21.301243 53.478439 -9.8442078 -23.201612 
		48.984306 -7.2504439 -20.276236 48.644657 -3.9854178 -22.794827 63.388783 -21.248133 
		-19.811022 60.641563 -15.517109 -23.428709 61.14481 -19.638042 -24.537523 63.133419 
		-22.735466 -21.728115 57.595329 -14.38797 -19.631657 57.273037 -11.969218 -22.17474 
		58.594704 -15.833966 -21.541321 58.494781 -15.100625 -20.988089 57.877247 -13.92986 
		-22.492514 59.366398 -16.923437 -21.528028 59.220985 -15.813539 -20.952602 59.82991 
		-15.847035 -20.168724 59.811325 -15.044572 -19.060165 59.617363 -13.742053 -19.629261 
		59.250233 -13.944017 -19.000376 58.494522 -12.559421 -19.602129 58.502766 -13.169417 
		-20.146763 57.897491 -13.10878 -23.022326 50.172878 -8.2597265 -22.631905 51.103443 
		-8.7998695 -22.041969 50.634117 -7.7406101 -22.051645 49.869747 -6.9859176 -21.543926 
		51.117912 -7.7263613 -20.647095 51.098408 -6.8100257 -18.865593 51.083481 -5.0135956 
		-20.117437 50.505821 -5.6877823 -19.224049 50.030899 -4.3194709 -20.154438 49.803833 
		-5.0227947 -20.693026 49.276413 -5.0339627 -21.480116 49.274342 -5.8189802 -24.978636 
		67.29081 -27.333967 -20.063082 45.554207 -0.68181223 -22.479145 48.485672 -6.0293417 
		-19.943455 48.02388 -3.0318582 -20.636219 55.704304 -11.405046 -19.115656 56.748592 
		-10.928774 -18.964886 55.54414 -9.5735493 -20.621233 54.158451 -9.8442068 -22.114817 
		64.068794 -21.248133 -19.131014 61.321571 -15.517109 -18.951647 57.953049 -11.969218 
		-20.308079 58.557259 -13.92986 -20.848019 59.900997 -15.813539 -18.380156 60.297375 
		-13.742053 -18.922121 59.182774 -13.169417 -22.342314 50.85289 -8.2597265 -21.951895 
		51.783451 -8.7998695 -21.361959 51.314125 -7.7406101 -21.371635 50.549759 -6.985918 
		-19.437428 51.185833 -5.6877823 -25.195841 40.352043 -0.61240906 -22.218102 39.66819 
		3.0491834 -10.718616 12.774663 41.4422 -10.67041 12.844663 41.420403 -26.330982 27.955355 
		10.64914 -24.151798 27.885408 12.89827 -22.175579 37.310814 5.4490843 -22.700653 
		34.717628 7.5171933 -23.441118 32.59864 8.8957167 -24.19692 30.242788 10.495766 -26.313137 
		30.364231 8.2581072 -26.977812 33.093575 4.8640881 -26.724743 35.198257 3.012476 
		-25.32019 37.882607 1.7326801 -22.273979 36.132355 6.5291438 -25.669907 36.582481 
		2.6830866 -23.091579 33.658176 8.1857204 -27.085209 34.146362 3.7039022 -14.952164 
		14.422078 35.561234 -19.416361 16.63797 28.881145 -21.122465 19.021992 24.791018 
		-23.179512 21.833572 19.922392 -26.158056 24.586494 14.190925 -22.90152 25.156984 
		16.876972 -21.34487 22.504395 21.086212 -19.161526 19.895683 25.878265 -16.766558 
		17.383291 30.785625 -13.688869 15.188764 36.057846 -23.803011 26.930288 14.202177 
		-23.384939 26.082438 15.4681 -26.906954 25.612125 12.416396 -26.964596 26.735081 
		11.235799 -26.164669 29.159492 9.6113148 -24.247156 29.064238 11.624083 -25.179583 
		27.472622 12.283272 -24.558096 26.77623 13.60115 -24.574625 25.958715 14.402136 -25.223734 
		25.274446 14.437295 -26.106163 25.297056 13.532257 -26.712269 25.929878 12.293328 
		-26.741203 26.771416 11.422857 -26.126768 27.451643 11.357067 -23.986217 35.411263 
		5.5379963 -23.999294 34.513802 6.4223785 -24.585157 33.946877 6.4034438 -25.638128 
		33.971786 5.3255615 -26.258692 34.668762 4.0080228 -26.213673 35.492916 3.228888 
		-25.580107 36.110973 3.2443948 -24.655941 36.111641 4.1678929 -14.702259 15.33129 
		34.901928 -16.620434 16.322851 31.992189 -16.53039 16.5406 31.864485 -14.659796 15.437886 
		34.837795 -15.763835 14.824967 34.346676 -16.575506 15.227857 33.132114 -18.604689 
		16.235081 30.095707 -16.056452 16.884592 31.994431 -15.292023 16.372187 33.271267 
		-14.49791 15.793803 34.643764 -14.812853 15.288741 34.833881 -14.914578 15.33039 
		34.69051 -14.958798 15.435559 34.541119 -15.32706 15.708211 33.900208 -15.474959 
		15.647893 33.812626 -15.629494 15.704059 33.601925 -15.687815 15.850678 33.396984 
		-16.075769 16.094843 32.764862 -16.303026 15.999509 32.632942 -16.532555 16.09766 
		32.30526;
	setAttr ".pt[664:829]" -16.296976 16.636444 32.002056 -16.07428 16.53758 32.323616 
		-15.986156 16.315113 32.634205 -15.627074 16.00843 33.299973 -15.476982 16.074253 
		33.384239 -15.325235 16.008291 33.601948 -15.262847 15.857114 33.815517 -14.914531 
		15.542085 34.478863 -14.809296 15.586141 34.540039 -14.700709 15.541631 34.693138 
		-19.676359 16.377972 28.881145 -21.382463 18.761993 24.791018 -18.726793 19.782871 
		26.425812 -16.672491 17.365433 30.897552 -24.034678 29.981983 10.918816 -24.106068 
		28.803471 12.025937 -26.424669 28.899492 9.6113148 -23.43951 21.573574 19.922392 
		-26.418056 24.326496 14.190925 -22.592171 25.077267 17.266039 -20.689653 22.381445 
		21.864378 -13.886792 15.03004 36.018646 -10.804609 12.553517 41.577351 -10.95455 
		12.429959 41.550968 -15.212162 14.16208 35.561234 -23.862677 27.624357 13.448442 
		-26.590982 27.695354 10.64914 -23.439175 26.775328 14.720973 -23.015673 25.926296 
		15.993506 -27.166954 25.352127 12.416396 -27.224596 26.47508 11.235799 -18.864687 
		15.975083 30.095707 -16.835505 14.967858 33.132114 -16.023832 14.564969 34.346676 
		-14.646527 15.666963 34.621986 -15.406263 16.30389 33.225323 -16.166 16.940815 31.828661 
		-24.818096 26.51623 13.60115 -25.439583 27.212622 12.283272 -25.483734 25.014446 
		14.437297 -26.972269 25.669878 12.293328 -24.845158 33.686874 6.4034438 -25.898129 
		33.711788 5.3255615 -26.518692 34.40876 4.0080228 -26.473673 35.232914 3.228888 -25.840107 
		35.850975 3.2443948 -24.915941 35.851643 4.1678929 -15.734958 15.387895 33.812626 
		-16.880434 16.062853 31.992189 -15.73698 15.814256 33.384239 -14.962257 15.071292 
		34.901928 -14.919794 15.177888 34.837795 -15.522845 15.597116 33.815517 -16.335768 
		15.834846 32.764862 -16.246155 16.055115 32.634205 -16.792555 15.837663 32.30526 
		-15.072851 15.028743 34.833881 -15.069294 15.326142 34.540039 -16.33428 16.277582 
		32.323616 -19.936357 16.117973 28.881145 -21.642464 18.501995 24.791018 -19.681524 
		19.375687 25.878265 -17.286556 16.863295 30.785625 -25.715843 39.832043 -0.61240906 
		-22.738104 39.14819 3.0491834 -22.69558 36.79081 5.4490843 -25.840193 37.362602 1.7326801 
		-24.716921 29.72279 10.495766 -24.767155 28.544237 11.624083 -26.684669 28.639492 
		9.6113148 -26.833138 29.844231 8.2581072 -27.497812 32.573574 4.8640881 -23.961119 
		32.07864 8.8957167 -22.79398 35.61235 6.5291438 -26.189909 36.062481 2.6830866 -23.699509 
		21.313574 19.922392 -26.678055 24.066496 14.190925 -23.421518 24.636986 16.876972 
		-21.864868 21.984396 21.086212 -14.208865 14.668767 36.057846 -11.190406 12.324666 
		41.420403 -11.238611 12.254666 41.4422 -15.47216 13.902081 35.561234 -24.671797 27.36541 
		12.89827 -26.850981 27.435354 10.64914 -24.323009 26.41029 14.202177 -25.078096 26.256231 
		13.60115 -25.699583 26.952621 12.283272 -23.904938 25.562439 15.4681 -25.094624 25.438717 
		14.402136 -25.743734 24.754448 14.437295 -26.626162 24.777058 13.532257 -27.426952 
		25.092127 12.416396 -27.232269 25.40988 12.293328 -27.484596 26.215082 11.235799 
		-27.261202 26.251417 11.422857 -26.646767 26.931643 11.357067 -23.220654 34.197628 
		7.5171933 -23.61158 33.138176 8.1857204 -24.519295 33.993801 6.4223785 -24.506218 
		34.891262 5.5379963 -25.105158 33.426876 6.4034438 -26.158129 33.451786 5.3255615 
		-27.605211 33.626362 3.7039022 -26.778692 34.148762 4.0080228 -27.244743 34.678257 
		3.012476 -26.733673 34.972916 3.228888 -26.100107 35.590973 3.2443948 -25.175941 
		35.59164 4.1678929 -17.095503 14.70786 33.132114 -16.14949 15.184062 33.601925 -15.994956 
		15.127896 33.812626 -17.050388 16.020603 31.864485 -17.140432 15.802855 31.992189 
		-15.812019 15.85219 33.271267 -15.845232 15.488296 33.601948 -15.996979 15.554257 
		33.384239 -15.222256 14.811294 34.901928 -15.179792 14.91789 34.837795 -15.782844 
		15.337117 33.815517 -15.434527 15.022088 34.478863 -15.478795 14.915563 34.541119 
		-15.847056 15.188214 33.900208 -16.207811 15.330682 33.396984 -16.595766 15.574847 
		32.764862 -16.506153 15.795116 32.634205 -16.147072 15.488435 33.299973 -19.124685 
		15.715084 30.095707 -17.052553 15.577664 32.30526 -16.823025 15.479512 32.632942 
		-16.283831 14.304971 34.346676 -15.33285 14.768744 34.833881 -15.434575 14.810393 
		34.69051 -15.017907 15.273807 34.643764 -15.220706 15.021634 34.693138 -15.329292 
		15.066144 34.540039 -16.57645 16.364595 31.994431 -16.816975 16.116447 32.002056 
		-16.594278 16.017584 32.323616 -25.455843 40.092041 -0.61240906 -22.478104 39.408188 
		3.0491834 -22.435579 37.050812 5.4490843 -25.580191 37.622604 1.7326801 -26.573137 
		30.104231 8.2581072 -27.237812 32.833576 4.8640881 -23.308847 32.337891 9.2887383 
		-22.395378 35.872089 6.6680107 -25.929907 36.322483 2.6830866 -24.834625 25.698715 
		14.402136 -26.366163 25.037058 13.532257 -27.001204 26.511415 11.422857 -26.386766 
		27.191643 11.357067 -22.672958 34.457077 7.8054395 -22.990904 33.397484 8.5470877 
		-24.259295 34.253803 6.4223785 -24.246218 35.15126 5.5379963 -27.345211 33.886364 
		3.7039022 -26.984743 34.938255 3.012476 -15.889492 15.44406 33.601925 -16.79039 16.280602 
		31.864485 -15.585234 15.748294 33.601948 -15.174529 15.282086 34.478863 -15.218797 
		15.175561 34.541119 -15.587058 15.448213 33.900208 -15.887073 15.748433 33.299973 
		-15.947813 15.59068 33.396984;
	setAttr ".pt[830:971]" -16.563026 15.739511 32.632942 -15.174577 15.070392 
		34.69051 -14.960708 15.281632 34.693138 -16.556976 16.376446 32.002056 -25.032576 
		40.772545 -0.86964482 -23.551861 40.248402 1.1352119 -26.167717 28.375854 10.391905 
		-24.071877 28.049555 12.814045 -22.622122 37.836464 4.4768887 -22.763479 35.469517 
		6.7024808 -24.490877 32.167252 8.2773466 -24.478848 30.621374 9.8352547 -26.149872 
		30.784733 8.0008717 -26.814547 33.514076 4.6068521 -26.561478 35.618759 2.7552409 
		-25.156925 38.303104 1.4754448 -22.581921 36.657742 5.695816 -25.506641 37.002983 
		2.4258509 -23.155678 34.5397 7.2400975 -26.921946 34.566864 3.4466662 -20.158592 
		19.026588 25.750294 -20.972776 19.74432 24.218378 -23.016247 22.254074 19.665155 
		-25.994791 25.006994 13.93369 -22.378073 24.49683 18.060572 -21.273064 22.506104 
		21.156309 -19.395559 20.269377 25.27054 -18.378292 19.233398 27.323786 -23.627165 
		27.04933 14.258982 -23.310867 26.277027 15.347582 -26.743689 26.032627 12.15916 -26.801331 
		27.155581 10.978564 -26.001404 29.579992 9.3540792 -24.389585 29.355358 11.190532 
		-24.812443 27.769051 12.353982 -24.260391 27.150463 13.524621 -24.275072 26.424284 
		14.236119 -24.851662 25.816463 14.26735 -25.635502 25.836548 13.463426 -26.173893 
		26.398668 12.362914 -26.199594 27.146187 11.589695 -25.653805 27.750416 11.531255 
		-23.733576 35.774502 5.4273973 -23.744715 35.010155 6.1806087 -24.243681 34.527313 
		6.1644821 -25.140476 34.548531 5.2464709 -25.668999 35.142128 4.1243501 -25.630655 
		35.844044 3.460777 -25.091061 36.370434 3.4739835 -24.303967 36.371002 4.2605081 
		-21.652786 19.064312 24.218378 -20.075567 19.589369 25.27054 -19.0583 18.553392 27.323784 
		-24.231873 39.56839 1.1352119 -25.069595 28.675348 11.190532 -27.494556 32.834068 
		4.6068521 -23.26193 35.97773 5.695816 -26.186653 36.322971 2.4258509 -23.058083 23.816822 
		18.060572 -21.953074 21.826096 21.156309 -24.751886 27.369545 12.814045 -24.307175 
		26.36932 14.258982 -24.940401 26.470453 13.524621 -23.990875 25.597017 15.347582 
		-25.531672 25.136456 14.26735 -26.315512 25.15654 13.463426 -26.853903 25.718658 
		12.362914 -27.48134 26.475571 10.978564 -26.333815 27.070406 11.531255 -24.923693 
		33.847301 6.1644821 -25.820486 33.868519 5.2464709 -27.601955 33.886856 3.4466662 
		-27.241488 34.938747 2.7552409 -26.310667 35.164032 3.460777 -25.77107 35.690422 
		3.4739835 -24.983978 35.69099 4.2605081 -21.51861 17.666573 25.750294 -22.332794 
		18.384304 24.218378 -20.755575 18.909361 25.27054 -19.73831 17.873383 27.323786 -26.392599 
		39.412521 -0.86964482 -24.911884 38.888382 1.1352119 -23.982143 36.476444 4.4768887 
		-26.516947 36.943085 1.4754448 -25.838867 29.261354 9.8352547 -25.749605 27.995338 
		11.190532 -27.361423 28.219973 9.3540792 -27.509893 29.424711 8.0008717 -28.174566 
		32.154057 4.6068521 -25.850899 30.80723 8.2773476 -23.941942 35.297718 5.695816 -26.866663 
		35.642963 2.4258509 -24.376265 20.894056 19.665155 -27.354811 23.646976 13.93369 
		-23.738092 23.136812 18.060572 -22.633081 21.146086 21.156309 -25.431896 26.689535 
		12.814045 -27.527737 27.015835 10.391905 -24.987185 25.689312 14.258982 -25.620411 
		25.790445 13.524621 -26.172462 26.409031 12.353982 -24.670885 24.917009 15.347582 
		-25.635092 25.064266 14.236119 -26.211681 24.456446 14.26735 -26.995522 24.47653 
		13.463426 -28.103708 24.672609 12.15916 -27.533913 25.038651 12.362914 -28.16135 
		25.795563 10.978564 -27.559614 25.786169 11.589695 -27.013824 26.390396 11.531255 
		-24.123501 34.109493 6.7024808 -24.515699 33.17968 7.2400975 -25.104734 33.650131 
		6.1806087 -25.093597 34.414482 5.4273973 -25.603703 33.16729 6.1644821 -26.500496 
		33.188507 5.2464709 -28.281965 33.206844 3.4466662 -27.029018 33.782108 4.1243501 
		-27.921499 34.258736 2.7552409 -26.990677 34.48402 3.460777 -26.451082 35.01041 3.4739835 
		-25.663988 35.010979 4.2605081 -20.838602 18.346581 25.750294 -25.712587 40.092533 
		-0.86964482 -23.302134 37.156456 4.4768887 -25.836935 37.623096 1.4754448 -25.158857 
		29.941364 9.8352547 -26.681414 28.899982 9.3540792 -26.829882 30.104723 8.0008717 
		-25.170889 31.487242 8.2773466 -23.696255 21.574066 19.665155 -26.674801 24.326986 
		13.93369 -26.847727 27.695845 10.391905 -25.492453 27.089041 12.353982 -24.955082 
		25.744274 14.236119 -27.423698 25.352619 12.15916 -26.879604 26.466177 11.589695 
		-23.443489 34.789505 6.7024808 -23.835688 33.859692 7.2400975 -24.424725 34.330143 
		6.1806087 -24.413588 35.09449 5.4273973 -26.349009 34.462116 4.1243501;
	setAttr -s 972 ".vt";
	setAttr ".vt[0:165]"  0.45404142 -1.65691066 2.55346155 0.79629827 -0.72406065 4.47826195
		 0.79629815 -1.78503799 4.47826147 1.39664686 -1.65691054 2.18533635 2.44943976 -0.72405732 3.83264327
		 2.44944 -1.78503788 3.83264351 2.12662554 -1.65691042 1.484514 3.72967672 -0.72405195 2.60354161
		 3.72967696 -1.78503752 2.60354114 2.53284478 -1.65691018 0.55768776 4.44210339 -0.72404552 0.978073
		 4.44210386 -1.78503716 0.97807258 2.55346131 -1.65690982 -0.45404157 4.47826195 -0.72403896 -0.79629809
		 4.47826147 -1.78503668 -0.79629844 2.18533611 -1.65690958 -1.3966471 3.83264279 -0.72403312 -2.44943976
		 3.83264327 -1.78503621 -2.44944024 1.48451364 -1.65690935 -2.1266253 2.60354042 -0.72402883 -3.72967649
		 2.60354066 -1.78503573 -3.72967672 0.55768734 -1.65690923 -2.53284454 0.97807205 -0.72402716 -4.44210339
		 0.97807199 -1.78503549 -4.44210386 -0.45404208 -1.65690911 -2.55346107 -0.79629904 -0.72402799 -4.47826147
		 -0.79629916 -1.78503537 -4.47826147 -1.39664745 -1.65690911 -2.18533587 -2.44944119 -0.72403133 -3.83264256
		 -2.44944096 -1.78503549 -3.83264279 -2.12662601 -1.65690935 -1.48451316 -3.72967744 -0.72403669 -2.60353971
		 -3.72967744 -1.78503585 -2.60353971 -2.53284502 -1.65690947 -0.55768692 -4.44210386 -0.72404325 -0.97807145
		 -4.44210434 -1.78503621 -0.97807169 -2.55346131 -1.65690994 0.45404199 -4.47826195 -0.72404993 0.7962994
		 -4.47826147 -1.78503668 0.79629898 -2.18533611 -1.65691018 1.39664686 -3.83264327 -0.72405565 2.44944048
		 -3.83264327 -1.78503716 2.44944024 -1.48451388 -1.65691042 2.12662578 -2.60354161 -0.72405994 3.72967696
		 -2.60354114 -1.78503764 3.72967672 -0.55768794 -1.65691054 2.53284478 -0.9780733 -0.72406161 4.44210386
		 -0.97807342 -1.78503788 4.44210386 0.6595571 -0.72405803 3.70925999 2.028821707 -0.72405493 3.17450857
		 3.089221001 -0.72405064 2.1564641 3.67931128 -0.72404528 0.81011957 3.70925951 -0.72403991 -0.65955859
		 3.1745038 -0.72403491 -2.028830767 2.15646911 -0.72403157 -3.089218616 0.81011879 -0.72403002 -3.67931104
		 -0.65956295 -0.72403073 -3.70925784 -2.028833151 -0.72403359 -3.17450356 -3.089218616 -0.72403789 -2.15646648
		 -3.67930961 -0.72404337 -0.81012356 -3.70925999 -0.72404897 0.65955967 -3.17450261 -0.72405374 2.028835773
		 -2.15647459 -0.7240572 3.089217186 -0.81011438 -0.72405863 3.67931175 3.078984976 -0.72023392 4.48837996
		 3.078985214 -1.78121436 4.48837996 4.35922194 -1.78121412 3.25927711 4.35922194 -0.72022855 3.25927758
		 5.35093451 -0.72428453 0.99659282 5.35093546 -1.78527617 0.99659234 5.38709259 -1.7852757 -0.77777869
		 5.38709259 -0.72427785 -0.77777827 4.488379 -0.71973133 -3.078984737 4.48837948 -1.78073442 -3.078985214
		 3.25927663 -1.78073406 -4.35922194 3.25927639 -0.71972716 -4.35922146 0.99659169 -0.72749209 -5.35093498
		 0.99659163 -1.78850043 -5.35093546 -0.77777952 -1.78850031 -5.38709211 -0.77777934 -0.72749293 -5.38709211
		 -3.078986645 -0.72594297 -4.48837852 -3.078986406 -1.78694713 -4.488379 -4.35922289 -1.78694737 -3.25927567
		 -4.35922289 -0.72594833 -3.25927544 -5.35093546 -0.7239238 -0.99659097 -5.35093594 -1.78491664 -0.99659121
		 -5.38709259 -1.78491724 0.7777794 -5.38709307 -0.72393048 0.77777982 -4.48837948 -0.72548985 3.078985691
		 -4.48837948 -1.78647125 3.078985691 -3.25927734 -1.78647161 4.35922194 -3.25927782 -0.72549391 4.35922194
		 0.77777827 -1.78139377 5.38709259 0.77777839 -0.72041643 5.38709307 -0.99659318 -0.72041738 5.35093546
		 -0.99659336 -1.78139365 5.35093498 0.45404157 1.65690911 2.55346251 1.39664698 1.65690911 2.18533731
		 0.79629833 0.72405803 4.47826195 0.79629833 1.78503549 4.47826242 2.44944024 1.78503549 3.83264446
		 2.44943976 0.72405493 3.83264375 2.12662578 1.65690935 1.48451495 3.078984976 0.72023094 4.48837996
		 3.078985453 1.7812115 4.48838091 4.35922194 1.78121173 3.25927806 4.35922194 0.72022617 3.25927806
		 3.7296772 1.78503573 2.60354209 2.53284502 1.65690958 0.55768865 3.72967672 0.72405016 2.60354209
		 4.44210386 1.78503621 0.9780736 4.44210339 0.72404444 0.97807342 2.55346155 1.65690982 -0.45404065
		 5.35093451 0.72428334 0.99659324 5.35093546 1.7852751 0.99659336 5.38709259 1.78527558 -0.77777767
		 5.38709259 0.72427762 -0.77777785 4.47826147 1.78503668 -0.79629743 2.18533635 1.65691006 -1.39664614
		 4.47826195 0.72403872 -0.79629767 3.83264351 1.78503716 -2.44943929 3.83264279 0.72403395 -2.44943929
		 1.48451376 1.6569103 -2.12662435 4.488379 0.71973264 -3.078984261 4.48837948 1.78073561 -3.078984261
		 3.25927687 1.78073609 -4.35922098 3.25927639 0.7197293 -4.35922146 2.6035409 1.78503764 -3.72967577
		 0.55768746 1.65691054 -2.53284359 2.60354042 0.72403061 -3.72967601 0.97807217 1.78503788 -4.44210291
		 0.97807211 0.72402942 -4.44210339 -0.45404193 1.65691054 -2.55346012 0.99659175 0.72749507 -5.35093498
		 0.99659181 1.78850329 -5.35093451 -0.77777934 1.78850329 -5.38709116 -0.77777928 0.72749603 -5.38709211
		 -0.79629898 1.78503788 -4.47826052 -1.39664733 1.6569103 -2.18533492 -0.79629898 0.72403038 -4.47826147
		 -2.44944072 1.78503788 -3.83264184 -2.44944119 0.72403347 -3.83264208 -2.12662578 1.6569103 -1.48451221
		 -3.078986645 0.72594559 -4.48837852 -3.078986168 1.78694999 -4.48837805 -4.35922289 1.78694975 -3.25927472
		 -4.35922289 0.7259506 -3.25927496 -3.7296772 1.78503764 -2.60353875 -2.53284478 1.65690982 -0.55768603
		 -3.72967744 0.72403848 -2.60353923 -4.44210434 1.78503716 -0.97807068 -4.44210386 0.7240442 -0.97807103
		 -2.55346107 1.65690982 0.45404291 -5.35093546 0.72392476 -0.99659055 -5.35093594 1.78491771 -0.9965902
		 -5.38709259 1.78491724 0.77778041 -5.38709307 0.72393048 0.77778023 -4.47826147 1.78503668 0.79629999
		 -2.18533587 1.65690958 1.39664781 -4.47826195 0.72404993 0.79629982 -3.83264303 1.78503621 2.44944119
		 -3.83264327 0.72405469 2.44944096 -1.48451376 1.65690935 2.12662673 -4.48837948 0.72548831 3.078986168
		 -4.48837948 1.78646982 3.078986645 -3.25927711 1.78646934 4.35922289;
	setAttr ".vt[166:331]" -3.25927782 0.72549164 4.35922194 -2.6035409 1.78503573 3.72967768
		 -0.55768782 1.65690911 2.53284574 -2.60354161 0.72405779 3.72967744 -0.97807324 1.78503549 4.44210482
		 -0.97807324 0.72405899 4.44210386 -0.99659312 0.72041428 5.35093546 -0.99659318 1.78139079 5.35093594
		 0.77777845 1.78139079 5.38709354 0.77777845 0.72041309 5.38709307 2.028821707 0.72405303 3.17450905
		 0.65955716 0.72405589 3.70926046 3.089221001 0.72404921 2.15646458 3.67931128 0.72404444 0.81011999
		 3.70925951 0.72403967 -0.65955818 3.1745038 0.72403562 -2.02883029 2.15646911 0.724033 -3.08921814
		 0.81011885 0.72403181 -3.67931056 -0.65956289 0.72403276 -3.70925736 -2.028833151 0.72403538 -3.17450309
		 -3.089218616 0.7240392 -2.15646601 -3.67930961 0.7240442 -0.81012315 -3.70925999 0.72404897 0.65956008
		 -3.17450261 0.72405279 2.02883625 -2.15647459 0.72405565 3.089217663 -0.81011432 0.7240566 3.67931223
		 5.5984211 -0.50001127 26.25813484 6.034144402 -0.50001115 25.90506172 4.72380447 -0.50001121 25.70864487
		 5.56344414 -0.50001115 25.40250397 2.1753242 -0.50001109 24.13499451 3.95522666 -0.50001115 23.92477989
		 5.5984211 0.49999872 26.25813484 6.034144402 0.49999869 25.90506172 4.72380447 0.49999881 25.70864487
		 5.56344414 0.49999878 25.40250397 2.1753242 0.49999887 24.13499451 3.95522666 0.49999884 23.92477989
		 -5.38374138 -0.50001013 -26.93891335 -5.82013988 -0.50001001 -26.58667374 -4.51017761 -0.50001007 -26.38775253
		 -5.35040092 -0.50001001 -26.083217621 -1.96471143 -0.50000995 -24.8092308 -3.74501252 -0.50001001 -24.60242081
		 -5.38374138 0.49999985 -26.93891335 -5.82013988 0.49999982 -26.58667374 -4.51017761 0.49999994 -26.38775253
		 -5.35040092 0.49999991 -26.083217621 -1.96471143 0.5 -24.8092308 -3.74501252 0.49999997 -24.60242081
		 -2.48348808 -0.26000002 2.39839745 0.49555349 -0.26000008 3.076555252 12.046445847 -0.26000145 29.94804764
		 12.094517708 -0.26000145 29.87795258 -3.59492135 -0.26000065 14.79723644 -1.41560745 -0.26000068 14.86301517
		 0.54258466 -0.2600002 5.43384743 0.022469521 -0.26000032 8.028030396 -0.71394145 -0.26000041 10.14843178
		 -1.46523821 -0.26000056 12.50572395 -3.58168364 -0.26000056 12.38832951 -4.25157547 -0.26000041 9.66025925
		 -4.0025320053 -0.26000026 7.55509949 -2.6031146 -0.26000017 4.86806965 0.44643831 -0.26000026 6.61249352
		 -2.95034432 -0.26000023 6.168859 -0.3664304 -0.26000038 9.088231087 -4.36098671 -0.26000032 8.60767937
		 7.80975533 -0.26000136 28.30873108 3.34132934 -0.26000127 26.10137558 1.6306684 -0.26000112 23.72062111
		 -0.4317503 -0.26000097 20.91297913 -3.41555429 -0.2600008 18.16576004 -0.16011405 -0.26000082 17.58904266
		 1.40160537 -0.26000094 20.23865128 3.58993363 -0.26000109 22.84318161 5.98970032 -0.26000124 25.3509903
		 9.071581841 -0.2600013 27.53962898 -1.064994335 -0.26000074 15.81746578 -0.64530158 -0.2600008 16.66451645
		 -4.16641188 -0.26000077 17.14156151 -4.22620106 -0.26000074 16.018718719 -3.43091202 -0.26000062 13.59278297
		 -1.513219 -0.26000062 13.68437004 -2.4426012 -0.26000071 15.27776623 -1.81978476 -0.26000074 15.97296906
		 -1.83474946 -0.2600008 16.79051208 -2.48254943 -0.2600008 17.47602272 -3.36501932 -0.2600008 17.45510101
		 -3.9723351 -0.2600008 16.82343674 -4.0028781891 -0.26000074 15.98195648 -3.3897438 -0.26000071 15.30055714
		 -1.26441824 -0.26000029 7.33685732 -1.27577925 -0.26000035 8.23434067 -1.86055636 -0.26000038 8.80238724
		 -2.91357279 -0.26000038 8.77948856 -3.53546929 -0.26000032 8.083703041 -3.49202538 -0.26000029 7.25946426
		 -2.85964251 -0.26000026 6.64019394 -1.93548012 -0.26000026 6.63775969 8.057920456 -0.26000133 27.39904022
		 6.13785172 -0.26000124 26.41114807 6.22747993 -0.26000124 26.19322777 8.10017967 -0.2600013 27.29236603
		 6.99731445 -0.26000133 27.90739441 6.18487358 -0.2600013 27.50605583 4.15377045 -0.26000127 26.50271225
		 6.70075893 -0.26000124 25.84833145 7.46616745 -0.2600013 26.35927391 8.26138496 -0.26000133 26.93613815
		 7.94740868 -0.2600013 27.44180298 7.84560394 -0.26000133 27.40034866 7.80118275 -0.2600013 27.29526329
		 7.4324007 -0.2600013 27.023317337 7.28461647 -0.2600013 27.08391571 7.12997437 -0.2600013 27.028045654
		 7.071372986 -0.2600013 26.88153839 6.68295193 -0.2600013 26.63811493 6.4558773 -0.26000127 26.7338829
		 6.22616196 -0.2600013 26.63616943 6.46070957 -0.26000124 26.096939087 6.68359375 -0.26000124 26.19537544
		 6.77214432 -0.26000127 26.41767311 7.1318121 -0.26000127 26.72366714 7.28177834 -0.2600013 26.65756226
		 7.43365097 -0.26000127 26.72323227 7.49632835 -0.2600013 26.87429047 7.84524632 -0.26000133 27.18865204
		 7.95039654 -0.2600013 27.14439392 8.059067726 -0.26000133 27.18869781 3.34132934 -2.7470123e-06 26.10137558
		 1.6306684 -2.3591383e-06 23.72062111 4.28438187 -2.1919893e-06 22.69466782 6.34330368 -2.5851991e-06 25.10817337
		 -1.042994738 -5.3199943e-07 12.50572395 -1.11213064 -7.240252e-07 13.68437004 -3.43091202 -7.091038e-07 13.59278297
		 -0.4317503 -1.9017152e-06 20.91297913 -3.41555429 -1.4541364e-06 18.16576004 0.40888834 -1.3306284e-06 17.40767288
		 2.31655669 -1.76924e-06 20.099853516 9.13346291 -2.9648145e-06 27.43823624 12.22037506 -3.3673305e-06 29.90885925
		 12.070671082 -3.3875071e-06 30.0327034 7.80975533 -3.1066361e-06 28.30873108 -0.86648583 -9.1605091e-07 14.86301517
		 -3.59492135 -9.0533422e-07 14.79723644 -0.44136107 -1.0542434e-06 15.71123505 -0.016236305 -1.1924359e-06 16.55945396
		 -4.16641188 -1.2872731e-06 17.14156151 -4.22620106 -1.1043392e-06 16.018718719 4.15377045 -2.8123986e-06 26.50271225
		 6.18487358 -2.9758639e-06 27.50605583 6.99731445 -3.0412498e-06 27.90739441 8.37251091 -2.8612831e-06 26.80276489
		 7.61155796 -2.7577516e-06 26.16729355 6.85060501 -2.6542202e-06 25.5318222 -1.81978476 -1.0968853e-06 15.97296906
		 -2.4426012 -9.836225e-07 15.27776623 -2.48254943 -1.3417639e-06 17.47602272 -3.9723351 -1.2354443e-06 16.82343674
		 -1.86055636 7.1350712e-08 8.80238724 -2.91357279 7.5081402e-08 8.77948856 -3.53546929 1.8843929e-07 8.083703041
		 -3.49202538 3.2272482e-07 7.25946426 -2.85964251 4.2361671e-07 6.64019394;
	setAttr ".vt[332:497]" -1.93548012 4.2401336e-07 6.63775969 7.28461647 -2.9070884e-06 27.08391571
		 6.13785172 -2.7974806e-06 26.41114807 7.28177834 -2.8376267e-06 26.65756226 8.057920456 -2.9584289e-06 27.39904022
		 8.10017967 -2.9410489e-06 27.29236603 7.49632835 -2.8729364e-06 26.87429047 6.68295193 -2.8344584e-06 26.63811493
		 6.77214432 -2.7985438e-06 26.41767311 6.22616196 -2.8341415e-06 26.63616943 7.94740868 -2.9653957e-06 27.44180298
		 7.95039654 -2.9169419e-06 27.14439392 6.68359375 -2.7623269e-06 26.19537544 3.34132934 0.25999573 26.10137558
		 1.6306684 0.25999635 23.72062111 3.58993363 0.25999662 22.84318161 5.98970032 0.25999594 25.3509903
		 -2.48348808 0.26000223 2.39839745 0.49555349 0.26000205 3.076555252 0.54258466 0.26000139 5.43384743
		 -2.6031146 0.26000154 4.86806965 -1.46523821 0.25999948 12.50572395 -1.513219 0.25999913 13.68437004
		 -3.43091202 0.25999919 13.59278297 -3.58168364 0.25999948 12.38832951 -4.25157547 0.26000023 9.66025925
		 -0.71394145 0.26000011 10.14843178 0.44643831 0.26000109 6.61249352 -2.95034432 0.26000118 6.168859
		 -0.4317503 0.25999716 20.91297913 -3.41555429 0.25999787 18.16576004 -0.16011405 0.25999808 17.58904266
		 1.40160537 0.25999731 20.23865128 9.071581841 0.25999534 27.53962898 12.094517708 0.25999472 29.87795258
		 12.046445847 0.25999466 29.94804764 7.80975533 0.2599951 28.30873108 -1.41560745 0.25999883 14.86301517
		 -3.59492135 0.2599988 14.79723644 -1.064994335 0.25999859 15.81746578 -1.81978476 0.25999853 15.97296906
		 -2.4426012 0.25999874 15.27776623 -0.64530158 0.25999835 16.66451645 -1.83474946 0.25999829 16.79051208
		 -2.48254943 0.25999811 17.47602272 -3.36501932 0.25999811 17.45510101 -4.16641188 0.25999814 17.14156151
		 -3.9723351 0.25999829 16.82343674 -4.22620106 0.25999847 16.018718719 -4.0028781891 0.25999853 15.98195648
		 -3.3897438 0.25999868 15.30055714 0.022469521 0.26000068 8.028030396 -0.3664304 0.26000038 9.088231087
		 -1.27577925 0.26000065 8.23434067 -1.26441824 0.26000088 7.33685732 -1.86055636 0.2600005 8.80238724
		 -2.91357279 0.2600005 8.77948856 -4.36098671 0.2600005 8.60767937 -3.53546929 0.26000068 8.083703041
		 -4.0025320053 0.2600008 7.55509949 -3.49202538 0.26000088 7.25946426 -2.85964251 0.26000109 6.64019394
		 -1.93548012 0.26000109 6.63775969 6.18487358 0.25999534 27.50605583 7.12997437 0.25999546 27.028045654
		 7.28461647 0.25999546 27.08391571 6.22747993 0.2599957 26.19322777 6.13785172 0.25999564 26.41114807
		 7.46616745 0.2599957 26.35927391 7.43365097 0.25999555 26.72323227 7.28177834 0.25999558 26.65756226
		 8.057920456 0.25999537 27.39904022 8.10017967 0.2599954 27.29236603 7.49632835 0.25999552 26.87429047
		 7.84524632 0.25999543 27.18865204 7.80118275 0.2599954 27.29526329 7.4324007 0.25999546 27.023317337
		 7.071372986 0.25999552 26.88153839 6.68295193 0.25999558 26.63811493 6.77214432 0.25999567 26.41767311
		 7.1318121 0.25999555 26.72366714 4.15377045 0.25999561 26.50271225 6.22616196 0.25999558 26.63616943
		 6.4558773 0.25999555 26.7338829 6.99731445 0.25999525 27.90739441 7.94740868 0.25999534 27.44180298
		 7.84560394 0.25999537 27.40034866 8.26138496 0.25999555 26.93613815 8.059067726 0.25999543 27.18869781
		 7.95039654 0.25999546 27.14439392 6.70075893 0.25999582 25.84833145 6.46070957 0.2599957 26.096939087
		 6.68359375 0.2599957 26.19537544 -2.48348808 1.1146932e-06 2.39839745 0.49555349 1.0042072e-06 3.076555252
		 0.54258466 6.2015556e-07 5.43384743 -2.6031146 7.1233251e-07 4.86806965 -3.58168364 -5.1287338e-07 12.38832951
		 -4.25157547 -6.8414408e-08 9.66025925 -0.32167006 -1.4794767e-07 10.14843178 0.58504057 4.2812974e-07 6.61249352
		 -2.95034432 5.0040694e-07 6.168859 -1.83474946 -1.2300801e-06 16.79051208 -3.36501932 -1.3383551e-06 17.45510101
		 -4.0028781891 -1.0983496e-06 15.98195648 -3.3897438 -9.8733551e-07 15.30055714 0.31016588 1.9750939e-07 8.028030396
		 -0.0057520866 2.4780888e-08 9.088231087 -1.27577925 1.6389725e-07 8.23434067 -1.26441836 3.1011587e-07 7.33685732
		 -4.36098671 1.0307269e-07 8.60767937 -4.0025320053 2.7455974e-07 7.55509949 7.12997437 -2.8979862e-06 27.028045654
		 6.22747993 -2.7619767e-06 26.19322777 7.43365097 -2.8483255e-06 26.72323227 7.84524632 -2.9241523e-06 27.18865204
		 7.80118275 -2.9415214e-06 27.29526329 7.4324007 -2.8972158e-06 27.023317337 7.1318121 -2.8483964e-06 26.72366714
		 7.071372986 -2.8741169e-06 26.88153839 6.4558773 -2.8500608e-06 26.7338829 7.84560394 -2.9586417e-06 27.40034866
		 8.059067726 -2.9241596e-06 27.18869781 6.46070957 -2.7462893e-06 26.096939087 -2.74023342 -0.68000996 2.39839745
		 -1.25851893 -0.68001002 2.9197073 -3.85166645 -0.68001068 14.79723644 -1.75520682 -0.68001068 15.11952877
		 -0.32416892 -0.68001014 5.32986259 -0.46099997 -0.68001032 7.69707823 -2.18208075 -0.6800105 11.0026397705
		 -2.16709375 -0.68001056 12.54849148 -3.83842874 -0.6800105 12.38832951 -4.50832081 -0.68001038 9.66025925
		 -4.25927687 -0.68001026 7.55509949 -2.8598597 -0.68001014 4.86806965 -0.28171301 -0.6800102 6.50850868
		 -3.20708942 -0.6800102 6.168859 -0.85141993 -0.68001032 8.62764168 -4.61773205 -0.68001032 8.60767937
		 2.1753242 -0.68001109 24.13499451 1.35976911 -0.68001103 23.41881943 -0.6884954 -0.68001097 20.91297913
		 -3.67229939 -0.6800108 18.16576004 -0.054611921 -0.6800108 18.66900635 1.054201841 -0.68001097 20.65761566
		 2.93598056 -0.68001103 22.89075089 3.95522666 -0.68001109 23.92477989 -1.30858231 -0.68001068 16.1189003
		 -0.99080801 -0.6800108 16.89059639 -4.42315674 -0.68001074 17.14156151 -4.4829464 -0.68001062 16.018718719
		 -3.68765736 -0.68001062 13.59278297 -2.075412273 -0.68001056 13.81433487 -2.49523473 -0.68001074 15.40144634
		 -1.9420011 -0.68001068 16.018978119 -1.95529389 -0.68001074 16.74518394 -2.53071976 -0.6800108 17.3541069
		 -3.31459761 -0.6800108 17.3355217 -3.85406208 -0.68001074 16.77443123 -3.88119268 -0.68001068 16.02696228
		 -3.33655953 -0.68001068 15.42169094 -1.43167877 -0.68001026 7.39394808 -1.44135475 -0.68001032 8.15831661
		 -1.93939757 -0.68001032 8.64211082 -2.83623052 -0.68001032 8.62260818;
	setAttr ".vt[498:663]" -3.3658874 -0.68001026 8.030021667 -3.32888722 -0.68001026 7.32803392
		 -2.79029918 -0.68001026 6.80061388 -2.0032086372 -0.68001026 6.79854059 1.35976911 -2.3099685e-06 23.41881943
		 2.93598056 -2.2239351e-06 22.89075089 3.95522666 -2.3923997e-06 23.92477798 -1.25851893 1.0297609e-06 2.9197073
		 -2.075412273 -7.4519915e-07 13.81433487 -4.50832081 -6.8414408e-08 9.66025925 -0.28171301 4.4507101e-07 6.50850868
		 -3.20708942 5.0040694e-07 6.168859 -0.054611921 -1.5361256e-06 18.66900635 1.054201841 -1.8601113e-06 20.65761566
		 -1.75520682 -9.578423e-07 15.11952877 -1.30858231 -1.1206606e-06 16.1189003 -1.9420011 -1.1043812e-06 16.018978119
		 -0.99080801 -1.2463858e-06 16.89059639 -2.53071976 -1.3219012e-06 17.3541069 -3.31459761 -1.3188734e-06 17.3355217
		 -3.85406208 -1.2274601e-06 16.77443123 -4.4829464 -1.1043392e-06 16.018718719 -3.33655953 -1.0070708e-06 15.42169094
		 -1.93939757 9.7463101e-08 8.64211082 -2.83623052 1.0064048e-07 8.62260818 -4.61773205 1.0307269e-07 8.60767937
		 -4.25927687 2.7455974e-07 7.55509949 -3.32888722 3.1155338e-07 7.32803392 -2.79029918 3.9748102e-07 6.80061388
		 -2.0032086372 3.9781878e-07 6.79854059 2.1753242 0.68000633 24.13499451 1.35976911 0.6800065 23.41881943
		 2.93598056 0.68000662 22.89075089 3.95522666 0.68000633 23.92477989 -2.74023342 0.68001223 2.39839745
		 -1.25851893 0.68001217 2.9197073 -0.32416892 0.68001145 5.32986259 -2.8598597 0.68001157 4.86806965
		 -2.16709375 0.68000948 12.54849148 -2.075412273 0.68000913 13.81433487 -3.68765736 0.68000919 13.59278297
		 -3.83842874 0.68000954 12.38832951 -4.50832081 0.68001026 9.66025925 -2.18208075 0.6800099 11.0026407242
		 -0.28171301 0.68001115 6.50850868 -3.20708942 0.68001127 6.168859 -0.6884954 0.68000716 20.91297913
		 -3.67229939 0.68000793 18.16576004 -0.054611921 0.68000782 18.66900635 1.054201841 0.68000728 20.65761566
		 -1.75520682 0.68000877 15.11952877 -3.85166645 0.68000889 14.79723644 -1.30858231 0.68000841 16.1189003
		 -1.9420011 0.68000853 16.018978119 -2.49523473 0.68000871 15.40144634 -0.99080801 0.68000829 16.89059639
		 -1.95529389 0.68000835 16.74518394 -2.53071976 0.68000817 17.3541069 -3.31459761 0.68000817 17.3355217
		 -4.42315674 0.68000823 17.14156151 -3.85406208 0.68000835 16.77443123 -4.4829464 0.68000847 16.018718719
		 -3.88119268 0.68000853 16.02696228 -3.33655953 0.68000865 15.42169094 -0.46099997 0.6800108 7.69707823
		 -0.85141993 0.68001056 8.62764168 -1.44135475 0.68001068 8.15831661 -1.43167877 0.68001086 7.39394808
		 -1.93939757 0.68001056 8.64211082 -2.83623052 0.68001056 8.62260818 -4.61773205 0.68001056 8.60767937
		 -3.3658874 0.68001074 8.030021667 -4.25927687 0.68001086 7.55509949 -3.32888722 0.68001097 7.32803392
		 -2.79029918 0.68001109 6.80061388 -2.0032086372 0.68001109 6.79854059 2.1753242 -2.4266483e-06 24.13499451
		 -2.74023342 1.1146932e-06 2.39839745 -0.32416892 6.3709683e-07 5.32986259 -2.8598597 7.1233251e-07 4.86806965
		 -2.16709375 -5.3896713e-07 12.54849148 -3.68765736 -7.091038e-07 13.59278297 -3.83842874 -5.1287338e-07 12.38832951
		 -2.18208075 -2.8711599e-07 11.0026397705 -0.6884954 -1.9017152e-06 20.91297913 -3.67229939 -1.4541364e-06 18.16576004
		 -3.85166645 -9.0533422e-07 14.79723644 -2.49523473 -1.0037725e-06 15.40144634 -1.95529389 -1.2226951e-06 16.74518394
		 -4.42315674 -1.2872731e-06 17.14156151 -3.88119268 -1.105682e-06 16.02696228 -0.46099997 2.5142845e-07 7.69707823
		 -0.85141993 9.9820397e-08 8.62764168 -1.44135475 1.7628315e-07 8.15831661 -1.43167877 3.0081452e-07 7.39394855
		 -3.3658874 1.9718505e-07 8.030021667 2.65252638 -0.25999889 -3.063765526 -0.32521296 -0.25999895 -3.74761868
		 -11.82469845 -0.26000032 -30.64114761 -11.87290382 -0.26000032 -30.57114792 3.78766727 -0.25999951 -15.46045589
		 1.60848331 -0.25999954 -15.53040123 -0.36773634 -0.25999907 -6.1049962 0.15733862 -0.25999919 -8.6981802
		 0.89780307 -0.25999928 -10.81716824 1.6536063 -0.25999942 -13.17302036 3.76982331 -0.25999942 -13.051578522
		 4.43449688 -0.25999928 -10.3222332 4.18142796 -0.25999913 -8.21755219 2.77687526 -0.25999904 -5.5332036
		 -0.26933599 -0.25999913 -7.28345585 3.12659192 -0.2599991 -6.83332682 0.54826522 -0.25999925 -9.75763416
		 4.54189491 -0.25999919 -9.26944542 -7.59115028 -0.26000023 -28.99373245 -3.12695384 -0.26000014 -26.77783966
		 -1.42084861 -0.25999999 -24.3938179 0.63619709 -0.25999984 -21.58223724 3.61474228 -0.25999966 -18.82931519
		 0.35820532 -0.25999969 -18.2588253 -1.1984446 -0.25999981 -20.9114151 -3.38178802 -0.25999996 -23.52012634
		 -5.77675533 -0.26000011 -26.032518387 -8.85444546 -0.26000017 -28.22704697 1.25969613 -0.2599996 -16.48552132
		 0.8416239 -0.25999966 -17.33337212 4.36363983 -0.25999963 -17.80368423 4.42128181 -0.2599996 -16.68072891
		 3.6213553 -0.25999948 -14.25631809 1.70384085 -0.25999948 -14.35157204 2.63626838 -0.25999957 -15.94318867
		 2.014782429 -0.2599996 -16.63957977 2.031310558 -0.25999966 -17.45709419 2.68042016 -0.25999966 -18.14136314
		 3.56284857 -0.25999966 -18.11875343 4.16895533 -0.25999966 -17.4859314 4.19788885 -0.2599996 -16.64439392
		 3.5834527 -0.25999957 -15.96416759 1.44290245 -0.25999916 -8.0045471191 1.45597959 -0.25999922 -8.90200615
		 2.041841984 -0.25999925 -9.46893406 3.094812632 -0.25999925 -9.44402218 3.71537733 -0.25999919 -8.74704838
		 3.6703577 -0.25999916 -7.922894 3.036791325 -0.25999913 -7.30483437 2.11262608 -0.25999913 -7.30416727
		 -7.84105492 -0.2600002 -28.08452034 -5.92287922 -0.26000011 -27.09295845 -6.012923241 -0.26000011 -26.87520981
		 -7.88351822 -0.26000017 -27.97792435 -6.77947903 -0.2600002 -28.5908432 -5.96780682 -0.26000017 -28.18795395
		 -3.93862605 -0.26000014 -27.18072891 -6.48686123 -0.26000011 -26.53121758 -7.25129128 -0.26000017 -27.043622971
		 -8.045403481 -0.2600002 -27.62200737 -7.73046112 -0.26000017 -28.12706947 -7.62873554 -0.2600002 -28.085420609
		 -7.58451557 -0.26000017 -27.98025131 -7.21625423 -0.26000017 -27.70759964 -7.068354607 -0.26000017 -27.76791763
		 -6.91382027 -0.26000017 -27.71175194 -6.85549927 -0.26000017 -27.56513214 -6.46754456 -0.26000017 -27.32096672
		 -6.24028683 -0.26000014 -27.41630173 -6.0107584 -0.26000017 -27.31814957;
	setAttr ".vt[664:829]" -6.24633694 -0.26000011 -26.77936554 -6.46903324 -0.26000011 -26.87822914
		 -6.55715752 -0.26000014 -27.10069656 -6.91623974 -0.26000014 -27.40737915 -7.066331863 -0.26000017 -27.34155655
		 -7.21807861 -0.26000014 -27.40751839 -7.28046703 -0.26000017 -27.55869675 -7.62878323 -0.2600002 -27.87372589
		 -7.73401833 -0.26000017 -27.82966995 -7.84260464 -0.2600002 -27.87417984 -3.12695384 -1.6134062e-06 -26.77783966
		 -1.42084861 -1.2255319e-06 -24.3938179 -4.076519012 -1.0583831e-06 -23.37294006 -6.13082218 -1.451593e-06 -25.79037857
		 1.23136353 6.0160681e-07 -13.17382717 1.30275321 4.0958105e-07 -14.35233879 3.6213553 4.2450245e-07 -14.25631809
		 0.63619709 -7.6810898e-07 -21.58223724 3.61474228 -3.2053015e-07 -18.82931519 -0.21114302 -1.9702213e-07 -18.078544617
		 -2.11365962 -6.356338e-07 -20.77436638 -8.91652012 -1.8312084e-06 -28.12577248 -11.99870205 -2.233724e-06 -30.60229492
		 -11.84876156 -2.2539007e-06 -30.72585297 -7.59115028 -1.9730296e-06 -28.99373245
		 1.059362769 2.1755534e-07 -15.53145218 3.78766727 2.2827206e-07 -15.46045589 0.6358608 7.9362849e-08 -16.38048172
		 0.21235895 -5.8829642e-08 -17.22951317 4.36363983 -1.5366692e-07 -17.80368423 4.42128181 2.9267142e-08 -16.68072891
		 -3.93862605 -1.6787923e-06 -27.18072891 -5.96780682 -1.8422576e-06 -28.18795395 -6.77947903 -1.9076438e-06 -28.5908432
		 -8.15678501 -1.7276769e-06 -27.48884964 -7.39704895 -1.6241455e-06 -26.85192108 -6.63731194 -1.5206141e-06 -26.21499634
		 2.014782429 3.6720962e-08 -16.63957977 2.63626838 1.4998378e-07 -15.94318867 2.68042016 -2.0815764e-07 -18.14136505
		 4.16895533 -1.0183805e-07 -17.4859314 2.041841984 1.204957e-06 -9.46893406 3.094812632 1.2086876e-06 -9.44402218
		 3.71537733 1.3220456e-06 -8.74704838 3.6703577 1.4563311e-06 -7.922894 3.036791325 1.557223e-06 -7.30483437
		 2.11262608 1.5576196e-06 -7.30416727 -7.068354607 -1.7734823e-06 -27.76791763 -5.92287922 -1.6638745e-06 -27.09295845
		 -7.066331863 -1.7040203e-06 -27.34155655 -7.84105492 -1.8248226e-06 -28.08452034
		 -7.88351822 -1.8074428e-06 -27.97792435 -7.28046703 -1.7393301e-06 -27.55869675 -6.46754456 -1.7008521e-06 -27.32096672
		 -6.55715752 -1.6649375e-06 -27.10069656 -6.0107584 -1.7005351e-06 -27.31814957 -7.73046112 -1.8317893e-06 -28.12706947
		 -7.73401833 -1.7833355e-06 -27.82966995 -6.46903324 -1.6287205e-06 -26.87822914 -3.12695384 0.25999686 -26.77783966
		 -1.42084861 0.25999749 -24.3938179 -3.38178802 0.25999776 -23.52012634 -5.77675533 0.25999707 -26.032518387
		 2.65252638 0.26000336 -3.063765526 -0.32521296 0.26000318 -3.74761868 -0.36773634 0.26000252 -6.1049962
		 2.77687526 0.26000267 -5.5332036 1.6536063 0.26000062 -13.17302036 1.70384085 0.26000026 -14.35157204
		 3.6213553 0.26000032 -14.25631809 3.76982331 0.26000062 -13.051578522 4.43449688 0.26000136 -10.3222332
		 0.89780307 0.26000124 -10.81716824 -0.26933599 0.26000223 -7.28345585 3.12659192 0.26000232 -6.83332682
		 0.63619709 0.25999829 -21.58223724 3.61474228 0.25999901 -18.82931519 0.35820532 0.25999922 -18.2588253
		 -1.1984446 0.25999844 -20.9114151 -8.85444546 0.25999647 -28.22704697 -11.87290382 0.25999585 -30.57114792
		 -11.82469845 0.25999579 -30.64114761 -7.59115028 0.25999624 -28.99373245 1.60848331 0.25999996 -15.53040123
		 3.78766727 0.25999993 -15.46045589 1.25969613 0.25999972 -16.48552132 2.014782429 0.25999966 -16.63957977
		 2.63626838 0.25999987 -15.94318867 0.8416239 0.25999948 -17.33337212 2.031310558 0.25999942 -17.45709419
		 2.68042016 0.25999925 -18.14136314 3.56284857 0.25999925 -18.11875343 4.36363983 0.25999928 -17.80368423
		 4.16895533 0.25999942 -17.4859314 4.42128181 0.2599996 -16.68072891 4.19788885 0.25999966 -16.64439392
		 3.5834527 0.25999981 -15.96416759 0.15733862 0.26000181 -8.6981802 0.54826522 0.26000151 -9.75763416
		 1.45597959 0.26000178 -8.90200615 1.44290245 0.26000202 -8.0045471191 2.041841984 0.26000163 -9.46893406
		 3.094812632 0.26000163 -9.44402218 4.54189491 0.26000163 -9.26944542 3.71537733 0.26000181 -8.74704838
		 4.18142796 0.26000193 -8.21755219 3.6703577 0.26000202 -7.922894 3.036791325 0.26000223 -7.30483437
		 2.11262608 0.26000223 -7.30416727 -5.96780682 0.25999647 -28.18795395 -6.91382027 0.25999659 -27.71175194
		 -7.068354607 0.25999659 -27.76791763 -6.012923241 0.25999683 -26.87520981 -5.92287922 0.25999677 -27.09295845
		 -7.25129128 0.25999683 -27.043622971 -7.21807861 0.25999668 -27.40751839 -7.066331863 0.25999671 -27.34155655
		 -7.84105492 0.2599965 -28.08452034 -7.88351822 0.25999653 -27.97792435 -7.28046703 0.25999665 -27.55869675
		 -7.62878323 0.25999656 -27.87372589 -7.58451557 0.25999653 -27.98025131 -7.21625423 0.25999659 -27.70759964
		 -6.85549927 0.25999665 -27.56513214 -6.46754456 0.25999671 -27.32096672 -6.55715752 0.2599968 -27.10069656
		 -6.91623974 0.25999668 -27.40737915 -3.93862605 0.25999674 -27.18072891 -6.0107584 0.25999671 -27.31814957
		 -6.24028683 0.25999668 -27.41630173 -6.77947903 0.25999638 -28.5908432 -7.73046112 0.25999647 -28.12706947
		 -7.62873554 0.2599965 -28.085420609 -8.045403481 0.25999668 -27.62200737 -7.84260464 0.25999656 -27.87417984
		 -7.73401833 0.25999659 -27.82966995 -6.48686123 0.25999695 -26.53121758 -6.24633694 0.25999683 -26.77936554
		 -6.46903324 0.25999683 -26.87822914 2.65252638 2.2482996e-06 -3.063765526 -0.32521296 2.1378135e-06 -3.74761868
		 -0.36773634 1.7537618e-06 -6.1049962 2.77687526 1.8459388e-06 -5.5332036 3.76982331 6.2073286e-07 -13.051578522
		 4.43449688 1.0651918e-06 -10.3222332 0.5055325 9.8565852e-07 -10.81791878 -0.407938 1.561736e-06 -7.28372097
		 3.12659192 1.6340132e-06 -6.83332682 2.031310558 -9.6473855e-08 -17.45709419 3.56284857 -2.0474891e-07 -18.11875343
		 4.19788885 3.5256676e-08 -16.64439392 3.5834527 1.4627074e-07 -15.96416759 -0.13035727 1.3311156e-06 -8.69873047
		 0.18758774 1.1583871e-06 -9.75832367 1.45597959 1.2975036e-06 -8.90200615 1.44290257 1.4437221e-06 -8.0045471191
		 4.54189491 1.2366789e-06 -9.26944542 4.18142796 1.408166e-06 -8.21755219 -6.91382027 -1.7643798e-06 -27.71175194
		 -6.012923241 -1.6283706e-06 -26.87520981 -7.21807861 -1.7147191e-06 -27.40751839
		 -7.62878323 -1.790546e-06 -27.87372589 -7.58451557 -1.8079151e-06 -27.98025131 -7.21625423 -1.7636095e-06 -27.70759964
		 -6.91623974 -1.7147903e-06 -27.40737915 -6.85549927 -1.7405106e-06 -27.56513214;
	setAttr ".vt[830:971]" -6.24028683 -1.7164547e-06 -27.41630173 -7.62873554 -1.8250354e-06 -28.085420609
		 -7.84260464 -1.7905535e-06 -27.87417984 -6.24633694 -1.6126831e-06 -26.77936554 2.909271 -0.68000883 -3.063274384
		 1.42855644 -0.68000889 -3.58741665 4.044412136 -0.68000954 -15.45996475 1.94857264 -0.68000954 -15.78626537
		 0.49881697 -0.68000901 -5.99935389 0.64017451 -0.68000919 -8.36630344 2.36757326 -0.68000937 -11.66856766
		 2.35554218 -0.68000942 -13.21444511 4.026567936 -0.68000937 -13.051087379 4.69124174 -0.68000925 -10.32174206
		 4.43817282 -0.68000913 -8.217062 3.033619881 -0.68000901 -5.53271294 0.45861506 -0.68000907 -7.17807913
		 3.38333654 -0.68000907 -6.83283567 1.03237319 -0.68000919 -9.29611874 4.79863977 -0.68000919 -9.26895428
		 -1.96471143 -0.68000996 -24.8092308 -1.150527 -0.6800099 -24.091499329 0.89294171 -0.68000984 -21.58174515
		 3.87148666 -0.68000966 -18.828825 0.25476861 -0.68000966 -19.33898926 -0.85024071 -0.68000984 -21.32971573
		 -2.72774577 -0.6800099 -23.56644249 -3.74501252 -0.68000996 -24.60242081 1.50386 -0.68000954 -16.78648949
		 1.18756199 -0.68000966 -17.55879211 4.62038422 -0.6800096 -17.80319214 4.6780262 -0.68000948 -16.68023872
		 3.87809992 -0.68000948 -14.25582695 2.2662816 -0.68000942 -14.48046112 2.68913817 -0.6800096 -16.066768646
		 2.13708663 -0.68000954 -16.68535614 2.15176797 -0.6800096 -17.41153526 2.72835732 -0.68000966 -18.019355774
		 3.51219797 -0.68000966 -17.99927139 4.050588608 -0.6800096 -17.43715096 4.076289654 -0.68000954 -16.68963242
		 3.53050017 -0.68000954 -16.085403442 1.61027181 -0.68000913 -8.061317444 1.62140942 -0.68000919 -8.82566643
		 2.12037659 -0.68000919 -9.30850697 3.017170429 -0.68000919 -9.28728962 3.54569316 -0.68000913 -8.69369125
		 3.50735068 -0.68000913 -7.99177599 2.96775508 -0.68000913 -7.46538687 2.18066216 -0.68000913 -7.46481848
		 -1.150527 -1.1763623e-06 -24.091499329 -2.72774577 -1.0903287e-06 -23.56644249 -3.74501252 -1.2587934e-06 -24.6024189
		 1.42855644 2.1633673e-06 -3.58741665 2.2662816 3.884071e-07 -14.48046112 4.69124174 1.0651918e-06 -10.32174206
		 0.45861506 1.5786773e-06 -7.17807913 3.38333654 1.6340132e-06 -6.83283567 0.25476861 -4.0251939e-07 -19.33898926
		 -0.85024071 -7.2650505e-07 -21.32971573 1.94857264 1.7576397e-07 -15.78626537 1.50386 1.2945634e-08 -16.78648949
		 2.13708663 2.9224964e-08 -16.68535614 1.18756199 -1.127795e-07 -17.55879211 2.72835732 -1.8829496e-07 -18.019355774
		 3.51219797 -1.8526714e-07 -17.99927139 4.050588608 -9.3853828e-08 -17.43715096 4.6780262 2.9267142e-08 -16.68023872
		 3.53050017 1.2653553e-07 -16.085403442 2.12037659 1.2310693e-06 -9.30850697 3.017170429 1.2342467e-06 -9.28728962
		 4.79863977 1.2366789e-06 -9.26895428 4.43817282 1.408166e-06 -8.217062 3.50735068 1.4451596e-06 -7.99177599
		 2.96775508 1.5310873e-06 -7.46538687 2.18066216 1.531425e-06 -7.46481848 -1.96471143 0.68000746 -24.8092308
		 -1.150527 0.68000764 -24.091499329 -2.72774577 0.68000776 -23.56644249 -3.74501252 0.68000746 -24.60242081
		 2.909271 0.68001336 -3.063274384 1.42855644 0.6800133 -3.58741665 0.49881697 0.68001258 -5.99935389
		 3.033619881 0.6800127 -5.53271294 2.35554218 0.68001062 -13.21444511 2.2662816 0.68001026 -14.48046112
		 3.87809992 0.68001032 -14.25582695 4.026567936 0.68001068 -13.051087379 4.69124174 0.68001139 -10.32174206
		 2.36757326 0.68001103 -11.66856861 0.45861506 0.68001229 -7.17807913 3.38333654 0.6800124 -6.83283567
		 0.89294171 0.68000829 -21.58174515 3.87148666 0.68000907 -18.828825 0.25476861 0.68000895 -19.33898926
		 -0.85024071 0.68000841 -21.32971573 1.94857264 0.6800099 -15.78626537 4.044412136 0.68001002 -15.45996475
		 1.50386 0.68000954 -16.78648949 2.13708663 0.68000966 -16.68535614 2.68913817 0.68000984 -16.066768646
		 1.18756199 0.68000942 -17.55879211 2.15176797 0.68000948 -17.41153526 2.72835732 0.68000931 -18.019355774
		 3.51219797 0.68000931 -17.99927139 4.62038422 0.68000937 -17.80319214 4.050588608 0.68000948 -17.43715096
		 4.6780262 0.6800096 -16.68023872 4.076289654 0.68000966 -16.68963242 3.53050017 0.68000978 -16.085403442
		 0.64017451 0.68001193 -8.36630344 1.03237319 0.68001169 -9.29611874 1.62140942 0.68001181 -8.82566643
		 1.61027181 0.68001199 -8.061317444 2.12037659 0.68001169 -9.30850697 3.017170429 0.68001169 -9.28728962
		 4.79863977 0.68001169 -9.26895428 3.54569316 0.68001187 -8.69369125 4.43817282 0.68001199 -8.217062
		 3.50735068 0.68001211 -7.99177599 2.96775508 0.68001223 -7.46538687 2.18066216 0.68001223 -7.46481848
		 -1.96471143 -1.293042e-06 -24.8092308 2.909271 2.2482996e-06 -3.063274384 0.49881697 1.7707031e-06 -5.99935389
		 3.033619881 1.8459388e-06 -5.53271294 2.35554218 5.9463912e-07 -13.21444511 3.87809992 4.2450245e-07 -14.25582695
		 4.026567936 6.2073286e-07 -13.051087379 2.36757326 8.4649025e-07 -11.66856766 0.89294171 -7.6810898e-07 -21.58174515
		 3.87148666 -3.2053015e-07 -18.828825 4.044412136 2.2827206e-07 -15.45996475 2.68913817 1.2983372e-07 -16.066768646
		 2.15176797 -8.9088871e-08 -17.41153526 4.62038422 -1.5366692e-07 -17.80319214 4.076289654 2.7924273e-08 -16.68963242
		 0.64017451 1.3850347e-06 -8.36630344 1.03237319 1.2334267e-06 -9.29611874 1.62140942 1.3098894e-06 -8.82566643
		 1.61027181 1.4344207e-06 -8.061317444 3.54569316 1.3307913e-06 -8.69369125;
	setAttr -s 2008 ".ed";
	setAttr ".ed[0:165]"  0 96 0 96 97 0 97 3 0 3 0 0 1 2 0 2 5 0 5 4 0 4 1 0
		 64 65 0 65 66 0 66 67 0 67 64 0 7 8 0 8 11 0 11 10 0 10 7 0 9 108 0 108 112 0 112 12 0
		 12 9 0 68 69 0 69 70 0 70 71 0 71 68 0 112 118 0 118 15 0 15 12 0 13 14 0 14 17 0
		 17 16 0 16 13 0 72 73 0 73 74 0 74 75 0 75 72 0 19 20 0 20 23 0 23 22 0 22 19 0 76 77 0
		 77 78 0 78 79 0 79 76 0 24 132 0 132 138 0 138 27 0 27 24 0 25 26 0 26 29 0 29 28 0
		 28 25 0 138 142 0 142 30 0 30 27 0 80 81 0 81 82 0 82 83 0 83 80 0 142 148 0 148 33 0
		 33 30 0 31 32 0 32 35 0 35 34 0 34 31 0 148 152 0 152 36 0 36 33 0 84 85 0 85 86 0
		 86 87 0 87 84 0 152 158 0 158 39 0 39 36 0 37 38 0 38 41 0 41 40 0 40 37 0 158 162 0
		 162 42 0 42 39 0 88 89 0 89 90 0 90 91 0 91 88 0 162 168 0 168 45 0 45 42 0 43 44 0
		 44 47 0 47 46 0 46 43 0 168 96 0 0 45 0 94 95 0 95 92 0 92 93 0 93 94 0 4 49 0 49 48 0
		 48 1 0 4 7 0 7 50 0 50 49 0 10 51 0 51 50 0 10 13 0 13 52 0 52 51 0 16 53 0 53 52 0
		 16 19 0 19 54 0 54 53 0 22 55 0 55 54 0 22 25 0 25 56 0 56 55 0 28 57 0 57 56 0 28 31 0
		 31 58 0 58 57 0 34 59 0 59 58 0 34 37 0 37 60 0 60 59 0 40 61 0 61 60 0 40 43 0 43 62 0
		 62 61 0 46 63 0 63 62 0 46 1 0 48 63 0 5 65 0 64 4 0 5 8 0 8 66 0 7 67 0 11 69 0
		 68 10 0 11 14 0 14 70 0 13 71 0 17 73 0 72 16 0 17 20 0 20 74 0 19 75 0 23 77 0 76 22 0
		 23 26 0 26 78 0 25 79 0 29 81 0 80 28 0 29 32 0 32 82 0 31 83 0 35 85 0 84 34 0;
	setAttr ".ed[166:331]" 35 38 0 38 86 0 37 87 0 41 89 0 88 40 0 41 44 0 44 90 0
		 43 91 0 1 93 0 92 2 0 46 94 0 47 95 0 47 2 0 3 5 0 2 0 0 3 6 0 6 8 0 6 9 0 9 11 0
		 12 14 0 15 17 0 15 18 0 18 20 0 18 21 0 21 23 0 21 24 0 24 26 0 27 29 0 30 32 0 33 35 0
		 36 38 0 39 41 0 42 44 0 45 47 0 49 176 0 176 177 0 177 48 0 53 181 0 181 180 0 180 52 0
		 54 182 0 182 181 0 62 190 0 190 189 0 189 61 0 63 191 0 191 190 0 177 191 0 98 101 0
		 101 100 0 100 99 0 99 98 0 97 102 0 102 6 0 103 106 0 106 105 0 105 104 0 104 103 0
		 102 108 0 109 111 0 111 110 0 110 107 0 107 109 0 113 116 0 116 115 0 115 114 0 114 113 0
		 119 121 0 121 120 0 120 117 0 117 119 0 118 122 0 122 18 0 123 126 0 126 125 0 125 124 0
		 124 123 0 122 128 0 128 21 0 129 131 0 131 130 0 130 127 0 127 129 0 128 132 0 133 136 0
		 136 135 0 135 134 0 134 133 0 139 141 0 141 140 0 140 137 0 137 139 0 143 146 0 146 145 0
		 145 144 0 144 143 0 149 151 0 151 150 0 150 147 0 147 149 0 153 156 0 156 155 0 155 154 0
		 154 153 0 159 161 0 161 160 0 160 157 0 157 159 0 163 166 0 166 165 0 165 164 0 164 163 0
		 169 171 0 171 170 0 170 167 0 167 169 0 172 175 0 175 174 0 174 173 0 173 172 0 98 177 0
		 176 101 0 176 178 0 178 109 0 109 101 0 178 179 0 179 111 0 179 180 0 180 119 0 119 111 0
		 181 121 0 182 129 0 129 121 0 182 183 0 183 131 0 183 184 0 184 139 0 139 131 0 184 185 0
		 185 141 0 185 186 0 186 149 0 149 141 0 186 187 0 187 151 0 187 188 0 188 159 0 159 151 0
		 188 189 0 189 161 0 190 169 0 169 161 0 191 171 0 98 171 0 101 103 0 104 100 0 105 107 0
		 107 100 0 106 109 0 111 113 0 114 110 0 115 117 0 117 110 0 116 119 0 121 123 0 124 120 0;
	setAttr ".ed[332:497]" 125 127 0 127 120 0 126 129 0 131 133 0 134 130 0 135 137 0
		 137 130 0 136 139 0 141 143 0 144 140 0 145 147 0 147 140 0 146 149 0 151 153 0 154 150 0
		 155 157 0 157 150 0 156 159 0 161 163 0 164 160 0 165 167 0 167 160 0 166 169 0 99 174 0
		 175 98 0 172 171 0 173 170 0 99 170 0 100 97 0 96 99 0 107 102 0 110 108 0 117 112 0
		 120 118 0 127 122 0 130 128 0 137 132 0 140 138 0 147 142 0 150 148 0 157 152 0 160 158 0
		 167 162 0 170 168 0 50 178 0 51 179 0 55 183 0 56 184 0 57 185 0 58 186 0 59 187 0
		 60 188 0 195 193 0 193 192 0 192 194 0 194 195 0 197 195 0 194 196 0 196 197 0 198 199 0
		 199 201 0 201 200 0 200 198 0 201 203 0 203 202 0 202 200 0 195 201 0 199 193 0 198 192 0
		 200 194 0 197 203 0 202 196 0 207 205 0 205 204 0 204 206 0 206 207 0 209 207 0 206 208 0
		 208 209 0 210 211 0 211 213 0 213 212 0 212 210 0 213 215 0 215 214 0 214 212 0 207 213 0
		 211 205 0 210 204 0 212 206 0 209 215 0 214 208 0 235 236 0 236 241 0 241 242 0 242 235 0
		 216 217 0 217 222 0 222 229 0 229 216 0 225 249 0 249 248 0 248 226 0 226 225 0 226 227 0
		 227 224 0 224 225 0 222 230 0 230 231 0 231 229 0 237 238 0 238 239 0 239 240 0 240 237 0
		 236 237 0 240 241 0 243 219 0 219 218 0 218 234 0 234 243 0 249 221 0 221 220 0 220 248 0
		 221 244 0 244 251 0 251 250 0 250 221 0 244 245 0 245 252 0 252 251 0 245 239 0 239 253 0
		 253 252 0 238 254 0 254 253 0 238 246 0 246 255 0 255 254 0 246 247 0 247 256 0 256 255 0
		 247 220 0 220 257 0 257 256 0 250 257 0 223 232 0 232 259 0 259 258 0 258 223 0 232 224 0
		 224 260 0 260 259 0 227 261 0 261 260 0 227 233 0 233 262 0 262 261 0 233 228 0 228 263 0
		 263 262 0 228 231 0 231 264 0 264 263 0 230 265 0 265 264 0 230 223 0;
	setAttr ".ed[498:663]" 258 265 0 271 281 0 281 280 0 280 271 0 242 268 0 268 267 0
		 267 235 0 274 291 0 291 290 0 290 274 0 234 266 0 266 269 0 269 243 0 292 293 0 293 278 0
		 278 279 0 279 292 0 282 283 0 283 288 0 288 289 0 289 282 0 272 235 0 267 285 0 285 272 0
		 285 284 0 284 272 0 284 271 0 271 272 0 271 283 0 282 271 0 282 281 0 234 270 0 270 276 0
		 276 266 0 277 276 0 270 277 0 278 277 0 270 278 0 270 271 0 280 279 0 279 270 0 275 243 0
		 269 295 0 295 275 0 295 294 0 294 275 0 294 293 0 293 275 0 274 275 0 292 274 0 292 291 0
		 242 273 0 273 286 0 286 268 0 287 286 0 273 287 0 273 274 0 274 288 0 288 287 0 274 289 0
		 290 289 0 235 296 0 296 297 0 297 236 0 241 298 0 298 299 0 299 242 0 216 425 0 425 426 0
		 426 217 0 426 427 0 427 222 0 229 428 0 428 425 0 225 300 0 300 301 0 301 249 0 248 302 0
		 302 429 0 429 226 0 429 430 0 430 227 0 224 431 0 431 300 0 427 432 0 432 230 0 231 433 0
		 433 428 0 237 303 0 303 304 0 304 238 0 239 305 0 305 306 0 306 240 0 297 303 0 306 298 0
		 243 307 0 307 308 0 308 219 0 308 309 0 309 218 0 309 310 0 310 234 0 301 311 0 311 221 0
		 220 312 0 312 302 0 311 313 0 313 244 0 251 323 0 323 324 0 324 250 0 313 314 0 314 245 0
		 252 434 0 434 323 0 314 305 0 253 325 0 325 434 0 254 435 0 435 325 0 304 315 0 315 246 0
		 255 326 0 326 435 0 315 316 0 316 247 0 256 436 0 436 326 0 316 312 0 257 437 0 437 436 0
		 324 437 0 223 438 0 438 439 0 439 232 0 259 440 0 440 441 0 441 258 0 439 431 0 260 327 0
		 327 440 0 261 328 0 328 327 0 430 442 0 442 233 0 262 329 0 329 328 0 442 443 0 443 228 0
		 263 330 0 330 329 0 443 433 0 264 331 0 331 330 0 265 332 0 332 331 0 432 438 0 441 332 0
		 281 444 0 444 333 0 333 280 0 268 445 0 445 334 0 334 267 0 291 446 0;
	setAttr ".ed[664:829]" 446 335 0 335 290 0 266 336 0 336 337 0 337 269 0 293 447 0
		 447 448 0 448 278 0 279 449 0 449 338 0 338 292 0 283 339 0 339 340 0 340 288 0 289 450 0
		 450 451 0 451 282 0 272 317 0 317 296 0 334 341 0 341 285 0 341 452 0 452 284 0 452 339 0
		 283 284 0 271 318 0 318 317 0 451 444 0 310 319 0 319 270 0 276 342 0 342 336 0 277 453 0
		 453 342 0 448 453 0 319 318 0 333 449 0 275 320 0 320 307 0 337 454 0 454 295 0 454 343 0
		 343 294 0 343 447 0 274 321 0 321 320 0 338 446 0 299 322 0 322 273 0 286 455 0 455 445 0
		 287 344 0 344 455 0 322 321 0 340 344 0 335 450 0 345 348 0 348 347 0 347 346 0 346 345 0
		 349 352 0 352 351 0 351 350 0 350 349 0 353 356 0 356 355 0 355 354 0 354 353 0 353 358 0
		 358 357 0 357 356 0 352 360 0 360 359 0 359 351 0 361 364 0 364 363 0 363 362 0 362 361 0
		 347 364 0 361 346 0 365 368 0 368 367 0 367 366 0 366 365 0 355 370 0 370 369 0 369 354 0
		 369 373 0 373 372 0 372 371 0 371 369 0 372 375 0 375 374 0 374 371 0 375 376 0 376 363 0
		 363 374 0 376 377 0 377 362 0 377 379 0 379 378 0 378 362 0 379 381 0 381 380 0 380 378 0
		 381 382 0 382 370 0 370 380 0 382 373 0 383 386 0 386 385 0 385 384 0 384 383 0 385 387 0
		 387 358 0 358 384 0 387 388 0 388 357 0 388 390 0 390 389 0 389 357 0 390 392 0 392 391 0
		 391 389 0 392 393 0 393 360 0 360 391 0 393 394 0 394 359 0 394 386 0 383 359 0 395 397 0
		 397 396 0 396 395 0 345 399 0 399 398 0 398 348 0 400 402 0 402 401 0 401 400 0 365 404 0
		 404 403 0 403 368 0 405 408 0 408 407 0 407 406 0 406 405 0 409 412 0 412 411 0 411 410 0
		 410 409 0 413 414 0 414 399 0 345 413 0 413 415 0 415 414 0 415 395 0 395 410 0 410 415 0
		 395 409 0 396 409 0 403 417 0 417 416 0 416 368 0 418 416 0 417 418 0;
	setAttr ".ed[830:995]" 407 416 0 418 407 0 416 408 0 408 397 0 395 416 0 419 420 0
		 420 404 0 365 419 0 419 421 0 421 420 0 419 406 0 406 421 0 400 405 0 419 400 0 401 405 0
		 398 423 0 423 422 0 422 348 0 424 422 0 423 424 0 424 411 0 411 400 0 400 422 0 412 400 0
		 412 402 0 296 345 0 346 297 0 298 347 0 348 299 0 425 349 0 350 426 0 351 427 0 428 352 0
		 300 353 0 354 301 0 302 355 0 356 429 0 357 430 0 431 358 0 359 432 0 433 360 0 303 361 0
		 362 304 0 305 363 0 364 306 0 307 365 0 366 308 0 367 309 0 368 310 0 369 311 0 312 370 0
		 371 313 0 323 372 0 373 324 0 374 314 0 434 375 0 325 376 0 435 377 0 378 315 0 326 379 0
		 380 316 0 436 381 0 437 382 0 438 383 0 384 439 0 440 385 0 386 441 0 327 387 0 328 388 0
		 389 442 0 329 390 0 391 443 0 330 392 0 331 393 0 332 394 0 444 396 0 397 333 0 445 398 0
		 399 334 0 446 401 0 402 335 0 336 403 0 404 337 0 447 406 0 407 448 0 449 408 0 405 338 0
		 339 410 0 411 340 0 450 412 0 409 451 0 317 413 0 414 341 0 415 452 0 318 395 0 395 413 0
		 416 319 0 342 417 0 453 418 0 320 419 0 420 454 0 421 343 0 321 400 0 422 322 0 455 423 0
		 344 424 0 472 473 0 473 478 0 478 479 0 479 472 0 456 457 0 457 460 0 460 467 0 467 456 0
		 463 485 0 485 484 0 484 464 0 464 463 0 464 465 0 465 462 0 462 463 0 460 468 0 468 469 0
		 469 467 0 474 475 0 475 476 0 476 477 0 477 474 0 473 474 0 477 478 0 485 459 0 459 458 0
		 458 484 0 459 480 0 480 487 0 487 486 0 486 459 0 480 481 0 481 488 0 488 487 0 481 476 0
		 476 489 0 489 488 0 475 490 0 490 489 0 475 482 0 482 491 0 491 490 0 482 483 0 483 492 0
		 492 491 0 483 458 0 458 493 0 493 492 0 486 493 0 461 470 0 470 495 0 495 494 0 494 461 0
		 470 462 0 462 496 0 496 495 0 465 497 0 497 496 0 465 471 0 471 498 0;
	setAttr ".ed[996:1161]" 498 497 0 471 466 0 466 499 0 499 498 0 466 469 0 469 500 0
		 500 499 0 468 501 0 501 500 0 468 461 0 494 501 0 472 574 0 574 502 0 502 473 0 478 503 0
		 503 504 0 504 479 0 504 574 0 456 575 0 575 505 0 505 457 0 505 576 0 576 460 0 467 577 0
		 577 575 0 463 578 0 578 506 0 506 485 0 484 579 0 579 580 0 580 464 0 580 507 0 507 465 0
		 462 581 0 581 578 0 576 508 0 508 468 0 469 509 0 509 577 0 474 582 0 582 583 0 583 475 0
		 476 510 0 510 511 0 511 477 0 502 582 0 511 503 0 506 512 0 512 459 0 458 584 0 584 579 0
		 512 513 0 513 480 0 487 514 0 514 585 0 585 486 0 513 515 0 515 481 0 488 586 0 586 514 0
		 515 510 0 489 516 0 516 586 0 490 517 0 517 516 0 583 587 0 587 482 0 491 518 0 518 517 0
		 587 519 0 519 483 0 492 588 0 588 518 0 519 584 0 493 520 0 520 588 0 585 520 0 461 589 0
		 589 590 0 590 470 0 495 591 0 591 592 0 592 494 0 590 581 0 496 521 0 521 591 0 497 522 0
		 522 521 0 507 523 0 523 471 0 498 593 0 593 522 0 523 524 0 524 466 0 499 525 0 525 593 0
		 524 509 0 500 526 0 526 525 0 501 527 0 527 526 0 508 589 0 592 527 0 528 531 0 531 530 0
		 530 529 0 529 528 0 532 535 0 535 534 0 534 533 0 533 532 0 536 539 0 539 538 0 538 537 0
		 537 536 0 536 541 0 541 540 0 540 539 0 535 543 0 543 542 0 542 534 0 544 547 0 547 546 0
		 546 545 0 545 544 0 530 547 0 544 529 0 538 549 0 549 548 0 548 537 0 548 552 0 552 551 0
		 551 550 0 550 548 0 551 554 0 554 553 0 553 550 0 554 555 0 555 546 0 546 553 0 555 556 0
		 556 545 0 556 558 0 558 557 0 557 545 0 558 560 0 560 559 0 559 557 0 560 561 0 561 549 0
		 549 559 0 561 552 0 562 565 0 565 564 0 564 563 0 563 562 0 564 566 0 566 541 0 541 563 0
		 566 567 0 567 540 0 567 569 0 569 568 0 568 540 0 569 571 0 571 570 0;
	setAttr ".ed[1162:1327]" 570 568 0 571 572 0 572 543 0 543 570 0 572 573 0 573 542 0
		 573 565 0 562 542 0 574 528 0 529 502 0 503 530 0 531 504 0 575 532 0 533 505 0 534 576 0
		 577 535 0 578 536 0 537 506 0 579 538 0 539 580 0 540 507 0 581 541 0 542 508 0 509 543 0
		 582 544 0 545 583 0 510 546 0 547 511 0 548 512 0 584 549 0 550 513 0 514 551 0 552 585 0
		 553 515 0 586 554 0 516 555 0 517 556 0 557 587 0 518 558 0 559 519 0 588 560 0 520 561 0
		 589 562 0 563 590 0 591 564 0 565 592 0 521 566 0 522 567 0 568 523 0 593 569 0 570 524 0
		 525 571 0 526 572 0 527 573 0 613 614 0 614 619 0 619 620 0 620 613 0 594 595 0 595 600 0
		 600 607 0 607 594 0 603 627 0 627 626 0 626 604 0 604 603 0 604 605 0 605 602 0 602 603 0
		 600 608 0 608 609 0 609 607 0 615 616 0 616 617 0 617 618 0 618 615 0 614 615 0 618 619 0
		 621 597 0 597 596 0 596 612 0 612 621 0 627 599 0 599 598 0 598 626 0 599 622 0 622 629 0
		 629 628 0 628 599 0 622 623 0 623 630 0 630 629 0 623 617 0 617 631 0 631 630 0 616 632 0
		 632 631 0 616 624 0 624 633 0 633 632 0 624 625 0 625 634 0 634 633 0 625 598 0 598 635 0
		 635 634 0 628 635 0 601 610 0 610 637 0 637 636 0 636 601 0 610 602 0 602 638 0 638 637 0
		 605 639 0 639 638 0 605 611 0 611 640 0 640 639 0 611 606 0 606 641 0 641 640 0 606 609 0
		 609 642 0 642 641 0 608 643 0 643 642 0 608 601 0 636 643 0 649 659 0 659 658 0 658 649 0
		 620 646 0 646 645 0 645 613 0 652 669 0 669 668 0 668 652 0 612 644 0 644 647 0 647 621 0
		 670 671 0 671 656 0 656 657 0 657 670 0 660 661 0 661 666 0 666 667 0 667 660 0 650 613 0
		 645 663 0 663 650 0 663 662 0 662 650 0 662 649 0 649 650 0 649 661 0 660 649 0 660 659 0
		 612 648 0 648 654 0 654 644 0 655 654 0 648 655 0 656 655 0 648 656 0;
	setAttr ".ed[1328:1493]" 648 649 0 658 657 0 657 648 0 653 621 0 647 673 0 673 653 0
		 673 672 0 672 653 0 672 671 0 671 653 0 652 653 0 670 652 0 670 669 0 620 651 0 651 664 0
		 664 646 0 665 664 0 651 665 0 651 652 0 652 666 0 666 665 0 652 667 0 668 667 0 613 674 0
		 674 675 0 675 614 0 619 676 0 676 677 0 677 620 0 594 803 0 803 804 0 804 595 0 804 805 0
		 805 600 0 607 806 0 806 803 0 603 678 0 678 679 0 679 627 0 626 680 0 680 807 0 807 604 0
		 807 808 0 808 605 0 602 809 0 809 678 0 805 810 0 810 608 0 609 811 0 811 806 0 615 681 0
		 681 682 0 682 616 0 617 683 0 683 684 0 684 618 0 675 681 0 684 676 0 621 685 0 685 686 0
		 686 597 0 686 687 0 687 596 0 687 688 0 688 612 0 679 689 0 689 599 0 598 690 0 690 680 0
		 689 691 0 691 622 0 629 701 0 701 702 0 702 628 0 691 692 0 692 623 0 630 812 0 812 701 0
		 692 683 0 631 703 0 703 812 0 632 813 0 813 703 0 682 693 0 693 624 0 633 704 0 704 813 0
		 693 694 0 694 625 0 634 814 0 814 704 0 694 690 0 635 815 0 815 814 0 702 815 0 601 816 0
		 816 817 0 817 610 0 637 818 0 818 819 0 819 636 0 817 809 0 638 705 0 705 818 0 639 706 0
		 706 705 0 808 820 0 820 611 0 640 707 0 707 706 0 820 821 0 821 606 0 641 708 0 708 707 0
		 821 811 0 642 709 0 709 708 0 643 710 0 710 709 0 810 816 0 819 710 0 659 822 0 822 711 0
		 711 658 0 646 823 0 823 712 0 712 645 0 669 824 0 824 713 0 713 668 0 644 714 0 714 715 0
		 715 647 0 671 825 0 825 826 0 826 656 0 657 827 0 827 716 0 716 670 0 661 717 0 717 718 0
		 718 666 0 667 828 0 828 829 0 829 660 0 650 695 0 695 674 0 712 719 0 719 663 0 719 830 0
		 830 662 0 830 717 0 661 662 0 649 696 0 696 695 0 829 822 0 688 697 0 697 648 0 654 720 0
		 720 714 0 655 831 0 831 720 0 826 831 0 697 696 0 711 827 0 653 698 0;
	setAttr ".ed[1494:1659]" 698 685 0 715 832 0 832 673 0 832 721 0 721 672 0 721 825 0
		 652 699 0 699 698 0 716 824 0 677 700 0 700 651 0 664 833 0 833 823 0 665 722 0 722 833 0
		 700 699 0 718 722 0 713 828 0 723 726 0 726 725 0 725 724 0 724 723 0 727 730 0 730 729 0
		 729 728 0 728 727 0 731 734 0 734 733 0 733 732 0 732 731 0 731 736 0 736 735 0 735 734 0
		 730 738 0 738 737 0 737 729 0 739 742 0 742 741 0 741 740 0 740 739 0 725 742 0 739 724 0
		 743 746 0 746 745 0 745 744 0 744 743 0 733 748 0 748 747 0 747 732 0 747 751 0 751 750 0
		 750 749 0 749 747 0 750 753 0 753 752 0 752 749 0 753 754 0 754 741 0 741 752 0 754 755 0
		 755 740 0 755 757 0 757 756 0 756 740 0 757 759 0 759 758 0 758 756 0 759 760 0 760 748 0
		 748 758 0 760 751 0 761 764 0 764 763 0 763 762 0 762 761 0 763 765 0 765 736 0 736 762 0
		 765 766 0 766 735 0 766 768 0 768 767 0 767 735 0 768 770 0 770 769 0 769 767 0 770 771 0
		 771 738 0 738 769 0 771 772 0 772 737 0 772 764 0 761 737 0 773 775 0 775 774 0 774 773 0
		 723 777 0 777 776 0 776 726 0 778 780 0 780 779 0 779 778 0 743 782 0 782 781 0 781 746 0
		 783 786 0 786 785 0 785 784 0 784 783 0 787 790 0 790 789 0 789 788 0 788 787 0 791 792 0
		 792 777 0 723 791 0 791 793 0 793 792 0 793 773 0 773 788 0 788 793 0 773 787 0 774 787 0
		 781 795 0 795 794 0 794 746 0 796 794 0 795 796 0 785 794 0 796 785 0 794 786 0 786 775 0
		 773 794 0 797 798 0 798 782 0 743 797 0 797 799 0 799 798 0 797 784 0 784 799 0 778 783 0
		 797 778 0 779 783 0 776 801 0 801 800 0 800 726 0 802 800 0 801 802 0 802 789 0 789 778 0
		 778 800 0 790 778 0 790 780 0 674 723 0 724 675 0 676 725 0 726 677 0 803 727 0 728 804 0
		 729 805 0 806 730 0 678 731 0 732 679 0 680 733 0 734 807 0 735 808 0;
	setAttr ".ed[1660:1825]" 809 736 0 737 810 0 811 738 0 681 739 0 740 682 0 683 741 0
		 742 684 0 685 743 0 744 686 0 745 687 0 746 688 0 747 689 0 690 748 0 749 691 0 701 750 0
		 751 702 0 752 692 0 812 753 0 703 754 0 813 755 0 756 693 0 704 757 0 758 694 0 814 759 0
		 815 760 0 816 761 0 762 817 0 818 763 0 764 819 0 705 765 0 706 766 0 767 820 0 707 768 0
		 769 821 0 708 770 0 709 771 0 710 772 0 822 774 0 775 711 0 823 776 0 777 712 0 824 779 0
		 780 713 0 714 781 0 782 715 0 825 784 0 785 826 0 827 786 0 783 716 0 717 788 0 789 718 0
		 828 790 0 787 829 0 695 791 0 792 719 0 793 830 0 696 773 0 773 791 0 794 697 0 720 795 0
		 831 796 0 698 797 0 798 832 0 799 721 0 699 778 0 800 700 0 833 801 0 722 802 0 850 851 0
		 851 856 0 856 857 0 857 850 0 834 835 0 835 838 0 838 845 0 845 834 0 841 863 0 863 862 0
		 862 842 0 842 841 0 842 843 0 843 840 0 840 841 0 838 846 0 846 847 0 847 845 0 852 853 0
		 853 854 0 854 855 0 855 852 0 851 852 0 855 856 0 863 837 0 837 836 0 836 862 0 837 858 0
		 858 865 0 865 864 0 864 837 0 858 859 0 859 866 0 866 865 0 859 854 0 854 867 0 867 866 0
		 853 868 0 868 867 0 853 860 0 860 869 0 869 868 0 860 861 0 861 870 0 870 869 0 861 836 0
		 836 871 0 871 870 0 864 871 0 839 848 0 848 873 0 873 872 0 872 839 0 848 840 0 840 874 0
		 874 873 0 843 875 0 875 874 0 843 849 0 849 876 0 876 875 0 849 844 0 844 877 0 877 876 0
		 844 847 0 847 878 0 878 877 0 846 879 0 879 878 0 846 839 0 872 879 0 850 952 0 952 880 0
		 880 851 0 856 881 0 881 882 0 882 857 0 882 952 0 834 953 0 953 883 0 883 835 0 883 954 0
		 954 838 0 845 955 0 955 953 0 841 956 0 956 884 0 884 863 0 862 957 0 957 958 0 958 842 0
		 958 885 0 885 843 0 840 959 0 959 956 0 954 886 0 886 846 0 847 887 0;
	setAttr ".ed[1826:1991]" 887 955 0 852 960 0 960 961 0 961 853 0 854 888 0 888 889 0
		 889 855 0 880 960 0 889 881 0 884 890 0 890 837 0 836 962 0 962 957 0 890 891 0 891 858 0
		 865 892 0 892 963 0 963 864 0 891 893 0 893 859 0 866 964 0 964 892 0 893 888 0 867 894 0
		 894 964 0 868 895 0 895 894 0 961 965 0 965 860 0 869 896 0 896 895 0 965 897 0 897 861 0
		 870 966 0 966 896 0 897 962 0 871 898 0 898 966 0 963 898 0 839 967 0 967 968 0 968 848 0
		 873 969 0 969 970 0 970 872 0 968 959 0 874 899 0 899 969 0 875 900 0 900 899 0 885 901 0
		 901 849 0 876 971 0 971 900 0 901 902 0 902 844 0 877 903 0 903 971 0 902 887 0 878 904 0
		 904 903 0 879 905 0 905 904 0 886 967 0 970 905 0 906 909 0 909 908 0 908 907 0 907 906 0
		 910 913 0 913 912 0 912 911 0 911 910 0 914 917 0 917 916 0 916 915 0 915 914 0 914 919 0
		 919 918 0 918 917 0 913 921 0 921 920 0 920 912 0 922 925 0 925 924 0 924 923 0 923 922 0
		 908 925 0 922 907 0 916 927 0 927 926 0 926 915 0 926 930 0 930 929 0 929 928 0 928 926 0
		 929 932 0 932 931 0 931 928 0 932 933 0 933 924 0 924 931 0 933 934 0 934 923 0 934 936 0
		 936 935 0 935 923 0 936 938 0 938 937 0 937 935 0 938 939 0 939 927 0 927 937 0 939 930 0
		 940 943 0 943 942 0 942 941 0 941 940 0 942 944 0 944 919 0 919 941 0 944 945 0 945 918 0
		 945 947 0 947 946 0 946 918 0 947 949 0 949 948 0 948 946 0 949 950 0 950 921 0 921 948 0
		 950 951 0 951 920 0 951 943 0 940 920 0 952 906 0 907 880 0 881 908 0 909 882 0 953 910 0
		 911 883 0 912 954 0 955 913 0 956 914 0 915 884 0 957 916 0 917 958 0 918 885 0 959 919 0
		 920 886 0 887 921 0 960 922 0 923 961 0 888 924 0 925 889 0 926 890 0 962 927 0 928 891 0
		 892 929 0 930 963 0 931 893 0 964 932 0 894 933 0 895 934 0 935 965 0;
	setAttr ".ed[1992:2007]" 896 936 0 937 897 0 966 938 0 898 939 0 967 940 0 941 968 0
		 969 942 0 943 970 0 899 944 0 900 945 0 946 901 0 971 947 0 948 902 0 903 949 0 904 950 0
		 905 951 0;
	setAttr -s 4016 ".n";
	setAttr ".n[0:165]" -type "float3"  0.72880864 -0.6741429 0.11987218 -0.72880894
		 -0.67414254 0.11987212 -0.7288087 -0.57695353 0.36873072 0.72880846 -0.57695401 0.36873084
		 -0.85572386 0.29496393 -0.42512703 0.8662765 0.26591241 -0.42291331 0.8662774 0.4821642
		 0.13069512 -0.85572392 0.50499237 0.11277924 -0.57867283 0.81537747 0.017241575 0.57602435
		 0.81727529 0.016031465 0.57602417 0.017276121 -0.81725007 -0.57867485 0.015991041
		 -0.81540161 -0.85572535 -0.092109591 -0.50916594 0.86627698 -0.11094444 -0.48708877
		 0.86625814 0.43421438 -0.24709255 -0.85570967 0.43596566 -0.27873781 0.72880858 -0.14723612
		 0.66869986 -0.7288087 -0.14723571 0.6686998 -0.7288087 0.11987241 0.67414272 0.72880864
		 0.119872 0.67414278 -0.57726634 0.58900958 -0.56553638 0.57743311 0.58897752 -0.56539929
		 0.57743275 -0.56545568 -0.58892381 -0.57726884 -0.5654791 -0.58906192 -0.7288087
		 0.11987241 0.67414272 -0.72880858 0.36873105 0.57695353 0.72880876 0.36873072 0.57695365
		 0.72880864 0.119872 0.67414278 -0.85571146 -0.42424396 -0.29626834 0.86625785 -0.42378849
		 -0.26457652 0.86627936 0.13050422 -0.48221242 -0.85572642 0.11296984 -0.50494558
		 -0.57883871 0.017317571 -0.8152582 0.57585818 0.015956009 -0.8173939 0.57585794 -0.81736553
		 -0.017356232 -0.57884014 -0.81528586 -0.015909694 -0.85572743 -0.50912732 0.092302755
		 0.86627901 -0.48712906 0.11075188 0.86623991 -0.24595481 -0.43489629 -0.85569704
		 -0.2798515 -0.43527657 -0.57614893 -0.56646234 -0.58921385 0.57854974 -0.56447083
		 -0.58877224 0.57854974 -0.58798754 0.56528842 -0.57614863 -0.58999538 0.56564838
		 0.72880888 0.67414254 -0.11987219 -0.72880852 0.67414296 -0.11987223 -0.7288084 0.57695389
		 -0.36873096 0.72880876 0.57695341 -0.36873087 -0.85569674 -0.29735109 0.42351559
		 0.86623973 -0.26346737 0.42451587 0.86624879 -0.4815897 -0.13298215 -0.85570472 -0.50552577
		 -0.11051293 0.72880876 0.57695341 -0.36873087 -0.7288084 0.57695389 -0.36873096 -0.72880846
		 0.3919287 -0.56145346 0.72880876 0.39192823 -0.5614534 -0.57668865 -0.81680071 -0.016331876
		 0.57801211 -0.8158524 -0.016937245 0.57801235 -0.016312765 0.81586498 -0.57668656
		 -0.016955012 0.81678951 0.72880876 0.39192823 -0.5614534 -0.72880846 0.3919287 -0.56145346
		 -0.72880846 0.147236 -0.66869998 0.7288087 0.14723557 -0.6686998 -0.85570306 0.089831255
		 0.50961018 0.86624897 0.11325289 0.48660716 0.86625963 -0.43413916 0.24721918 -0.85571295
		 -0.436037 0.27861649 0.7288087 0.14723557 -0.6686998 -0.72880846 0.147236 -0.66869998
		 -0.7288087 -0.11987223 -0.67414278 0.7288087 -0.1198726 -0.67414266 -0.57739294 -0.58898425
		 0.56543338 0.57730877 -0.58900058 0.56550246 0.57730907 0.56547409 0.58902735 -0.57739037
		 0.56546283 0.5889585 0.7288087 -0.1198726 -0.67414266 -0.7288087 -0.11987223 -0.67414278
		 -0.72880858 -0.3687306 -0.57695377 0.72880846 -0.36873102 -0.57695371 -0.8557108
		 0.42433032 0.29614663 0.86625993 0.42370716 0.26469979 0.86625159 -0.13279189 0.48163727
		 -0.85570574 -0.11069975 0.50548315 0.72880846 -0.36873102 -0.57695371 -0.72880858
		 -0.3687306 -0.57695377 -0.72880882 -0.56145298 -0.39192867 0.72880858 -0.56145346
		 -0.39192864 -0.57685387 -0.016407795 0.81668258 0.57784688 -0.01686188 0.81597102
		 0.577847 0.81598043 0.016393425 -0.5768525 0.81667393 0.016875712 0.72880858 -0.56145346
		 -0.39192864 -0.72880882 -0.56145298 -0.39192867 -0.7288087 -0.66869968 -0.147236
		 0.72880846 -0.66870016 -0.14723596 -0.85570443 0.50957501 -0.09001863 0.86625159
		 0.48664716 -0.11306048 0.86627644 0.24846286 0.43339506 -0.85572374 0.2773999 0.43679082
		 0.72880846 -0.66870016 -0.14723596 -0.7288087 -0.66869968 -0.147236 -0.72880894 -0.67414254
		 0.11987212 0.72880864 -0.6741429 0.11987218 -0.57861161 0.56441897 0.58876115 0.57608658
		 0.56651348 0.58922565 0.5760867 0.5900473 -0.56565744 -0.57861197 0.58793563 -0.56527859
		 -0.85572386 0.29496393 -0.42512703 -0.85572392 0.50499237 0.11277924 -0.7537663 0.55372006
		 -0.35387918 -0.75376606 0.64699429 -0.11504353 -0.85572392 0.50499237 0.11277924
		 -0.85572535 -0.092109591 -0.50916594 -0.75376683 0.37614709 -0.53884035 -0.7537663
		 0.55372006 -0.35387918 -0.85572535 -0.092109591 -0.50916594 -0.85570967 0.43596566
		 -0.27873781 -0.75376725 0.14130922 -0.64176834 -0.75376683 0.37614709 -0.53884035
		 -0.85570967 0.43596566 -0.27873781 -0.85571146 -0.42424396 -0.29626834 -0.75376785
		 -0.11504158 -0.64699262 -0.75376725 0.14130922 -0.64176834 -0.85571146 -0.42424396
		 -0.29626834 -0.85572642 0.11296984 -0.50494558 -0.75376815 -0.35387814 -0.55371815
		 -0.75376785 -0.11504158 -0.64699262 -0.85572642 0.11296984 -0.50494558 -0.85572743
		 -0.50912732 0.092302755 -0.75376856 -0.53883964 -0.37614453 -0.75376815 -0.35387814
		 -0.55371815 -0.85572743 -0.50912732 0.092302755 -0.85569704 -0.2798515 -0.43527657
		 -0.75376886 -0.6417672 -0.14130561 -0.75376856 -0.53883964 -0.37614453 -0.85569704
		 -0.2798515 -0.43527657 -0.85569674 -0.29735109 0.42351559 -0.75376856 -0.64699107
		 0.11504555 -0.75376886 -0.6417672 -0.14130561 -0.85569674 -0.29735109 0.42351559
		 -0.85570472 -0.50552577 -0.11051293 -0.75376874 -0.55371487 0.3538821 -0.75376856
		 -0.64699107 0.11504555 -0.85570472 -0.50552577 -0.11051293 -0.85570306 0.089831255
		 0.50961018 -0.75376761 -0.37614146 0.53884327 -0.75376874 -0.55371487 0.3538821 -0.85570306
		 0.089831255 0.50961018 -0.85571295 -0.436037 0.27861649 -0.75376749 -0.14130382 0.64176935
		 -0.75376761 -0.37614146 0.53884327 -0.85571295 -0.436037 0.27861649 -0.8557108 0.42433032
		 0.29614663 -0.75376719 0.11504712 0.64699239 -0.75376749 -0.14130382 0.64176935 -0.8557108
		 0.42433032 0.29614663 -0.85570574 -0.11069975 0.50548315 -0.75376642 0.35388321 0.55371732
		 -0.75376719 0.11504712 0.64699239 -0.85570574 -0.11069975 0.50548315 -0.85570443
		 0.50957501 -0.09001863 -0.75376636 0.53884357 0.3761434 -0.75376642 0.35388321 0.55371732
		 -0.85570443 0.50957501 -0.09001863 -0.85572374 0.2773999 0.43679082;
	setAttr ".n[166:331]" -type "float3"  -0.75376588 0.64177072 0.14130591 -0.75376636
		 0.53884357 0.3761434 -0.85572374 0.2773999 0.43679082 -0.85572386 0.29496393 -0.42512703
		 -0.75376606 0.64699429 -0.11504353 -0.75376588 0.64177072 0.14130591 -0.85572392
		 0.50499237 0.11277924 0.8662774 0.4821642 0.13069512 0.57602435 0.81727529 0.016031465
		 -0.57867283 0.81537747 0.017241575 0.8662774 0.4821642 0.13069512 0.86627698 -0.11094444
		 -0.48708877 0.57602417 0.017276121 -0.81725007 0.57602435 0.81727529 0.016031465
		 0.86627698 -0.11094444 -0.48708877 -0.85572535 -0.092109591 -0.50916594 -0.57867485
		 0.015991041 -0.81540161 0.57602417 0.017276121 -0.81725007 -0.85572535 -0.092109591
		 -0.50916594 -0.85572392 0.50499237 0.11277924 -0.57867283 0.81537747 0.017241575
		 -0.57867485 0.015991041 -0.81540161 -0.85570967 0.43596566 -0.27873781 0.86625814
		 0.43421438 -0.24709255 0.57743311 0.58897752 -0.56539929 -0.57726634 0.58900958 -0.56553638
		 0.86625814 0.43421438 -0.24709255 0.86625785 -0.42378849 -0.26457652 0.57743275 -0.56545568
		 -0.58892381 0.57743311 0.58897752 -0.56539929 0.86625785 -0.42378849 -0.26457652
		 -0.85571146 -0.42424396 -0.29626834 -0.57726884 -0.5654791 -0.58906192 0.57743275
		 -0.56545568 -0.58892381 -0.85571146 -0.42424396 -0.29626834 -0.85570967 0.43596566
		 -0.27873781 -0.57726634 0.58900958 -0.56553638 -0.57726884 -0.5654791 -0.58906192
		 -0.85572642 0.11296984 -0.50494558 0.86627936 0.13050422 -0.48221242 0.57585818 0.015956009
		 -0.8173939 -0.57883871 0.017317571 -0.8152582 0.86627936 0.13050422 -0.48221242 0.86627901
		 -0.48712906 0.11075188 0.57585794 -0.81736553 -0.017356232 0.57585818 0.015956009
		 -0.8173939 0.86627901 -0.48712906 0.11075188 -0.85572743 -0.50912732 0.092302755
		 -0.57884014 -0.81528586 -0.015909694 0.57585794 -0.81736553 -0.017356232 -0.85572743
		 -0.50912732 0.092302755 -0.85572642 0.11296984 -0.50494558 -0.57883871 0.017317571
		 -0.8152582 -0.57884014 -0.81528586 -0.015909694 -0.85569704 -0.2798515 -0.43527657
		 0.86623991 -0.24595481 -0.43489629 0.57854974 -0.56447083 -0.58877224 -0.57614893
		 -0.56646234 -0.58921385 0.86623991 -0.24595481 -0.43489629 0.86623973 -0.26346737
		 0.42451587 0.57854974 -0.58798754 0.56528842 0.57854974 -0.56447083 -0.58877224 0.86623973
		 -0.26346737 0.42451587 -0.85569674 -0.29735109 0.42351559 -0.57614863 -0.58999538
		 0.56564838 0.57854974 -0.58798754 0.56528842 -0.85569674 -0.29735109 0.42351559 -0.85569704
		 -0.2798515 -0.43527657 -0.57614893 -0.56646234 -0.58921385 -0.57614863 -0.58999538
		 0.56564838 -0.85570472 -0.50552577 -0.11051293 0.86624879 -0.4815897 -0.13298215
		 0.57801211 -0.8158524 -0.016937245 -0.57668865 -0.81680071 -0.016331876 0.86624879
		 -0.4815897 -0.13298215 0.86624897 0.11325289 0.48660716 0.57801235 -0.016312765 0.81586498
		 0.57801211 -0.8158524 -0.016937245 0.86624897 0.11325289 0.48660716 -0.85570306 0.089831255
		 0.50961018 -0.57668656 -0.016955012 0.81678951 0.57801235 -0.016312765 0.81586498
		 -0.85570306 0.089831255 0.50961018 -0.85570472 -0.50552577 -0.11051293 -0.57668865
		 -0.81680071 -0.016331876 -0.57668656 -0.016955012 0.81678951 -0.85571295 -0.436037
		 0.27861649 0.86625963 -0.43413916 0.24721918 0.57730877 -0.58900058 0.56550246 -0.57739294
		 -0.58898425 0.56543338 0.86625963 -0.43413916 0.24721918 0.86625993 0.42370716 0.26469979
		 0.57730907 0.56547409 0.58902735 0.57730877 -0.58900058 0.56550246 0.86625993 0.42370716
		 0.26469979 -0.8557108 0.42433032 0.29614663 -0.57739037 0.56546283 0.5889585 0.57730907
		 0.56547409 0.58902735 -0.8557108 0.42433032 0.29614663 -0.85571295 -0.436037 0.27861649
		 -0.57739294 -0.58898425 0.56543338 -0.57739037 0.56546283 0.5889585 -0.85570574 -0.11069975
		 0.50548315 0.86625159 -0.13279189 0.48163727 0.57784688 -0.01686188 0.81597102 -0.57685387
		 -0.016407795 0.81668258 0.86625159 -0.13279189 0.48163727 0.86625159 0.48664716 -0.11306048
		 0.577847 0.81598043 0.016393425 0.57784688 -0.01686188 0.81597102 0.86625159 0.48664716
		 -0.11306048 -0.85570443 0.50957501 -0.09001863 -0.5768525 0.81667393 0.016875712
		 0.577847 0.81598043 0.016393425 -0.85570443 0.50957501 -0.09001863 -0.85570574 -0.11069975
		 0.50548315 -0.57685387 -0.016407795 0.81668258 -0.5768525 0.81667393 0.016875712
		 0.8662765 0.26591241 -0.42291331 -0.85572386 0.29496393 -0.42512703 -0.57861197 0.58793563
		 -0.56527859 0.5760867 0.5900473 -0.56565744 -0.85572386 0.29496393 -0.42512703 -0.85572374
		 0.2773999 0.43679082 -0.57861161 0.56441897 0.58876115 -0.57861197 0.58793563 -0.56527859
		 -0.85572374 0.2773999 0.43679082 0.86627644 0.24846286 0.43339506 0.57608658 0.56651348
		 0.58922565 -0.57861161 0.56441897 0.58876115 0.86627644 0.24846286 0.43339506 0.8662765
		 0.26591241 -0.42291331 0.5760867 0.5900473 -0.56565744 0.57608658 0.56651348 0.58922565
		 0.72880864 -0.6741429 0.11987218 0.72880846 -0.57695401 0.36873084 0.8662774 0.4821642
		 0.13069512 0.8662765 0.26591241 -0.42291331 0.72880846 -0.57695401 0.36873084 0.72880858
		 -0.39192885 0.5614534 0.86627698 -0.11094444 -0.48708877 0.8662774 0.4821642 0.13069512
		 0.72880858 -0.39192885 0.5614534 0.72880858 -0.14723612 0.66869986 0.86625814 0.43421438
		 -0.24709255 0.86627698 -0.11094444 -0.48708877 0.72880858 -0.14723612 0.66869986
		 0.72880864 0.119872 0.67414278 0.86625785 -0.42378849 -0.26457652 0.86625814 0.43421438
		 -0.24709255 0.72880864 0.119872 0.67414278 0.72880876 0.36873072 0.57695365 0.86627936
		 0.13050422 -0.48221242 0.86625785 -0.42378849 -0.26457652 0.72880876 0.36873072 0.57695365
		 0.72880876 0.56145328 0.39192855 0.86627901 -0.48712906 0.11075188 0.86627936 0.13050422
		 -0.48221242 0.72880876 0.56145328 0.39192855 0.72880894 0.66869962 0.14723594 0.86623991
		 -0.24595481 -0.43489629 0.86627901 -0.48712906 0.11075188 0.72880894 0.66869962 0.14723594
		 0.72880888 0.67414254 -0.11987219 0.86623973 -0.26346737 0.42451587 0.86623991 -0.24595481
		 -0.43489629;
	setAttr ".n[332:497]" -type "float3"  0.72880888 0.67414254 -0.11987219 0.72880876
		 0.57695341 -0.36873087 0.86624879 -0.4815897 -0.13298215 0.86623973 -0.26346737 0.42451587
		 0.72880876 0.57695341 -0.36873087 0.72880876 0.39192823 -0.5614534 0.86624897 0.11325289
		 0.48660716 0.86624879 -0.4815897 -0.13298215 0.72880876 0.39192823 -0.5614534 0.7288087
		 0.14723557 -0.6686998 0.86625963 -0.43413916 0.24721918 0.86624897 0.11325289 0.48660716
		 0.7288087 0.14723557 -0.6686998 0.7288087 -0.1198726 -0.67414266 0.86625993 0.42370716
		 0.26469979 0.86625963 -0.43413916 0.24721918 0.7288087 -0.1198726 -0.67414266 0.72880846
		 -0.36873102 -0.57695371 0.86625159 -0.13279189 0.48163727 0.86625993 0.42370716 0.26469979
		 0.72880846 -0.36873102 -0.57695371 0.72880858 -0.56145346 -0.39192864 0.86625159
		 0.48664716 -0.11306048 0.86625159 -0.13279189 0.48163727 0.72880858 -0.56145346 -0.39192864
		 0.72880846 -0.66870016 -0.14723596 0.86627644 0.24846286 0.43339506 0.86625159 0.48664716
		 -0.11306048 0.72880846 -0.66870016 -0.14723596 0.72880864 -0.6741429 0.11987218 0.8662765
		 0.26591241 -0.42291331 0.86627644 0.24846286 0.43339506 -0.75376606 0.64699429 -0.11504353
		 -0.7537663 0.55372006 -0.35387918 0.75376672 0.55371964 -0.35387909 0.75376648 0.64699382
		 -0.11504349 -0.75376785 -0.11504158 -0.64699262 -0.75376815 -0.35387814 -0.55371815
		 0.75376803 -0.35387862 -0.55371809 0.75376773 -0.11504198 -0.64699256 -0.75376856
		 -0.53883964 -0.37614453 0.75376832 -0.53884017 -0.37614453 0.75376803 -0.35387862
		 -0.55371809 -0.75376815 -0.35387814 -0.55371815 -0.75376642 0.35388321 0.55371732
		 -0.75376636 0.53884357 0.3761434 0.75376683 0.53884298 0.37614346 0.7537666 0.35388279
		 0.55371743 -0.75376636 0.53884357 0.3761434 -0.75376588 0.64177072 0.14130591 0.7537663
		 0.64177018 0.14130589 0.75376683 0.53884298 0.37614346 -0.75376588 0.64177072 0.14130591
		 -0.75376606 0.64699429 -0.11504353 0.75376648 0.64699382 -0.11504349 0.7537663 0.64177018
		 0.14130589 0.85572404 0.29496339 -0.42512691 0.8557241 0.50499195 0.11277936 -0.8662771
		 0.48216477 0.130695 -0.8662762 0.26591283 -0.42291349 -0.7288087 -0.57695353 0.36873072
		 -0.72880882 -0.3919284 0.56145328 0.72880858 -0.39192885 0.5614534 0.72880846 -0.57695401
		 0.36873084 0.57867336 0.81537712 0.017241694 0.57867497 0.015990674 -0.81540143 -0.576024
		 0.017276339 -0.81725019 -0.57602376 0.8172757 0.01603131 -0.7288087 -0.14723571 0.6686998
		 0.72880858 -0.14723612 0.66869986 0.72880858 -0.39192885 0.5614534 -0.72880882 -0.3919284
		 0.56145328 0.85572535 -0.092110172 -0.50916582 0.85571009 0.43596524 -0.27873766
		 -0.86625797 0.4342148 -0.24709263 -0.86627698 -0.11094394 -0.48708889 0.57726669
		 0.58900923 -0.56553638 0.57726854 -0.56547946 -0.58906198 -0.57743305 -0.56545532
		 -0.58892387 -0.57743275 0.58897787 -0.56539941 0.85571128 -0.42424437 -0.29626825
		 0.85572654 0.11296921 -0.50494552 -0.86627913 0.1305047 -0.48221257 -0.86625797 -0.42378804
		 -0.26457667 -0.72880858 0.36873105 0.57695353 -0.72880846 0.5614537 0.39192852 0.72880876
		 0.56145328 0.39192855 0.72880876 0.36873072 0.57695365 0.57883871 0.017317304 -0.81525826
		 0.57883954 -0.81528622 -0.01590969 -0.57585841 -0.81736511 -0.017356362 -0.57585806
		 0.015956333 -0.8173939 -0.72880846 0.5614537 0.39192852 -0.72880858 0.66870004 0.1472359
		 0.72880894 0.66869962 0.14723594 0.72880876 0.56145328 0.39192855 0.8557272 -0.50912786
		 0.09230271 0.85569692 -0.27985203 -0.43527657 -0.86624002 -0.24595436 -0.43489632
		 -0.8662793 -0.4871285 0.11075176 -0.72880852 0.67414296 -0.11987223 0.72880888 0.67414254
		 -0.11987219 0.72880894 0.66869962 0.14723594 -0.72880858 0.66870004 0.1472359 0.57614845
		 -0.56646281 -0.58921379 0.57614803 -0.58999592 0.56564844 -0.57855016 -0.58798707
		 0.56528836 -0.57855016 -0.56447047 -0.58877236 0.85569638 -0.29735163 0.42351574
		 0.85570455 -0.50552613 -0.11051282 -0.86624914 -0.48158917 -0.1329823 -0.86624002
		 -0.26346695 0.42451575 0.57668823 -0.81680107 -0.016331844 0.57668644 -0.016955182
		 0.81678957 -0.57801253 -0.016312331 0.81586492 -0.57801265 -0.81585205 -0.016937487
		 0.85570306 0.089830793 0.5096103 0.85571271 -0.43603742 0.27861661 -0.86625993 -0.43413869
		 0.24721909 -0.86624897 0.1132535 0.48660696 0.57739258 -0.58898455 0.56543344 0.57739067
		 0.56546253 0.58895856 -0.57730871 0.56547445 0.5890274 -0.57730907 -0.58900023 0.56550241
		 0.85571098 0.42432988 0.29614672 0.85570556 -0.11070029 0.50548333 -0.86625177 -0.13279131
		 0.48163709 -0.86625963 0.42370766 0.26469967 0.57685393 -0.016408002 0.81668258 0.57685298
		 0.81667358 0.016875669 -0.57784641 0.81598091 0.016393291 -0.57784694 -0.016861444
		 0.8159709 0.85570472 0.50957441 -0.090018585 0.85572398 0.2773993 0.43679067 -0.86627638
		 0.24846333 0.43339497 -0.86625129 0.48664773 -0.11306052 0.57861203 0.56441855 0.58876127
		 0.57861251 0.58793521 -0.56527853 -0.57608622 0.59004772 -0.56565744 -0.57608622
		 0.5665139 0.58922553 0.85572404 0.29496339 -0.42512691 0.75376648 0.64699382 -0.11504349
		 0.75376672 0.55371964 -0.35387909 0.8557241 0.50499195 0.11277936 0.8557241 0.50499195
		 0.11277936 0.75376672 0.55371964 -0.35387909 0.75376713 0.37614667 -0.53884029 0.85572535
		 -0.092110172 -0.50916582 0.85572535 -0.092110172 -0.50916582 0.75376713 0.37614667
		 -0.53884029 0.75376743 0.14130887 -0.64176822 0.85571009 0.43596524 -0.27873766 0.85571009
		 0.43596524 -0.27873766 0.75376743 0.14130887 -0.64176822 0.75376773 -0.11504198 -0.64699256
		 0.85571128 -0.42424437 -0.29626825 0.85571128 -0.42424437 -0.29626825 0.75376773
		 -0.11504198 -0.64699256 0.75376803 -0.35387862 -0.55371809 0.85572654 0.11296921
		 -0.50494552 0.85572654 0.11296921 -0.50494552 0.75376803 -0.35387862 -0.55371809
		 0.75376832 -0.53884017 -0.37614453 0.8557272 -0.50912786 0.09230271 0.8557272 -0.50912786
		 0.09230271 0.75376832 -0.53884017 -0.37614453;
	setAttr ".n[498:663]" -type "float3"  0.75376844 -0.64176774 -0.1413056 0.85569692
		 -0.27985203 -0.43527657 0.85569692 -0.27985203 -0.43527657 0.75376844 -0.64176774
		 -0.1413056 0.75376821 -0.64699149 0.11504559 0.85569638 -0.29735163 0.42351574 0.85569638
		 -0.29735163 0.42351574 0.75376821 -0.64699149 0.11504559 0.75376838 -0.55371529 0.35388216
		 0.85570455 -0.50552613 -0.11051282 0.85570455 -0.50552613 -0.11051282 0.75376838
		 -0.55371529 0.35388216 0.75376719 -0.37614182 0.53884345 0.85570306 0.089830793 0.5096103
		 0.85570306 0.089830793 0.5096103 0.75376719 -0.37614182 0.53884345 0.75376725 -0.14130418
		 0.64176941 0.85571271 -0.43603742 0.27861661 0.85571271 -0.43603742 0.27861661 0.75376725
		 -0.14130418 0.64176941 0.75376725 0.11504672 0.64699244 0.85571098 0.42432988 0.29614672
		 0.85571098 0.42432988 0.29614672 0.75376725 0.11504672 0.64699244 0.7537666 0.35388279
		 0.55371743 0.85570556 -0.11070029 0.50548333 0.85570556 -0.11070029 0.50548333 0.7537666
		 0.35388279 0.55371743 0.75376683 0.53884298 0.37614346 0.85570472 0.50957441 -0.090018585
		 0.85570472 0.50957441 -0.090018585 0.75376683 0.53884298 0.37614346 0.7537663 0.64177018
		 0.14130589 0.85572398 0.2773993 0.43679067 0.85572398 0.2773993 0.43679067 0.7537663
		 0.64177018 0.14130589 0.75376648 0.64699382 -0.11504349 0.85572404 0.29496339 -0.42512691
		 0.8557241 0.50499195 0.11277936 0.57867336 0.81537712 0.017241694 -0.57602376 0.8172757
		 0.01603131 -0.8662771 0.48216477 0.130695 -0.8662771 0.48216477 0.130695 -0.57602376
		 0.8172757 0.01603131 -0.576024 0.017276339 -0.81725019 -0.86627698 -0.11094394 -0.48708889
		 -0.86627698 -0.11094394 -0.48708889 -0.576024 0.017276339 -0.81725019 0.57867497
		 0.015990674 -0.81540143 0.85572535 -0.092110172 -0.50916582 0.85572535 -0.092110172
		 -0.50916582 0.57867497 0.015990674 -0.81540143 0.57867336 0.81537712 0.017241694
		 0.8557241 0.50499195 0.11277936 0.85571009 0.43596524 -0.27873766 0.57726669 0.58900923
		 -0.56553638 -0.57743275 0.58897787 -0.56539941 -0.86625797 0.4342148 -0.24709263
		 -0.86625797 0.4342148 -0.24709263 -0.57743275 0.58897787 -0.56539941 -0.57743305
		 -0.56545532 -0.58892387 -0.86625797 -0.42378804 -0.26457667 -0.86625797 -0.42378804
		 -0.26457667 -0.57743305 -0.56545532 -0.58892387 0.57726854 -0.56547946 -0.58906198
		 0.85571128 -0.42424437 -0.29626825 0.85571128 -0.42424437 -0.29626825 0.57726854
		 -0.56547946 -0.58906198 0.57726669 0.58900923 -0.56553638 0.85571009 0.43596524 -0.27873766
		 0.85572654 0.11296921 -0.50494552 0.57883871 0.017317304 -0.81525826 -0.57585806
		 0.015956333 -0.8173939 -0.86627913 0.1305047 -0.48221257 -0.86627913 0.1305047 -0.48221257
		 -0.57585806 0.015956333 -0.8173939 -0.57585841 -0.81736511 -0.017356362 -0.8662793
		 -0.4871285 0.11075176 -0.8662793 -0.4871285 0.11075176 -0.57585841 -0.81736511 -0.017356362
		 0.57883954 -0.81528622 -0.01590969 0.8557272 -0.50912786 0.09230271 0.8557272 -0.50912786
		 0.09230271 0.57883954 -0.81528622 -0.01590969 0.57883871 0.017317304 -0.81525826
		 0.85572654 0.11296921 -0.50494552 0.85569692 -0.27985203 -0.43527657 0.57614845 -0.56646281
		 -0.58921379 -0.57855016 -0.56447047 -0.58877236 -0.86624002 -0.24595436 -0.43489632
		 -0.86624002 -0.24595436 -0.43489632 -0.57855016 -0.56447047 -0.58877236 -0.57855016
		 -0.58798707 0.56528836 -0.86624002 -0.26346695 0.42451575 -0.86624002 -0.26346695
		 0.42451575 -0.57855016 -0.58798707 0.56528836 0.57614803 -0.58999592 0.56564844 0.85569638
		 -0.29735163 0.42351574 0.85569638 -0.29735163 0.42351574 0.57614803 -0.58999592 0.56564844
		 0.57614845 -0.56646281 -0.58921379 0.85569692 -0.27985203 -0.43527657 0.85570455
		 -0.50552613 -0.11051282 0.57668823 -0.81680107 -0.016331844 -0.57801265 -0.81585205
		 -0.016937487 -0.86624914 -0.48158917 -0.1329823 -0.86624914 -0.48158917 -0.1329823
		 -0.57801265 -0.81585205 -0.016937487 -0.57801253 -0.016312331 0.81586492 -0.86624897
		 0.1132535 0.48660696 -0.86624897 0.1132535 0.48660696 -0.57801253 -0.016312331 0.81586492
		 0.57668644 -0.016955182 0.81678957 0.85570306 0.089830793 0.5096103 0.85570306 0.089830793
		 0.5096103 0.57668644 -0.016955182 0.81678957 0.57668823 -0.81680107 -0.016331844
		 0.85570455 -0.50552613 -0.11051282 0.85571271 -0.43603742 0.27861661 0.57739258 -0.58898455
		 0.56543344 -0.57730907 -0.58900023 0.56550241 -0.86625993 -0.43413869 0.24721909
		 -0.86625993 -0.43413869 0.24721909 -0.57730907 -0.58900023 0.56550241 -0.57730871
		 0.56547445 0.5890274 -0.86625963 0.42370766 0.26469967 -0.86625963 0.42370766 0.26469967
		 -0.57730871 0.56547445 0.5890274 0.57739067 0.56546253 0.58895856 0.85571098 0.42432988
		 0.29614672 0.85571098 0.42432988 0.29614672 0.57739067 0.56546253 0.58895856 0.57739258
		 -0.58898455 0.56543344 0.85571271 -0.43603742 0.27861661 0.85570556 -0.11070029 0.50548333
		 0.57685393 -0.016408002 0.81668258 -0.57784694 -0.016861444 0.8159709 -0.86625177
		 -0.13279131 0.48163709 -0.86625177 -0.13279131 0.48163709 -0.57784694 -0.016861444
		 0.8159709 -0.57784641 0.81598091 0.016393291 -0.86625129 0.48664773 -0.11306052 -0.86625129
		 0.48664773 -0.11306052 -0.57784641 0.81598091 0.016393291 0.57685298 0.81667358 0.016875669
		 0.85570472 0.50957441 -0.090018585 0.85570472 0.50957441 -0.090018585 0.57685298
		 0.81667358 0.016875669 0.57685393 -0.016408002 0.81668258 0.85570556 -0.11070029
		 0.50548333 -0.8662762 0.26591283 -0.42291349 -0.57608622 0.59004772 -0.56565744 0.57861251
		 0.58793521 -0.56527853 0.85572404 0.29496339 -0.42512691 0.85572404 0.29496339 -0.42512691
		 0.57861251 0.58793521 -0.56527853 0.57861203 0.56441855 0.58876127 0.85572398 0.2773993
		 0.43679067 0.85572398 0.2773993 0.43679067 0.57861203 0.56441855 0.58876127 -0.57608622
		 0.5665139 0.58922553 -0.86627638 0.24846333 0.43339497 -0.86627638 0.24846333 0.43339497
		 -0.57608622 0.5665139 0.58922553 -0.57608622 0.59004772 -0.56565744 -0.8662762 0.26591283
		 -0.42291349;
	setAttr ".n[664:829]" -type "float3"  -0.8662771 0.48216477 0.130695 -0.7288087
		 -0.57695353 0.36873072 -0.72880894 -0.67414254 0.11987212 -0.8662762 0.26591283 -0.42291349
		 -0.86627698 -0.11094394 -0.48708889 -0.72880882 -0.3919284 0.56145328 -0.7288087
		 -0.57695353 0.36873072 -0.8662771 0.48216477 0.130695 -0.86625797 0.4342148 -0.24709263
		 -0.7288087 -0.14723571 0.6686998 -0.72880882 -0.3919284 0.56145328 -0.86627698 -0.11094394
		 -0.48708889 -0.86625797 -0.42378804 -0.26457667 -0.7288087 0.11987241 0.67414272
		 -0.7288087 -0.14723571 0.6686998 -0.86625797 0.4342148 -0.24709263 -0.86627913 0.1305047
		 -0.48221257 -0.72880858 0.36873105 0.57695353 -0.7288087 0.11987241 0.67414272 -0.86625797
		 -0.42378804 -0.26457667 -0.8662793 -0.4871285 0.11075176 -0.72880846 0.5614537 0.39192852
		 -0.72880858 0.36873105 0.57695353 -0.86627913 0.1305047 -0.48221257 -0.86624002 -0.24595436
		 -0.43489632 -0.72880858 0.66870004 0.1472359 -0.72880846 0.5614537 0.39192852 -0.8662793
		 -0.4871285 0.11075176 -0.86624002 -0.26346695 0.42451575 -0.72880852 0.67414296 -0.11987223
		 -0.72880858 0.66870004 0.1472359 -0.86624002 -0.24595436 -0.43489632 -0.86624914
		 -0.48158917 -0.1329823 -0.7288084 0.57695389 -0.36873096 -0.72880852 0.67414296 -0.11987223
		 -0.86624002 -0.26346695 0.42451575 -0.86624897 0.1132535 0.48660696 -0.72880846 0.3919287
		 -0.56145346 -0.7288084 0.57695389 -0.36873096 -0.86624914 -0.48158917 -0.1329823
		 -0.86625993 -0.43413869 0.24721909 -0.72880846 0.147236 -0.66869998 -0.72880846 0.3919287
		 -0.56145346 -0.86624897 0.1132535 0.48660696 -0.86625963 0.42370766 0.26469967 -0.7288087
		 -0.11987223 -0.67414278 -0.72880846 0.147236 -0.66869998 -0.86625993 -0.43413869
		 0.24721909 -0.86625177 -0.13279131 0.48163709 -0.72880858 -0.3687306 -0.57695377
		 -0.7288087 -0.11987223 -0.67414278 -0.86625963 0.42370766 0.26469967 -0.86625129
		 0.48664773 -0.11306052 -0.72880882 -0.56145298 -0.39192867 -0.72880858 -0.3687306
		 -0.57695377 -0.86625177 -0.13279131 0.48163709 -0.86627638 0.24846333 0.43339497
		 -0.7288087 -0.66869968 -0.147236 -0.72880882 -0.56145298 -0.39192867 -0.86625129
		 0.48664773 -0.11306052 -0.8662762 0.26591283 -0.42291349 -0.72880894 -0.67414254
		 0.11987212 -0.7288087 -0.66869968 -0.147236 -0.86627638 0.24846333 0.43339497 -0.75376683
		 0.37614709 -0.53884035 0.75376713 0.37614667 -0.53884029 0.75376672 0.55371964 -0.35387909
		 -0.7537663 0.55372006 -0.35387918 -0.75376725 0.14130922 -0.64176834 0.75376743 0.14130887
		 -0.64176822 0.75376713 0.37614667 -0.53884029 -0.75376683 0.37614709 -0.53884035
		 -0.75376725 0.14130922 -0.64176834 -0.75376785 -0.11504158 -0.64699262 0.75376773
		 -0.11504198 -0.64699256 0.75376743 0.14130887 -0.64176822 -0.75376886 -0.6417672
		 -0.14130561 0.75376844 -0.64176774 -0.1413056 0.75376832 -0.53884017 -0.37614453
		 -0.75376856 -0.53883964 -0.37614453 -0.75376856 -0.64699107 0.11504555 0.75376821
		 -0.64699149 0.11504559 0.75376844 -0.64176774 -0.1413056 -0.75376886 -0.6417672 -0.14130561
		 -0.75376874 -0.55371487 0.3538821 0.75376838 -0.55371529 0.35388216 0.75376821 -0.64699149
		 0.11504559 -0.75376856 -0.64699107 0.11504555 -0.75376874 -0.55371487 0.3538821 -0.75376761
		 -0.37614146 0.53884327 0.75376719 -0.37614182 0.53884345 0.75376838 -0.55371529 0.35388216
		 -0.75376749 -0.14130382 0.64176935 0.75376725 -0.14130418 0.64176941 0.75376719 -0.37614182
		 0.53884345 -0.75376761 -0.37614146 0.53884327 -0.75376719 0.11504712 0.64699239 0.75376725
		 0.11504672 0.64699244 0.75376725 -0.14130418 0.64176941 -0.75376749 -0.14130382 0.64176935
		 -0.75376642 0.35388321 0.55371732 0.7537666 0.35388279 0.55371743 0.75376725 0.11504672
		 0.64699244 -0.75376719 0.11504712 0.64699239 0.69876683 -0.50823563 -0.50340998 0.57367432
		 0.05611245 -0.81715918 0.59664297 0.80106139 -0.048144054 0.70798177 0.5994578 0.37337935
		 0.62415779 -0.74338913 -0.24041571 0.69876683 -0.50823563 -0.50340998 0.70798177
		 0.5994578 0.37337935 0.54422849 -0.18128644 0.8191157 -0.59664285 0.80106139 -0.048144065
		 -0.57367432 0.056112494 -0.81715918 -0.69876683 -0.50823551 -0.50340998 -0.70798177
		 0.59945792 0.37337935 -0.70798177 0.59945792 0.37337935 -0.69876683 -0.50823551 -0.50340998
		 -0.62415779 -0.74338907 -0.24041568 -0.54422861 -0.18128647 0.81911576 0.57367432
		 0.05611245 -0.81715918 0.69876683 -0.50823563 -0.50340998 -0.69876683 -0.50823551
		 -0.50340998 -0.57367432 0.056112494 -0.81715918 0.59664297 0.80106139 -0.048144054
		 0.57367432 0.05611245 -0.81715918 -0.57367432 0.056112494 -0.81715918 -0.59664285
		 0.80106139 -0.048144065 0.70798177 0.5994578 0.37337935 0.59664297 0.80106139 -0.048144054
		 -0.59664285 0.80106139 -0.048144065 -0.70798177 0.59945792 0.37337935 0.69876683
		 -0.50823563 -0.50340998 0.62415779 -0.74338913 -0.24041571 -0.62415779 -0.74338907
		 -0.24041568 -0.69876683 -0.50823551 -0.50340998 0.54422849 -0.18128644 0.8191157
		 0.70798177 0.5994578 0.37337935 -0.70798177 0.59945792 0.37337935 -0.54422861 -0.18128647
		 0.81911576 0.62415779 -0.74338913 -0.24041571 0.54422849 -0.18128644 0.8191157 -0.54422861
		 -0.18128647 0.81911576 -0.62415779 -0.74338907 -0.24041568 0.69876695 0.50727224
		 0.5043804 0.57367432 -0.057674579 0.81705046 0.59664303 -0.80115199 0.046612017 0.70798171
		 -0.59874284 -0.37452507 0.62415779 0.74292797 0.24183694 0.69876695 0.50727224 0.5043804
		 0.70798171 -0.59874284 -0.37452507 0.54422849 0.18285279 -0.81876743 -0.59664285
		 -0.80115199 0.046612043 -0.57367432 -0.057674628 0.81705046 -0.69876701 0.50727212
		 0.50438046 -0.70798171 -0.5987429 -0.37452504 -0.70798171 -0.5987429 -0.37452504
		 -0.69876701 0.50727212 0.50438046 -0.62415779 0.74292797 0.24183694 -0.54422861 0.18285273
		 -0.81876755 0.57367432 -0.057674579 0.81705046 0.69876695 0.50727224 0.5043804 -0.69876701
		 0.50727212 0.50438046 -0.57367432 -0.057674628 0.81705046 0.59664303 -0.80115199
		 0.046612017 0.57367432 -0.057674579 0.81705046;
	setAttr ".n[830:995]" -type "float3"  -0.57367432 -0.057674628 0.81705046 -0.59664285
		 -0.80115199 0.046612043 0.70798171 -0.59874284 -0.37452507 0.59664303 -0.80115199
		 0.046612017 -0.59664285 -0.80115199 0.046612043 -0.70798171 -0.5987429 -0.37452504
		 0.69876695 0.50727224 0.5043804 0.62415779 0.74292797 0.24183694 -0.62415779 0.74292797
		 0.24183694 -0.69876701 0.50727212 0.50438046 0.54422849 0.18285279 -0.81876743 0.70798171
		 -0.59874284 -0.37452507 -0.70798171 -0.5987429 -0.37452504 -0.54422861 0.18285273
		 -0.81876755 0.62415779 0.74292797 0.24183694 0.54422849 0.18285279 -0.81876743 -0.54422861
		 0.18285273 -0.81876755 -0.62415779 0.74292797 0.24183694 0.65647197 0.57536089 0.48785684
		 0.70828992 0.41492373 0.57110757 0.98209965 -0.12126666 -0.14413473 0.97003931 -0.17880064
		 -0.16448136 0.56868196 -0.65518111 0.49733141 0.59126413 -0.50927323 -0.62533778
		 0.74461657 0.00069781073 -0.66749215 0.73176879 -0.10496767 0.67342126 0.96573639
		 0.042820528 -0.25596815 0.96732056 -0.010524954 -0.25333813 0.73746663 -0.0036491281
		 0.67537367 0.72042024 0.12597886 0.68199992 0.96573639 0.042820528 -0.25596815 0.72042024
		 0.12597886 0.68199992 0.69199735 0.12368519 0.71122557 0.95483744 0.088646755 -0.28359711
		 0.73176879 -0.10496767 0.67342126 0.74461657 0.00069781073 -0.66749215 0.84314722
		 0.067935891 -0.53337371 0.75323182 -0.28908989 0.59082043 0.72946244 0.4562065 0.5096668
		 0.68593925 0.48505414 0.54241121 0.98222148 -0.092552781 -0.16332456 0.98631227 -0.094487555
		 -0.13513017 0.70828992 0.41492373 0.57110757 0.72946244 0.4562065 0.5096668 0.98631227
		 -0.094487555 -0.13513017 0.98209965 -0.12126666 -0.14413473 0.83619589 -0.43080974
		 -0.33938083 0.77283615 -0.088380307 -0.62842119 0.67720097 0.72332084 -0.13492875
		 0.72199428 0.63231885 0.2808862 0.96732056 -0.010524954 -0.25333813 0.97676802 -0.052781645
		 -0.20769763 0.74744922 -0.20023338 0.63342416 0.73746663 -0.0036491281 0.67537367
		 0.97676802 -0.052781645 -0.20769763 0.97931302 -0.084239915 -0.1839828 0.7993955
		 0.20946211 0.56310964 0.81456017 0.5324403 0.23021521 0.97931302 -0.084239915 -0.1839828
		 0.97970223 -0.090301812 -0.17896691 0.79808533 -0.22780491 0.55782133 0.7993955 0.20946211
		 0.56310964 0.97970223 -0.090301812 -0.17896691 0.98222148 -0.092552781 -0.16332456
		 0.81101477 -0.53997993 0.22511466 0.79808533 -0.22780491 0.55782133 0.81101477 -0.53997993
		 0.22511466 0.98222148 -0.092552781 -0.16332456 0.68593925 0.48505414 0.54241121 0.80365467
		 -0.54473174 -0.23959664 0.68593925 0.48505414 0.54241121 0.64810461 0.25605071 0.71721578
		 0.79686296 -0.23583564 -0.55622929 0.80365467 -0.54473174 -0.23959664 0.64810461
		 0.25605071 0.71721578 0.65261394 -0.15935978 0.74074256 0.80203563 0.20380358 -0.56142938
		 0.79686296 -0.23583564 -0.55622929 0.65261394 -0.15935978 0.74074256 0.74744922 -0.20023338
		 0.63342416 0.80794483 0.53535211 -0.24621767 0.80203563 0.20380358 -0.56142938 0.74744922
		 -0.20023338 0.63342416 0.97676802 -0.052781645 -0.20769763 0.81456017 0.5324403 0.23021521
		 0.80794483 0.53535211 -0.24621767 0.92169476 0.10853045 -0.37242424 0.94757229 0.097769864
		 -0.30421665 0.80442965 -0.23476684 0.54568988 0.80316341 0.21884219 0.5541088 0.94757229
		 0.097769864 -0.30421665 0.95483744 0.088646755 -0.28359711 0.80513519 -0.55196881
		 0.21699683 0.80442965 -0.23476684 0.54568988 0.95483744 0.088646755 -0.28359711 0.69199735
		 0.12368519 0.71122557 0.80868697 -0.53430158 -0.24606341 0.80513519 -0.55196881 0.21699683
		 0.69199735 0.12368519 0.71122557 0.66191697 -0.084021755 0.7448532 0.8037461 -0.19749628
		 -0.56123745 0.80868697 -0.53430158 -0.24606341 0.66191697 -0.084021755 0.7448532
		 0.67284125 -0.3473404 0.65317625 0.79866016 0.2477251 -0.54842877 0.8037461 -0.19749628
		 -0.56123745 0.67284125 -0.3473404 0.65317625 0.75323182 -0.28908989 0.59082043 0.80246729
		 0.55216628 -0.22618245 0.79866016 0.2477251 -0.54842877 0.75323182 -0.28908989 0.59082043
		 0.84314722 0.067935891 -0.53337371 0.80721754 0.54328883 0.23073156 0.80246729 0.55216628
		 -0.22618245 0.84314722 0.067935891 -0.53337371 0.92169476 0.10853045 -0.37242424
		 0.80316341 0.21884219 0.5541088 0.80721754 0.54328883 0.23073156 0.70710707 0.63397193
		 0.31317601 0.81183392 -0.41979039 -0.40583453 0.79427063 -0.60742718 0.012892483
		 0.65647197 0.57536089 0.48785684 0.97003931 -0.17880064 -0.16448136 0.80466723 0.41954774
		 -0.42010772 0.80140519 0.0048497524 -0.59810221 0.91737562 -0.3159962 -0.24200925
		 0.80208457 0.4191508 0.4254092 0.80916381 0.58757955 -0.0020717781 0.83619589 -0.43080974
		 -0.33938083 0.72199428 0.63231885 0.2808862 0.80930895 -0.41699597 0.41368261 0.80016738
		 0.00010892986 0.59977669 0.80590981 -0.0035292415 0.59202778 0.80354035 0.41954216
		 -0.4222644 0.80503464 -0.0023746493 -0.59322321 0.8030107 -0.42478707 0.41800693
		 0.7990405 -0.0044713789 -0.60126066 0.80442446 -0.41697428 0.42312381 0.80132198
		 -0.0016139233 0.5982312 0.80478972 0.40918404 -0.42997906 0.70710683 0.63397247 0.31317553
		 0.65647197 0.57536089 0.48785684 0.80140519 0.0048497524 -0.59810221 0.80539811 -0.4131754
		 -0.42499402 0.70710683 0.63397247 0.31317553 0.80539811 -0.4131754 -0.42499402 0.80627269
		 -0.59154338 -0.00090798072 0.80627269 -0.59154338 -0.00090798072 0.70710707 0.63397193
		 0.31317601 0.70710683 0.63397247 0.31317553 0.70710707 0.63397193 0.31317601 0.80442446
		 -0.41697428 0.42312381 0.7990405 -0.0044713789 -0.60126066 0.70710707 0.63397193
		 0.31317601 0.7990405 -0.0044713789 -0.60126066 0.81183392 -0.41979039 -0.40583453
		 0.80930895 -0.41699597 0.41368261 0.72199428 0.63231885 0.2808862 0.70710665 0.63397229
		 0.31317601 0.80032027 -0.59954971 -0.0052417978 0.80402535 -0.42321649 -0.41764954
		 0.80032027 -0.59954971 -0.0052417978 0.70710665 0.63397229 0.31317601 0.80503464
		 -0.0023746493 -0.59322321 0.80402535 -0.42321649 -0.41764954 0.70710665 0.63397229
		 0.31317601;
	setAttr ".n[996:1161]" -type "float3"  0.70710665 0.63397229 0.31317601 0.70710707
		 0.63397193 0.31317601 0.79427063 -0.60742718 0.012892483 0.8030107 -0.42478707 0.41800693
		 0.88261116 -0.36996666 -0.29003811 0.83619589 -0.43080974 -0.33938083 0.80016738
		 0.00010892986 0.59977669 0.80690813 0.41566873 0.41966507 0.88261116 -0.36996666
		 -0.29003811 0.80690813 0.41566873 0.41966507 0.80420095 0.59434813 -0.0033526253
		 0.88261116 -0.36996666 -0.29003811 0.80420095 0.59434813 -0.0033526253 0.80354035
		 0.41954216 -0.4222644 0.91737562 -0.3159962 -0.24200925 0.88261116 -0.36996666 -0.29003811
		 0.80354035 0.41954216 -0.4222644 0.80590981 -0.0035292415 0.59202778 0.91737562 -0.3159962
		 -0.24200925 0.80590981 -0.0035292415 0.59202778 0.80208457 0.4191508 0.4254092 0.80466723
		 0.41954774 -0.42010772 0.97003931 -0.17880064 -0.16448136 0.94491953 -0.2614505 -0.19690306
		 0.80707735 0.59040195 0.0071893022 0.80293196 0.41365716 0.42917132 0.80707735 0.59040195
		 0.0071893022 0.94491953 -0.2614505 -0.19690306 0.80293196 0.41365716 0.42917132 0.94491953
		 -0.2614505 -0.19690306 0.91737562 -0.3159962 -0.24200925 0.80132198 -0.0016139233
		 0.5982312 0.80478972 0.40918404 -0.42997906 0.80132198 -0.0016139233 0.5982312 0.91737562
		 -0.3159962 -0.24200925 0.80916381 0.58757955 -0.0020717781 0.80478972 0.40918404
		 -0.42997906 0.91737562 -0.3159962 -0.24200925 0.8030107 -0.42478707 0.41800693 0.80503464
		 -0.0023746493 -0.59322321 0.70710665 0.63397229 0.31317601 0.65647197 0.57536089
		 0.48785684 8.9421377e-14 0.76272362 0.64672452 6.8910582e-14 0.58777589 0.8090238
		 0.70828992 0.41492373 0.57110757 0.98209965 -0.12126666 -0.14413473 -7.7078121e-14
		 -0.65744126 -0.75350583 -1.0620658e-07 -0.75135022 -0.65990353 0.97003931 -0.17880064
		 -0.16448136 0.56868196 -0.65518111 0.49733141 -9.3383302e-14 -0.79651707 0.60461605
		 -7.4034224e-14 -0.63147825 -0.77539366 0.59126413 -0.50927323 -0.62533778 0.59126413
		 -0.50927323 -0.62533778 -7.4034224e-14 -0.63147825 -0.77539366 -2.8953751e-08 0.0010454898
		 -0.9999994 0.74461657 0.00069781073 -0.66749215 0.73176879 -0.10496767 0.67342126
		 -1.8056347e-14 -0.15401243 0.98806894 -9.3383302e-14 -0.79651707 0.60461605 0.56868196
		 -0.65518111 0.49733141 0.96573639 0.042820528 -0.25596815 9.8698415e-08 0.18901502
		 -0.98197412 -7.0073803e-08 -0.046187103 -0.99893278 0.96732056 -0.010524954 -0.25333813
		 0.73746663 -0.0036491281 0.67537367 -6.3344337e-16 -0.0054029836 0.9999854 2.1296184e-14
		 0.18164675 0.98336387 0.72042024 0.12597886 0.68199992 0.72042024 0.12597886 0.68199992
		 2.1296184e-14 0.18164675 0.98336387 2.0086988e-14 0.17133287 0.98521322 0.69199735
		 0.12368519 0.71122557 0.95483744 0.088646755 -0.28359711 6.6298554e-08 0.29841778
		 -0.95443535 9.8698415e-08 0.18901502 -0.98197412 0.96573639 0.042820528 -0.25596815
		 0.74461657 0.00069781073 -0.66749215 -2.8953751e-08 0.0010454898 -0.9999994 -6.7616199e-08
		 0.11793888 -0.99302089 0.84314722 0.067935891 -0.53337371 0.75323182 -0.28908989
		 0.59082043 -5.1527945e-14 -0.4395099 0.89823776 -1.8056347e-14 -0.15401243 0.98806894
		 0.73176879 -0.10496767 0.67342126 0.72946244 0.4562065 0.5096668 7.8192722e-14 0.66694832
		 0.74510407 7.8151359e-14 0.66659552 0.74541956 0.68593925 0.48505414 0.54241121 0.98222148
		 -0.092552781 -0.16332456 -9.8935665e-08 -0.50387704 -0.86377531 -6.994796e-14 -0.59662426
		 -0.80252069 0.98631227 -0.094487555 -0.13513017 0.70828992 0.41492373 0.57110757
		 6.8910582e-14 0.58777589 0.8090238 7.8192722e-14 0.66694832 0.74510407 0.72946244
		 0.4562065 0.5096668 0.98631227 -0.094487555 -0.13513017 -6.994796e-14 -0.59662426
		 -0.80252069 -7.7078121e-14 -0.65744126 -0.75350583 0.98209965 -0.12126666 -0.14413473
		 0.83619589 -0.43080974 -0.33938083 -2.080165e-08 -0.78551376 -0.61884421 9.8445091e-16
		 0.008396918 -0.99996477 0.77283615 -0.088380307 -0.62842119 0.77283615 -0.088380307
		 -0.62842119 9.8445091e-16 0.008396918 -0.99996477 1.3085567e-08 0.98035878 -0.19722269
		 0.67720097 0.72332084 -0.13492875 0.67720097 0.72332084 -0.13492875 1.3085567e-08
		 0.98035878 -0.19722269 -1.1920805e-08 0.91388911 0.40596417 0.72199428 0.63231885
		 0.2808862 0.96732056 -0.010524954 -0.25333813 -7.0073803e-08 -0.046187103 -0.99893278
		 -7.9727258e-08 -0.28602201 -0.95822304 0.97676802 -0.052781645 -0.20769763 0.74744922
		 -0.20023338 0.63342416 -3.533734e-14 -0.30141142 0.95349407 -6.3344337e-16 -0.0054029836
		 0.9999854 0.73746663 -0.0036491281 0.67537367 0.97676802 -0.052781645 -0.20769763
		 -7.9727258e-08 -0.28602201 -0.95822304 -1.4062368e-07 -0.4243747 -0.90548664 0.97931302
		 -0.084239915 -0.1839828 0.7993955 0.20946211 0.56310964 4.0873904e-14 0.34863579
		 0.9372583 1.076113e-13 0.91787541 0.39686862 0.81456017 0.5324403 0.23021521 0.97931302
		 -0.084239915 -0.1839828 -1.4062368e-07 -0.4243747 -0.90548664 -4.7862574e-08 -0.45240077
		 -0.89181471 0.97970223 -0.090301812 -0.17896691 0.79808533 -0.22780491 0.55782133
		 -4.4324939e-14 -0.37807155 0.9257763 4.0873904e-14 0.34863579 0.9372583 0.7993955
		 0.20946211 0.56310964 0.97970223 -0.090301812 -0.17896691 -4.7862574e-08 -0.45240077
		 -0.89181471 -9.8935665e-08 -0.50387704 -0.86377531 0.98222148 -0.092552781 -0.16332456
		 0.81101477 -0.53997993 0.22511466 -1.0821236e-13 -0.92300218 0.38479456 -4.4324939e-14
		 -0.37807155 0.9257763 0.79808533 -0.22780491 0.55782133 0.80365467 -0.54473174 -0.23959664
		 -1.0731732e-13 -0.9153679 -0.40261856 -1.0821236e-13 -0.92300218 0.38479456 0.81101477
		 -0.53997993 0.22511466 0.68593925 0.48505414 0.54241121 7.8151359e-14 0.66659552
		 0.74541956 3.9418582e-14 0.33622256 0.94178259 0.64810461 0.25605071 0.71721578 0.79686296
		 -0.23583564 -0.55622929 -4.576479e-14 -0.39035282 -0.92066532 -1.0731732e-13 -0.9153679
		 -0.40261856 0.80365467 -0.54473174 -0.23959664 0.64810461 0.25605071 0.71721578 3.9418582e-14
		 0.33622256 0.94178259 -2.4658176e-14 -0.21032302 0.97763199 0.65261394 -0.15935978
		 0.74074256 0.80203563 0.20380358 -0.56142938 4.0004688e-14 0.34122178 -0.93998283
		 -4.576479e-14 -0.39035282 -0.92066532 0.79686296 -0.23583564 -0.55622929 0.65261394
		 -0.15935978 0.74074256;
	setAttr ".n[1162:1327]" -type "float3"  -2.4658176e-14 -0.21032302 0.97763199
		 -3.533734e-14 -0.30141142 0.95349407 0.74744922 -0.20023338 0.63342416 0.80794483
		 0.53535211 -0.24621767 1.0651437e-13 0.90851903 -0.41784355 4.0004688e-14 0.34122178
		 -0.93998283 0.80203563 0.20380358 -0.56142938 0.81456017 0.5324403 0.23021521 1.076113e-13
		 0.91787541 0.39686862 1.0651437e-13 0.90851903 -0.41784355 0.80794483 0.53535211
		 -0.24621767 0.92169476 0.10853045 -0.37242424 3.1632544e-14 0.26981118 -0.96291327
		 -6.1177218e-08 0.30867335 -0.95116818 0.94757229 0.097769864 -0.30421665 0.80442965
		 -0.23476684 0.54568988 -1.3508028e-10 -0.39519846 0.91859573 7.8543012e-09 0.36733377
		 0.93008918 0.80316341 0.21884219 0.5541088 0.94757229 0.097769864 -0.30421665 -6.1177218e-08
		 0.30867335 -0.95116818 6.6298554e-08 0.29841778 -0.95443535 0.95483744 0.088646755
		 -0.28359711 0.80513519 -0.55196881 0.21699683 -1.0911066e-13 -0.93066424 0.36587429
		 -1.3508028e-10 -0.39519846 0.91859573 0.80442965 -0.23476684 0.54568988 0.80868697
		 -0.53430158 -0.24606341 -1.0648946e-13 -0.90830666 -0.41830501 -1.0911066e-13 -0.93066424
		 0.36587429 0.80513519 -0.55196881 0.21699683 0.69199735 0.12368519 0.71122557 2.0086988e-14
		 0.17133287 0.98521322 -1.3141635e-14 -0.11209216 0.99369782 0.66191697 -0.084021755
		 0.7448532 0.8037461 -0.19749628 -0.56123745 -3.8916702e-14 -0.33194175 -0.94329977
		 -1.0648946e-13 -0.90830666 -0.41830501 0.80868697 -0.53430158 -0.24606341 0.66191697
		 -0.084021755 0.7448532 -1.3141635e-14 -0.11209216 0.99369782 -5.5045632e-14 -0.46951419
		 0.88292497 0.67284125 -0.3473404 0.65317625 0.79866016 0.2477251 -0.54842877 4.8261955e-14
		 0.41165251 -0.91134089 -3.8916702e-14 -0.33194175 -0.94329977 0.8037461 -0.19749628
		 -0.56123745 0.67284125 -0.3473404 0.65317625 -5.5045632e-14 -0.46951419 0.88292497
		 -5.1527945e-14 -0.4395099 0.89823776 0.75323182 -0.28908989 0.59082043 0.80246729
		 0.55216628 -0.22618245 1.084903e-13 0.9253729 -0.37905806 4.8261955e-14 0.41165251
		 -0.91134089 0.79866016 0.2477251 -0.54842877 0.80721754 0.54328883 0.23073156 8.040991e-09
		 0.92043221 0.39090219 1.084903e-13 0.9253729 -0.37905806 0.80246729 0.55216628 -0.22618245
		 0.84314722 0.067935891 -0.53337371 -6.7616199e-08 0.11793888 -0.99302089 3.1632544e-14
		 0.26981118 -0.96291327 0.92169476 0.10853045 -0.37242424 0.80316341 0.21884219 0.5541088
		 7.8543012e-09 0.36733377 0.93008918 8.040991e-09 0.92043221 0.39090219 0.80721754
		 0.54328883 0.23073156 0.81183392 -0.41979039 -0.40583453 -8.4290146e-14 -0.71895659
		 -0.69505495 -1.1721315e-13 -0.99977481 0.021219959 0.79427063 -0.60742718 0.012892483
		 0.80466723 0.41954774 -0.42010772 8.2845569e-14 0.706635 -0.70757818 9.5062677e-16
		 0.0081084138 -0.9999671 0.80140519 0.0048497524 -0.59810221 0.80208457 0.4191508
		 0.4254092 8.2284324e-14 0.70184785 0.71232682 1.1723882e-13 0.99999374 -0.0035261062
		 0.80916381 0.58757955 -0.0020717781 0.80930895 -0.41699597 0.41368261 -8.3230874e-14
		 -0.70992148 0.70428085 2.1287958e-17 0.00018157659 1 0.80016738 0.00010892986 0.59977669
		 0.80354035 0.41954216 -0.4222644 8.263236e-14 0.7048164 -0.70938987 -4.6929077e-16
		 -0.0040028365 -0.99999201 0.80503464 -0.0023746493 -0.59322321 0.8030107 -0.42478707
		 0.41800693 -8.3565106e-14 -0.71277231 0.70139557 -6.9888498e-16 -0.0059611709 0.99998224
		 0.80590981 -0.0035292415 0.59202778 0.80442446 -0.41697428 0.42312381 -8.2291826e-14
		 -0.70191181 0.71226376 -3.1628115e-16 -0.0026977342 0.99999636 0.80132198 -0.0016139233
		 0.5982312 0.80478972 0.40918404 -0.42997906 8.0821729e-14 0.68937254 -0.7244069 -8.7183497e-16
		 -0.0074363556 -0.9999724 0.7990405 -0.0044713789 -0.60126066 0.70710683 0.63397247
		 0.31317553 1.0511375e-13 0.89657247 0.44289699 8.9421377e-14 0.76272362 0.64672452
		 0.65647197 0.57536089 0.48785684 0.80140519 0.0048497524 -0.59810221 9.5062677e-16
		 0.0081084138 -0.9999671 -8.1723833e-14 -0.69706708 -0.71700591 0.80539811 -0.4131754
		 -0.42499402 0.80539811 -0.4131754 -0.42499402 -8.1723833e-14 -0.69706708 -0.71700591
		 -1.172394e-13 -0.99999875 -0.0015350614 0.80627269 -0.59154338 -0.00090798072 0.80627269
		 -0.59154338 -0.00090798072 -1.172394e-13 -0.99999875 -0.0015350614 -8.2291826e-14
		 -0.70191181 0.71226376 0.80442446 -0.41697428 0.42312381 0.70710707 0.63397193 0.31317601
		 1.0511371e-13 0.89657211 0.44289795 1.0511375e-13 0.89657247 0.44289699 0.70710683
		 0.63397247 0.31317553 0.7990405 -0.0044713789 -0.60126066 -8.7183497e-16 -0.0074363556
		 -0.9999724 -8.4290146e-14 -0.71895659 -0.69505495 0.81183392 -0.41979039 -0.40583453
		 0.72199428 0.63231885 0.2808862 -1.1920805e-08 0.91388911 0.40596417 1.0511372e-13
		 0.89657217 0.44289765 0.70710665 0.63397229 0.31317601 0.80032027 -0.59954971 -0.0052417978
		 -1.1723507e-13 -0.99996173 -0.0087425075 -8.3230874e-14 -0.70992148 0.70428085 0.80930895
		 -0.41699597 0.41368261 0.80402535 -0.42321649 -0.41764954 -8.3447897e-14 -0.71177256
		 -0.70240992 -1.1723507e-13 -0.99996173 -0.0087425075 0.80032027 -0.59954971 -0.0052417978
		 0.80503464 -0.0023746493 -0.59322321 -4.6929077e-16 -0.0040028365 -0.99999201 -8.3447897e-14
		 -0.71177256 -0.70240992 0.80402535 -0.42321649 -0.41764954 0.70710665 0.63397229
		 0.31317601 1.0511372e-13 0.89657217 0.44289765 1.0511371e-13 0.89657211 0.44289795
		 0.70710707 0.63397193 0.31317601 0.79427063 -0.60742718 0.012892483 -1.1721315e-13
		 -0.99977481 0.021219959 -8.3565106e-14 -0.71277231 0.70139557 0.8030107 -0.42478707
		 0.41800693 0.88261116 -0.36996666 -0.29003811 -1.0321413e-07 -0.78695136 -0.61701506
		 -2.080165e-08 -0.78551376 -0.61884421 0.83619589 -0.43080974 -0.33938083 0.80016738
		 0.00010892986 0.59977669 2.1287958e-17 0.00018157659 1 8.250334e-14 0.70371592 0.71048146
		 0.80690813 0.41566873 0.41966507 0.80690813 0.41566873 0.41966507 8.250334e-14 0.70371592
		 0.71048146 1.1723768e-13 0.99998409 -0.0056399219 0.80420095 0.59434813 -0.0033526253
		 0.80420095 0.59434813 -0.0033526253 1.1723768e-13 0.99998409 -0.0056399219 8.263236e-14
		 0.7048164 -0.70938987 0.80354035 0.41954216 -0.4222644 0.91737562 -0.3159962 -0.24200925
		 -7.8795445e-08 -0.79393309 -0.60800511 -1.0321413e-07 -0.78695136 -0.61701506;
	setAttr ".n[1328:1493]" -type "float3"  0.88261116 -0.36996666 -0.29003811 0.80590981
		 -0.0035292415 0.59202778 -6.9888498e-16 -0.0059611709 0.99998224 8.2284324e-14 0.70184785
		 0.71232682 0.80208457 0.4191508 0.4254092 0.97003931 -0.17880064 -0.16448136 -1.0620658e-07
		 -0.75135022 -0.65990353 -3.1035071e-08 -0.79860789 -0.60185152 0.94491953 -0.2614505
		 -0.19690306 0.80707735 0.59040195 0.0071893022 1.1723086e-13 0.99992591 0.012176059
		 8.2845569e-14 0.706635 -0.70757818 0.80466723 0.41954774 -0.42010772 0.80293196 0.41365716
		 0.42917132 8.1361126e-14 0.69397336 0.72000062 1.1723086e-13 0.99992591 0.012176059
		 0.80707735 0.59040195 0.0071893022 0.94491953 -0.2614505 -0.19690306 -3.1035071e-08
		 -0.79860789 -0.60185152 -7.8795445e-08 -0.79393309 -0.60800511 0.91737562 -0.3159962
		 -0.24200925 0.80132198 -0.0016139233 0.5982312 -3.1628115e-16 -0.0026977342 0.99999636
		 8.1361126e-14 0.69397336 0.72000062 0.80293196 0.41365716 0.42917132 0.80916381 0.58757955
		 -0.0020717781 1.1723882e-13 0.99999374 -0.0035261062 8.0821729e-14 0.68937254 -0.7244069
		 0.80478972 0.40918404 -0.42997906 -0.65647185 0.57536101 0.48785684 -0.97003931 -0.17880033
		 -0.16448134 -0.98209959 -0.12126632 -0.14413472 -0.70828974 0.41492388 0.57110751
		 -0.56868207 -0.65518099 0.49733141 -0.73176891 -0.10496743 0.67342132 -0.74461651
		 0.00069804408 -0.66749209 -0.59126431 -0.50927317 -0.62533784 -0.96573639 0.042820849
		 -0.25596812 -0.72042018 0.1259791 0.68199998 -0.73746663 -0.0036488567 0.67537367
		 -0.96732056 -0.010524636 -0.25333816 -0.96573639 0.042820849 -0.25596812 -0.95483738
		 0.088647038 -0.28359711 -0.69199735 0.12368541 0.71122557 -0.72042018 0.1259791 0.68199998
		 -0.73176891 -0.10496743 0.67342132 -0.75323188 -0.28908971 0.59082043 -0.84314716
		 0.067936152 -0.53337365 -0.74461651 0.00069804408 -0.66749209 -0.72946233 0.45620671
		 0.50966674 -0.98631239 -0.09448722 -0.13513015 -0.98222154 -0.092552468 -0.16332461
		 -0.68593919 0.48505431 0.54241115 -0.70828974 0.41492388 0.57110751 -0.98209959 -0.12126632
		 -0.14413472 -0.98631239 -0.09448722 -0.13513015 -0.72946233 0.45620671 0.50966674
		 -0.83619601 -0.43080953 -0.33938083 -0.72199416 0.63231909 0.28088617 -0.67720085
		 0.72332108 -0.13492881 -0.77283615 -0.08838027 -0.62842119 -0.96732056 -0.010524636
		 -0.25333816 -0.73746663 -0.0036488567 0.67537367 -0.74744922 -0.20023316 0.63342428
		 -0.97676802 -0.052781321 -0.20769762 -0.97676802 -0.052781321 -0.20769762 -0.81456012
		 0.53244048 0.23021516 -0.7993955 0.20946243 0.56310964 -0.97931302 -0.084239572 -0.18398279
		 -0.97931302 -0.084239572 -0.18398279 -0.7993955 0.20946243 0.56310964 -0.79808539
		 -0.22780465 0.55782139 -0.97970223 -0.090301491 -0.17896692 -0.97970223 -0.090301491
		 -0.17896692 -0.79808539 -0.22780465 0.55782139 -0.81101495 -0.53997976 0.22511473
		 -0.98222154 -0.092552468 -0.16332461 -0.81101495 -0.53997976 0.22511473 -0.80365473
		 -0.54473156 -0.23959665 -0.68593919 0.48505431 0.54241115 -0.98222154 -0.092552468
		 -0.16332461 -0.68593919 0.48505431 0.54241115 -0.80365473 -0.54473156 -0.23959665
		 -0.79686296 -0.23583542 -0.55622929 -0.64810455 0.25605088 0.71721578 -0.64810455
		 0.25605088 0.71721578 -0.79686296 -0.23583542 -0.55622929 -0.80203563 0.20380387
		 -0.56142926 -0.65261394 -0.15935965 0.74074262 -0.65261394 -0.15935965 0.74074262
		 -0.80203563 0.20380387 -0.56142926 -0.80794477 0.53535229 -0.24621758 -0.74744922
		 -0.20023316 0.63342428 -0.74744922 -0.20023316 0.63342428 -0.80794477 0.53535229
		 -0.24621758 -0.81456012 0.53244048 0.23021516 -0.97676802 -0.052781321 -0.20769762
		 -0.92169476 0.10853075 -0.37242424 -0.80316335 0.21884248 0.55410874 -0.80442971
		 -0.23476659 0.54568988 -0.94757229 0.097770147 -0.30421662 -0.94757229 0.097770147
		 -0.30421662 -0.80442971 -0.23476659 0.54568988 -0.80513531 -0.55196875 0.21699691
		 -0.95483738 0.088647038 -0.28359711 -0.95483738 0.088647038 -0.28359711 -0.80513531
		 -0.55196875 0.21699691 -0.80868697 -0.53430146 -0.24606346 -0.69199735 0.12368541
		 0.71122557 -0.69199735 0.12368541 0.71122557 -0.80868697 -0.53430146 -0.24606346
		 -0.8037461 -0.19749601 -0.56123751 -0.66191697 -0.084021568 0.7448532 -0.66191697
		 -0.084021568 0.7448532 -0.8037461 -0.19749601 -0.56123751 -0.79866016 0.24772544
		 -0.54842877 -0.67284137 -0.34734026 0.65317631 -0.67284137 -0.34734026 0.65317631
		 -0.79866016 0.24772544 -0.54842877 -0.80246723 0.55216652 -0.22618243 -0.75323188
		 -0.28908971 0.59082043 -0.75323188 -0.28908971 0.59082043 -0.80246723 0.55216652
		 -0.22618243 -0.80721748 0.54328901 0.23073153 -0.84314716 0.067936152 -0.53337365
		 -0.84314716 0.067936152 -0.53337365 -0.80721748 0.54328901 0.23073153 -0.80316335
		 0.21884248 0.55410874 -0.92169476 0.10853075 -0.37242424 -0.70710689 0.63397205 0.31317598
		 -0.79427081 -0.60742706 0.012892498 -0.81183398 -0.41979027 -0.40583459 -0.65647185
		 0.57536101 0.48785684 -0.80140519 0.004850083 -0.59810221 -0.80466712 0.41954792
		 -0.42010754 -0.97003931 -0.17880033 -0.16448134 -0.91737568 -0.3159959 -0.24200925
		 -0.80916363 0.58757985 -0.0020718873 -0.80208451 0.41915101 0.42540908 -0.83619601
		 -0.43080953 -0.33938083 -0.8001675 0.00010923589 0.59977669 -0.80930901 -0.41699576
		 0.41368279 -0.72199416 0.63231909 0.28088617 -0.80590981 -0.0035289365 0.59202778
		 -0.80301076 -0.42478693 0.41800705 -0.80503464 -0.0023743077 -0.59322315 -0.80354029
		 0.41954249 -0.4222644 -0.7990405 -0.0044709989 -0.6012606 -0.80478954 0.40918431
		 -0.42997897 -0.80132204 -0.001613581 0.59823108 -0.80442452 -0.41697407 0.42312393
		 -0.70710665 0.63397264 0.31317547 -0.80539811 -0.41317534 -0.42499411 -0.80140519
		 0.004850083 -0.59810221 -0.65647185 0.57536101 0.48785684 -0.70710665 0.63397264
		 0.31317547 -0.80627275 -0.5915432 -0.00090805005 -0.80539811 -0.41317534 -0.42499411
		 -0.80627275 -0.5915432 -0.00090805005 -0.70710689 0.63397205 0.31317598 -0.80442452
		 -0.41697407 0.42312393 -0.70710689 0.63397205 0.31317598 -0.7990405 -0.0044709989
		 -0.6012606 -0.80442452 -0.41697407 0.42312393 -0.70710689 0.63397205 0.31317598 -0.81183398
		 -0.41979027 -0.40583459;
	setAttr ".n[1494:1659]" -type "float3"  -0.7990405 -0.0044709989 -0.6012606 -0.80930901
		 -0.41699576 0.41368279 -0.80032045 -0.59954953 -0.0052417866 -0.70710659 0.63397247
		 0.31317592 -0.72199416 0.63231909 0.28088617 -0.80402535 -0.42321625 -0.41764969
		 -0.70710659 0.63397247 0.31317592 -0.80032045 -0.59954953 -0.0052417866 -0.80503464
		 -0.0023743077 -0.59322315 -0.70710659 0.63397247 0.31317592 -0.80402535 -0.42321625
		 -0.41764969 -0.70710659 0.63397247 0.31317592 -0.80301076 -0.42478693 0.41800705
		 -0.79427081 -0.60742706 0.012892498 -0.70710689 0.63397205 0.31317598 -0.88261133
		 -0.36996639 -0.29003814 -0.80690795 0.41566917 0.41966498 -0.8001675 0.00010923589
		 0.59977669 -0.83619601 -0.43080953 -0.33938083 -0.88261133 -0.36996639 -0.29003814
		 -0.80420136 0.59434748 -0.0033519557 -0.80690795 0.41566917 0.41966498 -0.88261133
		 -0.36996639 -0.29003814 -0.80354029 0.41954249 -0.4222644 -0.80420136 0.59434748
		 -0.0033519557 -0.91737568 -0.3159959 -0.24200925 -0.80590981 -0.0035289365 0.59202778
		 -0.80354029 0.41954249 -0.4222644 -0.88261133 -0.36996639 -0.29003814 -0.91737568
		 -0.3159959 -0.24200925 -0.80208451 0.41915101 0.42540908 -0.80590981 -0.0035289365
		 0.59202778 -0.80466712 0.41954792 -0.42010754 -0.80707717 0.59040213 0.0071893493
		 -0.94491953 -0.26145023 -0.19690302 -0.97003931 -0.17880033 -0.16448134 -0.8029319
		 0.41365737 0.42917129 -0.94491953 -0.26145023 -0.19690302 -0.80707717 0.59040213
		 0.0071893493 -0.8029319 0.41365737 0.42917129 -0.80132204 -0.001613581 0.59823108
		 -0.91737568 -0.3159959 -0.24200925 -0.94491953 -0.26145023 -0.19690302 -0.80478954
		 0.40918431 -0.42997897 -0.91737568 -0.3159959 -0.24200925 -0.80132204 -0.001613581
		 0.59823108 -0.80916363 0.58757985 -0.0020718873 -0.91737568 -0.3159959 -0.24200925
		 -0.80478954 0.40918431 -0.42997897 -0.80301076 -0.42478693 0.41800705 -0.70710659
		 0.63397247 0.31317592 -0.80503464 -0.0023743077 -0.59322315 6.8910582e-14 0.58777589
		 0.8090238 8.9421377e-14 0.76272362 0.64672452 -0.65647185 0.57536101 0.48785684 -0.70828974
		 0.41492388 0.57110751 -1.0620658e-07 -0.75135022 -0.65990353 -7.7078121e-14 -0.65744126
		 -0.75350583 -0.98209959 -0.12126632 -0.14413472 -0.97003931 -0.17880033 -0.16448134
		 -7.4034224e-14 -0.63147825 -0.77539366 -9.3383302e-14 -0.79651707 0.60461605 -0.56868207
		 -0.65518099 0.49733141 -0.59126431 -0.50927317 -0.62533784 -2.8953751e-08 0.0010454898
		 -0.9999994 -7.4034224e-14 -0.63147825 -0.77539366 -0.59126431 -0.50927317 -0.62533784
		 -0.74461651 0.00069804408 -0.66749209 -9.3383302e-14 -0.79651707 0.60461605 -1.8056347e-14
		 -0.15401243 0.98806894 -0.73176891 -0.10496743 0.67342132 -0.56868207 -0.65518099
		 0.49733141 -7.0073803e-08 -0.046187103 -0.99893278 9.8698415e-08 0.18901502 -0.98197412
		 -0.96573639 0.042820849 -0.25596812 -0.96732056 -0.010524636 -0.25333816 2.1296184e-14
		 0.18164675 0.98336387 -6.3344337e-16 -0.0054029836 0.9999854 -0.73746663 -0.0036488567
		 0.67537367 -0.72042018 0.1259791 0.68199998 2.0086988e-14 0.17133287 0.98521322 2.1296184e-14
		 0.18164675 0.98336387 -0.72042018 0.1259791 0.68199998 -0.69199735 0.12368541 0.71122557
		 9.8698415e-08 0.18901502 -0.98197412 6.6298554e-08 0.29841778 -0.95443535 -0.95483738
		 0.088647038 -0.28359711 -0.96573639 0.042820849 -0.25596812 -6.7616199e-08 0.11793888
		 -0.99302089 -2.8953751e-08 0.0010454898 -0.9999994 -0.74461651 0.00069804408 -0.66749209
		 -0.84314716 0.067936152 -0.53337365 -1.8056347e-14 -0.15401243 0.98806894 -5.1527945e-14
		 -0.4395099 0.89823776 -0.75323188 -0.28908971 0.59082043 -0.73176891 -0.10496743
		 0.67342132 7.8151359e-14 0.66659552 0.74541956 7.8192722e-14 0.66694832 0.74510407
		 -0.72946233 0.45620671 0.50966674 -0.68593919 0.48505431 0.54241115 -6.994796e-14
		 -0.59662426 -0.80252069 -9.8935665e-08 -0.50387704 -0.86377531 -0.98222154 -0.092552468
		 -0.16332461 -0.98631239 -0.09448722 -0.13513015 7.8192722e-14 0.66694832 0.74510407
		 6.8910582e-14 0.58777589 0.8090238 -0.70828974 0.41492388 0.57110751 -0.72946233
		 0.45620671 0.50966674 -7.7078121e-14 -0.65744126 -0.75350583 -6.994796e-14 -0.59662426
		 -0.80252069 -0.98631239 -0.09448722 -0.13513015 -0.98209959 -0.12126632 -0.14413472
		 9.8445091e-16 0.008396918 -0.99996477 -2.080165e-08 -0.78551376 -0.61884421 -0.83619601
		 -0.43080953 -0.33938083 -0.77283615 -0.08838027 -0.62842119 1.3085567e-08 0.98035878
		 -0.19722269 9.8445091e-16 0.008396918 -0.99996477 -0.77283615 -0.08838027 -0.62842119
		 -0.67720085 0.72332108 -0.13492881 -1.1920805e-08 0.91388911 0.40596417 1.3085567e-08
		 0.98035878 -0.19722269 -0.67720085 0.72332108 -0.13492881 -0.72199416 0.63231909
		 0.28088617 -7.9727258e-08 -0.28602201 -0.95822304 -7.0073803e-08 -0.046187103 -0.99893278
		 -0.96732056 -0.010524636 -0.25333816 -0.97676802 -0.052781321 -0.20769762 -6.3344337e-16
		 -0.0054029836 0.9999854 -3.533734e-14 -0.30141142 0.95349407 -0.74744922 -0.20023316
		 0.63342428 -0.73746663 -0.0036488567 0.67537367 -1.4062368e-07 -0.4243747 -0.90548664
		 -7.9727258e-08 -0.28602201 -0.95822304 -0.97676802 -0.052781321 -0.20769762 -0.97931302
		 -0.084239572 -0.18398279 1.076113e-13 0.91787541 0.39686862 4.0873904e-14 0.34863579
		 0.9372583 -0.7993955 0.20946243 0.56310964 -0.81456012 0.53244048 0.23021516 -4.7862574e-08
		 -0.45240077 -0.89181471 -1.4062368e-07 -0.4243747 -0.90548664 -0.97931302 -0.084239572
		 -0.18398279 -0.97970223 -0.090301491 -0.17896692 4.0873904e-14 0.34863579 0.9372583
		 -4.4324939e-14 -0.37807155 0.9257763 -0.79808539 -0.22780465 0.55782139 -0.7993955
		 0.20946243 0.56310964 -9.8935665e-08 -0.50387704 -0.86377531 -4.7862574e-08 -0.45240077
		 -0.89181471 -0.97970223 -0.090301491 -0.17896692 -0.98222154 -0.092552468 -0.16332461
		 -4.4324939e-14 -0.37807155 0.9257763 -1.0821236e-13 -0.92300218 0.38479456 -0.81101495
		 -0.53997976 0.22511473 -0.79808539 -0.22780465 0.55782139 -1.0821236e-13 -0.92300218
		 0.38479456 -1.0731732e-13 -0.9153679 -0.40261856 -0.80365473 -0.54473156 -0.23959665
		 -0.81101495 -0.53997976 0.22511473 3.9418582e-14 0.33622256 0.94178259 7.8151359e-14
		 0.66659552 0.74541956 -0.68593919 0.48505431 0.54241115 -0.64810455 0.25605088 0.71721578
		 -1.0731732e-13 -0.9153679 -0.40261856 -4.576479e-14 -0.39035282 -0.92066532;
	setAttr ".n[1660:1825]" -type "float3"  -0.79686296 -0.23583542 -0.55622929 -0.80365473
		 -0.54473156 -0.23959665 -2.4658176e-14 -0.21032302 0.97763199 3.9418582e-14 0.33622256
		 0.94178259 -0.64810455 0.25605088 0.71721578 -0.65261394 -0.15935965 0.74074262 -4.576479e-14
		 -0.39035282 -0.92066532 4.0004688e-14 0.34122178 -0.93998283 -0.80203563 0.20380387
		 -0.56142926 -0.79686296 -0.23583542 -0.55622929 -3.533734e-14 -0.30141142 0.95349407
		 -2.4658176e-14 -0.21032302 0.97763199 -0.65261394 -0.15935965 0.74074262 -0.74744922
		 -0.20023316 0.63342428 4.0004688e-14 0.34122178 -0.93998283 1.0651437e-13 0.90851903
		 -0.41784355 -0.80794477 0.53535229 -0.24621758 -0.80203563 0.20380387 -0.56142926
		 1.0651437e-13 0.90851903 -0.41784355 1.076113e-13 0.91787541 0.39686862 -0.81456012
		 0.53244048 0.23021516 -0.80794477 0.53535229 -0.24621758 -6.1177218e-08 0.30867335
		 -0.95116818 3.1632544e-14 0.26981118 -0.96291327 -0.92169476 0.10853075 -0.37242424
		 -0.94757229 0.097770147 -0.30421662 7.8543012e-09 0.36733377 0.93008918 -1.3508028e-10
		 -0.39519846 0.91859573 -0.80442971 -0.23476659 0.54568988 -0.80316335 0.21884248
		 0.55410874 6.6298554e-08 0.29841778 -0.95443535 -6.1177218e-08 0.30867335 -0.95116818
		 -0.94757229 0.097770147 -0.30421662 -0.95483738 0.088647038 -0.28359711 -1.3508028e-10
		 -0.39519846 0.91859573 -1.0911066e-13 -0.93066424 0.36587429 -0.80513531 -0.55196875
		 0.21699691 -0.80442971 -0.23476659 0.54568988 -1.0911066e-13 -0.93066424 0.36587429
		 -1.0648946e-13 -0.90830666 -0.41830501 -0.80868697 -0.53430146 -0.24606346 -0.80513531
		 -0.55196875 0.21699691 -1.3141635e-14 -0.11209216 0.99369782 2.0086988e-14 0.17133287
		 0.98521322 -0.69199735 0.12368541 0.71122557 -0.66191697 -0.084021568 0.7448532 -1.0648946e-13
		 -0.90830666 -0.41830501 -3.8916702e-14 -0.33194175 -0.94329977 -0.8037461 -0.19749601
		 -0.56123751 -0.80868697 -0.53430146 -0.24606346 -5.5045632e-14 -0.46951419 0.88292497
		 -1.3141635e-14 -0.11209216 0.99369782 -0.66191697 -0.084021568 0.7448532 -0.67284137
		 -0.34734026 0.65317631 -3.8916702e-14 -0.33194175 -0.94329977 4.8261955e-14 0.41165251
		 -0.91134089 -0.79866016 0.24772544 -0.54842877 -0.8037461 -0.19749601 -0.56123751
		 -5.1527945e-14 -0.4395099 0.89823776 -5.5045632e-14 -0.46951419 0.88292497 -0.67284137
		 -0.34734026 0.65317631 -0.75323188 -0.28908971 0.59082043 4.8261955e-14 0.41165251
		 -0.91134089 1.084903e-13 0.9253729 -0.37905806 -0.80246723 0.55216652 -0.22618243
		 -0.79866016 0.24772544 -0.54842877 1.084903e-13 0.9253729 -0.37905806 8.040991e-09
		 0.92043221 0.39090219 -0.80721748 0.54328901 0.23073153 -0.80246723 0.55216652 -0.22618243
		 3.1632544e-14 0.26981118 -0.96291327 -6.7616199e-08 0.11793888 -0.99302089 -0.84314716
		 0.067936152 -0.53337365 -0.92169476 0.10853075 -0.37242424 8.040991e-09 0.92043221
		 0.39090219 7.8543012e-09 0.36733377 0.93008918 -0.80316335 0.21884248 0.55410874
		 -0.80721748 0.54328901 0.23073153 -1.1721315e-13 -0.99977481 0.021219959 -8.4290146e-14
		 -0.71895659 -0.69505495 -0.81183398 -0.41979027 -0.40583459 -0.79427081 -0.60742706
		 0.012892498 9.5062677e-16 0.0081084138 -0.9999671 8.2845569e-14 0.706635 -0.70757818
		 -0.80466712 0.41954792 -0.42010754 -0.80140519 0.004850083 -0.59810221 1.1723882e-13
		 0.99999374 -0.0035261062 8.2284324e-14 0.70184785 0.71232682 -0.80208451 0.41915101
		 0.42540908 -0.80916363 0.58757985 -0.0020718873 2.1287958e-17 0.00018157659 1 -8.3230874e-14
		 -0.70992148 0.70428085 -0.80930901 -0.41699576 0.41368279 -0.8001675 0.00010923589
		 0.59977669 -4.6929077e-16 -0.0040028365 -0.99999201 8.263236e-14 0.7048164 -0.70938987
		 -0.80354029 0.41954249 -0.4222644 -0.80503464 -0.0023743077 -0.59322315 -6.9888498e-16
		 -0.0059611709 0.99998224 -8.3565106e-14 -0.71277231 0.70139557 -0.80301076 -0.42478693
		 0.41800705 -0.80590981 -0.0035289365 0.59202778 -3.1628115e-16 -0.0026977342 0.99999636
		 -8.2291826e-14 -0.70191181 0.71226376 -0.80442452 -0.41697407 0.42312393 -0.80132204
		 -0.001613581 0.59823108 -8.7183497e-16 -0.0074363556 -0.9999724 8.0821729e-14 0.68937254
		 -0.7244069 -0.80478954 0.40918431 -0.42997897 -0.7990405 -0.0044709989 -0.6012606
		 8.9421377e-14 0.76272362 0.64672452 1.0511375e-13 0.89657247 0.44289699 -0.70710665
		 0.63397264 0.31317547 -0.65647185 0.57536101 0.48785684 -8.1723833e-14 -0.69706708
		 -0.71700591 9.5062677e-16 0.0081084138 -0.9999671 -0.80140519 0.004850083 -0.59810221
		 -0.80539811 -0.41317534 -0.42499411 -1.172394e-13 -0.99999875 -0.0015350614 -8.1723833e-14
		 -0.69706708 -0.71700591 -0.80539811 -0.41317534 -0.42499411 -0.80627275 -0.5915432
		 -0.00090805005 -8.2291826e-14 -0.70191181 0.71226376 -1.172394e-13 -0.99999875 -0.0015350614
		 -0.80627275 -0.5915432 -0.00090805005 -0.80442452 -0.41697407 0.42312393 1.0511375e-13
		 0.89657247 0.44289699 1.0511371e-13 0.89657211 0.44289795 -0.70710689 0.63397205
		 0.31317598 -0.70710665 0.63397264 0.31317547 -8.4290146e-14 -0.71895659 -0.69505495
		 -8.7183497e-16 -0.0074363556 -0.9999724 -0.7990405 -0.0044709989 -0.6012606 -0.81183398
		 -0.41979027 -0.40583459 1.0511372e-13 0.89657217 0.44289765 -1.1920805e-08 0.91388911
		 0.40596417 -0.72199416 0.63231909 0.28088617 -0.70710659 0.63397247 0.31317592 -8.3230874e-14
		 -0.70992148 0.70428085 -1.1723507e-13 -0.99996173 -0.0087425075 -0.80032045 -0.59954953
		 -0.0052417866 -0.80930901 -0.41699576 0.41368279 -1.1723507e-13 -0.99996173 -0.0087425075
		 -8.3447897e-14 -0.71177256 -0.70240992 -0.80402535 -0.42321625 -0.41764969 -0.80032045
		 -0.59954953 -0.0052417866 -8.3447897e-14 -0.71177256 -0.70240992 -4.6929077e-16 -0.0040028365
		 -0.99999201 -0.80503464 -0.0023743077 -0.59322315 -0.80402535 -0.42321625 -0.41764969
		 1.0511371e-13 0.89657211 0.44289795 1.0511372e-13 0.89657217 0.44289765 -0.70710659
		 0.63397247 0.31317592 -0.70710689 0.63397205 0.31317598 -8.3565106e-14 -0.71277231
		 0.70139557 -1.1721315e-13 -0.99977481 0.021219959 -0.79427081 -0.60742706 0.012892498
		 -0.80301076 -0.42478693 0.41800705 -2.080165e-08 -0.78551376 -0.61884421 -1.0321413e-07
		 -0.78695136 -0.61701506 -0.88261133 -0.36996639 -0.29003814 -0.83619601 -0.43080953
		 -0.33938083 8.250334e-14 0.70371592 0.71048146 2.1287958e-17 0.00018157659 1 -0.8001675
		 0.00010923589 0.59977669 -0.80690795 0.41566917 0.41966498;
	setAttr ".n[1826:1991]" -type "float3"  1.1723768e-13 0.99998409 -0.0056399219
		 8.250334e-14 0.70371592 0.71048146 -0.80690795 0.41566917 0.41966498 -0.80420136
		 0.59434748 -0.0033519557 8.263236e-14 0.7048164 -0.70938987 1.1723768e-13 0.99998409
		 -0.0056399219 -0.80420136 0.59434748 -0.0033519557 -0.80354029 0.41954249 -0.4222644
		 -1.0321413e-07 -0.78695136 -0.61701506 -7.8795445e-08 -0.79393309 -0.60800511 -0.91737568
		 -0.3159959 -0.24200925 -0.88261133 -0.36996639 -0.29003814 8.2284324e-14 0.70184785
		 0.71232682 -6.9888498e-16 -0.0059611709 0.99998224 -0.80590981 -0.0035289365 0.59202778
		 -0.80208451 0.41915101 0.42540908 -3.1035071e-08 -0.79860789 -0.60185152 -1.0620658e-07
		 -0.75135022 -0.65990353 -0.97003931 -0.17880033 -0.16448134 -0.94491953 -0.26145023
		 -0.19690302 8.2845569e-14 0.706635 -0.70757818 1.1723086e-13 0.99992591 0.012176059
		 -0.80707717 0.59040213 0.0071893493 -0.80466712 0.41954792 -0.42010754 1.1723086e-13
		 0.99992591 0.012176059 8.1361126e-14 0.69397336 0.72000062 -0.8029319 0.41365737
		 0.42917129 -0.80707717 0.59040213 0.0071893493 -7.8795445e-08 -0.79393309 -0.60800511
		 -3.1035071e-08 -0.79860789 -0.60185152 -0.94491953 -0.26145023 -0.19690302 -0.91737568
		 -0.3159959 -0.24200925 8.1361126e-14 0.69397336 0.72000062 -3.1628115e-16 -0.0026977342
		 0.99999636 -0.80132204 -0.001613581 0.59823108 -0.8029319 0.41365737 0.42917129 8.0821729e-14
		 0.68937254 -0.7244069 1.1723882e-13 0.99999374 -0.0035261062 -0.80916363 0.58757985
		 -0.0020718873 -0.80478954 0.40918431 -0.42997897 0.80627269 -0.59154338 -0.00090798072
		 0.80442446 -0.41697428 0.42312381 0.70710707 0.63397193 0.31317601 -0.80627275 -0.5915432
		 -0.00090805005 -0.70710665 0.63397264 0.31317547 -0.70710689 0.63397205 0.31317598
		 0.62596047 0.74467158 0.2315978 0.68902838 0.50332743 0.5214417 0.71598673 -0.47032174
		 -0.51590741 0.55033946 0.27648887 -0.78783262 0.56361806 -0.68544453 0.46097758 0.62400156
		 -0.56119162 -0.54377002 0.67155409 -0.14932474 -0.72575289 0.73176885 -0.10496765
		 0.67342126 0.71421963 -0.028687244 -0.69933343 0.72652107 -0.10705931 -0.67875284
		 0.73746657 -0.0036491251 0.67537367 0.72042024 0.12597883 0.68199998 0.71421963 -0.028687244
		 -0.69933343 0.72042024 0.12597883 0.68199998 0.69199735 0.12368522 0.71122557 0.76985365
		 0.15820917 -0.61830026 0.73176885 -0.10496765 0.67342126 0.67155409 -0.14932474 -0.72575289
		 0.68681967 0.041300993 -0.72565353 0.75323182 -0.28908989 0.59082043 0.72335756 0.47365496
		 0.50239897 0.68593925 0.48505411 0.54241121 0.70982718 -0.33559465 -0.61929125 0.72928065
		 -0.38883585 -0.56298876 0.68902838 0.50332743 0.5214417 0.72335756 0.47365496 0.50239897
		 0.72928065 -0.38883585 -0.56298876 0.71598673 -0.47032174 -0.51590741 0.72652107
		 -0.10705931 -0.67875284 0.72787172 -0.22247887 -0.64861858 0.74744922 -0.20023333
		 0.63342416 0.73746657 -0.0036491251 0.67537367 0.72787172 -0.22247887 -0.64861858
		 0.70378506 -0.280211 -0.65281576 0.79939568 0.20946233 0.5631094 0.81456006 0.5324406
		 0.23021507 0.70378506 -0.280211 -0.65281576 0.71782875 -0.29503104 -0.63061762 0.79808539
		 -0.227805 0.55782133 0.79939568 0.20946233 0.5631094 0.71782875 -0.29503104 -0.63061762
		 0.70982718 -0.33559465 -0.61929125 0.81101489 -0.53997993 0.22511417 0.79808539 -0.227805
		 0.55782133 0.81101489 -0.53997993 0.22511417 0.70982718 -0.33559465 -0.61929125 0.68593925
		 0.48505411 0.54241121 0.80365425 -0.54473233 -0.23959664 0.68593925 0.48505411 0.54241121
		 0.64810461 0.25605077 0.71721572 0.7968632 -0.23583601 -0.5562287 0.80365425 -0.54473233
		 -0.23959664 0.64810461 0.25605077 0.71721572 0.65261388 -0.15935969 0.74074268 0.80203563
		 0.20380375 -0.56142938 0.7968632 -0.23583601 -0.5562287 0.65261388 -0.15935969 0.74074268
		 0.74744922 -0.20023333 0.63342416 0.80794477 0.53535223 -0.24621762 0.80203563 0.20380375
		 -0.56142938 0.74744922 -0.20023333 0.63342416 0.72787172 -0.22247887 -0.64861858
		 0.81456006 0.5324406 0.23021507 0.80794477 0.53535223 -0.24621762 0.68034762 0.19794196
		 -0.70565289 0.69456565 0.31549877 -0.64655942 0.80442959 -0.23476686 0.54569006 0.80316335
		 0.21884222 0.55410892 0.69456565 0.31549877 -0.64655942 0.76985365 0.15820917 -0.61830026
		 0.80513531 -0.55196875 0.21699685 0.80442959 -0.23476686 0.54569006 0.76985365 0.15820917
		 -0.61830026 0.69199735 0.12368522 0.71122557 0.80868691 -0.53430158 -0.24606344 0.80513531
		 -0.55196875 0.21699685 0.69199735 0.12368522 0.71122557 0.66191697 -0.084021889 0.74485314
		 0.80374599 -0.19749635 -0.56123739 0.80868691 -0.53430158 -0.24606344 0.66191697
		 -0.084021889 0.74485314 0.67284131 -0.34734046 0.65317613 0.79866022 0.24772517 -0.54842877
		 0.80374599 -0.19749635 -0.56123739 0.67284131 -0.34734046 0.65317613 0.75323182 -0.28908989
		 0.59082043 0.80246723 0.5521664 -0.22618245 0.79866022 0.24772517 -0.54842877 0.75323182
		 -0.28908989 0.59082043 0.68681967 0.041300993 -0.72565353 0.80721796 0.54328817 0.23073138
		 0.80246723 0.5521664 -0.22618245 0.68681967 0.041300993 -0.72565353 0.68034762 0.19794196
		 -0.70565289 0.80316335 0.21884222 0.55410892 0.80721796 0.54328817 0.23073138 0.62596047
		 0.74467158 0.2315978 -6.8974774e-15 0.95488507 0.29697561 8.142277e-14 0.69449914
		 0.71949357 0.68902838 0.50332743 0.5214417 0.71598673 -0.47032174 -0.51590741 -1.1519987e-13
		 -0.67370349 -0.73900175 3.8823301e-14 0.33114508 -0.94357985 0.55033946 0.27648887
		 -0.78783262 0.55033946 0.27648887 -0.78783262 3.8823301e-14 0.33114508 -0.94357985
		 -6.8974774e-15 0.95488507 0.29697561 0.62596047 0.74467158 0.2315978 0.56361806 -0.68544453
		 0.46097758 -9.728542e-14 -0.82980037 0.55806035 -8.4197494e-14 -0.71816629 -0.69587159
		 0.62400156 -0.56119162 -0.54377002 0.62400156 -0.56119162 -0.54377002 -8.4197494e-14
		 -0.71816629 -0.69587159 -2.3627276e-14 -0.20152991 -0.97948229 0.67155409 -0.14932474
		 -0.72575289 0.73176885 -0.10496765 0.67342126 -1.8056345e-14 -0.15401241 0.98806882
		 -9.728542e-14 -0.82980037 0.55806035 0.56361806 -0.68544453 0.46097758;
	setAttr ".n[1992:2157]" -type "float3"  0.71421963 -0.028687244 -0.69933343 -1.6619272e-09
		 -0.040986326 -0.99915975 -1.8266299e-14 -0.15580322 -0.98778808 0.72652107 -0.10705931
		 -0.67875284 0.73746657 -0.0036491251 0.67537367 -6.3344284e-16 -0.005402979 0.9999854
		 2.129618e-14 0.18164672 0.98336381 0.72042024 0.12597883 0.68199998 0.72042024 0.12597883
		 0.68199998 2.129618e-14 0.18164672 0.98336381 2.0086993e-14 0.17133291 0.98521316
		 0.69199735 0.12368522 0.71122557 0.76985365 0.15820917 -0.61830026 8.1577952e-08
		 0.24789125 -0.96878785 -1.6619272e-09 -0.040986326 -0.99915975 0.71421963 -0.028687244
		 -0.69933343 0.67155409 -0.14932474 -0.72575289 -2.3627276e-14 -0.20152991 -0.97948229
		 6.6619819e-15 0.056823671 -0.99838418 0.68681967 0.041300993 -0.72565353 0.75323182
		 -0.28908989 0.59082043 -5.1527942e-14 -0.43950987 0.89823776 -1.8056345e-14 -0.15401241
		 0.98806882 0.73176885 -0.10496765 0.67342126 0.72335756 0.47365496 0.50239897 8.0424647e-14
		 0.68598562 0.727615 7.8151359e-14 0.66659552 0.74541956 0.68593925 0.48505411 0.54241121
		 0.70982718 -0.33559465 -0.61929125 -5.5857906e-14 -0.47644252 -0.87920564 -6.6626663e-14
		 -0.56829512 -0.82282478 0.72928065 -0.38883585 -0.56298876 0.68902838 0.50332743
		 0.5214417 8.142277e-14 0.69449914 0.71949357 8.0424647e-14 0.68598562 0.727615 0.72335756
		 0.47365496 0.50239897 0.72928065 -0.38883585 -0.56298876 -6.6626663e-14 -0.56829512
		 -0.82282478 -1.1519987e-13 -0.67370349 -0.73900175 0.71598673 -0.47032174 -0.51590741
		 0.72652107 -0.10705931 -0.67875284 -1.8266299e-14 -0.15580322 -0.98778808 -3.8038217e-14
		 -0.32444867 -0.94590324 0.72787172 -0.22247887 -0.64861858 0.74744922 -0.20023333
		 0.63342416 -3.533734e-14 -0.30141142 0.95349407 -6.3344284e-16 -0.005402979 0.9999854
		 0.73746657 -0.0036491251 0.67537367 0.72787172 -0.22247887 -0.64861858 -3.8038217e-14
		 -0.32444867 -0.94590324 -4.6243259e-14 -0.39443395 -0.91892427 0.70378506 -0.280211
		 -0.65281576 0.79939568 0.20946233 0.5631094 4.0873951e-14 0.34863618 0.93725818 1.0761132e-13
		 0.91787559 0.39686823 0.81456006 0.5324406 0.23021507 0.70378506 -0.280211 -0.65281576
		 -4.6243259e-14 -0.39443395 -0.91892427 -4.9681589e-14 -0.42376134 -0.90577388 0.71782875
		 -0.29503104 -0.63061762 0.79808539 -0.227805 0.55782133 -4.4324953e-14 -0.37807167
		 0.9257763 4.0873951e-14 0.34863618 0.93725818 0.79939568 0.20946233 0.5631094 0.71782875
		 -0.29503104 -0.63061762 -4.9681589e-14 -0.42376134 -0.90577388 -5.5857906e-14 -0.47644252
		 -0.87920564 0.70982718 -0.33559465 -0.61929125 0.81101489 -0.53997993 0.22511417
		 -1.082124e-13 -0.92300254 0.38479385 -4.4324953e-14 -0.37807167 0.9257763 0.79808539
		 -0.227805 0.55782133 0.80365425 -0.54473233 -0.23959664 -1.0731733e-13 -0.91536802
		 -0.40261814 -1.082124e-13 -0.92300254 0.38479385 0.81101489 -0.53997993 0.22511417
		 0.68593925 0.48505411 0.54241121 7.8151359e-14 0.66659552 0.74541956 3.9418599e-14
		 0.33622271 0.94178259 0.64810461 0.25605077 0.71721572 0.7968632 -0.23583601 -0.5562287
		 -4.5764882e-14 -0.39035362 -0.92066497 -1.0731733e-13 -0.91536802 -0.40261814 0.80365425
		 -0.54473233 -0.23959664 0.64810461 0.25605077 0.71721572 3.9418599e-14 0.33622271
		 0.94178259 -2.4658159e-14 -0.21032287 0.97763193 0.65261388 -0.15935969 0.74074268
		 0.80203563 0.20380375 -0.56142938 4.0004702e-14 0.3412219 -0.93998277 -4.5764882e-14
		 -0.39035362 -0.92066497 0.7968632 -0.23583601 -0.5562287 0.65261388 -0.15935969 0.74074268
		 -2.4658159e-14 -0.21032287 0.97763193 -3.533734e-14 -0.30141142 0.95349407 0.74744922
		 -0.20023333 0.63342416 0.80794477 0.53535223 -0.24621762 1.0651437e-13 0.90851903
		 -0.41784346 4.0004702e-14 0.3412219 -0.93998277 0.80203563 0.20380375 -0.56142938
		 0.81456006 0.5324406 0.23021507 1.0761132e-13 0.91787559 0.39686823 1.0651437e-13
		 0.90851903 -0.41784346 0.80794477 0.53535223 -0.24621762 0.68034762 0.19794196 -0.70565289
		 3.1664565e-14 0.27008432 -0.96283662 8.062274e-08 0.43854034 -0.8987115 0.69456565
		 0.31549877 -0.64655942 0.80442959 -0.23476686 0.54569006 -4.6638996e-14 -0.39519829
		 0.91859579 5.2842577e-14 0.36733332 0.93008935 0.80316335 0.21884222 0.55410892 0.69456565
		 0.31549877 -0.64655942 8.062274e-08 0.43854034 -0.8987115 8.1577952e-08 0.24789125
		 -0.96878785 0.76985365 0.15820917 -0.61830026 0.80513531 -0.55196875 0.21699685 -1.0911066e-13
		 -0.93066424 0.36587438 -4.6638996e-14 -0.39519829 0.91859579 0.80442959 -0.23476686
		 0.54569006 0.80868691 -0.53430158 -0.24606344 -1.0648945e-13 -0.90830654 -0.4183051
		 -1.0911066e-13 -0.93066424 0.36587438 0.80513531 -0.55196875 0.21699685 0.69199735
		 0.12368522 0.71122557 2.0086993e-14 0.17133291 0.98521316 -1.3141655e-14 -0.11209234
		 0.99369782 0.66191697 -0.084021889 0.74485314 0.80374599 -0.19749635 -0.56123739
		 -3.8916722e-14 -0.33194193 -0.94329977 -1.0648945e-13 -0.90830654 -0.4183051 0.80868691
		 -0.53430158 -0.24606344 0.66191697 -0.084021889 0.74485314 -1.3141655e-14 -0.11209234
		 0.99369782 -5.5045639e-14 -0.46951425 0.88292491 0.67284131 -0.34734046 0.65317613
		 0.79866022 0.24772517 -0.54842877 4.8261955e-14 0.41165251 -0.91134083 -3.8916722e-14
		 -0.33194193 -0.94329977 0.80374599 -0.19749635 -0.56123739 0.67284131 -0.34734046
		 0.65317613 -5.5045639e-14 -0.46951425 0.88292491 -5.1527942e-14 -0.43950987 0.89823776
		 0.75323182 -0.28908989 0.59082043 0.80246723 0.5521664 -0.22618245 1.084903e-13 0.9253729
		 -0.379058 4.8261955e-14 0.41165251 -0.91134083 0.79866022 0.24772517 -0.54842877
		 0.80721796 0.54328817 0.23073138 9.807104e-14 0.92043221 0.39090222 1.084903e-13
		 0.9253729 -0.379058 0.80246723 0.5521664 -0.22618245 0.68681967 0.041300993 -0.72565353
		 6.6619819e-15 0.056823671 -0.99838418 3.1664565e-14 0.27008432 -0.96283662 0.68034762
		 0.19794196 -0.70565289 0.80316335 0.21884222 0.55410892 5.2842577e-14 0.36733332
		 0.93008935 9.807104e-14 0.92043221 0.39090222 0.80721796 0.54328817 0.23073138 -0.62596041
		 0.7446717 0.23159781 -0.55033952 0.27648893 -0.78783268 -0.71598685 -0.47032157 -0.51590741
		 -0.68902826 0.50332749 0.52144164 -0.56361818 -0.68544447 0.46097761 -0.73176891
		 -0.10496742 0.67342132;
	setAttr ".n[2158:2323]" -type "float3"  -0.67155409 -0.14932457 -0.72575289 -0.62400174
		 -0.56119156 -0.54377002 -0.71421963 -0.028687011 -0.69933343 -0.72042024 0.12597907
		 0.68199998 -0.73746657 -0.003648873 0.67537367 -0.72652107 -0.10705906 -0.67875278
		 -0.71421963 -0.028687011 -0.69933343 -0.76985359 0.15820931 -0.61830032 -0.69199735
		 0.12368543 0.71122557 -0.72042024 0.12597907 0.68199998 -0.73176891 -0.10496742 0.67342132
		 -0.75323188 -0.28908965 0.59082043 -0.68681967 0.041301209 -0.72565353 -0.67155409
		 -0.14932457 -0.72575289 -0.72335756 0.47365516 0.50239891 -0.72928077 -0.38883564
		 -0.56298888 -0.7098273 -0.33559451 -0.61929131 -0.68593925 0.48505425 0.54241115
		 -0.68902826 0.50332749 0.52144164 -0.71598685 -0.47032157 -0.51590741 -0.72928077
		 -0.38883564 -0.56298888 -0.72335756 0.47365516 0.50239891 -0.72652107 -0.10705906
		 -0.67875278 -0.73746657 -0.003648873 0.67537367 -0.74744928 -0.20023309 0.63342416
		 -0.72787178 -0.22247858 -0.64861852 -0.72787178 -0.22247858 -0.64861852 -0.81455988
		 0.53244078 0.23021497 -0.79939568 0.2094626 0.56310934 -0.70378506 -0.28021079 -0.65281576
		 -0.70378506 -0.28021079 -0.65281576 -0.79939568 0.2094626 0.56310934 -0.79808539
		 -0.22780475 0.55782127 -0.71782875 -0.29503083 -0.63061768 -0.71782875 -0.29503083
		 -0.63061768 -0.79808539 -0.22780475 0.55782127 -0.81101501 -0.53997982 0.22511424
		 -0.7098273 -0.33559451 -0.61929131 -0.81101501 -0.53997982 0.22511424 -0.80365431
		 -0.54473221 -0.23959675 -0.68593925 0.48505425 0.54241115 -0.7098273 -0.33559451
		 -0.61929131 -0.68593925 0.48505425 0.54241115 -0.80365431 -0.54473221 -0.23959675
		 -0.79686326 -0.23583576 -0.55622882 -0.64810467 0.25605097 0.71721572 -0.64810467
		 0.25605097 0.71721572 -0.79686326 -0.23583576 -0.55622882 -0.80203557 0.20380399
		 -0.56142932 -0.65261394 -0.15935954 0.74074262 -0.65261394 -0.15935954 0.74074262
		 -0.80203557 0.20380399 -0.56142932 -0.80794477 0.53535235 -0.24621761 -0.74744928
		 -0.20023309 0.63342416 -0.74744928 -0.20023309 0.63342416 -0.80794477 0.53535235
		 -0.24621761 -0.81455988 0.53244078 0.23021497 -0.72787178 -0.22247858 -0.64861852
		 -0.68034756 0.19794212 -0.70565289 -0.80316335 0.2188426 0.55410892 -0.80442971 -0.23476657
		 0.54569012 -0.69456559 0.31549895 -0.64655948 -0.69456559 0.31549895 -0.64655948
		 -0.80442971 -0.23476657 0.54569012 -0.80513549 -0.55196857 0.21699688 -0.76985359
		 0.15820931 -0.61830032 -0.76985359 0.15820931 -0.61830032 -0.80513549 -0.55196857
		 0.21699688 -0.80868709 -0.53430146 -0.24606355 -0.69199735 0.12368543 0.71122557
		 -0.69199735 0.12368543 0.71122557 -0.80868709 -0.53430146 -0.24606355 -0.8037461
		 -0.19749604 -0.56123745 -0.66191697 -0.08402171 0.7448532 -0.66191697 -0.08402171
		 0.7448532 -0.8037461 -0.19749604 -0.56123745 -0.79866022 0.24772544 -0.54842871 -0.67284137
		 -0.34734029 0.65317619 -0.67284137 -0.34734029 0.65317619 -0.79866022 0.24772544
		 -0.54842871 -0.80246717 0.55216664 -0.22618242 -0.75323188 -0.28908965 0.59082043
		 -0.75323188 -0.28908965 0.59082043 -0.80246717 0.55216664 -0.22618242 -0.80721784
		 0.54328841 0.23073129 -0.68681967 0.041301209 -0.72565353 -0.68681967 0.041301209
		 -0.72565353 -0.80721784 0.54328841 0.23073129 -0.80316335 0.2188426 0.55410892 -0.68034756
		 0.19794212 -0.70565289 8.142277e-14 0.69449914 0.71949357 -6.8974774e-15 0.95488507
		 0.29697561 -0.62596041 0.7446717 0.23159781 -0.68902826 0.50332749 0.52144164 3.8823301e-14
		 0.33114508 -0.94357985 -1.1519987e-13 -0.67370349 -0.73900175 -0.71598685 -0.47032157
		 -0.51590741 -0.55033952 0.27648893 -0.78783268 -6.8974774e-15 0.95488507 0.29697561
		 3.8823301e-14 0.33114508 -0.94357985 -0.55033952 0.27648893 -0.78783268 -0.62596041
		 0.7446717 0.23159781 -8.4197494e-14 -0.71816629 -0.69587159 -9.728542e-14 -0.82980037
		 0.55806035 -0.56361818 -0.68544447 0.46097761 -0.62400174 -0.56119156 -0.54377002
		 -2.3627276e-14 -0.20152991 -0.97948229 -8.4197494e-14 -0.71816629 -0.69587159 -0.62400174
		 -0.56119156 -0.54377002 -0.67155409 -0.14932457 -0.72575289 -9.728542e-14 -0.82980037
		 0.55806035 -1.8056345e-14 -0.15401241 0.98806882 -0.73176891 -0.10496742 0.67342132
		 -0.56361818 -0.68544447 0.46097761 -1.8266299e-14 -0.15580322 -0.98778808 -1.6619272e-09
		 -0.040986326 -0.99915975 -0.71421963 -0.028687011 -0.69933343 -0.72652107 -0.10705906
		 -0.67875278 2.129618e-14 0.18164672 0.98336381 -6.3344284e-16 -0.005402979 0.9999854
		 -0.73746657 -0.003648873 0.67537367 -0.72042024 0.12597907 0.68199998 2.0086993e-14
		 0.17133291 0.98521316 2.129618e-14 0.18164672 0.98336381 -0.72042024 0.12597907 0.68199998
		 -0.69199735 0.12368543 0.71122557 -1.6619272e-09 -0.040986326 -0.99915975 8.1577952e-08
		 0.24789125 -0.96878785 -0.76985359 0.15820931 -0.61830032 -0.71421963 -0.028687011
		 -0.69933343 6.6619819e-15 0.056823671 -0.99838418 -2.3627276e-14 -0.20152991 -0.97948229
		 -0.67155409 -0.14932457 -0.72575289 -0.68681967 0.041301209 -0.72565353 -1.8056345e-14
		 -0.15401241 0.98806882 -5.1527942e-14 -0.43950987 0.89823776 -0.75323188 -0.28908965
		 0.59082043 -0.73176891 -0.10496742 0.67342132 7.8151359e-14 0.66659552 0.74541956
		 8.0424647e-14 0.68598562 0.727615 -0.72335756 0.47365516 0.50239891 -0.68593925 0.48505425
		 0.54241115 -6.6626663e-14 -0.56829512 -0.82282478 -5.5857906e-14 -0.47644252 -0.87920564
		 -0.7098273 -0.33559451 -0.61929131 -0.72928077 -0.38883564 -0.56298888 8.0424647e-14
		 0.68598562 0.727615 8.142277e-14 0.69449914 0.71949357 -0.68902826 0.50332749 0.52144164
		 -0.72335756 0.47365516 0.50239891 -1.1519987e-13 -0.67370349 -0.73900175 -6.6626663e-14
		 -0.56829512 -0.82282478 -0.72928077 -0.38883564 -0.56298888 -0.71598685 -0.47032157
		 -0.51590741 -3.8038217e-14 -0.32444867 -0.94590324 -1.8266299e-14 -0.15580322 -0.98778808
		 -0.72652107 -0.10705906 -0.67875278 -0.72787178 -0.22247858 -0.64861852 -6.3344284e-16
		 -0.005402979 0.9999854 -3.533734e-14 -0.30141142 0.95349407 -0.74744928 -0.20023309
		 0.63342416 -0.73746657 -0.003648873 0.67537367 -4.6243259e-14 -0.39443395 -0.91892427
		 -3.8038217e-14 -0.32444867 -0.94590324 -0.72787178 -0.22247858 -0.64861852 -0.70378506
		 -0.28021079 -0.65281576;
	setAttr ".n[2324:2489]" -type "float3"  1.0761132e-13 0.91787559 0.39686823 4.0873951e-14
		 0.34863618 0.93725818 -0.79939568 0.2094626 0.56310934 -0.81455988 0.53244078 0.23021497
		 -4.9681589e-14 -0.42376134 -0.90577388 -4.6243259e-14 -0.39443395 -0.91892427 -0.70378506
		 -0.28021079 -0.65281576 -0.71782875 -0.29503083 -0.63061768 4.0873951e-14 0.34863618
		 0.93725818 -4.4324953e-14 -0.37807167 0.9257763 -0.79808539 -0.22780475 0.55782127
		 -0.79939568 0.2094626 0.56310934 -5.5857906e-14 -0.47644252 -0.87920564 -4.9681589e-14
		 -0.42376134 -0.90577388 -0.71782875 -0.29503083 -0.63061768 -0.7098273 -0.33559451
		 -0.61929131 -4.4324953e-14 -0.37807167 0.9257763 -1.082124e-13 -0.92300254 0.38479385
		 -0.81101501 -0.53997982 0.22511424 -0.79808539 -0.22780475 0.55782127 -1.082124e-13
		 -0.92300254 0.38479385 -1.0731733e-13 -0.91536802 -0.40261814 -0.80365431 -0.54473221
		 -0.23959675 -0.81101501 -0.53997982 0.22511424 3.9418599e-14 0.33622271 0.94178259
		 7.8151359e-14 0.66659552 0.74541956 -0.68593925 0.48505425 0.54241115 -0.64810467
		 0.25605097 0.71721572 -1.0731733e-13 -0.91536802 -0.40261814 -4.5764882e-14 -0.39035362
		 -0.92066497 -0.79686326 -0.23583576 -0.55622882 -0.80365431 -0.54473221 -0.23959675
		 -2.4658159e-14 -0.21032287 0.97763193 3.9418599e-14 0.33622271 0.94178259 -0.64810467
		 0.25605097 0.71721572 -0.65261394 -0.15935954 0.74074262 -4.5764882e-14 -0.39035362
		 -0.92066497 4.0004702e-14 0.3412219 -0.93998277 -0.80203557 0.20380399 -0.56142932
		 -0.79686326 -0.23583576 -0.55622882 -3.533734e-14 -0.30141142 0.95349407 -2.4658159e-14
		 -0.21032287 0.97763193 -0.65261394 -0.15935954 0.74074262 -0.74744928 -0.20023309
		 0.63342416 4.0004702e-14 0.3412219 -0.93998277 1.0651437e-13 0.90851903 -0.41784346
		 -0.80794477 0.53535235 -0.24621761 -0.80203557 0.20380399 -0.56142932 1.0651437e-13
		 0.90851903 -0.41784346 1.0761132e-13 0.91787559 0.39686823 -0.81455988 0.53244078
		 0.23021497 -0.80794477 0.53535235 -0.24621761 8.062274e-08 0.43854034 -0.8987115
		 3.1664565e-14 0.27008432 -0.96283662 -0.68034756 0.19794212 -0.70565289 -0.69456559
		 0.31549895 -0.64655948 5.2842577e-14 0.36733332 0.93008935 -4.6638996e-14 -0.39519829
		 0.91859579 -0.80442971 -0.23476657 0.54569012 -0.80316335 0.2188426 0.55410892 8.1577952e-08
		 0.24789125 -0.96878785 8.062274e-08 0.43854034 -0.8987115 -0.69456559 0.31549895
		 -0.64655948 -0.76985359 0.15820931 -0.61830032 -4.6638996e-14 -0.39519829 0.91859579
		 -1.0911066e-13 -0.93066424 0.36587438 -0.80513549 -0.55196857 0.21699688 -0.80442971
		 -0.23476657 0.54569012 -1.0911066e-13 -0.93066424 0.36587438 -1.0648945e-13 -0.90830654
		 -0.4183051 -0.80868709 -0.53430146 -0.24606355 -0.80513549 -0.55196857 0.21699688
		 -1.3141655e-14 -0.11209234 0.99369782 2.0086993e-14 0.17133291 0.98521316 -0.69199735
		 0.12368543 0.71122557 -0.66191697 -0.08402171 0.7448532 -1.0648945e-13 -0.90830654
		 -0.4183051 -3.8916722e-14 -0.33194193 -0.94329977 -0.8037461 -0.19749604 -0.56123745
		 -0.80868709 -0.53430146 -0.24606355 -5.5045639e-14 -0.46951425 0.88292491 -1.3141655e-14
		 -0.11209234 0.99369782 -0.66191697 -0.08402171 0.7448532 -0.67284137 -0.34734029
		 0.65317619 -3.8916722e-14 -0.33194193 -0.94329977 4.8261955e-14 0.41165251 -0.91134083
		 -0.79866022 0.24772544 -0.54842871 -0.8037461 -0.19749604 -0.56123745 -5.1527942e-14
		 -0.43950987 0.89823776 -5.5045639e-14 -0.46951425 0.88292491 -0.67284137 -0.34734029
		 0.65317619 -0.75323188 -0.28908965 0.59082043 4.8261955e-14 0.41165251 -0.91134083
		 1.084903e-13 0.9253729 -0.379058 -0.80246717 0.55216664 -0.22618242 -0.79866022 0.24772544
		 -0.54842871 1.084903e-13 0.9253729 -0.379058 9.807104e-14 0.92043221 0.39090222 -0.80721784
		 0.54328841 0.23073129 -0.80246717 0.55216664 -0.22618242 3.1664565e-14 0.27008432
		 -0.96283662 6.6619819e-15 0.056823671 -0.99838418 -0.68681967 0.041301209 -0.72565353
		 -0.68034756 0.19794212 -0.70565289 9.807104e-14 0.92043221 0.39090222 5.2842577e-14
		 0.36733332 0.93008935 -0.80316335 0.2188426 0.55410892 -0.80721784 0.54328841 0.23073129
		 0.65647191 -0.57442707 -0.48895618 0.70828992 -0.41383082 -0.57190001 0.98209965
		 0.12099075 0.14436628 0.97003925 0.17848593 0.16482304 0.56868196 0.65613091 -0.49607766
		 0.59126419 0.50807655 0.62631047 0.74461651 -0.001974303 0.66748947 0.73176891 0.10625526
		 -0.67321932 0.96573639 -0.043309897 0.25588584 0.96732044 0.010040491 0.2533578 0.73746657
		 0.0049405503 -0.67536551 0.72042024 -0.12467445 -0.68223959 0.96573639 -0.043309897
		 0.25588584 0.72042024 -0.12467445 -0.68223959 0.69199735 -0.12232484 -0.71146083
		 0.95483738 -0.089188896 0.28342712 0.73176891 0.10625526 -0.67321932 0.74461651 -0.001974303
		 0.66748947 0.84314722 -0.068955682 0.53324276 0.75323188 0.29021916 -0.59026653 0.72946244
		 -0.45523098 -0.5105384 0.68593943 -0.48401603 -0.54333752 0.98222148 0.092240267
		 0.16350131 0.98631227 0.094228961 0.13531056 0.70828992 -0.41383082 -0.57190001 0.72946244
		 -0.45523098 -0.5105384 0.98631227 0.094228961 0.13531056 0.98209965 0.12099075 0.14436628
		 0.83619571 0.43016031 0.34020412 0.77283597 0.087175302 0.62858969 0.67720479 -0.72357446
		 0.13354255 0.72199535 -0.63177949 -0.28209448 0.96732044 0.010040491 0.2533578 0.97676796
		 0.052384369 0.20779821 0.74744928 0.20144425 -0.63304019 0.73746657 0.0049405503
		 -0.67536551 0.97676796 0.052384369 0.20779821 0.97931302 0.08388792 0.18414347 0.79939568
		 -0.20838511 -0.56350881 0.81455988 -0.53199947 -0.23123302 0.97931302 0.08388792
		 0.18414347 0.97970223 0.089959368 0.17913935 0.79808515 0.22887145 -0.55738491 0.79939568
		 -0.20838511 -0.56350881 0.97970223 0.089959368 0.17913935 0.98222148 0.092240267
		 0.16350131 0.8110137 0.54041094 -0.22408208 0.79808515 0.22887145 -0.55738491 0.8110137
		 0.54041094 -0.22408208 0.98222148 0.092240267 0.16350131 0.68593943 -0.48401603 -0.54333752
		 0.80365384 0.54427361 0.24063827 0.68593943 -0.48401603 -0.54333752 0.64810455 -0.25467905
		 -0.71770412 0.79686332 0.23477186 0.55667877 0.80365384 0.54427361 0.24063827 0.64810455
		 -0.25467905 -0.71770412 0.65261394 0.160776 -0.74043643;
	setAttr ".n[2490:2655]" -type "float3"  0.80203551 -0.20487683 0.56103879 0.79686332
		 0.23477186 0.55667877 0.65261394 0.160776 -0.74043643 0.74744928 0.20144425 -0.63304019
		 0.80794507 -0.5358218 0.24519333 0.80203551 -0.20487683 0.56103879 0.74744928 0.20144425
		 -0.63304019 0.97676796 0.052384369 0.20779821 0.81455988 -0.53199947 -0.23123302
		 0.80794507 -0.5358218 0.24519333 0.92169476 -0.10924248 0.37221617 0.94757229 -0.098351501
		 0.30402917 0.80442959 0.23580983 -0.5452401 0.80316335 -0.21778217 -0.55452645 0.94757229
		 -0.098351501 0.30402917 0.95483738 -0.089188896 0.28342712 0.80513519 0.55238265
		 -0.21594119 0.80442959 0.23580983 -0.5452401 0.95483738 -0.089188896 0.28342712 0.69199735
		 -0.12232484 -0.71146083 0.80868715 0.53382999 0.24708462 0.80513519 0.55238265 -0.21594119
		 0.69199735 -0.12232484 -0.71146083 0.66191703 0.085445978 -0.74469113 0.80374599
		 0.19642274 0.56161422 0.80868715 0.53382999 0.24708462 0.66191703 0.085445978 -0.74469113
		 0.67284125 0.34858871 -0.65251088 0.79866034 -0.24877337 0.54795396 0.80374599 0.19642274
		 0.56161422 0.67284125 0.34858871 -0.65251088 0.75323188 0.29021916 -0.59026653 0.80246729
		 -0.552598 0.22512607 0.79866034 -0.24877337 0.54795396 0.75323188 0.29021916 -0.59026653
		 0.84314722 -0.068955682 0.53324276 0.8072176 -0.54284656 -0.2317701 0.80246729 -0.552598
		 0.22512607 0.84314722 -0.068955682 0.53324276 0.92169476 -0.10924248 0.37221617 0.80316335
		 -0.21778217 -0.55452645 0.8072176 -0.54284656 -0.2317701 0.70710665 -0.63337278 -0.31438714
		 0.8118341 0.41901267 0.40663722 0.7942704 0.60745096 -0.011734729 0.65647191 -0.57442707
		 -0.48895618 0.97003925 0.17848593 0.16482304 0.80466676 -0.42034879 0.41930687 0.80140424
		 -0.0059938203 0.59809315 0.91737533 0.31553304 0.24261366 0.80208361 -0.41833532
		 -0.42621288 0.8091684 -0.58757615 0.00095341849 0.83619571 0.43016031 0.34020412
		 0.72199535 -0.63177949 -0.28209448 0.8093124 0.41778526 -0.41287884 0.80016732 0.0010337138
		 -0.59977597 0.80591029 0.0046632797 -0.59201926 0.80354083 -0.42035204 0.42145747
		 0.80503565 0.0012385773 0.59322518 0.80300814 0.42558619 -0.41719818 0.79904056 0.0033200379
		 0.60126799 0.80442417 0.41778153 -0.4223274 0.80132097 0.0027588385 -0.59822822 0.80478591
		 -0.41000402 0.42920434 0.70710713 -0.63337225 -0.31438693 0.65647191 -0.57442707
		 -0.48895618 0.80140424 -0.0059938203 0.59809315 0.80539894 0.41236076 0.42578304
		 0.70710713 -0.63337225 -0.31438693 0.80539894 0.41236076 0.42578304 0.80627304 0.5915401
		 0.0020371408 0.80627304 0.5915401 0.0020371408 0.70710665 -0.63337278 -0.31438714
		 0.70710713 -0.63337225 -0.31438693 0.70710665 -0.63337278 -0.31438714 0.80442417
		 0.41778153 -0.4223274 0.79904056 0.0033200379 0.60126799 0.70710665 -0.63337278 -0.31438714
		 0.79904056 0.0033200379 0.60126799 0.8118341 0.41901267 0.40663722 0.8093124 0.41778526
		 -0.41287884 0.72199535 -0.63177949 -0.28209448 0.70710689 -0.63337243 -0.3143869
		 0.80031759 0.59954214 0.0063934969 0.80402535 0.42241755 0.41845751 0.80031759 0.59954214
		 0.0063934969 0.70710689 -0.63337243 -0.3143869 0.80503565 0.0012385773 0.59322518
		 0.80402535 0.42241755 0.41845751 0.70710689 -0.63337243 -0.3143869 0.70710689 -0.63337243
		 -0.3143869 0.70710665 -0.63337278 -0.31438714 0.7942704 0.60745096 -0.011734729 0.80300814
		 0.42558619 -0.41719818 0.88261098 0.36941165 0.29074553 0.83619571 0.43016031 0.34020412
		 0.80016732 0.0010337138 -0.59977597 0.80690902 -0.41486883 -0.42045406 0.88261098
		 0.36941165 0.29074553 0.80690902 -0.41486883 -0.42045406 0.80419773 -0.59435767 0.0022172921
		 0.88261098 0.36941165 0.29074553 0.80419773 -0.59435767 0.0022172921 0.80354083 -0.42035204
		 0.42145747 0.91737533 0.31553304 0.24261366 0.88261098 0.36941165 0.29074553 0.80354083
		 -0.42035204 0.42145747 0.80591029 0.0046632797 -0.59201926 0.91737533 0.31553304
		 0.24261366 0.80591029 0.0046632797 -0.59201926 0.80208361 -0.41833532 -0.42621288
		 0.80466676 -0.42034879 0.41930687 0.97003925 0.17848593 0.16482304 0.94491929 0.26107389
		 0.19740283 0.80707854 -0.59038562 -0.0083175004 0.8029322 -0.4128336 -0.42996308
		 0.80707854 -0.59038562 -0.0083175004 0.94491929 0.26107389 0.19740283 0.8029322 -0.4128336
		 -0.42996308 0.94491929 0.26107389 0.19740283 0.91737533 0.31553304 0.24261366 0.80132097
		 0.0027588385 -0.59822822 0.80478591 -0.41000402 0.42920434 0.80132097 0.0027588385
		 -0.59822822 0.91737533 0.31553304 0.24261366 0.8091684 -0.58757615 0.00095341849
		 0.80478591 -0.41000402 0.42920434 0.91737533 0.31553304 0.24261366 0.80300814 0.42558619
		 -0.41719818 0.80503565 0.0012385773 0.59322518 0.70710689 -0.63337243 -0.3143869
		 0.65647191 -0.57442707 -0.48895618 -8.9276243e-14 -0.7614857 -0.6481818 -6.872906e-14
		 -0.5862276 -0.81014639 0.70828992 -0.41383082 -0.57190001 0.98209965 0.12099075 0.14436628
		 -1.3706919e-07 0.65599918 0.75476164 -1.0620634e-07 0.75008726 0.66133893 0.97003925
		 0.17848593 0.16482304 0.56868196 0.65613091 -0.49607766 9.3518692e-14 0.79767185
		 -0.60309184 7.386025e-14 0.62999433 0.77659965 0.59126419 0.50807655 0.62631047 0.59126419
		 0.50807655 0.62631047 7.386025e-14 0.62999433 0.77659965 -2.8953751e-08 -0.0029578616
		 0.99999553 0.74461651 -0.001974303 0.66748947 0.73176891 0.10625526 -0.67321932 1.8277836e-14
		 0.15590163 -0.98777252 9.3518692e-14 0.79767185 -0.60309184 0.56868196 0.65613091
		 -0.49607766 0.96573639 -0.043309897 0.25588584 -2.2380152e-14 -0.1908925 0.98161089
		 -3.5036887e-08 0.044276748 0.99901921 0.96732044 0.010040491 0.2533578 0.73746657
		 0.0049405503 -0.67536551 8.5762144e-16 0.0073151207 -0.99997336 -2.1075682e-14 -0.17976597
		 -0.98370945 0.72042024 -0.12467445 -0.68223959 0.72042024 -0.12467445 -0.68223959
		 -2.1075682e-14 -0.17976597 -0.98370945 -1.9866058e-14 -0.16944844 -0.98553902 0.69199735
		 -0.12232484 -0.71146083 0.95483738 -0.089188896 0.28342712 3.3149224e-08 -0.30024233
		 0.95386302 -2.2380152e-14 -0.1908925 0.98161089;
	setAttr ".n[2656:2821]" -type "float3"  0.96573639 -0.043309897 0.25588584 0.74461651
		 -0.001974303 0.66748947 -2.8953751e-08 -0.0029578616 0.99999553 -4.5077481e-08 -0.11983758
		 0.99279344 0.84314722 -0.068955682 0.53324276 0.75323188 0.29021916 -0.59026653 5.172922e-14
		 0.44122669 -0.89739561 1.8277836e-14 0.15590163 -0.98777252 0.73176891 0.10625526
		 -0.67321932 0.72946244 -0.45523098 -0.5105384 -7.8025504e-14 -0.66552204 -0.7463783
		 -7.7984108e-14 -0.66516894 -0.74669278 0.68593943 -0.48401603 -0.54333752 0.98222148
		 0.092240267 0.16350131 -9.8935523e-08 0.50222427 0.86473733 -1.6514082e-07 0.59508842
		 0.80366027 0.98631227 0.094228961 0.13531056 0.70828992 -0.41383082 -0.57190001 -6.872906e-14
		 -0.5862276 -0.81014639 -7.8025504e-14 -0.66552204 -0.7463783 0.72946244 -0.45523098
		 -0.5105384 0.98631227 0.094228961 0.13531056 -1.6514082e-07 0.59508842 0.80366027
		 -1.3706919e-07 0.65599918 0.75476164 0.98209965 0.12099075 0.14436628 0.83619571
		 0.43016031 0.34020412 9.1954385e-14 0.78432906 0.620345 -9.706679e-09 -0.010311889
		 0.99994683 0.77283597 0.087175302 0.62858969 0.77283597 0.087175302 0.62858969 -9.706679e-09
		 -0.010311889 0.99994683 1.962813e-08 -0.980735 0.19534318 0.67720479 -0.72357446
		 0.13354255 0.67720479 -0.72357446 0.13354255 1.962813e-08 -0.980735 0.19534318 -9.5368407e-09
		 -0.91311097 -0.40771115 0.72199535 -0.63177949 -0.28209448 0.96732044 0.010040491
		 0.2533578 -3.5036887e-08 0.044276748 0.99901921 -3.9863576e-08 0.28418934 0.95876825
		 0.97676796 0.052384369 0.20779821 0.74744928 0.20144425 -0.63304019 3.5551037e-14
		 0.30323416 -0.95291603 8.5762144e-16 0.0073151207 -0.99997336 0.73746657 0.0049405503
		 -0.67536551 0.97676796 0.052384369 0.20779821 -3.9863576e-08 0.28418934 0.95876825
		 4.6874618e-08 0.42264235 0.90629655 0.97931302 0.08388792 0.18414347 0.79939568 -0.20838511
		 -0.56350881 -4.0663751e-14 -0.34684327 -0.93792307 -1.0752214e-13 -0.91711491 -0.39862296
		 0.81455988 -0.53199947 -0.23123302 0.97931302 0.08388792 0.18414347 4.6874618e-08
		 0.42264235 0.90629655 5.2839193e-14 0.45069426 0.89267832 0.97970223 0.089959368
		 0.17913935 0.79808515 0.22887145 -0.55738491 1.9975419e-13 0.37984148 -0.92505163
		 -4.0663751e-14 -0.34684327 -0.93792307 0.79939568 -0.20838511 -0.56350881 0.97970223
		 0.089959368 0.17913935 5.2839193e-14 0.45069426 0.89267832 -9.8935523e-08 0.50222427
		 0.86473733 0.98222148 0.092240267 0.16350131 0.8110137 0.54041094 -0.22408208 2.9080444e-14
		 0.92373699 -0.38302708 1.9975419e-13 0.37984148 -0.92505163 0.79808515 0.22887145
		 -0.55738491 0.80365384 0.54427361 0.24063827 -4.9318792e-14 0.91459626 0.40436807
		 2.9080444e-14 0.92373699 -0.38302708 0.8110137 0.54041094 -0.22408208 0.68593943
		 -0.48401603 -0.54333752 -7.7984108e-14 -0.66516894 -0.74669278 -3.9207403e-14 -0.33442131
		 -0.94242358 0.64810455 -0.25467905 -0.71770412 0.79686332 0.23477186 0.55667877 4.5558375e-14
		 0.38859221 0.92140979 -4.9318792e-14 0.91459626 0.40436807 0.80365384 0.54427361
		 0.24063827 0.64810455 -0.25467905 -0.71770412 -3.9207403e-14 -0.33442131 -0.94242358
		 2.487731e-14 0.21219213 -0.97722793 0.65261394 0.160776 -0.74043643 0.80203551 -0.20487683
		 0.56103879 -4.0215349e-14 -0.34301862 0.93932861 4.5558375e-14 0.38859221 0.92140979
		 0.79686332 0.23477186 0.55667877 0.65261394 0.160776 -0.74043643 2.487731e-14 0.21219213
		 -0.97722793 3.5551037e-14 0.30323416 -0.95291603 0.74744928 0.20144425 -0.63304019
		 0.80794507 -0.5358218 0.24519333 -1.0660785e-13 -0.90931642 0.41610533 -4.0215349e-14
		 -0.34301862 0.93932861 0.80203551 -0.20487683 0.56103879 0.81455988 -0.53199947 -0.23123302
		 -1.0752214e-13 -0.91711491 -0.39862296 -1.0660785e-13 -0.90931642 0.41610533 0.80794507
		 -0.5358218 0.24519333 0.92169476 -0.10924248 0.37221617 -2.6915055e-08 -0.27165207
		 0.96239555 6.1177197e-08 -0.31049192 0.95057601 0.94757229 -0.098351501 0.30402917
		 0.80442959 0.23580983 -0.5452401 5.1436757e-14 0.39695409 -0.91783839 -7.7075465e-14
		 -0.3655543 -0.93078995 0.80316335 -0.21778217 -0.55452645 0.94757229 -0.098351501
		 0.30402917 6.1177197e-08 -0.31049192 0.95057601 3.3149224e-08 -0.30024233 0.95386302
		 0.95483738 -0.089188896 0.28342712 0.80513519 0.55238265 -0.21594119 1.0919247e-13
		 0.93136203 -0.36409438 5.1436757e-14 0.39695409 -0.91783839 0.80442959 0.23580983
		 -0.5452401 0.80868715 0.53382999 0.24708462 1.0639549e-13 0.9075051 0.42004114 1.0919247e-13
		 0.93136203 -0.36409438 0.80513519 0.55238265 -0.21594119 0.69199735 -0.12232484 -0.71146083
		 -1.9866058e-14 -0.16944844 -0.98553902 1.3364392e-14 0.11399218 -0.9934817 0.66191703
		 0.085445978 -0.74469113 0.80374599 0.19642274 0.56161422 3.870516e-14 0.3301374 0.94393283
		 1.0639549e-13 0.9075051 0.42004114 0.80868715 0.53382999 0.24708462 0.66191703 0.085445978
		 -0.74469113 1.3364392e-14 0.11399218 -0.9934817 5.5243455e-14 0.47120151 -0.88202566
		 0.67284125 0.34858871 -0.65251088 0.79866034 -0.24877337 0.54795396 -4.8466188e-14
		 -0.41339451 0.91055202 3.870516e-14 0.3301374 0.94393283 0.80374599 0.19642274 0.56161422
		 0.67284125 0.34858871 -0.65251088 5.5243455e-14 0.47120151 -0.88202566 5.172922e-14
		 0.44122669 -0.89739561 0.75323188 0.29021916 -0.59026653 0.80246729 -0.552598 0.22512607
		 -1.085751e-13 -0.92609614 0.37728754 -4.8466188e-14 -0.41339451 0.91055202 0.79866034
		 -0.24877337 0.54795396 0.8072176 -0.54284656 -0.2317701 -1.2750327e-13 -0.91968304
		 -0.3926616 -1.085751e-13 -0.92609614 0.37728754 0.80246729 -0.552598 0.22512607 0.84314722
		 -0.068955682 0.53324276 -4.5077481e-08 -0.11983758 0.99279344 -2.6915055e-08 -0.27165207
		 0.96239555 0.92169476 -0.10924248 0.37221617 0.80316335 -0.21778217 -0.55452645 -7.7075465e-14
		 -0.3655543 -0.93078995 -1.2750327e-13 -0.91968304 -0.3926616 0.8072176 -0.54284656
		 -0.2317701 0.8118341 0.41901267 0.40663722 8.4134007e-14 0.71762478 0.69642991 1.1721769e-13
		 0.9998135 -0.019314352 0.7942704 0.60745096 -0.011734729 0.80466676 -0.42034879 0.41930687
		 -8.3003679e-14 -0.70798361 0.70622885 -1.1748762e-15 -0.010021159 0.99994975 0.80140424
		 -0.0059938203 0.59809315 0.80208361 -0.41833532 -0.42621288;
	setAttr ".n[2822:2987]" -type "float3"  -8.2124073e-14 -0.70048094 -0.71367115
		 -1.1723939e-13 -0.99999863 0.0016227929 0.8091684 -0.58757615 0.00095341849 0.8093124
		 0.41778526 -0.41287884 8.3389079e-14 0.71127087 -0.70291805 2.0207163e-16 0.001723579
		 -0.99999845 0.80016732 0.0010337138 -0.59977597 0.80354083 -0.42035204 0.42145747
		 -8.2791928e-14 -0.70617747 0.70803475 2.4476722e-16 0.002087753 0.99999785 0.80503565
		 0.0012385773 0.59322518 0.80300814 0.42558619 -0.41719818 8.3721827e-14 0.71410906
		 -0.70003438 9.2345258e-16 0.0078766299 -0.99996889 0.80591029 0.0046632797 -0.59201926
		 0.80442417 0.41778153 -0.4223274 8.2451088e-14 0.70327026 -0.71092272 5.4065859e-16
		 0.0046115718 -0.99998933 0.80132097 0.0027588385 -0.59822822 0.80478591 -0.41000402
		 0.42920434 -8.0983004e-14 -0.69074816 0.72309554 6.4734186e-16 0.0055215312 0.9999848
		 0.79904056 0.0033200379 0.60126799 0.70710713 -0.63337225 -0.31438693 -1.0501429e-13
		 -0.89572412 -0.44461042 -8.9276243e-14 -0.7614857 -0.6481818 0.65647191 -0.57442707
		 -0.48895618 0.80140424 -0.0059938203 0.59809315 -1.1748762e-15 -0.010021159 0.99994975
		 8.1562849e-14 0.69569397 0.71833843 0.80539894 0.41236076 0.42578304 0.80539894 0.41236076
		 0.42578304 8.1562849e-14 0.69569397 0.71833843 1.1723885e-13 0.99999404 0.0034439098
		 0.80627304 0.5915401 0.0020371408 0.80627304 0.5915401 0.0020371408 1.1723885e-13
		 0.99999404 0.0034439098 8.2451088e-14 0.70327026 -0.71092272 0.80442417 0.41778153
		 -0.4223274 0.70710665 -0.63337278 -0.31438714 -1.0501429e-13 -0.89572412 -0.44461042
		 -1.0501429e-13 -0.89572412 -0.44461042 0.70710713 -0.63337225 -0.31438693 0.79904056
		 0.0033200379 0.60126799 6.4734186e-16 0.0055215312 0.9999848 8.4134007e-14 0.71762478
		 0.69642991 0.8118341 0.41901267 0.40663722 0.72199535 -0.63177949 -0.28209448 -9.5368407e-09
		 -0.91311097 -0.40771115 -1.0501429e-13 -0.89572412 -0.44461027 0.70710689 -0.63337243
		 -0.3143869 0.80031759 0.59954214 0.0063934969 1.1723288e-13 0.99994314 0.010663342
		 8.3389079e-14 0.71127087 -0.70291805 0.8093124 0.41778526 -0.41287884 0.80402535
		 0.42241755 0.41845751 8.329039e-14 0.71042913 0.70376879 1.1723288e-13 0.99994314
		 0.010663342 0.80031759 0.59954214 0.0063934969 0.80503565 0.0012385773 0.59322518
		 2.4476722e-16 0.002087753 0.99999785 8.329039e-14 0.71042913 0.70376879 0.80402535
		 0.42241755 0.41845751 0.70710689 -0.63337243 -0.3143869 -1.0501429e-13 -0.89572412
		 -0.44461027 -1.0501429e-13 -0.89572412 -0.44461042 0.70710665 -0.63337278 -0.31438714
		 0.7942704 0.60745096 -0.011734729 1.1721769e-13 0.9998135 -0.019314352 8.3721827e-14
		 0.71410906 -0.70003438 0.80300814 0.42558619 -0.41719818 0.88261098 0.36941165 0.29074553
		 9.212329e-14 0.7857697 0.61851907 9.1954385e-14 0.78432906 0.620345 0.83619571 0.43016031
		 0.34020412 0.80016732 0.0010337138 -0.59977597 2.0207163e-16 0.001723579 -0.99999845
		 -8.2344762e-14 -0.70236331 -0.7118187 0.80690902 -0.41486883 -0.42045406 0.80690902
		 -0.41486883 -0.42045406 -8.2344762e-14 -0.70236331 -0.7118187 -1.1723874e-13 -0.99999303
		 0.0037297278 0.80419773 -0.59435767 0.0022172921 0.80419773 -0.59435767 0.0022172921
		 -1.1723874e-13 -0.99999303 0.0037297278 -8.2791928e-14 -0.70617747 0.70803475 0.80354083
		 -0.42035204 0.42145747 0.91737533 0.31553304 0.24261366 -7.8795232e-08 0.79276854
		 0.60952282 9.212329e-14 0.7857697 0.61851907 0.88261098 0.36941165 0.29074553 0.80591029
		 0.0046632797 -0.59201926 9.2345258e-16 0.0078766299 -0.99996889 -8.2124073e-14 -0.70048094
		 -0.71367115 0.80208361 -0.41833532 -0.42621288 0.97003925 0.17848593 0.16482304 -1.0620634e-07
		 0.75008726 0.66133893 -1.2413967e-07 0.79745579 0.60337746 0.94491929 0.26107389
		 0.19740283 0.80707854 -0.59038562 -0.0083175004 -1.1722792e-13 -0.99990082 -0.014086843
		 -8.3003679e-14 -0.70798361 0.70622885 0.80466676 -0.42034879 0.41930687 0.8029322
		 -0.4128336 -0.42996308 -8.1199201e-14 -0.6925922 -0.72132933 -1.1722792e-13 -0.99990082
		 -0.014086843 0.80707854 -0.59038562 -0.0083175004 0.94491929 0.26107389 0.19740283
		 -1.2413967e-07 0.79745579 0.60337746 -7.8795232e-08 0.79276854 0.60952282 0.91737533
		 0.31553304 0.24261366 0.80132097 0.0027588385 -0.59822822 5.4065859e-16 0.0046115718
		 -0.99998933 -8.1199201e-14 -0.6925922 -0.72132933 0.8029322 -0.4128336 -0.42996308
		 0.8091684 -0.58757615 0.00095341849 -1.1723939e-13 -0.99999863 0.0016227929 -8.0983004e-14
		 -0.69074816 0.72309554 0.80478591 -0.41000402 0.42920434 -0.65647185 -0.57442713
		 -0.48895618 -0.97003931 0.17848562 0.164823 -0.98209971 0.12099042 0.14436628 -0.70828974
		 -0.413831 -0.57189989 -0.56868201 0.65613079 -0.49607763 -0.73176885 0.10625498 -0.67321932
		 -0.74461651 -0.0019745391 0.66748959 -0.59126431 0.50807649 0.62631053 -0.96573633
		 -0.043310206 0.25588578 -0.72042018 -0.12467468 -0.68223965 -0.73746657 0.0049402853
		 -0.67536551 -0.96732044 0.010040175 0.2533578 -0.96573633 -0.043310206 0.25588578
		 -0.95483738 -0.089189172 0.28342709 -0.69199723 -0.12232504 -0.71146071 -0.72042018
		 -0.12467468 -0.68223965 -0.73176885 0.10625498 -0.67321932 -0.75323194 0.29021892
		 -0.59026653 -0.84314722 -0.068955936 0.5332427 -0.74461651 -0.0019745391 0.66748959
		 -0.72946233 -0.45523113 -0.51053828 -0.98631239 0.09422864 0.13531056 -0.98222148
		 0.092239924 0.16350126 -0.68593931 -0.48401612 -0.54333746 -0.70828974 -0.413831
		 -0.57189989 -0.98209971 0.12099042 0.14436628 -0.98631239 0.09422864 0.13531056 -0.72946233
		 -0.45523113 -0.51053828 -0.83619589 0.43016014 0.34020418 -0.72199535 -0.63177967
		 -0.28209445 -0.67720467 -0.72357458 0.13354257 -0.77283597 0.087175213 0.62858963
		 -0.96732044 0.010040175 0.2533578 -0.73746657 0.0049402853 -0.67536551 -0.74744922
		 0.20144399 -0.63304025 -0.97676802 0.052384052 0.20779823 -0.97676802 0.052384052
		 0.20779823 -0.81455982 -0.53199971 -0.23123299 -0.79939562 -0.20838539 -0.56350875
		 -0.97931308 0.08388757 0.18414344 -0.97931308 0.08388757 0.18414344 -0.79939562 -0.20838539
		 -0.56350875 -0.79808521 0.2288712 -0.55738497 -0.97970223 0.089959048 0.1791393 -0.97970223
		 0.089959048 0.1791393 -0.79808521 0.2288712 -0.55738497 -0.81101382 0.54041076 -0.22408211;
	setAttr ".n[2988:3153]" -type "float3"  -0.98222148 0.092239924 0.16350126 -0.81101382
		 0.54041076 -0.22408211 -0.80365396 0.54427338 0.24063829 -0.68593931 -0.48401612
		 -0.54333746 -0.98222148 0.092239924 0.16350126 -0.68593931 -0.48401612 -0.54333746
		 -0.80365396 0.54427338 0.24063829 -0.79686338 0.23477155 0.55667877 -0.64810443 -0.2546792
		 -0.71770412 -0.64810443 -0.2546792 -0.71770412 -0.79686338 0.23477155 0.55667877
		 -0.80203551 -0.20487714 0.56103867 -0.65261388 0.16077583 -0.74043649 -0.65261388
		 0.16077583 -0.74043649 -0.80203551 -0.20487714 0.56103867 -0.80794501 -0.53582203
		 0.24519323 -0.74744922 0.20144399 -0.63304025 -0.74744922 0.20144399 -0.63304025
		 -0.80794501 -0.53582203 0.24519323 -0.81455982 -0.53199971 -0.23123299 -0.97676802
		 0.052384052 0.20779823 -0.92169476 -0.10924278 0.37221611 -0.80316323 -0.21778247
		 -0.55452639 -0.80442965 0.23580956 -0.54524016 -0.94757223 -0.098351777 0.30402914
		 -0.94757223 -0.098351777 0.30402914 -0.80442965 0.23580956 -0.54524016 -0.80513537
		 0.55238253 -0.21594124 -0.95483738 -0.089189172 0.28342709 -0.95483738 -0.089189172
		 0.28342709 -0.80513537 0.55238253 -0.21594124 -0.80868715 0.53382975 0.24708465 -0.69199723
		 -0.12232504 -0.71146071 -0.69199723 -0.12232504 -0.71146071 -0.80868715 0.53382975
		 0.24708465 -0.80374604 0.19642249 0.56161427 -0.66191703 0.085445769 -0.74469113
		 -0.66191703 0.085445769 -0.74469113 -0.80374604 0.19642249 0.56161427 -0.79866022
		 -0.24877365 0.54795384 -0.67284137 0.34858856 -0.65251094 -0.67284137 0.34858856
		 -0.65251094 -0.79866022 -0.24877365 0.54795384 -0.80246711 -0.55259818 0.22512597
		 -0.75323194 0.29021892 -0.59026653 -0.75323194 0.29021892 -0.59026653 -0.80246711
		 -0.55259818 0.22512597 -0.80721754 -0.54284668 -0.23177004 -0.84314722 -0.068955936
		 0.5332427 -0.84314722 -0.068955936 0.5332427 -0.80721754 -0.54284668 -0.23177004
		 -0.80316323 -0.21778247 -0.55452639 -0.92169476 -0.10924278 0.37221611 -0.70710647
		 -0.6333729 -0.31438711 -0.79427058 0.6074509 -0.011734719 -0.8118341 0.41901252 0.40663734
		 -0.65647185 -0.57442713 -0.48895618 -0.80140424 -0.0059941625 0.59809309 -0.8046667
		 -0.42034894 0.41930681 -0.97003931 0.17848562 0.164823 -0.91737545 0.31553277 0.24261367
		 -0.80916816 -0.58757633 0.00095350336 -0.80208355 -0.41833553 -0.42621273 -0.83619589
		 0.43016014 0.34020418 -0.80016738 0.0010334447 -0.59977597 -0.8093124 0.41778496
		 -0.41287905 -0.72199535 -0.63177967 -0.28209445 -0.80591035 0.0046629384 -0.59201926
		 -0.80300814 0.42558604 -0.41719824 -0.80503565 0.0012382357 0.59322512 -0.80354065
		 -0.42035234 0.42145744 -0.79904056 0.0033196704 0.60126793 -0.80478585 -0.41000435
		 0.42920429 -0.80132103 0.0027585207 -0.59822822 -0.80442417 0.41778126 -0.42232755
		 -0.70710695 -0.63337237 -0.31438684 -0.80539894 0.4123607 0.42578319 -0.80140424
		 -0.0059941625 0.59809309 -0.65647185 -0.57442713 -0.48895618 -0.70710695 -0.63337237
		 -0.31438684 -0.80627322 0.59153992 0.0020372104 -0.80539894 0.4123607 0.42578319
		 -0.80627322 0.59153992 0.0020372104 -0.70710647 -0.6333729 -0.31438711 -0.80442417
		 0.41778126 -0.42232755 -0.70710647 -0.6333729 -0.31438711 -0.79904056 0.0033196704
		 0.60126793 -0.80442417 0.41778126 -0.42232755 -0.70710647 -0.6333729 -0.31438711
		 -0.8118341 0.41901252 0.40663734 -0.79904056 0.0033196704 0.60126793 -0.8093124 0.41778496
		 -0.41287905 -0.80031782 0.5995419 0.0063935225 -0.70710683 -0.63337255 -0.31438681
		 -0.72199535 -0.63177967 -0.28209445 -0.80402535 0.42241731 0.4184576 -0.70710683
		 -0.63337255 -0.31438681 -0.80031782 0.5995419 0.0063935225 -0.80503565 0.0012382357
		 0.59322512 -0.70710683 -0.63337255 -0.31438681 -0.80402535 0.42241731 0.4184576 -0.70710683
		 -0.63337255 -0.31438681 -0.80300814 0.42558604 -0.41719824 -0.79427058 0.6074509
		 -0.011734719 -0.70710647 -0.6333729 -0.31438711 -0.88261104 0.36941141 0.29074553
		 -0.80690891 -0.41486922 -0.42045388 -0.80016738 0.0010334447 -0.59977597 -0.83619589
		 0.43016014 0.34020418 -0.88261104 0.36941141 0.29074553 -0.80419821 -0.59435707 0.0022166588
		 -0.80690891 -0.41486922 -0.42045388 -0.88261104 0.36941141 0.29074553 -0.80354065
		 -0.42035234 0.42145744 -0.80419821 -0.59435707 0.0022166588 -0.91737545 0.31553277
		 0.24261367 -0.80591035 0.0046629384 -0.59201926 -0.80354065 -0.42035234 0.42145744
		 -0.88261104 0.36941141 0.29074553 -0.91737545 0.31553277 0.24261367 -0.80208355 -0.41833553
		 -0.42621273 -0.80591035 0.0046629384 -0.59201926 -0.8046667 -0.42034894 0.41930681
		 -0.8070783 -0.59038574 -0.0083175469 -0.94491941 0.26107359 0.19740279 -0.97003931
		 0.17848562 0.164823 -0.80293208 -0.41283387 -0.42996305 -0.94491941 0.26107359 0.19740279
		 -0.8070783 -0.59038574 -0.0083175469 -0.80293208 -0.41283387 -0.42996305 -0.80132103
		 0.0027585207 -0.59822822 -0.91737545 0.31553277 0.24261367 -0.94491941 0.26107359
		 0.19740279 -0.80478585 -0.41000435 0.42920429 -0.91737545 0.31553277 0.24261367 -0.80132103
		 0.0027585207 -0.59822822 -0.80916816 -0.58757633 0.00095350336 -0.91737545 0.31553277
		 0.24261367 -0.80478585 -0.41000435 0.42920429 -0.80300814 0.42558604 -0.41719824
		 -0.70710683 -0.63337255 -0.31438681 -0.80503565 0.0012382357 0.59322512 -6.872906e-14
		 -0.5862276 -0.81014639 -8.9276243e-14 -0.7614857 -0.6481818 -0.65647185 -0.57442713
		 -0.48895618 -0.70828974 -0.413831 -0.57189989 -1.0620634e-07 0.75008726 0.66133893
		 -1.3706919e-07 0.65599918 0.75476164 -0.98209971 0.12099042 0.14436628 -0.97003931
		 0.17848562 0.164823 7.386025e-14 0.62999433 0.77659965 9.3518692e-14 0.79767185 -0.60309184
		 -0.56868201 0.65613079 -0.49607763 -0.59126431 0.50807649 0.62631053 -2.8953751e-08
		 -0.0029578616 0.99999553 7.386025e-14 0.62999433 0.77659965 -0.59126431 0.50807649
		 0.62631053 -0.74461651 -0.0019745391 0.66748959 9.3518692e-14 0.79767185 -0.60309184
		 1.8277836e-14 0.15590163 -0.98777252 -0.73176885 0.10625498 -0.67321932 -0.56868201
		 0.65613079 -0.49607763 -3.5036887e-08 0.044276748 0.99901921 -2.2380152e-14 -0.1908925
		 0.98161089 -0.96573633 -0.043310206 0.25588578 -0.96732044 0.010040175 0.2533578;
	setAttr ".n[3154:3319]" -type "float3"  -2.1075682e-14 -0.17976597 -0.98370945
		 8.5762144e-16 0.0073151207 -0.99997336 -0.73746657 0.0049402853 -0.67536551 -0.72042018
		 -0.12467468 -0.68223965 -1.9866058e-14 -0.16944844 -0.98553902 -2.1075682e-14 -0.17976597
		 -0.98370945 -0.72042018 -0.12467468 -0.68223965 -0.69199723 -0.12232504 -0.71146071
		 -2.2380152e-14 -0.1908925 0.98161089 3.3149224e-08 -0.30024233 0.95386302 -0.95483738
		 -0.089189172 0.28342709 -0.96573633 -0.043310206 0.25588578 -4.5077481e-08 -0.11983758
		 0.99279344 -2.8953751e-08 -0.0029578616 0.99999553 -0.74461651 -0.0019745391 0.66748959
		 -0.84314722 -0.068955936 0.5332427 1.8277836e-14 0.15590163 -0.98777252 5.172922e-14
		 0.44122669 -0.89739561 -0.75323194 0.29021892 -0.59026653 -0.73176885 0.10625498
		 -0.67321932 -7.7984108e-14 -0.66516894 -0.74669278 -7.8025504e-14 -0.66552204 -0.7463783
		 -0.72946233 -0.45523113 -0.51053828 -0.68593931 -0.48401612 -0.54333746 -1.6514082e-07
		 0.59508842 0.80366027 -9.8935523e-08 0.50222427 0.86473733 -0.98222148 0.092239924
		 0.16350126 -0.98631239 0.09422864 0.13531056 -7.8025504e-14 -0.66552204 -0.7463783
		 -6.872906e-14 -0.5862276 -0.81014639 -0.70828974 -0.413831 -0.57189989 -0.72946233
		 -0.45523113 -0.51053828 -1.3706919e-07 0.65599918 0.75476164 -1.6514082e-07 0.59508842
		 0.80366027 -0.98631239 0.09422864 0.13531056 -0.98209971 0.12099042 0.14436628 -9.706679e-09
		 -0.010311889 0.99994683 9.1954385e-14 0.78432906 0.620345 -0.83619589 0.43016014
		 0.34020418 -0.77283597 0.087175213 0.62858963 1.962813e-08 -0.980735 0.19534318 -9.706679e-09
		 -0.010311889 0.99994683 -0.77283597 0.087175213 0.62858963 -0.67720467 -0.72357458
		 0.13354257 -9.5368407e-09 -0.91311097 -0.40771115 1.962813e-08 -0.980735 0.19534318
		 -0.67720467 -0.72357458 0.13354257 -0.72199535 -0.63177967 -0.28209445 -3.9863576e-08
		 0.28418934 0.95876825 -3.5036887e-08 0.044276748 0.99901921 -0.96732044 0.010040175
		 0.2533578 -0.97676802 0.052384052 0.20779823 8.5762144e-16 0.0073151207 -0.99997336
		 3.5551037e-14 0.30323416 -0.95291603 -0.74744922 0.20144399 -0.63304025 -0.73746657
		 0.0049402853 -0.67536551 4.6874618e-08 0.42264235 0.90629655 -3.9863576e-08 0.28418934
		 0.95876825 -0.97676802 0.052384052 0.20779823 -0.97931308 0.08388757 0.18414344 -1.0752214e-13
		 -0.91711491 -0.39862296 -4.0663751e-14 -0.34684327 -0.93792307 -0.79939562 -0.20838539
		 -0.56350875 -0.81455982 -0.53199971 -0.23123299 5.2839193e-14 0.45069426 0.89267832
		 4.6874618e-08 0.42264235 0.90629655 -0.97931308 0.08388757 0.18414344 -0.97970223
		 0.089959048 0.1791393 -4.0663751e-14 -0.34684327 -0.93792307 1.9975419e-13 0.37984148
		 -0.92505163 -0.79808521 0.2288712 -0.55738497 -0.79939562 -0.20838539 -0.56350875
		 -9.8935523e-08 0.50222427 0.86473733 5.2839193e-14 0.45069426 0.89267832 -0.97970223
		 0.089959048 0.1791393 -0.98222148 0.092239924 0.16350126 1.9975419e-13 0.37984148
		 -0.92505163 2.9080444e-14 0.92373699 -0.38302708 -0.81101382 0.54041076 -0.22408211
		 -0.79808521 0.2288712 -0.55738497 2.9080444e-14 0.92373699 -0.38302708 -4.9318792e-14
		 0.91459626 0.40436807 -0.80365396 0.54427338 0.24063829 -0.81101382 0.54041076 -0.22408211
		 -3.9207403e-14 -0.33442131 -0.94242358 -7.7984108e-14 -0.66516894 -0.74669278 -0.68593931
		 -0.48401612 -0.54333746 -0.64810443 -0.2546792 -0.71770412 -4.9318792e-14 0.91459626
		 0.40436807 4.5558375e-14 0.38859221 0.92140979 -0.79686338 0.23477155 0.55667877
		 -0.80365396 0.54427338 0.24063829 2.487731e-14 0.21219213 -0.97722793 -3.9207403e-14
		 -0.33442131 -0.94242358 -0.64810443 -0.2546792 -0.71770412 -0.65261388 0.16077583
		 -0.74043649 4.5558375e-14 0.38859221 0.92140979 -4.0215349e-14 -0.34301862 0.93932861
		 -0.80203551 -0.20487714 0.56103867 -0.79686338 0.23477155 0.55667877 3.5551037e-14
		 0.30323416 -0.95291603 2.487731e-14 0.21219213 -0.97722793 -0.65261388 0.16077583
		 -0.74043649 -0.74744922 0.20144399 -0.63304025 -4.0215349e-14 -0.34301862 0.93932861
		 -1.0660785e-13 -0.90931642 0.41610533 -0.80794501 -0.53582203 0.24519323 -0.80203551
		 -0.20487714 0.56103867 -1.0660785e-13 -0.90931642 0.41610533 -1.0752214e-13 -0.91711491
		 -0.39862296 -0.81455982 -0.53199971 -0.23123299 -0.80794501 -0.53582203 0.24519323
		 6.1177197e-08 -0.31049192 0.95057601 -2.6915055e-08 -0.27165207 0.96239555 -0.92169476
		 -0.10924278 0.37221611 -0.94757223 -0.098351777 0.30402914 -7.7075465e-14 -0.3655543
		 -0.93078995 5.1436757e-14 0.39695409 -0.91783839 -0.80442965 0.23580956 -0.54524016
		 -0.80316323 -0.21778247 -0.55452639 3.3149224e-08 -0.30024233 0.95386302 6.1177197e-08
		 -0.31049192 0.95057601 -0.94757223 -0.098351777 0.30402914 -0.95483738 -0.089189172
		 0.28342709 5.1436757e-14 0.39695409 -0.91783839 1.0919247e-13 0.93136203 -0.36409438
		 -0.80513537 0.55238253 -0.21594124 -0.80442965 0.23580956 -0.54524016 1.0919247e-13
		 0.93136203 -0.36409438 1.0639549e-13 0.9075051 0.42004114 -0.80868715 0.53382975
		 0.24708465 -0.80513537 0.55238253 -0.21594124 1.3364392e-14 0.11399218 -0.9934817
		 -1.9866058e-14 -0.16944844 -0.98553902 -0.69199723 -0.12232504 -0.71146071 -0.66191703
		 0.085445769 -0.74469113 1.0639549e-13 0.9075051 0.42004114 3.870516e-14 0.3301374
		 0.94393283 -0.80374604 0.19642249 0.56161427 -0.80868715 0.53382975 0.24708465 5.5243455e-14
		 0.47120151 -0.88202566 1.3364392e-14 0.11399218 -0.9934817 -0.66191703 0.085445769
		 -0.74469113 -0.67284137 0.34858856 -0.65251094 3.870516e-14 0.3301374 0.94393283
		 -4.8466188e-14 -0.41339451 0.91055202 -0.79866022 -0.24877365 0.54795384 -0.80374604
		 0.19642249 0.56161427 5.172922e-14 0.44122669 -0.89739561 5.5243455e-14 0.47120151
		 -0.88202566 -0.67284137 0.34858856 -0.65251094 -0.75323194 0.29021892 -0.59026653
		 -4.8466188e-14 -0.41339451 0.91055202 -1.085751e-13 -0.92609614 0.37728754 -0.80246711
		 -0.55259818 0.22512597 -0.79866022 -0.24877365 0.54795384 -1.085751e-13 -0.92609614
		 0.37728754 -1.2750327e-13 -0.91968304 -0.3926616 -0.80721754 -0.54284668 -0.23177004
		 -0.80246711 -0.55259818 0.22512597 -2.6915055e-08 -0.27165207 0.96239555 -4.5077481e-08
		 -0.11983758 0.99279344 -0.84314722 -0.068955936 0.5332427 -0.92169476 -0.10924278
		 0.37221611 -1.2750327e-13 -0.91968304 -0.3926616 -7.7075465e-14 -0.3655543 -0.93078995;
	setAttr ".n[3320:3485]" -type "float3"  -0.80316323 -0.21778247 -0.55452639 -0.80721754
		 -0.54284668 -0.23177004 1.1721769e-13 0.9998135 -0.019314352 8.4134007e-14 0.71762478
		 0.69642991 -0.8118341 0.41901252 0.40663734 -0.79427058 0.6074509 -0.011734719 -1.1748762e-15
		 -0.010021159 0.99994975 -8.3003679e-14 -0.70798361 0.70622885 -0.8046667 -0.42034894
		 0.41930681 -0.80140424 -0.0059941625 0.59809309 -1.1723939e-13 -0.99999863 0.0016227929
		 -8.2124073e-14 -0.70048094 -0.71367115 -0.80208355 -0.41833553 -0.42621273 -0.80916816
		 -0.58757633 0.00095350336 2.0207163e-16 0.001723579 -0.99999845 8.3389079e-14 0.71127087
		 -0.70291805 -0.8093124 0.41778496 -0.41287905 -0.80016738 0.0010334447 -0.59977597
		 2.4476722e-16 0.002087753 0.99999785 -8.2791928e-14 -0.70617747 0.70803475 -0.80354065
		 -0.42035234 0.42145744 -0.80503565 0.0012382357 0.59322512 9.2345258e-16 0.0078766299
		 -0.99996889 8.3721827e-14 0.71410906 -0.70003438 -0.80300814 0.42558604 -0.41719824
		 -0.80591035 0.0046629384 -0.59201926 5.4065859e-16 0.0046115718 -0.99998933 8.2451088e-14
		 0.70327026 -0.71092272 -0.80442417 0.41778126 -0.42232755 -0.80132103 0.0027585207
		 -0.59822822 6.4734186e-16 0.0055215312 0.9999848 -8.0983004e-14 -0.69074816 0.72309554
		 -0.80478585 -0.41000435 0.42920429 -0.79904056 0.0033196704 0.60126793 -8.9276243e-14
		 -0.7614857 -0.6481818 -1.0501429e-13 -0.89572412 -0.44461042 -0.70710695 -0.63337237
		 -0.31438684 -0.65647185 -0.57442713 -0.48895618 8.1562849e-14 0.69569397 0.71833843
		 -1.1748762e-15 -0.010021159 0.99994975 -0.80140424 -0.0059941625 0.59809309 -0.80539894
		 0.4123607 0.42578319 1.1723885e-13 0.99999404 0.0034439098 8.1562849e-14 0.69569397
		 0.71833843 -0.80539894 0.4123607 0.42578319 -0.80627322 0.59153992 0.0020372104 8.2451088e-14
		 0.70327026 -0.71092272 1.1723885e-13 0.99999404 0.0034439098 -0.80627322 0.59153992
		 0.0020372104 -0.80442417 0.41778126 -0.42232755 -1.0501429e-13 -0.89572412 -0.44461042
		 -1.0501429e-13 -0.89572412 -0.44461042 -0.70710647 -0.6333729 -0.31438711 -0.70710695
		 -0.63337237 -0.31438684 8.4134007e-14 0.71762478 0.69642991 6.4734186e-16 0.0055215312
		 0.9999848 -0.79904056 0.0033196704 0.60126793 -0.8118341 0.41901252 0.40663734 -1.0501429e-13
		 -0.89572412 -0.44461027 -9.5368407e-09 -0.91311097 -0.40771115 -0.72199535 -0.63177967
		 -0.28209445 -0.70710683 -0.63337255 -0.31438681 8.3389079e-14 0.71127087 -0.70291805
		 1.1723288e-13 0.99994314 0.010663342 -0.80031782 0.5995419 0.0063935225 -0.8093124
		 0.41778496 -0.41287905 1.1723288e-13 0.99994314 0.010663342 8.329039e-14 0.71042913
		 0.70376879 -0.80402535 0.42241731 0.4184576 -0.80031782 0.5995419 0.0063935225 8.329039e-14
		 0.71042913 0.70376879 2.4476722e-16 0.002087753 0.99999785 -0.80503565 0.0012382357
		 0.59322512 -0.80402535 0.42241731 0.4184576 -1.0501429e-13 -0.89572412 -0.44461042
		 -1.0501429e-13 -0.89572412 -0.44461027 -0.70710683 -0.63337255 -0.31438681 -0.70710647
		 -0.6333729 -0.31438711 8.3721827e-14 0.71410906 -0.70003438 1.1721769e-13 0.9998135
		 -0.019314352 -0.79427058 0.6074509 -0.011734719 -0.80300814 0.42558604 -0.41719824
		 9.1954385e-14 0.78432906 0.620345 9.212329e-14 0.7857697 0.61851907 -0.88261104 0.36941141
		 0.29074553 -0.83619589 0.43016014 0.34020418 -8.2344762e-14 -0.70236331 -0.7118187
		 2.0207163e-16 0.001723579 -0.99999845 -0.80016738 0.0010334447 -0.59977597 -0.80690891
		 -0.41486922 -0.42045388 -1.1723874e-13 -0.99999303 0.0037297278 -8.2344762e-14 -0.70236331
		 -0.7118187 -0.80690891 -0.41486922 -0.42045388 -0.80419821 -0.59435707 0.0022166588
		 -8.2791928e-14 -0.70617747 0.70803475 -1.1723874e-13 -0.99999303 0.0037297278 -0.80419821
		 -0.59435707 0.0022166588 -0.80354065 -0.42035234 0.42145744 9.212329e-14 0.7857697
		 0.61851907 -7.8795232e-08 0.79276854 0.60952282 -0.91737545 0.31553277 0.24261367
		 -0.88261104 0.36941141 0.29074553 -8.2124073e-14 -0.70048094 -0.71367115 9.2345258e-16
		 0.0078766299 -0.99996889 -0.80591035 0.0046629384 -0.59201926 -0.80208355 -0.41833553
		 -0.42621273 -1.2413967e-07 0.79745579 0.60337746 -1.0620634e-07 0.75008726 0.66133893
		 -0.97003931 0.17848562 0.164823 -0.94491941 0.26107359 0.19740279 -8.3003679e-14
		 -0.70798361 0.70622885 -1.1722792e-13 -0.99990082 -0.014086843 -0.8070783 -0.59038574
		 -0.0083175469 -0.8046667 -0.42034894 0.41930681 -1.1722792e-13 -0.99990082 -0.014086843
		 -8.1199201e-14 -0.6925922 -0.72132933 -0.80293208 -0.41283387 -0.42996305 -0.8070783
		 -0.59038574 -0.0083175469 -7.8795232e-08 0.79276854 0.60952282 -1.2413967e-07 0.79745579
		 0.60337746 -0.94491941 0.26107359 0.19740279 -0.91737545 0.31553277 0.24261367 -8.1199201e-14
		 -0.6925922 -0.72132933 5.4065859e-16 0.0046115718 -0.99998933 -0.80132103 0.0027585207
		 -0.59822822 -0.80293208 -0.41283387 -0.42996305 -8.0983004e-14 -0.69074816 0.72309554
		 -1.1723939e-13 -0.99999863 0.0016227929 -0.80916816 -0.58757633 0.00095350336 -0.80478585
		 -0.41000435 0.42920429 0.80627304 0.5915401 0.0020371408 0.80442417 0.41778153 -0.4223274
		 0.70710665 -0.63337278 -0.31438714 -0.80627322 0.59153992 0.0020372104 -0.70710695
		 -0.63337237 -0.31438684 -0.70710647 -0.6333729 -0.31438711 0.62596071 -0.74422741
		 -0.23302093 0.68902814 -0.50232971 -0.52240312 0.71598655 0.46933433 0.51680607 0.55033958
		 -0.2779955 0.7873022 0.56361806 0.68632478 -0.45966601 0.62400162 0.5601508 0.54484218
		 0.67155403 0.14793663 0.72603703 0.73176885 0.10625529 -0.67321926 0.71421969 0.027349902
		 0.69938707 0.72652113 0.10576112 0.67895627 0.73746663 0.0049406248 -0.67536551 0.72042024
		 -0.12467449 -0.68223965 0.71421969 0.027349902 0.69938707 0.72042024 -0.12467449
		 -0.68223965 0.69199729 -0.12232485 -0.71146083 0.76985371 -0.15939125 0.61799663
		 0.73176885 0.10625529 -0.67321926 0.67155403 0.14793663 0.72603703 0.68681967 -0.042688575
		 0.72557324 0.75323182 0.29021916 -0.59026653 0.72335756 -0.47269326 -0.50330395 0.68593931
		 -0.48401594 -0.54333776 0.70982718 0.33440974 0.61993188 0.72928071 0.3877587 0.56373107
		 0.68902814 -0.50232971 -0.52240312 0.72335756 -0.47269326 -0.50330395 0.72928071
		 0.3877587 0.56373107 0.71598655 0.46933433 0.51680607 0.72652113 0.10576112 0.67895627
		 0.72787172 0.221238 0.64904279;
	setAttr ".n[3486:3651]" -type "float3"  0.74744922 0.20144412 -0.63304031 0.73746663
		 0.0049406248 -0.67536551 0.72787172 0.221238 0.64904279 0.70378506 0.27896202 0.65335041
		 0.79939568 -0.20838535 -0.56350875 0.81455982 -0.53199959 -0.23123302 0.70378506
		 0.27896202 0.65335041 0.71782875 0.29382446 0.63118064 0.79808557 0.22887141 -0.55738443
		 0.79939568 -0.20838535 -0.56350875 0.71782875 0.29382446 0.63118064 0.70982718 0.33440974
		 0.61993188 0.81101489 0.54040962 -0.22408088 0.79808557 0.22887141 -0.55738443 0.81101489
		 0.54040962 -0.22408088 0.70982718 0.33440974 0.61993188 0.68593931 -0.48401594 -0.54333776
		 0.80365413 0.54427338 0.24063785 0.68593931 -0.48401594 -0.54333776 0.64810461 -0.25467867
		 -0.71770418 0.7968632 0.23477201 0.55667847 0.80365413 0.54427338 0.24063785 0.64810461
		 -0.25467867 -0.71770418 0.65261394 0.16077574 -0.74043649 0.80203551 -0.20487696
		 0.56103879 0.7968632 0.23477201 0.55667847 0.65261394 0.16077574 -0.74043649 0.74744922
		 0.20144412 -0.63304031 0.80794507 -0.53582197 0.24519315 0.80203551 -0.20487696 0.56103879
		 0.74744922 0.20144412 -0.63304031 0.72787172 0.221238 0.64904279 0.81455982 -0.53199959
		 -0.23123302 0.80794507 -0.53582197 0.24519315 0.68034762 -0.19929095 0.70527309 0.69456559
		 -0.31673461 0.64595491 0.80442959 0.23581 -0.54523993 0.80316335 -0.21778236 -0.55452639
		 0.69456559 -0.31673461 0.64595491 0.76985371 -0.15939125 0.61799663 0.80513513 0.55238283
		 -0.21594089 0.80442959 0.23581 -0.54523993 0.76985371 -0.15939125 0.61799663 0.69199729
		 -0.12232485 -0.71146083 0.80868691 0.53383005 0.24708466 0.80513513 0.55238283 -0.21594089
		 0.69199729 -0.12232485 -0.71146083 0.66191697 0.085446104 -0.74469107 0.80374604
		 0.19642276 0.5616141 0.80868691 0.53383005 0.24708466 0.66191697 0.085446104 -0.74469107
		 0.67284131 0.34858873 -0.65251088 0.79866028 -0.24877347 0.54795402 0.80374604 0.19642276
		 0.5616141 0.67284131 0.34858873 -0.65251088 0.75323182 0.29021916 -0.59026653 0.80246717
		 -0.55259794 0.22512624 0.79866028 -0.24877347 0.54795402 0.75323182 0.29021916 -0.59026653
		 0.68681967 -0.042688575 0.72557324 0.8072179 -0.5428462 -0.23176964 0.80246717 -0.55259794
		 0.22512624 0.68681967 -0.042688575 0.72557324 0.68034762 -0.19929095 0.70527309 0.80316335
		 -0.21778236 -0.55452639 0.8072179 -0.5428462 -0.23176964 0.62596071 -0.74422741 -0.23302093
		 -1.5149945e-13 -0.9543156 -0.2988005 -8.1261353e-14 -0.69312233 -0.72081989 0.68902814
		 -0.50232971 -0.52240312 0.71598655 0.46933433 0.51680607 7.8818848e-14 0.67228889
		 0.74028897 -3.9034856e-14 -0.33294955 0.94294459 0.55033958 -0.2779955 0.7873022
		 0.55033958 -0.2779955 0.7873022 -3.9034856e-14 -0.33294955 0.94294459 -1.5149945e-13
		 -0.9543156 -0.2988005 0.62596071 -0.74422741 -0.23302093 0.56361806 0.68632478 -0.45966601
		 9.7410368e-14 0.8308661 -0.5564726 8.4041328e-14 0.71683425 0.69724363 0.62400162
		 0.5601508 0.54484218 0.62400162 0.5601508 0.54484218 8.4041328e-14 0.71683425 0.69724363
		 2.3407642e-14 0.19965653 0.97986597 0.67155403 0.14793663 0.72603703 0.73176885 0.10625529
		 -0.67321926 1.8277843e-14 0.15590167 -0.98777252 9.7410368e-14 0.8308661 -0.5564726
		 0.56361806 0.68632478 -0.45966601 0.71421969 0.027349902 0.69938707 -1.4403282e-09
		 0.039075628 0.99923635 1.8044804e-14 0.15391396 0.98808426 0.72652113 0.10576112
		 0.67895627 0.73746663 0.0049406248 -0.67536551 8.5763235e-16 0.0073152133 -0.99997324
		 -2.1075686e-14 -0.179766 -0.98370939 0.72042024 -0.12467449 -0.68223965 0.72042024
		 -0.12467449 -0.68223965 -2.1075686e-14 -0.179766 -0.98370939 -1.9866063e-14 -0.16944848
		 -0.98553902 0.69199729 -0.12232485 -0.71146083 0.76985371 -0.15939125 0.61799663
		 8.1807102e-08 -0.24974337 0.96831203 -1.4403282e-09 0.039075628 0.99923635 0.71421969
		 0.027349902 0.69938707 0.67155403 0.14793663 0.72603703 2.3407642e-14 0.19965653
		 0.97986597 -6.8858027e-15 -0.058732763 0.99827379 0.68681967 -0.042688575 0.72557324
		 0.75323182 0.29021916 -0.59026653 5.172922e-14 0.44122669 -0.89739561 1.8277843e-14
		 0.15590167 -0.98777252 0.73176885 0.10625529 -0.67321926 0.72335756 -0.47269326 -0.50330395
		 -8.0261359e-14 -0.68459284 -0.72892565 -7.7984081e-14 -0.6651687 -0.74669302 0.68593931
		 -0.48401594 -0.54333776 0.70982718 0.33440974 0.61993188 5.5660683e-14 0.47476029
		 0.88011509 6.6442098e-14 0.56672084 0.82390988 0.72928071 0.3877587 0.56373107 0.68902814
		 -0.50232971 -0.52240312 -8.1261353e-14 -0.69312233 -0.72081989 -8.0261359e-14 -0.68459284
		 -0.72892565 0.72335756 -0.47269326 -0.50330395 0.72928071 0.3877587 0.56373107 6.6442098e-14
		 0.56672084 0.82390988 7.8818848e-14 0.67228889 0.74028897 0.71598655 0.46933433 0.51680607
		 0.72652113 0.10576112 0.67895627 1.8044804e-14 0.15391396 0.98808426 3.7826072e-14
		 0.32263917 0.946522 0.72787172 0.221238 0.64904279 0.74744922 0.20144412 -0.63304031
		 3.5551016e-14 0.30323398 -0.95291615 8.5763235e-16 0.0073152133 -0.99997324 0.73746663
		 0.0049406248 -0.67536551 0.72787172 0.221238 0.64904279 3.7826072e-14 0.32263917
		 0.946522 4.6037135e-14 0.39267582 0.91967696 0.70378506 0.27896202 0.65335041 0.79939568
		 -0.20838535 -0.56350875 -4.0663792e-14 -0.34684363 -0.93792289 -1.0752213e-13 -0.91711485
		 -0.39862293 0.81455982 -0.53199959 -0.23123302 0.70378506 0.27896202 0.65335041 4.6037135e-14
		 0.39267582 0.91967696 4.9478417e-14 0.42202836 0.90658259 0.71782875 0.29382446 0.63118064
		 0.79808557 0.22887141 -0.55738443 4.4532469e-14 0.37984169 -0.92505151 -4.0663792e-14
		 -0.34684363 -0.93792289 0.79939568 -0.20838535 -0.56350875 0.71782875 0.29382446
		 0.63118064 4.9478417e-14 0.42202836 0.90658259 5.5660683e-14 0.47476029 0.88011509
		 0.70982718 0.33440974 0.61993188 0.81101489 0.54040962 -0.22408088 1.082985e-13 0.92373693
		 -0.38302758 4.4532469e-14 0.37984169 -0.92505151 0.79808557 0.22887141 -0.55738443
		 0.80365413 0.54427338 0.24063785 1.0722688e-13 0.91459644 0.40436763 1.082985e-13
		 0.92373693 -0.38302758 0.81101489 0.54040962 -0.22408088;
	setAttr ".n[3652:3817]" -type "float3"  0.68593931 -0.48401594 -0.54333776 -7.7984081e-14
		 -0.6651687 -0.74669302 -3.9207359e-14 -0.33442092 -0.94242382 0.64810461 -0.25467867
		 -0.71770418 0.7968632 0.23477201 0.55667847 4.5558423e-14 0.3885926 0.92140967 1.0722688e-13
		 0.91459644 0.40436763 0.80365413 0.54427338 0.24063785 0.64810461 -0.25467867 -0.71770418
		 -3.9207359e-14 -0.33442092 -0.94242382 2.4877266e-14 0.21219176 -0.97722799 0.65261394
		 0.16077574 -0.74043649 0.80203551 -0.20487696 0.56103879 -4.0215363e-14 -0.34301874
		 0.93932861 4.5558423e-14 0.3885926 0.92140967 0.7968632 0.23477201 0.55667847 0.65261394
		 0.16077574 -0.74043649 2.4877266e-14 0.21219176 -0.97722799 3.5551016e-14 0.30323398
		 -0.95291615 0.74744922 0.20144412 -0.63304031 0.80794507 -0.53582197 0.24519315 -1.0660787e-13
		 -0.9093166 0.41610503 -4.0215363e-14 -0.34301874 0.93932861 0.80203551 -0.20487696
		 0.56103879 0.81455982 -0.53199959 -0.23123302 -1.0752213e-13 -0.91711485 -0.39862293
		 -1.0660787e-13 -0.9093166 0.41610503 0.80794507 -0.53582197 0.24519315 0.68034762
		 -0.19929095 0.70527309 -3.1880362e-14 -0.27192497 0.96231842 8.0622648e-08 -0.44025809
		 0.89787126 0.69456559 -0.31673461 0.64595491 0.80442959 0.23581 -0.54523993 4.6538755e-14
		 0.39695439 -0.91783828 -4.2857455e-14 -0.36555457 -0.93078989 0.80316335 -0.21778236
		 -0.55452639 0.69456559 -0.31673461 0.64595491 8.0622648e-08 -0.44025809 0.89787126
		 8.1807102e-08 -0.24974337 0.96831203 0.76985371 -0.15939125 0.61799663 0.80513513
		 0.55238283 -0.21594089 1.0919248e-13 0.93136215 -0.36409384 4.6538755e-14 0.39695439
		 -0.91783828 0.80442959 0.23581 -0.54523993 0.80868691 0.53383005 0.24708466 1.0639549e-13
		 0.9075051 0.4200412 1.0919248e-13 0.93136215 -0.36409384 0.80513513 0.55238283 -0.21594089
		 0.69199729 -0.12232485 -0.71146083 -1.9866063e-14 -0.16944848 -0.98553902 1.3364413e-14
		 0.11399236 -0.9934817 0.66191697 0.085446104 -0.74469107 0.80374604 0.19642276 0.5616141
		 3.8705164e-14 0.33013743 0.94393283 1.0639549e-13 0.9075051 0.4200412 0.80868691
		 0.53383005 0.24708466 0.66191697 0.085446104 -0.74469107 1.3364413e-14 0.11399236
		 -0.9934817 5.5243458e-14 0.47120154 -0.88202554 0.67284131 0.34858873 -0.65251088
		 0.79866028 -0.24877347 0.54795402 -4.8466192e-14 -0.41339454 0.91055202 3.8705164e-14
		 0.33013743 0.94393283 0.80374604 0.19642276 0.5616141 0.67284131 0.34858873 -0.65251088
		 5.5243458e-14 0.47120154 -0.88202554 5.172922e-14 0.44122669 -0.89739561 0.75323182
		 0.29021916 -0.59026653 0.80246717 -0.55259794 0.22512624 -1.0857508e-13 -0.92609602
		 0.37728783 -4.8466192e-14 -0.41339454 0.91055202 0.79866028 -0.24877347 0.54795402
		 0.8072179 -0.5428462 -0.23176964 -1.0782325e-13 -0.91968322 -0.39266124 -1.0857508e-13
		 -0.92609602 0.37728783 0.80246717 -0.55259794 0.22512624 0.68681967 -0.042688575
		 0.72557324 -6.8858027e-15 -0.058732763 0.99827379 -3.1880362e-14 -0.27192497 0.96231842
		 0.68034762 -0.19929095 0.70527309 0.80316335 -0.21778236 -0.55452639 -4.2857455e-14
		 -0.36555457 -0.93078989 -1.0782325e-13 -0.91968322 -0.39266124 0.8072179 -0.5428462
		 -0.23176964 -0.62596053 -0.74422747 -0.23302092 -0.55033958 -0.27799556 0.78730226
		 -0.71598661 0.46933416 0.51680613 -0.68902814 -0.50232989 -0.52240312 -0.56361824
		 0.68632478 -0.45966607 -0.73176885 0.10625504 -0.67321932 -0.67155409 0.14793646
		 0.72603714 -0.6240018 0.56015062 0.54484218 -0.71421969 0.027349671 0.69938707 -0.72042018
		 -0.12467471 -0.68223953 -0.73746657 0.0049403566 -0.67536551 -0.72652107 0.10576086
		 0.67895627 -0.71421969 0.027349671 0.69938707 -0.76985353 -0.15939136 0.61799669
		 -0.69199723 -0.12232509 -0.71146077 -0.72042018 -0.12467471 -0.68223953 -0.73176885
		 0.10625504 -0.67321932 -0.75323194 0.29021895 -0.59026664 -0.68681967 -0.042688787
		 0.72557324 -0.67155409 0.14793646 0.72603714 -0.72335756 -0.47269347 -0.50330395
		 -0.72928077 0.38775849 0.56373125 -0.70982718 0.33440951 0.61993188 -0.68593913 -0.48401603
		 -0.5433377 -0.68902814 -0.50232989 -0.52240312 -0.71598661 0.46933416 0.51680613
		 -0.72928077 0.38775849 0.56373125 -0.72335756 -0.47269347 -0.50330395 -0.72652107
		 0.10576086 0.67895627 -0.73746657 0.0049403566 -0.67536551 -0.74744916 0.20144387
		 -0.63304037 -0.72787172 0.22123779 0.64904284 -0.72787172 0.22123779 0.64904284 -0.81455976
		 -0.53199983 -0.231233 -0.79939568 -0.20838557 -0.56350863 -0.70378506 0.27896184
		 0.65335047 -0.70378506 0.27896184 0.65335047 -0.79939568 -0.20838557 -0.56350863
		 -0.79808557 0.22887117 -0.55738443 -0.71782875 0.29382432 0.6311807 -0.71782875 0.29382432
		 0.6311807 -0.79808557 0.22887117 -0.55738443 -0.81101495 0.54040951 -0.22408092 -0.70982718
		 0.33440951 0.61993188 -0.81101495 0.54040951 -0.22408092 -0.80365413 0.54427314 0.24063793
		 -0.68593913 -0.48401603 -0.5433377 -0.70982718 0.33440951 0.61993188 -0.68593913
		 -0.48401603 -0.5433377 -0.80365413 0.54427314 0.24063793 -0.79686332 0.23477174 0.55667859
		 -0.64810455 -0.25467888 -0.71770412 -0.64810455 -0.25467888 -0.71770412 -0.79686332
		 0.23477174 0.55667859 -0.80203551 -0.20487721 0.56103867 -0.652614 0.16077559 -0.74043655
		 -0.652614 0.16077559 -0.74043655 -0.80203551 -0.20487721 0.56103867 -0.80794501 -0.53582215
		 0.24519309 -0.74744916 0.20144387 -0.63304037 -0.74744916 0.20144387 -0.63304037
		 -0.80794501 -0.53582215 0.24519309 -0.81455976 -0.53199983 -0.231233 -0.72787172
		 0.22123779 0.64904284 -0.68034756 -0.19929112 0.70527309 -0.80316329 -0.21778266
		 -0.55452633 -0.80442971 0.23580977 -0.5452401 -0.69456553 -0.31673476 0.64595497
		 -0.69456553 -0.31673476 0.64595497 -0.80442971 0.23580977 -0.5452401 -0.80513525
		 0.55238271 -0.21594098 -0.76985353 -0.15939136 0.61799669 -0.76985353 -0.15939136
		 0.61799669 -0.80513525 0.55238271 -0.21594098 -0.80868709 0.53382987 0.24708475 -0.69199723
		 -0.12232509 -0.71146077 -0.69199723 -0.12232509 -0.71146077 -0.80868709 0.53382987
		 0.24708475 -0.8037461 0.1964224 0.56161416 -0.66191697 0.085445888 -0.74469107 -0.66191697
		 0.085445888 -0.74469107 -0.8037461 0.1964224 0.56161416;
	setAttr ".n[3818:3983]" -type "float3"  -0.79866022 -0.24877374 0.54795396 -0.67284137
		 0.34858856 -0.65251088 -0.67284137 0.34858856 -0.65251088 -0.79866022 -0.24877374
		 0.54795396 -0.80246711 -0.55259818 0.22512616 -0.75323194 0.29021895 -0.59026664
		 -0.75323194 0.29021895 -0.59026664 -0.80246711 -0.55259818 0.22512616 -0.80721784
		 -0.54284638 -0.23176958 -0.68681967 -0.042688787 0.72557324 -0.68681967 -0.042688787
		 0.72557324 -0.80721784 -0.54284638 -0.23176958 -0.80316329 -0.21778266 -0.55452633
		 -0.68034756 -0.19929112 0.70527309 -8.1261353e-14 -0.69312233 -0.72081989 -1.5149945e-13
		 -0.9543156 -0.2988005 -0.62596053 -0.74422747 -0.23302092 -0.68902814 -0.50232989
		 -0.52240312 -3.9034856e-14 -0.33294955 0.94294459 7.8818848e-14 0.67228889 0.74028897
		 -0.71598661 0.46933416 0.51680613 -0.55033958 -0.27799556 0.78730226 -1.5149945e-13
		 -0.9543156 -0.2988005 -3.9034856e-14 -0.33294955 0.94294459 -0.55033958 -0.27799556
		 0.78730226 -0.62596053 -0.74422747 -0.23302092 8.4041328e-14 0.71683425 0.69724363
		 9.7410368e-14 0.8308661 -0.5564726 -0.56361824 0.68632478 -0.45966607 -0.6240018
		 0.56015062 0.54484218 2.3407642e-14 0.19965653 0.97986597 8.4041328e-14 0.71683425
		 0.69724363 -0.6240018 0.56015062 0.54484218 -0.67155409 0.14793646 0.72603714 9.7410368e-14
		 0.8308661 -0.5564726 1.8277843e-14 0.15590167 -0.98777252 -0.73176885 0.10625504
		 -0.67321932 -0.56361824 0.68632478 -0.45966607 1.8044804e-14 0.15391396 0.98808426
		 -1.4403282e-09 0.039075628 0.99923635 -0.71421969 0.027349671 0.69938707 -0.72652107
		 0.10576086 0.67895627 -2.1075686e-14 -0.179766 -0.98370939 8.5763235e-16 0.0073152133
		 -0.99997324 -0.73746657 0.0049403566 -0.67536551 -0.72042018 -0.12467471 -0.68223953
		 -1.9866063e-14 -0.16944848 -0.98553902 -2.1075686e-14 -0.179766 -0.98370939 -0.72042018
		 -0.12467471 -0.68223953 -0.69199723 -0.12232509 -0.71146077 -1.4403282e-09 0.039075628
		 0.99923635 8.1807102e-08 -0.24974337 0.96831203 -0.76985353 -0.15939136 0.61799669
		 -0.71421969 0.027349671 0.69938707 -6.8858027e-15 -0.058732763 0.99827379 2.3407642e-14
		 0.19965653 0.97986597 -0.67155409 0.14793646 0.72603714 -0.68681967 -0.042688787
		 0.72557324 1.8277843e-14 0.15590167 -0.98777252 5.172922e-14 0.44122669 -0.89739561
		 -0.75323194 0.29021895 -0.59026664 -0.73176885 0.10625504 -0.67321932 -7.7984081e-14
		 -0.6651687 -0.74669302 -8.0261359e-14 -0.68459284 -0.72892565 -0.72335756 -0.47269347
		 -0.50330395 -0.68593913 -0.48401603 -0.5433377 6.6442098e-14 0.56672084 0.82390988
		 5.5660683e-14 0.47476029 0.88011509 -0.70982718 0.33440951 0.61993188 -0.72928077
		 0.38775849 0.56373125 -8.0261359e-14 -0.68459284 -0.72892565 -8.1261353e-14 -0.69312233
		 -0.72081989 -0.68902814 -0.50232989 -0.52240312 -0.72335756 -0.47269347 -0.50330395
		 7.8818848e-14 0.67228889 0.74028897 6.6442098e-14 0.56672084 0.82390988 -0.72928077
		 0.38775849 0.56373125 -0.71598661 0.46933416 0.51680613 3.7826072e-14 0.32263917
		 0.946522 1.8044804e-14 0.15391396 0.98808426 -0.72652107 0.10576086 0.67895627 -0.72787172
		 0.22123779 0.64904284 8.5763235e-16 0.0073152133 -0.99997324 3.5551016e-14 0.30323398
		 -0.95291615 -0.74744916 0.20144387 -0.63304037 -0.73746657 0.0049403566 -0.67536551
		 4.6037135e-14 0.39267582 0.91967696 3.7826072e-14 0.32263917 0.946522 -0.72787172
		 0.22123779 0.64904284 -0.70378506 0.27896184 0.65335047 -1.0752213e-13 -0.91711485
		 -0.39862293 -4.0663792e-14 -0.34684363 -0.93792289 -0.79939568 -0.20838557 -0.56350863
		 -0.81455976 -0.53199983 -0.231233 4.9478417e-14 0.42202836 0.90658259 4.6037135e-14
		 0.39267582 0.91967696 -0.70378506 0.27896184 0.65335047 -0.71782875 0.29382432 0.6311807
		 -4.0663792e-14 -0.34684363 -0.93792289 4.4532469e-14 0.37984169 -0.92505151 -0.79808557
		 0.22887117 -0.55738443 -0.79939568 -0.20838557 -0.56350863 5.5660683e-14 0.47476029
		 0.88011509 4.9478417e-14 0.42202836 0.90658259 -0.71782875 0.29382432 0.6311807 -0.70982718
		 0.33440951 0.61993188 4.4532469e-14 0.37984169 -0.92505151 1.082985e-13 0.92373693
		 -0.38302758 -0.81101495 0.54040951 -0.22408092 -0.79808557 0.22887117 -0.55738443
		 1.082985e-13 0.92373693 -0.38302758 1.0722688e-13 0.91459644 0.40436763 -0.80365413
		 0.54427314 0.24063793 -0.81101495 0.54040951 -0.22408092 -3.9207359e-14 -0.33442092
		 -0.94242382 -7.7984081e-14 -0.6651687 -0.74669302 -0.68593913 -0.48401603 -0.5433377
		 -0.64810455 -0.25467888 -0.71770412 1.0722688e-13 0.91459644 0.40436763 4.5558423e-14
		 0.3885926 0.92140967 -0.79686332 0.23477174 0.55667859 -0.80365413 0.54427314 0.24063793
		 2.4877266e-14 0.21219176 -0.97722799 -3.9207359e-14 -0.33442092 -0.94242382 -0.64810455
		 -0.25467888 -0.71770412 -0.652614 0.16077559 -0.74043655 4.5558423e-14 0.3885926
		 0.92140967 -4.0215363e-14 -0.34301874 0.93932861 -0.80203551 -0.20487721 0.56103867
		 -0.79686332 0.23477174 0.55667859 3.5551016e-14 0.30323398 -0.95291615 2.4877266e-14
		 0.21219176 -0.97722799 -0.652614 0.16077559 -0.74043655 -0.74744916 0.20144387 -0.63304037
		 -4.0215363e-14 -0.34301874 0.93932861 -1.0660787e-13 -0.9093166 0.41610503 -0.80794501
		 -0.53582215 0.24519309 -0.80203551 -0.20487721 0.56103867 -1.0660787e-13 -0.9093166
		 0.41610503 -1.0752213e-13 -0.91711485 -0.39862293 -0.81455976 -0.53199983 -0.231233
		 -0.80794501 -0.53582215 0.24519309 8.0622648e-08 -0.44025809 0.89787126 -3.1880362e-14
		 -0.27192497 0.96231842 -0.68034756 -0.19929112 0.70527309 -0.69456553 -0.31673476
		 0.64595497 -4.2857455e-14 -0.36555457 -0.93078989 4.6538755e-14 0.39695439 -0.91783828
		 -0.80442971 0.23580977 -0.5452401 -0.80316329 -0.21778266 -0.55452633 8.1807102e-08
		 -0.24974337 0.96831203 8.0622648e-08 -0.44025809 0.89787126 -0.69456553 -0.31673476
		 0.64595497 -0.76985353 -0.15939136 0.61799669 4.6538755e-14 0.39695439 -0.91783828
		 1.0919248e-13 0.93136215 -0.36409384 -0.80513525 0.55238271 -0.21594098 -0.80442971
		 0.23580977 -0.5452401 1.0919248e-13 0.93136215 -0.36409384 1.0639549e-13 0.9075051
		 0.4200412 -0.80868709 0.53382987 0.24708475 -0.80513525 0.55238271 -0.21594098 1.3364413e-14
		 0.11399236 -0.9934817 -1.9866063e-14 -0.16944848 -0.98553902 -0.69199723 -0.12232509
		 -0.71146077 -0.66191697 0.085445888 -0.74469107;
	setAttr ".n[3984:4015]" -type "float3"  1.0639549e-13 0.9075051 0.4200412 3.8705164e-14
		 0.33013743 0.94393283 -0.8037461 0.1964224 0.56161416 -0.80868709 0.53382987 0.24708475
		 5.5243458e-14 0.47120154 -0.88202554 1.3364413e-14 0.11399236 -0.9934817 -0.66191697
		 0.085445888 -0.74469107 -0.67284137 0.34858856 -0.65251088 3.8705164e-14 0.33013743
		 0.94393283 -4.8466192e-14 -0.41339454 0.91055202 -0.79866022 -0.24877374 0.54795396
		 -0.8037461 0.1964224 0.56161416 5.172922e-14 0.44122669 -0.89739561 5.5243458e-14
		 0.47120154 -0.88202554 -0.67284137 0.34858856 -0.65251088 -0.75323194 0.29021895
		 -0.59026664 -4.8466192e-14 -0.41339454 0.91055202 -1.0857508e-13 -0.92609602 0.37728783
		 -0.80246711 -0.55259818 0.22512616 -0.79866022 -0.24877374 0.54795396 -1.0857508e-13
		 -0.92609602 0.37728783 -1.0782325e-13 -0.91968322 -0.39266124 -0.80721784 -0.54284638
		 -0.23176958 -0.80246711 -0.55259818 0.22512616 -3.1880362e-14 -0.27192497 0.96231842
		 -6.8858027e-15 -0.058732763 0.99827379 -0.68681967 -0.042688787 0.72557324 -0.68034756
		 -0.19929112 0.70527309 -1.0782325e-13 -0.91968322 -0.39266124 -4.2857455e-14 -0.36555457
		 -0.93078989 -0.80316329 -0.21778266 -0.55452633 -0.80721784 -0.54284638 -0.23176958;
	setAttr -s 1020 -ch 4016 ".fc";
	setAttr ".fc[0:499]" -type "polyFaces" 
		f 4 0 1 2 3
		mu 0 4 0 1 2 3
		f 4 4 5 6 7
		mu 0 4 16 17 18 19
		f 4 8 9 10 11
		mu 0 4 24 25 42 43
		f 4 12 13 14 15
		mu 0 4 44 45 50 51
		f 4 16 17 18 19
		mu 0 4 56 57 62 63
		f 4 20 21 22 23
		mu 0 4 68 69 74 75
		f 4 24 25 26 -19
		mu 0 4 62 80 81 63
		f 4 27 28 29 30
		mu 0 4 121 138 143 234
		f 4 31 32 33 34
		mu 0 4 235 236 256 257
		f 4 35 36 37 38
		mu 0 4 258 259 260 261
		f 4 39 40 41 42
		mu 0 4 262 263 264 265
		f 4 43 44 45 46
		mu 0 4 266 267 268 269
		f 4 47 48 49 50
		mu 0 4 270 271 272 273
		f 4 -46 51 52 53
		mu 0 4 269 268 274 275
		f 4 54 55 56 57
		mu 0 4 276 277 278 279
		f 4 -53 58 59 60
		mu 0 4 275 274 280 281
		f 4 61 62 63 64
		mu 0 4 282 283 284 285
		f 4 -60 65 66 67
		mu 0 4 281 280 286 287
		f 4 68 69 70 71
		mu 0 4 288 289 290 291
		f 4 -67 72 73 74
		mu 0 4 287 286 292 293
		f 4 75 76 77 78
		mu 0 4 294 295 296 297
		f 4 -74 79 80 81
		mu 0 4 293 292 298 299
		f 4 82 83 84 85
		mu 0 4 300 301 302 303
		f 4 -81 86 87 88
		mu 0 4 299 298 304 305
		f 4 89 90 91 92
		mu 0 4 306 307 308 309
		f 4 -88 93 -1 94
		mu 0 4 305 304 1 0
		f 4 95 96 97 98
		mu 0 4 310 311 312 313
		f 4 -8 99 100 101
		mu 0 4 4 7 90 91
		f 4 102 103 104 -100
		mu 0 4 7 12 92 90
		f 4 -16 105 106 -104
		mu 0 4 12 15 93 92
		f 4 107 108 109 -106
		mu 0 4 15 26 94 93
		f 4 -31 110 111 -109
		mu 0 4 26 29 95 94
		f 4 112 113 114 -111
		mu 0 4 29 34 96 95
		f 4 -39 115 116 -114
		mu 0 4 34 37 97 96
		f 4 117 118 119 -116
		mu 0 4 37 46 98 97
		f 4 -51 120 121 -119
		mu 0 4 46 49 99 98
		f 4 122 123 124 -121
		mu 0 4 49 58 100 99
		f 4 -65 125 126 -124
		mu 0 4 58 61 101 100
		f 4 127 128 129 -126
		mu 0 4 61 70 102 101
		f 4 -79 130 131 -129
		mu 0 4 70 73 103 102
		f 4 132 133 134 -131
		mu 0 4 73 82 104 103
		f 4 -93 135 136 -134
		mu 0 4 82 85 105 104
		f 4 137 -102 138 -136
		mu 0 4 85 4 91 105
		f 4 -7 139 -9 140
		mu 0 4 19 18 25 24
		f 4 141 142 -10 -140
		mu 0 4 6 13 10 9
		f 4 -13 143 -11 -143
		mu 0 4 45 44 43 42
		f 4 -103 -141 -12 -144
		mu 0 4 12 7 8 11
		f 4 -15 144 -21 145
		mu 0 4 51 50 69 68
		f 4 146 147 -22 -145
		mu 0 4 14 27 22 21
		f 4 -28 148 -23 -148
		mu 0 4 138 121 75 74
		f 4 -108 -146 -24 -149
		mu 0 4 26 15 20 23
		f 4 -30 149 -32 150
		mu 0 4 234 143 236 235
		f 4 151 152 -33 -150
		mu 0 4 28 35 32 31
		f 4 -36 153 -34 -153
		mu 0 4 259 258 257 256
		f 4 -113 -151 -35 -154
		mu 0 4 34 29 30 33
		f 4 -38 154 -40 155
		mu 0 4 389 388 263 262
		f 4 156 157 -41 -155
		mu 0 4 36 47 40 39
		f 4 -48 158 -42 -158
		mu 0 4 271 270 265 264
		f 4 -118 -156 -43 -159
		mu 0 4 46 37 38 41
		f 4 -50 159 -55 160
		mu 0 4 273 272 277 276
		f 4 161 162 -56 -160
		mu 0 4 48 59 54 53
		f 4 -62 163 -57 -163
		mu 0 4 283 282 279 278
		f 4 -123 -161 -58 -164
		mu 0 4 58 49 52 55
		f 4 -64 164 -69 165
		mu 0 4 285 284 289 288
		f 4 166 167 -70 -165
		mu 0 4 60 71 66 65
		f 4 -76 168 -71 -168
		mu 0 4 295 294 291 290
		f 4 -128 -166 -72 -169
		mu 0 4 70 61 64 67
		f 4 -78 169 -83 170
		mu 0 4 297 296 301 300
		f 4 171 172 -84 -170
		mu 0 4 72 83 78 77
		f 4 -90 173 -85 -173
		mu 0 4 307 306 303 302
		f 4 -133 -171 -86 -174
		mu 0 4 82 73 76 79
		f 4 -5 174 -98 175
		mu 0 4 17 16 313 312
		f 4 -138 176 -99 -175
		mu 0 4 4 85 86 89
		f 4 -92 177 -96 -177
		mu 0 4 309 308 311 310
		f 4 178 -176 -97 -178
		mu 0 4 84 5 88 87
		f 4 -4 179 -6 180
		mu 0 4 192 195 6 5
		f 4 181 182 -142 -180
		mu 0 4 195 106 13 6
		f 4 183 184 -14 -183
		mu 0 4 106 196 14 13
		f 4 -20 185 -147 -185
		mu 0 4 196 199 27 14
		f 4 -27 186 -29 -186
		mu 0 4 199 201 28 27
		f 4 187 188 -152 -187
		mu 0 4 201 107 35 28
		f 4 189 190 -37 -189
		mu 0 4 107 108 36 35
		f 4 191 192 -157 -191
		mu 0 4 108 202 47 36
		f 4 -47 193 -49 -193
		mu 0 4 202 205 48 47
		f 4 -54 194 -162 -194
		mu 0 4 205 207 59 48
		f 4 -61 195 -63 -195
		mu 0 4 207 209 60 59
		f 4 -68 196 -167 -196
		mu 0 4 209 211 71 60
		f 4 -75 197 -77 -197
		mu 0 4 211 213 72 71
		f 4 -82 198 -172 -198
		mu 0 4 213 215 83 72
		f 4 -89 199 -91 -199
		mu 0 4 215 217 84 83
		f 4 -95 -181 -179 -200
		mu 0 4 217 192 5 84
		f 4 -101 200 201 202
		mu 0 4 109 110 111 112
		f 4 -112 203 204 205
		mu 0 4 113 114 115 116
		f 4 206 207 -204 -115
		mu 0 4 218 219 115 114
		f 4 -135 208 209 210
		mu 0 4 220 221 222 223
		f 4 -137 211 212 -209
		mu 0 4 221 224 225 222
		f 4 -139 -203 213 -212
		mu 0 4 224 109 112 225
		f 4 214 215 216 217
		mu 0 4 320 321 322 323
		f 4 218 219 -182 -3
		mu 0 4 2 314 315 3
		f 4 220 221 222 223
		mu 0 4 324 325 326 327
		f 4 -17 -184 -220 224
		mu 0 4 57 56 315 314
		f 4 225 226 227 228
		mu 0 4 328 329 330 331
		f 4 229 230 231 232
		mu 0 4 332 333 334 335
		f 4 233 234 235 236
		mu 0 4 336 337 338 339
		f 4 237 238 -188 -26
		mu 0 4 80 316 317 81
		f 4 239 240 241 242
		mu 0 4 340 341 342 343
		f 4 243 244 -190 -239
		mu 0 4 384 318 319 385
		f 4 245 246 247 248
		mu 0 4 344 345 346 347
		f 4 -44 -192 -245 249
		mu 0 4 267 266 319 318
		f 4 250 251 252 253
		mu 0 4 348 349 350 351
		f 4 254 255 256 257
		mu 0 4 352 353 354 355
		f 4 258 259 260 261
		mu 0 4 356 357 358 359
		f 4 262 263 264 265
		mu 0 4 360 361 362 363
		f 4 266 267 268 269
		mu 0 4 364 365 366 367
		f 4 270 271 272 273
		mu 0 4 368 369 370 371
		f 4 274 275 276 277
		mu 0 4 372 373 374 375
		f 4 278 279 280 281
		mu 0 4 376 377 378 379
		f 4 282 283 284 285
		mu 0 4 380 381 382 383
		f 4 286 -202 287 -215
		mu 0 4 117 238 237 118
		f 4 -288 288 289 290
		mu 0 4 118 237 184 126
		f 4 -290 291 292 -226
		mu 0 4 126 184 185 127
		f 4 -293 293 294 295
		mu 0 4 127 185 240 134
		f 4 -295 -205 296 -234
		mu 0 4 134 240 239 135
		f 4 -297 -208 297 298
		mu 0 4 135 239 241 144
		f 4 -298 299 300 -246
		mu 0 4 144 241 186 145
		f 4 -301 301 302 303
		mu 0 4 145 186 187 152
		f 4 -303 304 305 -255
		mu 0 4 152 187 188 153
		f 4 -306 306 307 308
		mu 0 4 153 188 189 160
		f 4 -308 309 310 -263
		mu 0 4 160 189 190 161
		f 4 -311 311 312 313
		mu 0 4 161 190 191 168
		f 4 -313 314 315 -271
		mu 0 4 168 191 243 169
		f 4 -316 -210 316 317
		mu 0 4 169 243 242 176
		f 4 -317 -213 318 -279
		mu 0 4 176 242 244 177
		f 4 -319 -214 -287 319
		mu 0 4 177 244 238 117
		f 4 320 -224 321 -216
		mu 0 4 321 324 327 322
		f 4 -322 -223 322 323
		mu 0 4 119 125 124 129
		f 4 -323 -222 324 -229
		mu 0 4 331 326 325 328
		f 4 -325 -221 -321 -291
		mu 0 4 126 123 122 118
		f 4 325 -233 326 -227
		mu 0 4 329 332 335 330
		f 4 -327 -232 327 328
		mu 0 4 128 133 132 137
		f 4 -328 -231 329 -237
		mu 0 4 339 334 333 336
		f 4 -330 -230 -326 -296
		mu 0 4 134 131 130 127
		f 4 330 -243 331 -235
		mu 0 4 337 340 343 338
		f 4 -332 -242 332 333
		mu 0 4 136 142 141 147
		f 4 -333 -241 334 -249
		mu 0 4 391 342 341 390
		f 4 -335 -240 -331 -299
		mu 0 4 144 140 139 135
		f 4 335 -254 336 -247
		mu 0 4 345 348 351 346
		f 4 -337 -253 337 338
		mu 0 4 146 151 150 155
		f 4 -338 -252 339 -258
		mu 0 4 355 350 349 352
		f 4 -340 -251 -336 -304
		mu 0 4 152 149 148 145
		f 4 340 -262 341 -256
		mu 0 4 353 356 359 354
		f 4 -342 -261 342 343
		mu 0 4 154 159 158 163
		f 4 -343 -260 344 -266
		mu 0 4 363 358 357 360
		f 4 -345 -259 -341 -309
		mu 0 4 160 157 156 153
		f 4 345 -270 346 -264
		mu 0 4 361 364 367 362
		f 4 -347 -269 347 348
		mu 0 4 162 167 166 171
		f 4 -348 -268 349 -274
		mu 0 4 371 366 365 368
		f 4 -350 -267 -346 -314
		mu 0 4 168 165 164 161
		f 4 350 -278 351 -272
		mu 0 4 369 372 375 370
		f 4 -352 -277 352 353
		mu 0 4 170 175 174 179
		f 4 -353 -276 354 -282
		mu 0 4 379 374 373 376
		f 4 -355 -275 -351 -318
		mu 0 4 176 173 172 169
		f 4 355 -284 356 -218
		mu 0 4 323 382 381 320
		f 4 -357 -283 357 -320
		mu 0 4 117 181 180 177
		f 4 -358 -286 358 -280
		mu 0 4 377 380 383 378
		f 4 -359 -285 -356 359
		mu 0 4 178 183 182 120
		f 4 360 -2 361 -217
		mu 0 4 119 194 193 120
		f 4 362 -219 -361 -324
		mu 0 4 129 245 194 119
		f 4 363 -225 -363 -228
		mu 0 4 128 197 245 129
		f 4 364 -18 -364 -329
		mu 0 4 137 198 197 128
		f 4 365 -25 -365 -236
		mu 0 4 136 200 198 137
		f 4 366 -238 -366 -334
		mu 0 4 147 246 200 136
		f 4 367 -244 -367 -248
		mu 0 4 146 247 246 147
		f 4 368 -250 -368 -339
		mu 0 4 155 203 247 146
		f 4 369 -45 -369 -257
		mu 0 4 154 204 203 155
		f 4 370 -52 -370 -344
		mu 0 4 163 206 204 154
		f 4 371 -59 -371 -265
		mu 0 4 162 208 206 163
		f 4 372 -66 -372 -349
		mu 0 4 171 210 208 162
		f 4 373 -73 -373 -273
		mu 0 4 170 212 210 171
		f 4 374 -80 -374 -354
		mu 0 4 179 214 212 170
		f 4 375 -87 -375 -281
		mu 0 4 178 216 214 179
		f 4 -362 -94 -376 -360
		mu 0 4 120 193 216 178
		f 4 376 -289 -201 -105
		mu 0 4 226 227 387 386
		f 4 377 -292 -377 -107
		mu 0 4 228 229 227 226
		f 4 -110 -206 -294 -378
		mu 0 4 228 113 116 229
		f 4 378 -300 -207 -117
		mu 0 4 230 231 219 218
		f 4 379 -302 -379 -120
		mu 0 4 232 233 231 230
		f 4 380 -305 -380 -122
		mu 0 4 248 249 233 232
		f 4 -125 381 -307 -381
		mu 0 4 248 250 251 249
		f 4 382 -310 -382 -127
		mu 0 4 252 253 251 250
		f 4 383 -312 -383 -130
		mu 0 4 254 255 253 252
		f 4 -211 -315 -384 -132
		mu 0 4 220 223 255 254
		f 4 384 385 386 387
		mu 0 4 404 405 406 407
		f 4 388 -388 389 390
		mu 0 4 408 404 407 409
		f 4 391 392 393 394
		mu 0 4 410 411 412 413
		f 4 -394 395 396 397
		mu 0 4 413 412 414 415
		f 4 -385 398 -393 399
		mu 0 4 393 392 400 399
		f 4 -386 -400 -392 400
		mu 0 4 394 393 399 398
		f 4 -387 -401 -395 401
		mu 0 4 395 394 398 401
		f 4 -389 402 -396 -399
		mu 0 4 392 396 402 400
		f 4 -390 -402 -398 403
		mu 0 4 397 395 401 403
		f 4 -391 -404 -397 -403
		mu 0 4 396 416 417 402
		f 4 404 405 406 407
		mu 0 4 430 431 432 433
		f 4 408 -408 409 410
		mu 0 4 434 430 433 435
		f 4 411 412 413 414
		mu 0 4 436 437 438 439
		f 4 -414 415 416 417
		mu 0 4 439 438 440 441
		f 4 -405 418 -413 419
		mu 0 4 419 418 426 425
		f 4 -406 -420 -412 420
		mu 0 4 420 419 425 424
		f 4 -407 -421 -415 421
		mu 0 4 421 420 424 427
		f 4 -409 422 -416 -419
		mu 0 4 418 422 428 426
		f 4 -410 -422 -418 423
		mu 0 4 423 421 427 429
		f 4 -411 -424 -417 -423
		mu 0 4 422 442 443 428
		f 4 424 425 426 427
		mu 0 4 444 445 446 447
		f 4 428 429 430 431
		mu 0 4 448 449 450 451
		f 4 432 433 434 435
		mu 0 4 452 453 454 455
		f 4 -436 436 437 438
		mu 0 4 452 455 456 457
		f 4 -431 439 440 441
		mu 0 4 451 450 458 459
		f 4 442 443 444 445
		mu 0 4 460 461 462 463
		f 4 446 -446 447 -426
		mu 0 4 445 460 463 446
		f 4 448 449 450 451
		mu 0 4 464 465 466 467
		f 4 452 453 454 -434
		mu 0 4 453 912 913 454
		f 4 455 456 457 458
		mu 0 4 468 470 471 472
		f 4 459 460 461 -457
		mu 0 4 470 473 474 471
		f 4 462 463 464 -461
		mu 0 4 473 462 475 474
		f 4 -464 -444 465 466
		mu 0 4 475 462 461 476
		f 4 467 468 469 -466
		mu 0 4 461 477 478 476
		f 4 470 471 472 -469
		mu 0 4 477 479 480 478
		f 4 473 474 475 -472
		mu 0 4 479 469 481 480
		f 4 -454 -459 476 -475
		mu 0 4 469 468 472 481
		f 4 477 478 479 480
		mu 0 4 482 483 484 485
		f 4 481 482 483 -479
		mu 0 4 483 457 486 484
		f 4 -438 484 485 -483
		mu 0 4 457 456 487 486
		f 4 486 487 488 -485
		mu 0 4 456 488 489 487
		f 4 489 490 491 -488
		mu 0 4 488 490 491 489
		f 4 492 493 494 -491
		mu 0 4 490 459 492 491
		f 4 -441 495 496 -494
		mu 0 4 459 458 493 492
		f 4 497 -481 498 -496
		mu 0 4 458 482 485 493
		f 3 499 500 501
		mu 0 3 494 495 496
		f 4 -428 502 503 504
		mu 0 4 444 447 497 498
		f 3 505 506 507
		mu 0 3 499 500 501
		f 4 -452 508 509 510
		mu 0 4 464 467 502 503
		f 4 511 512 513 514
		mu 0 4 504 505 506 507
		f 4 515 516 517 518
		mu 0 4 508 509 510 511
		f 4 519 -505 520 521
		mu 0 4 512 444 498 513
		f 3 -522 522 523
		mu 0 3 512 513 514
		f 3 524 525 -524
		mu 0 3 514 494 512
		f 3 526 -516 527
		mu 0 3 494 509 508
		f 3 -528 528 -500
		mu 0 3 494 508 495
		f 4 -509 529 530 531
		mu 0 4 502 467 515 516
		f 3 532 -531 533
		mu 0 3 517 516 515
		f 3 534 -534 535
		mu 0 3 506 517 515
		f 4 536 -502 537 538
		mu 0 4 515 494 496 507
		f 4 539 -511 540 541
		mu 0 4 518 464 503 519
		f 3 -542 542 543
		mu 0 3 518 519 520
		f 3 -544 544 545
		mu 0 3 518 520 505
		f 4 546 -546 -512 547
		mu 0 4 499 518 505 504
		f 3 -548 548 -506
		mu 0 3 499 504 500
		f 4 -503 549 550 551
		mu 0 4 497 447 521 522
		f 3 552 -551 553
		mu 0 3 523 522 521
		f 4 -554 554 555 556
		mu 0 4 523 521 499 510
		f 3 -518 -556 557
		mu 0 3 511 510 499
		f 3 558 -558 -508
		mu 0 3 501 511 499
		f 3 -514 -536 -539
		mu 0 3 507 506 515
		f 4 559 560 561 -425
		mu 0 4 764 524 525 765
		f 4 562 563 564 -427
		mu 0 4 766 526 527 767
		f 4 565 566 567 -429
		mu 0 4 768 528 529 769
		f 4 -568 568 569 -430
		mu 0 4 769 529 530 770
		f 4 570 571 -566 -432
		mu 0 4 771 531 844 848
		f 4 572 573 574 -433
		mu 0 4 772 532 533 773
		f 4 575 576 577 -435
		mu 0 4 774 534 535 775
		f 4 -578 578 579 -437
		mu 0 4 775 535 536 776
		f 4 580 581 -573 -439
		mu 0 4 777 537 916 917
		f 4 -570 582 583 -440
		mu 0 4 770 530 538 778
		f 4 584 585 -571 -442
		mu 0 4 779 539 531 771
		f 4 586 587 588 -443
		mu 0 4 780 540 541 781
		f 4 589 590 591 -445
		mu 0 4 782 542 543 783
		f 4 -562 592 -587 -447
		mu 0 4 765 525 540 780
		f 4 -592 593 -563 -448
		mu 0 4 783 543 526 766
		f 4 594 595 596 -449
		mu 0 4 784 544 545 785
		f 4 -597 597 598 -450
		mu 0 4 785 545 546 786
		f 4 -599 599 600 -451
		mu 0 4 849 845 547 787
		f 4 -575 601 602 -453
		mu 0 4 773 533 548 788
		f 4 603 604 -576 -455
		mu 0 4 789 549 534 774
		f 4 -603 605 606 -456
		mu 0 4 788 548 550 790
		f 4 607 608 609 -458
		mu 0 4 471 551 552 472
		f 4 -607 610 611 -460
		mu 0 4 790 550 553 791
		f 4 612 613 -608 -462
		mu 0 4 474 554 551 471
		f 4 -612 614 -590 -463
		mu 0 4 791 553 542 782
		f 4 615 616 -613 -465
		mu 0 4 475 555 554 474
		f 4 617 618 -616 -467
		mu 0 4 476 556 555 475
		f 4 -589 619 620 -468
		mu 0 4 781 541 557 792
		f 4 621 622 -618 -470
		mu 0 4 478 558 556 476
		f 4 -621 623 624 -471
		mu 0 4 792 557 559 793
		f 4 625 626 -622 -473
		mu 0 4 480 560 558 478
		f 4 -625 627 -604 -474
		mu 0 4 793 559 549 789
		f 4 628 629 -626 -476
		mu 0 4 481 561 560 480
		f 4 -610 630 -629 -477
		mu 0 4 472 552 561 481
		f 4 631 632 633 -478
		mu 0 4 794 562 563 795
		f 4 634 635 636 -480
		mu 0 4 484 564 565 485
		f 4 -634 637 -581 -482
		mu 0 4 795 563 537 777
		f 4 638 639 -635 -484
		mu 0 4 486 566 564 484
		f 4 640 641 -639 -486
		mu 0 4 487 567 566 486
		f 4 -580 642 643 -487
		mu 0 4 776 536 568 796
		f 4 644 645 -641 -489
		mu 0 4 489 569 567 487
		f 4 -644 646 647 -490
		mu 0 4 796 568 570 797
		f 4 648 649 -645 -492
		mu 0 4 491 571 569 489
		f 4 -648 650 -585 -493
		mu 0 4 797 570 539 779
		f 4 651 652 -649 -495
		mu 0 4 492 572 571 491
		f 4 653 654 -652 -497
		mu 0 4 493 573 572 492
		f 4 -584 655 -632 -498
		mu 0 4 778 538 562 794
		f 4 -637 656 -654 -499
		mu 0 4 485 565 573 493
		f 4 657 658 659 -501
		mu 0 4 894 574 575 895
		f 4 660 661 662 -504
		mu 0 4 852 576 577 853
		f 4 663 664 665 -507
		mu 0 4 854 578 579 855
		f 4 666 667 668 -510
		mu 0 4 856 580 581 857
		f 4 669 670 671 -513
		mu 0 4 890 582 583 891
		f 4 672 673 674 -515
		mu 0 4 897 584 585 896
		f 4 675 676 677 -517
		mu 0 4 906 586 587 907
		f 4 678 679 680 -519
		mu 0 4 899 588 589 898
		f 4 681 682 -560 -520
		mu 0 4 800 590 524 764
		f 4 -663 683 684 -521
		mu 0 4 853 577 591 858
		f 4 -685 685 686 -523
		mu 0 4 858 591 592 908
		f 4 -687 687 -676 688
		mu 0 4 908 592 586 906
		f 4 689 690 -682 -526
		mu 0 4 798 593 590 800
		f 4 -681 691 -658 -529
		mu 0 4 898 589 574 894
		f 4 -601 692 693 -530
		mu 0 4 787 547 594 801
		f 4 694 695 -667 -532
		mu 0 4 859 595 580 856
		f 4 696 697 -695 -533
		mu 0 4 860 596 595 859
		f 4 -672 698 -697 -535
		mu 0 4 891 583 596 860
		f 4 -694 699 -690 -537
		mu 0 4 801 594 593 798
		f 4 -660 700 -673 -538
		mu 0 4 895 575 584 897
		f 4 701 702 -595 -540
		mu 0 4 802 597 544 784
		f 4 -669 703 704 -541
		mu 0 4 885 879 598 861
		f 4 -705 705 706 -543
		mu 0 4 861 598 599 862
		f 4 -707 707 -670 -545
		mu 0 4 862 599 582 890
		f 4 708 709 -702 -547
		mu 0 4 799 600 597 802
		f 4 -675 710 -664 -549
		mu 0 4 896 585 878 884
		f 4 -565 711 712 -550
		mu 0 4 767 527 601 803
		f 4 713 714 -661 -552
		mu 0 4 863 602 576 852
		f 4 715 716 -714 -553
		mu 0 4 864 603 880 886
		f 4 -713 717 -709 -555
		mu 0 4 803 601 600 799
		f 4 -678 718 -716 -557
		mu 0 4 907 587 603 864
		f 4 -666 719 -679 -559
		mu 0 4 855 579 588 899
		f 4 720 721 722 723
		mu 0 4 604 605 606 607
		f 4 724 725 726 727
		mu 0 4 608 609 610 611
		f 4 728 729 730 731
		mu 0 4 612 613 614 615
		f 4 732 733 734 -729
		mu 0 4 612 616 617 613
		f 4 735 736 737 -726
		mu 0 4 609 618 619 610
		f 4 738 739 740 741
		mu 0 4 620 621 622 623
		f 4 -723 742 -739 743
		mu 0 4 607 606 621 620
		f 4 744 745 746 747
		mu 0 4 624 625 626 627
		f 4 -731 748 749 750
		mu 0 4 615 614 914 915
		f 4 751 752 753 754
		mu 0 4 629 630 631 632
		f 4 -754 755 756 757
		mu 0 4 632 631 633 634
		f 4 -757 758 759 760
		mu 0 4 634 633 635 622
		f 4 761 762 -741 -760
		mu 0 4 635 636 623 622
		f 4 -763 763 764 765
		mu 0 4 623 636 637 638
		f 4 -765 766 767 768
		mu 0 4 638 637 639 640
		f 4 -768 769 770 771
		mu 0 4 640 639 641 628
		f 4 -771 772 -752 -750
		mu 0 4 628 641 630 629
		f 4 773 774 775 776
		mu 0 4 642 643 644 645
		f 4 -776 777 778 779
		mu 0 4 645 644 646 616
		f 4 -779 780 781 -734
		mu 0 4 616 646 647 617
		f 4 -782 782 783 784
		mu 0 4 617 647 648 649
		f 4 -784 785 786 787
		mu 0 4 649 648 650 651
		f 4 -787 788 789 790
		mu 0 4 651 650 652 618
		f 4 -790 791 792 -737
		mu 0 4 618 652 653 619
		f 4 -793 793 -774 794
		mu 0 4 619 653 643 642
		f 3 795 796 797
		mu 0 3 654 655 656
		f 4 798 799 800 -721
		mu 0 4 604 657 658 605
		f 3 801 802 803
		mu 0 3 659 660 661
		f 4 804 805 806 -745
		mu 0 4 624 662 663 625
		f 4 807 808 809 810
		mu 0 4 664 665 666 667
		f 4 811 812 813 814
		mu 0 4 668 669 670 671
		f 4 815 816 -799 817
		mu 0 4 672 673 657 604
		f 3 818 819 -816
		mu 0 3 672 674 673
		f 3 820 821 822
		mu 0 3 674 654 671
		f 3 823 -815 -822
		mu 0 3 654 668 671
		f 3 -798 824 -824
		mu 0 3 654 656 668
		f 4 825 826 827 -807
		mu 0 4 663 675 676 625
		f 3 828 -827 829
		mu 0 3 677 676 675
		f 3 830 -829 831
		mu 0 3 666 676 677
		f 4 832 833 -796 834
		mu 0 4 676 665 655 654
		f 4 835 836 -805 837
		mu 0 4 678 679 662 624
		f 3 838 839 -836
		mu 0 3 678 680 679
		f 3 840 841 -839
		mu 0 3 678 667 680
		f 4 842 -811 -841 843
		mu 0 4 659 664 667 678
		f 3 -804 844 -843
		mu 0 3 659 661 664
		f 4 845 846 847 -801
		mu 0 4 658 681 682 605
		f 3 848 -847 849
		mu 0 3 683 682 681
		f 4 850 851 852 -849
		mu 0 4 683 670 659 682
		f 3 853 -852 -813
		mu 0 3 669 659 670
		f 3 -802 -854 854
		mu 0 3 660 659 669
		f 3 -833 -831 -809
		mu 0 3 665 676 666
		f 4 -561 855 -724 856
		mu 0 4 685 684 804 807
		f 4 -564 857 -722 858
		mu 0 4 687 686 806 805
		f 4 -567 859 -728 860
		mu 0 4 689 688 808 811
		f 4 -569 -861 -727 861
		mu 0 4 690 846 850 810
		f 4 -572 862 -725 -860
		mu 0 4 688 691 809 808
		f 4 -574 863 -732 864
		mu 0 4 693 692 812 815
		f 4 -577 865 -730 866
		mu 0 4 695 694 814 813
		f 4 -579 -867 -735 867
		mu 0 4 696 695 813 817
		f 4 -582 868 -733 -864
		mu 0 4 918 697 816 919
		f 4 -583 -862 -738 869
		mu 0 4 698 690 810 819
		f 4 -586 870 -736 -863
		mu 0 4 691 699 818 809
		f 4 -588 871 -742 872
		mu 0 4 701 700 820 823
		f 4 -591 873 -740 874
		mu 0 4 703 702 822 821
		f 4 -593 -857 -744 -872
		mu 0 4 700 685 807 820
		f 4 -594 -875 -743 -858
		mu 0 4 686 703 821 806
		f 4 -596 875 -748 876
		mu 0 4 705 704 824 827
		f 4 -598 -877 -747 877
		mu 0 4 706 847 851 826
		f 4 -600 -878 -746 878
		mu 0 4 707 706 826 825
		f 4 -602 -865 -751 879
		mu 0 4 708 693 815 829
		f 4 -605 880 -749 -866
		mu 0 4 694 709 828 814
		f 4 -606 -880 -755 881
		mu 0 4 710 708 829 830
		f 4 -609 882 -753 883
		mu 0 4 712 711 631 630
		f 4 -611 -882 -758 884
		mu 0 4 713 710 830 831
		f 4 -614 885 -756 -883
		mu 0 4 711 714 633 631
		f 4 -615 -885 -761 -874
		mu 0 4 702 713 831 822
		f 4 -617 886 -759 -886
		mu 0 4 714 715 635 633
		f 4 -619 887 -762 -887
		mu 0 4 715 716 636 635
		f 4 -620 -873 -766 888
		mu 0 4 717 701 823 832
		f 4 -623 889 -764 -888
		mu 0 4 716 718 637 636
		f 4 -624 -889 -769 890
		mu 0 4 719 717 832 833
		f 4 -627 891 -767 -890
		mu 0 4 718 720 639 637
		f 4 -628 -891 -772 -881
		mu 0 4 709 719 833 828
		f 4 -630 892 -770 -892
		mu 0 4 720 721 641 639
		f 4 -631 -884 -773 -893
		mu 0 4 721 712 630 641
		f 4 -633 893 -777 894
		mu 0 4 723 722 834 835
		f 4 -636 895 -775 896
		mu 0 4 725 724 644 643
		f 4 -638 -895 -780 -869
		mu 0 4 697 723 835 816
		f 4 -640 897 -778 -896
		mu 0 4 724 726 646 644
		f 4 -642 898 -781 -898
		mu 0 4 726 727 647 646
		f 4 -643 -868 -785 899
		mu 0 4 728 696 817 836
		f 4 -646 900 -783 -899
		mu 0 4 727 729 648 647
		f 4 -647 -900 -788 901
		mu 0 4 730 728 836 837
		f 4 -650 902 -786 -901
		mu 0 4 729 731 650 648
		f 4 -651 -902 -791 -871
		mu 0 4 699 730 837 818
		f 4 -653 903 -789 -903
		mu 0 4 731 732 652 650
		f 4 -655 904 -792 -904
		mu 0 4 732 733 653 652
		f 4 -656 -870 -795 -894
		mu 0 4 722 698 819 834
		f 4 -657 -897 -794 -905
		mu 0 4 733 725 643 653
		f 4 -659 905 -797 906
		mu 0 4 735 734 901 900
		f 4 -662 907 -800 908
		mu 0 4 737 736 866 865
		f 4 -665 909 -803 910
		mu 0 4 739 738 868 867
		f 4 -668 911 -806 912
		mu 0 4 741 740 870 869
		f 4 -671 913 -810 914
		mu 0 4 743 742 893 892
		f 4 -674 915 -808 916
		mu 0 4 745 744 903 902
		f 4 -677 917 -814 918
		mu 0 4 747 746 910 909
		f 4 -680 919 -812 920
		mu 0 4 749 748 905 904
		f 4 -683 921 -818 -856
		mu 0 4 684 750 840 804
		f 4 -684 -909 -817 922
		mu 0 4 751 737 865 871
		f 4 -686 -923 -820 923
		mu 0 4 752 751 871 911
		f 4 -688 -924 -823 -918
		mu 0 4 746 752 911 910
		f 4 -691 924 925 -922
		mu 0 4 750 753 838 840
		f 4 -692 -921 -825 -906
		mu 0 4 734 749 904 901
		f 4 -693 -879 -828 926
		mu 0 4 754 707 825 841
		f 4 -696 927 -826 -912
		mu 0 4 740 755 872 870
		f 4 -698 928 -830 -928
		mu 0 4 755 756 873 872
		f 4 -699 -915 -832 -929
		mu 0 4 756 743 892 873
		f 4 -700 -927 -835 -925
		mu 0 4 753 754 841 838
		f 4 -701 -907 -834 -916
		mu 0 4 744 735 900 903
		f 4 -703 929 -838 -876
		mu 0 4 704 757 842 824
		f 4 -704 -913 -837 930
		mu 0 4 758 882 888 874
		f 4 -706 -931 -840 931
		mu 0 4 759 758 874 875
		f 4 -708 -932 -842 -914
		mu 0 4 742 759 875 893
		f 4 -710 932 -844 -930
		mu 0 4 757 760 839 842
		f 4 -711 -917 -845 -910
		mu 0 4 881 745 902 887
		f 4 -712 -859 -848 933
		mu 0 4 761 687 805 843
		f 4 -715 934 -846 -908
		mu 0 4 736 762 876 866
		f 4 -717 935 -850 -935
		mu 0 4 883 763 877 889
		f 4 -718 -934 -853 -933
		mu 0 4 760 761 843 839
		f 4 -719 -919 -851 -936
		mu 0 4 763 747 909 877
		f 4 -720 -911 -855 -920
		mu 0 4 748 739 867 905
		f 3 -689 -527 -525
		mu 0 3 514 509 494
		f 3 -819 -926 -821
		mu 0 3 674 672 654
		f 4 936 937 938 939
		mu 0 4 920 921 922 923
		f 4 940 941 942 943
		mu 0 4 924 925 926 927
		f 4 944 945 946 947
		mu 0 4 928 929 930 931
		f 4 -948 948 949 950
		mu 0 4 928 931 932 933
		f 4 -943 951 952 953
		mu 0 4 927 926 934 935
		f 4 954 955 956 957
		mu 0 4 936 937 938 939
		f 4 958 -958 959 -938
		mu 0 4 921 936 939 922
		f 4 960 961 962 -946
		mu 0 4 929 940 941 930
		f 4 963 964 965 966
		mu 0 4 940 942 943 944
		f 4 967 968 969 -965
		mu 0 4 942 945 946 943
		f 4 970 971 972 -969
		mu 0 4 945 938 947 946
		f 4 -972 -956 973 974
		mu 0 4 947 938 937 948
		f 4 975 976 977 -974
		mu 0 4 937 949 950 948
		f 4 978 979 980 -977
		mu 0 4 949 951 952 950
		f 4 981 982 983 -980
		mu 0 4 951 941 953 952
		f 4 -962 -967 984 -983
		mu 0 4 941 940 944 953
		f 4 985 986 987 988
		mu 0 4 954 955 956 957
		f 4 989 990 991 -987
		mu 0 4 955 933 958 956
		f 4 -950 992 993 -991
		mu 0 4 933 932 959 958
		f 4 994 995 996 -993
		mu 0 4 932 960 961 959
		f 4 997 998 999 -996
		mu 0 4 960 962 963 961
		f 4 1000 1001 1002 -999
		mu 0 4 962 935 964 963
		f 4 -953 1003 1004 -1002
		mu 0 4 935 934 965 964
		f 4 1005 -989 1006 -1004
		mu 0 4 934 954 957 965;
	setAttr ".fc[500:999]"
		f 4 1007 1008 1009 -937
		mu 0 4 1104 966 967 1105
		f 4 1010 1011 1012 -939
		mu 0 4 1106 968 969 1107
		f 4 -1013 1013 -1008 -940
		mu 0 4 1168 1164 966 1104
		f 4 1014 1015 1016 -941
		mu 0 4 1108 970 971 1109
		f 4 -1017 1017 1018 -942
		mu 0 4 1109 971 972 1110
		f 4 1019 1020 -1015 -944
		mu 0 4 1111 973 1165 1169
		f 4 1021 1022 1023 -945
		mu 0 4 1112 974 975 1113
		f 4 1024 1025 1026 -947
		mu 0 4 1114 976 977 1115
		f 4 -1027 1027 1028 -949
		mu 0 4 1115 977 978 1116
		f 4 1029 1030 -1022 -951
		mu 0 4 1117 979 974 1112
		f 4 -1019 1031 1032 -952
		mu 0 4 1110 972 980 1118
		f 4 1033 1034 -1020 -954
		mu 0 4 1119 981 973 1111
		f 4 1035 1036 1037 -955
		mu 0 4 1120 982 983 1121
		f 4 1038 1039 1040 -957
		mu 0 4 1122 984 985 1123
		f 4 -1010 1041 -1036 -959
		mu 0 4 1105 967 982 1120
		f 4 -1041 1042 -1011 -960
		mu 0 4 1123 985 968 1106
		f 4 -1024 1043 1044 -961
		mu 0 4 1113 975 986 1124
		f 4 1045 1046 -1025 -963
		mu 0 4 1125 987 976 1114
		f 4 -1045 1047 1048 -964
		mu 0 4 1124 986 988 1126
		f 4 1049 1050 1051 -966
		mu 0 4 1172 989 990 1173
		f 4 -1049 1052 1053 -968
		mu 0 4 1126 988 991 1127
		f 4 1054 1055 -1050 -970
		mu 0 4 1174 992 1208 1210
		f 4 -1054 1056 -1039 -971
		mu 0 4 1127 991 984 1122
		f 4 1057 1058 -1055 -973
		mu 0 4 1175 993 992 1174
		f 4 1059 1060 -1058 -975
		mu 0 4 1176 994 993 1175
		f 4 -1038 1061 1062 -976
		mu 0 4 1121 983 995 1128
		f 4 1063 1064 -1060 -978
		mu 0 4 1177 996 994 1176
		f 4 -1063 1065 1066 -979
		mu 0 4 1128 995 997 1129
		f 4 1067 1068 -1064 -981
		mu 0 4 1178 998 996 1177
		f 4 -1067 1069 -1046 -982
		mu 0 4 1129 997 987 1125
		f 4 1070 1071 -1068 -984
		mu 0 4 1179 999 998 1178
		f 4 -1052 1072 -1071 -985
		mu 0 4 1173 990 999 1179
		f 4 1073 1074 1075 -986
		mu 0 4 1130 1000 1001 1131
		f 4 1076 1077 1078 -988
		mu 0 4 1188 1002 1003 1189
		f 4 -1076 1079 -1030 -990
		mu 0 4 1131 1001 979 1117
		f 4 1080 1081 -1077 -992
		mu 0 4 1190 1004 1002 1188
		f 4 1082 1083 -1081 -994
		mu 0 4 1191 1005 1004 1190
		f 4 -1029 1084 1085 -995
		mu 0 4 1116 978 1006 1132
		f 4 1086 1087 -1083 -997
		mu 0 4 1192 1007 1005 1191
		f 4 -1086 1088 1089 -998
		mu 0 4 1132 1006 1008 1133
		f 4 1090 1091 -1087 -1000
		mu 0 4 1193 1009 1007 1192
		f 4 -1090 1092 -1034 -1001
		mu 0 4 1133 1008 981 1119
		f 4 1093 1094 -1091 -1003
		mu 0 4 1194 1010 1009 1193
		f 4 1095 1096 -1094 -1005
		mu 0 4 1195 1011 1010 1194
		f 4 -1033 1097 -1074 -1006
		mu 0 4 1118 980 1000 1130
		f 4 -1079 1098 -1096 -1007
		mu 0 4 1206 1204 1011 1195
		f 4 1099 1100 1101 1102
		mu 0 4 1012 1013 1014 1015
		f 4 1103 1104 1105 1106
		mu 0 4 1016 1017 1018 1019
		f 4 1107 1108 1109 1110
		mu 0 4 1020 1021 1022 1023
		f 4 1111 1112 1113 -1108
		mu 0 4 1020 1024 1025 1021
		f 4 1114 1115 1116 -1105
		mu 0 4 1017 1026 1027 1018
		f 4 1117 1118 1119 1120
		mu 0 4 1028 1029 1030 1031
		f 4 -1102 1121 -1118 1122
		mu 0 4 1015 1014 1029 1028
		f 4 -1110 1123 1124 1125
		mu 0 4 1023 1022 1032 1033
		f 4 1126 1127 1128 1129
		mu 0 4 1033 1034 1035 1036
		f 4 -1129 1130 1131 1132
		mu 0 4 1036 1035 1037 1038
		f 4 -1132 1133 1134 1135
		mu 0 4 1038 1037 1039 1030
		f 4 1136 1137 -1120 -1135
		mu 0 4 1039 1040 1031 1030
		f 4 -1138 1138 1139 1140
		mu 0 4 1031 1040 1041 1042
		f 4 -1140 1141 1142 1143
		mu 0 4 1042 1041 1043 1044
		f 4 -1143 1144 1145 1146
		mu 0 4 1044 1043 1045 1032
		f 4 -1146 1147 -1127 -1125
		mu 0 4 1032 1045 1034 1033
		f 4 1148 1149 1150 1151
		mu 0 4 1046 1047 1048 1049
		f 4 -1151 1152 1153 1154
		mu 0 4 1049 1048 1050 1024
		f 4 -1154 1155 1156 -1113
		mu 0 4 1024 1050 1051 1025
		f 4 -1157 1157 1158 1159
		mu 0 4 1025 1051 1052 1053
		f 4 -1159 1160 1161 1162
		mu 0 4 1053 1052 1054 1055
		f 4 -1162 1163 1164 1165
		mu 0 4 1055 1054 1056 1026
		f 4 -1165 1166 1167 -1116
		mu 0 4 1026 1056 1057 1027
		f 4 -1168 1168 -1149 1169
		mu 0 4 1027 1057 1047 1046
		f 4 -1009 1170 -1103 1171
		mu 0 4 1059 1058 1134 1137
		f 4 -1012 1172 -1101 1173
		mu 0 4 1061 1060 1136 1135
		f 4 -1014 -1174 -1100 -1171
		mu 0 4 1058 1166 1170 1134
		f 4 -1016 1174 -1107 1175
		mu 0 4 1063 1062 1138 1141
		f 4 -1018 -1176 -1106 1176
		mu 0 4 1064 1063 1141 1140
		f 4 -1021 1177 -1104 -1175
		mu 0 4 1167 1065 1139 1171
		f 4 -1023 1178 -1111 1179
		mu 0 4 1067 1066 1142 1145
		f 4 -1026 1180 -1109 1181
		mu 0 4 1069 1068 1144 1143
		f 4 -1028 -1182 -1114 1182
		mu 0 4 1070 1069 1143 1147
		f 4 -1031 1183 -1112 -1179
		mu 0 4 1066 1071 1146 1142
		f 4 -1032 -1177 -1117 1184
		mu 0 4 1072 1064 1140 1149
		f 4 -1035 1185 -1115 -1178
		mu 0 4 1065 1073 1148 1139
		f 4 -1037 1186 -1121 1187
		mu 0 4 1075 1074 1150 1153
		f 4 -1040 1188 -1119 1189
		mu 0 4 1077 1076 1152 1151
		f 4 -1042 -1172 -1123 -1187
		mu 0 4 1074 1059 1137 1150
		f 4 -1043 -1190 -1122 -1173
		mu 0 4 1060 1077 1151 1136
		f 4 -1044 -1180 -1126 1190
		mu 0 4 1078 1067 1145 1155
		f 4 -1047 1191 -1124 -1181
		mu 0 4 1068 1079 1154 1144
		f 4 -1048 -1191 -1130 1192
		mu 0 4 1080 1078 1155 1156
		f 4 -1051 1193 -1128 1194
		mu 0 4 1082 1081 1181 1180
		f 4 -1053 -1193 -1133 1195
		mu 0 4 1083 1080 1156 1157
		f 4 -1056 1196 -1131 -1194
		mu 0 4 1209 1084 1182 1211
		f 4 -1057 -1196 -1136 -1189
		mu 0 4 1076 1083 1157 1152
		f 4 -1059 1197 -1134 -1197
		mu 0 4 1084 1085 1183 1182
		f 4 -1061 1198 -1137 -1198
		mu 0 4 1085 1086 1184 1183
		f 4 -1062 -1188 -1141 1199
		mu 0 4 1087 1075 1153 1158
		f 4 -1065 1200 -1139 -1199
		mu 0 4 1086 1088 1185 1184
		f 4 -1066 -1200 -1144 1201
		mu 0 4 1089 1087 1158 1159
		f 4 -1069 1202 -1142 -1201
		mu 0 4 1088 1090 1186 1185
		f 4 -1070 -1202 -1147 -1192
		mu 0 4 1079 1089 1159 1154
		f 4 -1072 1203 -1145 -1203
		mu 0 4 1090 1091 1187 1186
		f 4 -1073 -1195 -1148 -1204
		mu 0 4 1091 1082 1180 1187
		f 4 -1075 1204 -1152 1205
		mu 0 4 1093 1092 1160 1161
		f 4 -1078 1206 -1150 1207
		mu 0 4 1095 1094 1197 1196
		f 4 -1080 -1206 -1155 -1184
		mu 0 4 1071 1093 1161 1146
		f 4 -1082 1208 -1153 -1207
		mu 0 4 1094 1096 1198 1197
		f 4 -1084 1209 -1156 -1209
		mu 0 4 1096 1097 1199 1198
		f 4 -1085 -1183 -1160 1210
		mu 0 4 1098 1070 1147 1162
		f 4 -1088 1211 -1158 -1210
		mu 0 4 1097 1099 1200 1199
		f 4 -1089 -1211 -1163 1212
		mu 0 4 1100 1098 1162 1163
		f 4 -1092 1213 -1161 -1212
		mu 0 4 1099 1101 1201 1200
		f 4 -1093 -1213 -1166 -1186
		mu 0 4 1073 1100 1163 1148
		f 4 -1095 1214 -1164 -1214
		mu 0 4 1101 1102 1202 1201
		f 4 -1097 1215 -1167 -1215
		mu 0 4 1102 1103 1203 1202
		f 4 -1098 -1185 -1170 -1205
		mu 0 4 1092 1072 1149 1160
		f 4 -1099 -1208 -1169 -1216
		mu 0 4 1103 1205 1207 1203
		f 4 1216 1217 1218 1219
		mu 0 4 1212 1213 1214 1215
		f 4 1220 1221 1222 1223
		mu 0 4 1216 1217 1218 1219
		f 4 1224 1225 1226 1227
		mu 0 4 1220 1221 1222 1223
		f 4 -1228 1228 1229 1230
		mu 0 4 1220 1223 1224 1225
		f 4 -1223 1231 1232 1233
		mu 0 4 1219 1218 1226 1227
		f 4 1234 1235 1236 1237
		mu 0 4 1228 1229 1230 1231
		f 4 1238 -1238 1239 -1218
		mu 0 4 1213 1228 1231 1214
		f 4 1240 1241 1242 1243
		mu 0 4 1232 1233 1234 1235
		f 4 1244 1245 1246 -1226
		mu 0 4 1221 1680 1681 1222
		f 4 1247 1248 1249 1250
		mu 0 4 1236 1238 1239 1240
		f 4 1251 1252 1253 -1249
		mu 0 4 1238 1241 1242 1239
		f 4 1254 1255 1256 -1253
		mu 0 4 1241 1230 1243 1242
		f 4 -1256 -1236 1257 1258
		mu 0 4 1243 1230 1229 1244
		f 4 1259 1260 1261 -1258
		mu 0 4 1229 1245 1246 1244
		f 4 1262 1263 1264 -1261
		mu 0 4 1245 1247 1248 1246
		f 4 1265 1266 1267 -1264
		mu 0 4 1247 1237 1249 1248
		f 4 -1246 -1251 1268 -1267
		mu 0 4 1237 1236 1240 1249
		f 4 1269 1270 1271 1272
		mu 0 4 1250 1251 1252 1253
		f 4 1273 1274 1275 -1271
		mu 0 4 1251 1225 1254 1252
		f 4 -1230 1276 1277 -1275
		mu 0 4 1225 1224 1255 1254
		f 4 1278 1279 1280 -1277
		mu 0 4 1224 1256 1257 1255
		f 4 1281 1282 1283 -1280
		mu 0 4 1256 1258 1259 1257
		f 4 1284 1285 1286 -1283
		mu 0 4 1258 1227 1260 1259
		f 4 -1233 1287 1288 -1286
		mu 0 4 1227 1226 1261 1260
		f 4 1289 -1273 1290 -1288
		mu 0 4 1226 1250 1253 1261
		f 3 1291 1292 1293
		mu 0 3 1262 1263 1264
		f 4 -1220 1294 1295 1296
		mu 0 4 1212 1215 1265 1266
		f 3 1297 1298 1299
		mu 0 3 1267 1268 1269
		f 4 -1244 1300 1301 1302
		mu 0 4 1232 1235 1270 1271
		f 4 1303 1304 1305 1306
		mu 0 4 1272 1273 1274 1275
		f 4 1307 1308 1309 1310
		mu 0 4 1276 1277 1278 1279
		f 4 1311 -1297 1312 1313
		mu 0 4 1280 1212 1266 1281
		f 3 -1314 1314 1315
		mu 0 3 1280 1281 1282
		f 3 1316 1317 -1316
		mu 0 3 1282 1262 1280
		f 3 1318 -1308 1319
		mu 0 3 1262 1277 1276
		f 3 -1320 1320 -1292
		mu 0 3 1262 1276 1263
		f 4 -1301 1321 1322 1323
		mu 0 4 1270 1235 1283 1284
		f 3 1324 -1323 1325
		mu 0 3 1285 1284 1283
		f 3 1326 -1326 1327
		mu 0 3 1274 1285 1283
		f 4 1328 -1294 1329 1330
		mu 0 4 1283 1262 1264 1275
		f 4 1331 -1303 1332 1333
		mu 0 4 1286 1232 1271 1287
		f 3 -1334 1334 1335
		mu 0 3 1286 1287 1288
		f 3 -1336 1336 1337
		mu 0 3 1286 1288 1273
		f 4 1338 -1338 -1304 1339
		mu 0 4 1267 1286 1273 1272
		f 3 -1340 1340 -1298
		mu 0 3 1267 1272 1268
		f 4 -1295 1341 1342 1343
		mu 0 4 1265 1215 1289 1290
		f 3 1344 -1343 1345
		mu 0 3 1291 1290 1289
		f 4 -1346 1346 1347 1348
		mu 0 4 1291 1289 1267 1278
		f 3 -1310 -1348 1349
		mu 0 3 1279 1278 1267
		f 3 1350 -1350 -1300
		mu 0 3 1269 1279 1267
		f 3 -1306 -1328 -1331
		mu 0 3 1275 1274 1283
		f 4 1351 1352 1353 -1217
		mu 0 4 1532 1292 1293 1533
		f 4 1354 1355 1356 -1219
		mu 0 4 1534 1294 1295 1535
		f 4 1357 1358 1359 -1221
		mu 0 4 1536 1296 1297 1537
		f 4 -1360 1360 1361 -1222
		mu 0 4 1537 1297 1298 1538
		f 4 1362 1363 -1358 -1224
		mu 0 4 1539 1299 1612 1616
		f 4 1364 1365 1366 -1225
		mu 0 4 1540 1300 1301 1541
		f 4 1367 1368 1369 -1227
		mu 0 4 1542 1302 1303 1543
		f 4 -1370 1370 1371 -1229
		mu 0 4 1543 1303 1304 1544
		f 4 1372 1373 -1365 -1231
		mu 0 4 1545 1305 1684 1685
		f 4 -1362 1374 1375 -1232
		mu 0 4 1538 1298 1306 1546
		f 4 1376 1377 -1363 -1234
		mu 0 4 1547 1307 1299 1539
		f 4 1378 1379 1380 -1235
		mu 0 4 1548 1308 1309 1549
		f 4 1381 1382 1383 -1237
		mu 0 4 1550 1310 1311 1551
		f 4 -1354 1384 -1379 -1239
		mu 0 4 1533 1293 1308 1548
		f 4 -1384 1385 -1355 -1240
		mu 0 4 1551 1311 1294 1534
		f 4 1386 1387 1388 -1241
		mu 0 4 1552 1312 1313 1553
		f 4 -1389 1389 1390 -1242
		mu 0 4 1553 1313 1314 1554
		f 4 -1391 1391 1392 -1243
		mu 0 4 1617 1613 1315 1555
		f 4 -1367 1393 1394 -1245
		mu 0 4 1541 1301 1316 1556
		f 4 1395 1396 -1368 -1247
		mu 0 4 1557 1317 1302 1542
		f 4 -1395 1397 1398 -1248
		mu 0 4 1556 1316 1318 1558
		f 4 1399 1400 1401 -1250
		mu 0 4 1239 1319 1320 1240
		f 4 -1399 1402 1403 -1252
		mu 0 4 1558 1318 1321 1559
		f 4 1404 1405 -1400 -1254
		mu 0 4 1242 1322 1319 1239
		f 4 -1404 1406 -1382 -1255
		mu 0 4 1559 1321 1310 1550
		f 4 1407 1408 -1405 -1257
		mu 0 4 1243 1323 1322 1242
		f 4 1409 1410 -1408 -1259
		mu 0 4 1244 1324 1323 1243
		f 4 -1381 1411 1412 -1260
		mu 0 4 1549 1309 1325 1560
		f 4 1413 1414 -1410 -1262
		mu 0 4 1246 1326 1324 1244
		f 4 -1413 1415 1416 -1263
		mu 0 4 1560 1325 1327 1561
		f 4 1417 1418 -1414 -1265
		mu 0 4 1248 1328 1326 1246
		f 4 -1417 1419 -1396 -1266
		mu 0 4 1561 1327 1317 1557
		f 4 1420 1421 -1418 -1268
		mu 0 4 1249 1329 1328 1248
		f 4 -1402 1422 -1421 -1269
		mu 0 4 1240 1320 1329 1249
		f 4 1423 1424 1425 -1270
		mu 0 4 1562 1330 1331 1563
		f 4 1426 1427 1428 -1272
		mu 0 4 1252 1332 1333 1253
		f 4 -1426 1429 -1373 -1274
		mu 0 4 1563 1331 1305 1545
		f 4 1430 1431 -1427 -1276
		mu 0 4 1254 1334 1332 1252
		f 4 1432 1433 -1431 -1278
		mu 0 4 1255 1335 1334 1254
		f 4 -1372 1434 1435 -1279
		mu 0 4 1544 1304 1336 1564
		f 4 1436 1437 -1433 -1281
		mu 0 4 1257 1337 1335 1255
		f 4 -1436 1438 1439 -1282
		mu 0 4 1564 1336 1338 1565
		f 4 1440 1441 -1437 -1284
		mu 0 4 1259 1339 1337 1257
		f 4 -1440 1442 -1377 -1285
		mu 0 4 1565 1338 1307 1547
		f 4 1443 1444 -1441 -1287
		mu 0 4 1260 1340 1339 1259
		f 4 1445 1446 -1444 -1289
		mu 0 4 1261 1341 1340 1260
		f 4 -1376 1447 -1424 -1290
		mu 0 4 1546 1306 1330 1562
		f 4 -1429 1448 -1446 -1291
		mu 0 4 1253 1333 1341 1261
		f 4 1449 1450 1451 -1293
		mu 0 4 1662 1342 1343 1663
		f 4 1452 1453 1454 -1296
		mu 0 4 1620 1344 1345 1621
		f 4 1455 1456 1457 -1299
		mu 0 4 1622 1346 1347 1623
		f 4 1458 1459 1460 -1302
		mu 0 4 1624 1348 1349 1625
		f 4 1461 1462 1463 -1305
		mu 0 4 1658 1350 1351 1659
		f 4 1464 1465 1466 -1307
		mu 0 4 1665 1352 1353 1664
		f 4 1467 1468 1469 -1309
		mu 0 4 1674 1354 1355 1675
		f 4 1470 1471 1472 -1311
		mu 0 4 1667 1356 1357 1666
		f 4 1473 1474 -1352 -1312
		mu 0 4 1568 1358 1292 1532
		f 4 -1455 1475 1476 -1313
		mu 0 4 1621 1345 1359 1626
		f 4 -1477 1477 1478 -1315
		mu 0 4 1626 1359 1360 1676
		f 4 -1479 1479 -1468 1480
		mu 0 4 1676 1360 1354 1674
		f 4 1481 1482 -1474 -1318
		mu 0 4 1566 1361 1358 1568
		f 4 -1473 1483 -1450 -1321
		mu 0 4 1666 1357 1342 1662
		f 4 -1393 1484 1485 -1322
		mu 0 4 1555 1315 1362 1569
		f 4 1486 1487 -1459 -1324
		mu 0 4 1627 1363 1348 1624
		f 4 1488 1489 -1487 -1325
		mu 0 4 1628 1364 1363 1627
		f 4 -1464 1490 -1489 -1327
		mu 0 4 1659 1351 1364 1628
		f 4 -1486 1491 -1482 -1329
		mu 0 4 1569 1362 1361 1566
		f 4 -1452 1492 -1465 -1330
		mu 0 4 1663 1343 1352 1665
		f 4 1493 1494 -1387 -1332
		mu 0 4 1570 1365 1312 1552
		f 4 -1461 1495 1496 -1333
		mu 0 4 1653 1647 1366 1629
		f 4 -1497 1497 1498 -1335
		mu 0 4 1629 1366 1367 1630
		f 4 -1499 1499 -1462 -1337
		mu 0 4 1630 1367 1350 1658
		f 4 1500 1501 -1494 -1339
		mu 0 4 1567 1368 1365 1570
		f 4 -1467 1502 -1456 -1341
		mu 0 4 1664 1353 1646 1652
		f 4 -1357 1503 1504 -1342
		mu 0 4 1535 1295 1369 1571
		f 4 1505 1506 -1453 -1344
		mu 0 4 1631 1370 1344 1620
		f 4 1507 1508 -1506 -1345
		mu 0 4 1632 1371 1648 1654
		f 4 -1505 1509 -1501 -1347
		mu 0 4 1571 1369 1368 1567
		f 4 -1470 1510 -1508 -1349
		mu 0 4 1675 1355 1371 1632
		f 4 -1458 1511 -1471 -1351
		mu 0 4 1623 1347 1356 1667
		f 4 1512 1513 1514 1515
		mu 0 4 1372 1373 1374 1375
		f 4 1516 1517 1518 1519
		mu 0 4 1376 1377 1378 1379
		f 4 1520 1521 1522 1523
		mu 0 4 1380 1381 1382 1383
		f 4 1524 1525 1526 -1521
		mu 0 4 1380 1384 1385 1381
		f 4 1527 1528 1529 -1518
		mu 0 4 1377 1386 1387 1378
		f 4 1530 1531 1532 1533
		mu 0 4 1388 1389 1390 1391
		f 4 -1515 1534 -1531 1535
		mu 0 4 1375 1374 1389 1388
		f 4 1536 1537 1538 1539
		mu 0 4 1392 1393 1394 1395
		f 4 -1523 1540 1541 1542
		mu 0 4 1383 1382 1682 1683
		f 4 1543 1544 1545 1546
		mu 0 4 1397 1398 1399 1400
		f 4 -1546 1547 1548 1549
		mu 0 4 1400 1399 1401 1402
		f 4 -1549 1550 1551 1552
		mu 0 4 1402 1401 1403 1390
		f 4 1553 1554 -1533 -1552
		mu 0 4 1403 1404 1391 1390
		f 4 -1555 1555 1556 1557
		mu 0 4 1391 1404 1405 1406
		f 4 -1557 1558 1559 1560
		mu 0 4 1406 1405 1407 1408
		f 4 -1560 1561 1562 1563
		mu 0 4 1408 1407 1409 1396
		f 4 -1563 1564 -1544 -1542
		mu 0 4 1396 1409 1398 1397
		f 4 1565 1566 1567 1568
		mu 0 4 1410 1411 1412 1413
		f 4 -1568 1569 1570 1571
		mu 0 4 1413 1412 1414 1384
		f 4 -1571 1572 1573 -1526
		mu 0 4 1384 1414 1415 1385
		f 4 -1574 1574 1575 1576
		mu 0 4 1385 1415 1416 1417
		f 4 -1576 1577 1578 1579
		mu 0 4 1417 1416 1418 1419
		f 4 -1579 1580 1581 1582
		mu 0 4 1419 1418 1420 1386
		f 4 -1582 1583 1584 -1529
		mu 0 4 1386 1420 1421 1387
		f 4 -1585 1585 -1566 1586
		mu 0 4 1387 1421 1411 1410
		f 3 1587 1588 1589
		mu 0 3 1422 1423 1424
		f 4 1590 1591 1592 -1513
		mu 0 4 1372 1425 1426 1373
		f 3 1593 1594 1595
		mu 0 3 1427 1428 1429
		f 4 1596 1597 1598 -1537
		mu 0 4 1392 1430 1431 1393
		f 4 1599 1600 1601 1602
		mu 0 4 1432 1433 1434 1435
		f 4 1603 1604 1605 1606
		mu 0 4 1436 1437 1438 1439
		f 4 1607 1608 -1591 1609
		mu 0 4 1440 1441 1425 1372
		f 3 1610 1611 -1608
		mu 0 3 1440 1442 1441
		f 3 1612 1613 1614
		mu 0 3 1442 1422 1439
		f 3 1615 -1607 -1614
		mu 0 3 1422 1436 1439
		f 3 -1590 1616 -1616
		mu 0 3 1422 1424 1436
		f 4 1617 1618 1619 -1599
		mu 0 4 1431 1443 1444 1393
		f 3 1620 -1619 1621
		mu 0 3 1445 1444 1443
		f 3 1622 -1621 1623
		mu 0 3 1434 1444 1445
		f 4 1624 1625 -1588 1626
		mu 0 4 1444 1433 1423 1422
		f 4 1627 1628 -1597 1629
		mu 0 4 1446 1447 1430 1392
		f 3 1630 1631 -1628
		mu 0 3 1446 1448 1447
		f 3 1632 1633 -1631
		mu 0 3 1446 1435 1448
		f 4 1634 -1603 -1633 1635
		mu 0 4 1427 1432 1435 1446
		f 3 -1596 1636 -1635
		mu 0 3 1427 1429 1432
		f 4 1637 1638 1639 -1593
		mu 0 4 1426 1449 1450 1373
		f 3 1640 -1639 1641
		mu 0 3 1451 1450 1449
		f 4 1642 1643 1644 -1641
		mu 0 4 1451 1438 1427 1450
		f 3 1645 -1644 -1605
		mu 0 3 1437 1427 1438
		f 3 -1594 -1646 1646
		mu 0 3 1428 1427 1437
		f 3 -1625 -1623 -1601
		mu 0 3 1433 1444 1434
		f 4 -1353 1647 -1516 1648
		mu 0 4 1453 1452 1572 1575
		f 4 -1356 1649 -1514 1650
		mu 0 4 1455 1454 1574 1573
		f 4 -1359 1651 -1520 1652
		mu 0 4 1457 1456 1576 1579
		f 4 -1361 -1653 -1519 1653
		mu 0 4 1458 1614 1618 1578
		f 4 -1364 1654 -1517 -1652
		mu 0 4 1456 1459 1577 1576
		f 4 -1366 1655 -1524 1656
		mu 0 4 1461 1460 1580 1583
		f 4 -1369 1657 -1522 1658
		mu 0 4 1463 1462 1582 1581
		f 4 -1371 -1659 -1527 1659
		mu 0 4 1464 1463 1581 1585
		f 4 -1374 1660 -1525 -1656
		mu 0 4 1686 1465 1584 1687
		f 4 -1375 -1654 -1530 1661
		mu 0 4 1466 1458 1578 1587
		f 4 -1378 1662 -1528 -1655
		mu 0 4 1459 1467 1586 1577
		f 4 -1380 1663 -1534 1664
		mu 0 4 1469 1468 1588 1591
		f 4 -1383 1665 -1532 1666
		mu 0 4 1471 1470 1590 1589
		f 4 -1385 -1649 -1536 -1664
		mu 0 4 1468 1453 1575 1588
		f 4 -1386 -1667 -1535 -1650
		mu 0 4 1454 1471 1589 1574
		f 4 -1388 1667 -1540 1668
		mu 0 4 1473 1472 1592 1595
		f 4 -1390 -1669 -1539 1669
		mu 0 4 1474 1615 1619 1594
		f 4 -1392 -1670 -1538 1670
		mu 0 4 1475 1474 1594 1593
		f 4 -1394 -1657 -1543 1671
		mu 0 4 1476 1461 1583 1597
		f 4 -1397 1672 -1541 -1658
		mu 0 4 1462 1477 1596 1582
		f 4 -1398 -1672 -1547 1673
		mu 0 4 1478 1476 1597 1598
		f 4 -1401 1674 -1545 1675
		mu 0 4 1480 1479 1399 1398
		f 4 -1403 -1674 -1550 1676
		mu 0 4 1481 1478 1598 1599
		f 4 -1406 1677 -1548 -1675
		mu 0 4 1479 1482 1401 1399
		f 4 -1407 -1677 -1553 -1666
		mu 0 4 1470 1481 1599 1590
		f 4 -1409 1678 -1551 -1678
		mu 0 4 1482 1483 1403 1401
		f 4 -1411 1679 -1554 -1679
		mu 0 4 1483 1484 1404 1403
		f 4 -1412 -1665 -1558 1680
		mu 0 4 1485 1469 1591 1600
		f 4 -1415 1681 -1556 -1680
		mu 0 4 1484 1486 1405 1404
		f 4 -1416 -1681 -1561 1682
		mu 0 4 1487 1485 1600 1601
		f 4 -1419 1683 -1559 -1682
		mu 0 4 1486 1488 1407 1405
		f 4 -1420 -1683 -1564 -1673
		mu 0 4 1477 1487 1601 1596
		f 4 -1422 1684 -1562 -1684
		mu 0 4 1488 1489 1409 1407
		f 4 -1423 -1676 -1565 -1685
		mu 0 4 1489 1480 1398 1409
		f 4 -1425 1685 -1569 1686
		mu 0 4 1491 1490 1602 1603
		f 4 -1428 1687 -1567 1688
		mu 0 4 1493 1492 1412 1411
		f 4 -1430 -1687 -1572 -1661
		mu 0 4 1465 1491 1603 1584
		f 4 -1432 1689 -1570 -1688
		mu 0 4 1492 1494 1414 1412
		f 4 -1434 1690 -1573 -1690
		mu 0 4 1494 1495 1415 1414
		f 4 -1435 -1660 -1577 1691
		mu 0 4 1496 1464 1585 1604
		f 4 -1438 1692 -1575 -1691
		mu 0 4 1495 1497 1416 1415
		f 4 -1439 -1692 -1580 1693
		mu 0 4 1498 1496 1604 1605
		f 4 -1442 1694 -1578 -1693
		mu 0 4 1497 1499 1418 1416
		f 4 -1443 -1694 -1583 -1663
		mu 0 4 1467 1498 1605 1586
		f 4 -1445 1695 -1581 -1695
		mu 0 4 1499 1500 1420 1418
		f 4 -1447 1696 -1584 -1696
		mu 0 4 1500 1501 1421 1420
		f 4 -1448 -1662 -1587 -1686
		mu 0 4 1490 1466 1587 1602
		f 4 -1449 -1689 -1586 -1697
		mu 0 4 1501 1493 1411 1421
		f 4 -1451 1697 -1589 1698
		mu 0 4 1503 1502 1669 1668
		f 4 -1454 1699 -1592 1700
		mu 0 4 1505 1504 1634 1633
		f 4 -1457 1701 -1595 1702
		mu 0 4 1507 1506 1636 1635
		f 4 -1460 1703 -1598 1704
		mu 0 4 1509 1508 1638 1637
		f 4 -1463 1705 -1602 1706
		mu 0 4 1511 1510 1661 1660
		f 4 -1466 1707 -1600 1708
		mu 0 4 1513 1512 1671 1670
		f 4 -1469 1709 -1606 1710
		mu 0 4 1515 1514 1678 1677
		f 4 -1472 1711 -1604 1712
		mu 0 4 1517 1516 1673 1672
		f 4 -1475 1713 -1610 -1648
		mu 0 4 1452 1518 1608 1572
		f 4 -1476 -1701 -1609 1714
		mu 0 4 1519 1505 1633 1639
		f 4 -1478 -1715 -1612 1715
		mu 0 4 1520 1519 1639 1679
		f 4 -1480 -1716 -1615 -1710
		mu 0 4 1514 1520 1679 1678
		f 4 -1483 1716 1717 -1714
		mu 0 4 1518 1521 1606 1608
		f 4 -1484 -1713 -1617 -1698
		mu 0 4 1502 1517 1672 1669
		f 4 -1485 -1671 -1620 1718
		mu 0 4 1522 1475 1593 1609
		f 4 -1488 1719 -1618 -1704
		mu 0 4 1508 1523 1640 1638
		f 4 -1490 1720 -1622 -1720
		mu 0 4 1523 1524 1641 1640
		f 4 -1491 -1707 -1624 -1721
		mu 0 4 1524 1511 1660 1641
		f 4 -1492 -1719 -1627 -1717
		mu 0 4 1521 1522 1609 1606
		f 4 -1493 -1699 -1626 -1708
		mu 0 4 1512 1503 1668 1671
		f 4 -1495 1721 -1630 -1668
		mu 0 4 1472 1525 1610 1592
		f 4 -1496 -1705 -1629 1722
		mu 0 4 1526 1650 1656 1642
		f 4 -1498 -1723 -1632 1723
		mu 0 4 1527 1526 1642 1643
		f 4 -1500 -1724 -1634 -1706
		mu 0 4 1510 1527 1643 1661
		f 4 -1502 1724 -1636 -1722
		mu 0 4 1525 1528 1607 1610
		f 4 -1503 -1709 -1637 -1702
		mu 0 4 1649 1513 1670 1655
		f 4 -1504 -1651 -1640 1725
		mu 0 4 1529 1455 1573 1611
		f 4 -1507 1726 -1638 -1700
		mu 0 4 1504 1530 1644 1634
		f 4 -1509 1727 -1642 -1727
		mu 0 4 1651 1531 1645 1657
		f 4 -1510 -1726 -1645 -1725
		mu 0 4 1528 1529 1611 1607
		f 4 -1511 -1711 -1643 -1728
		mu 0 4 1531 1515 1677 1645
		f 4 -1512 -1703 -1647 -1712
		mu 0 4 1516 1507 1635 1673
		f 3 -1481 -1319 -1317
		mu 0 3 1282 1277 1262
		f 3 -1611 -1718 -1613
		mu 0 3 1442 1440 1422
		f 4 1728 1729 1730 1731
		mu 0 4 1688 1689 1690 1691
		f 4 1732 1733 1734 1735
		mu 0 4 1692 1693 1694 1695
		f 4 1736 1737 1738 1739
		mu 0 4 1696 1697 1698 1699
		f 4 -1740 1740 1741 1742
		mu 0 4 1696 1699 1700 1701
		f 4 -1735 1743 1744 1745
		mu 0 4 1695 1694 1702 1703
		f 4 1746 1747 1748 1749
		mu 0 4 1704 1705 1706 1707
		f 4 1750 -1750 1751 -1730
		mu 0 4 1689 1704 1707 1690
		f 4 1752 1753 1754 -1738
		mu 0 4 1697 1708 1709 1698
		f 4 1755 1756 1757 1758
		mu 0 4 1708 1710 1711 1712
		f 4 1759 1760 1761 -1757
		mu 0 4 1710 1713 1714 1711
		f 4 1762 1763 1764 -1761
		mu 0 4 1713 1706 1715 1714
		f 4 -1764 -1748 1765 1766
		mu 0 4 1715 1706 1705 1716
		f 4 1767 1768 1769 -1766
		mu 0 4 1705 1717 1718 1716
		f 4 1770 1771 1772 -1769
		mu 0 4 1717 1719 1720 1718
		f 4 1773 1774 1775 -1772
		mu 0 4 1719 1709 1721 1720
		f 4 -1754 -1759 1776 -1775
		mu 0 4 1709 1708 1712 1721
		f 4 1777 1778 1779 1780
		mu 0 4 1722 1723 1724 1725
		f 4 1781 1782 1783 -1779
		mu 0 4 1723 1701 1726 1724
		f 4 -1742 1784 1785 -1783
		mu 0 4 1701 1700 1727 1726
		f 4 1786 1787 1788 -1785
		mu 0 4 1700 1728 1729 1727
		f 4 1789 1790 1791 -1788
		mu 0 4 1728 1730 1731 1729
		f 4 1792 1793 1794 -1791
		mu 0 4 1730 1703 1732 1731
		f 4 -1745 1795 1796 -1794
		mu 0 4 1703 1702 1733 1732
		f 4 1797 -1781 1798 -1796
		mu 0 4 1702 1722 1725 1733
		f 4 1799 1800 1801 -1729
		mu 0 4 1872 1734 1735 1873
		f 4 1802 1803 1804 -1731
		mu 0 4 1874 1736 1737 1875
		f 4 -1805 1805 -1800 -1732
		mu 0 4 1936 1932 1734 1872
		f 4 1806 1807 1808 -1733
		mu 0 4 1876 1738 1739 1877
		f 4 -1809 1809 1810 -1734
		mu 0 4 1877 1739 1740 1878
		f 4 1811 1812 -1807 -1736
		mu 0 4 1879 1741 1933 1937
		f 4 1813 1814 1815 -1737
		mu 0 4 1880 1742 1743 1881
		f 4 1816 1817 1818 -1739
		mu 0 4 1882 1744 1745 1883
		f 4 -1819 1819 1820 -1741
		mu 0 4 1883 1745 1746 1884
		f 4 1821 1822 -1814 -1743
		mu 0 4 1885 1747 1742 1880
		f 4 -1811 1823 1824 -1744
		mu 0 4 1878 1740 1748 1886
		f 4 1825 1826 -1812 -1746
		mu 0 4 1887 1749 1741 1879
		f 4 1827 1828 1829 -1747
		mu 0 4 1888 1750 1751 1889
		f 4 1830 1831 1832 -1749
		mu 0 4 1890 1752 1753 1891
		f 4 -1802 1833 -1828 -1751
		mu 0 4 1873 1735 1750 1888
		f 4 -1833 1834 -1803 -1752
		mu 0 4 1891 1753 1736 1874
		f 4 -1816 1835 1836 -1753
		mu 0 4 1881 1743 1754 1892
		f 4 1837 1838 -1817 -1755
		mu 0 4 1893 1755 1744 1882
		f 4 -1837 1839 1840 -1756
		mu 0 4 1892 1754 1756 1894
		f 4 1841 1842 1843 -1758
		mu 0 4 1940 1757 1758 1941
		f 4 -1841 1844 1845 -1760
		mu 0 4 1894 1756 1759 1895
		f 4 1846 1847 -1842 -1762
		mu 0 4 1942 1760 1976 1978
		f 4 -1846 1848 -1831 -1763
		mu 0 4 1895 1759 1752 1890
		f 4 1849 1850 -1847 -1765
		mu 0 4 1943 1761 1760 1942
		f 4 1851 1852 -1850 -1767
		mu 0 4 1944 1762 1761 1943
		f 4 -1830 1853 1854 -1768
		mu 0 4 1889 1751 1763 1896
		f 4 1855 1856 -1852 -1770
		mu 0 4 1945 1764 1762 1944
		f 4 -1855 1857 1858 -1771
		mu 0 4 1896 1763 1765 1897
		f 4 1859 1860 -1856 -1773
		mu 0 4 1946 1766 1764 1945
		f 4 -1859 1861 -1838 -1774
		mu 0 4 1897 1765 1755 1893
		f 4 1862 1863 -1860 -1776
		mu 0 4 1947 1767 1766 1946
		f 4 -1844 1864 -1863 -1777
		mu 0 4 1941 1758 1767 1947
		f 4 1865 1866 1867 -1778
		mu 0 4 1898 1768 1769 1899
		f 4 1868 1869 1870 -1780
		mu 0 4 1956 1770 1771 1957
		f 4 -1868 1871 -1822 -1782
		mu 0 4 1899 1769 1747 1885
		f 4 1872 1873 -1869 -1784
		mu 0 4 1958 1772 1770 1956
		f 4 1874 1875 -1873 -1786
		mu 0 4 1959 1773 1772 1958
		f 4 -1821 1876 1877 -1787
		mu 0 4 1884 1746 1774 1900
		f 4 1878 1879 -1875 -1789
		mu 0 4 1960 1775 1773 1959
		f 4 -1878 1880 1881 -1790
		mu 0 4 1900 1774 1776 1901
		f 4 1882 1883 -1879 -1792
		mu 0 4 1961 1777 1775 1960
		f 4 -1882 1884 -1826 -1793
		mu 0 4 1901 1776 1749 1887
		f 4 1885 1886 -1883 -1795
		mu 0 4 1962 1778 1777 1961
		f 4 1887 1888 -1886 -1797
		mu 0 4 1963 1779 1778 1962
		f 4 -1825 1889 -1866 -1798
		mu 0 4 1886 1748 1768 1898
		f 4 -1871 1890 -1888 -1799
		mu 0 4 1974 1972 1779 1963
		f 4 1891 1892 1893 1894
		mu 0 4 1780 1781 1782 1783
		f 4 1895 1896 1897 1898
		mu 0 4 1784 1785 1786 1787
		f 4 1899 1900 1901 1902
		mu 0 4 1788 1789 1790 1791
		f 4 1903 1904 1905 -1900
		mu 0 4 1788 1792 1793 1789
		f 4 1906 1907 1908 -1897
		mu 0 4 1785 1794 1795 1786
		f 4 1909 1910 1911 1912
		mu 0 4 1796 1797 1798 1799
		f 4 -1894 1913 -1910 1914
		mu 0 4 1783 1782 1797 1796
		f 4 -1902 1915 1916 1917
		mu 0 4 1791 1790 1800 1801
		f 4 1918 1919 1920 1921
		mu 0 4 1801 1802 1803 1804
		f 4 -1921 1922 1923 1924
		mu 0 4 1804 1803 1805 1806
		f 4 -1924 1925 1926 1927
		mu 0 4 1806 1805 1807 1798
		f 4 1928 1929 -1912 -1927
		mu 0 4 1807 1808 1799 1798
		f 4 -1930 1930 1931 1932
		mu 0 4 1799 1808 1809 1810
		f 4 -1932 1933 1934 1935
		mu 0 4 1810 1809 1811 1812
		f 4 -1935 1936 1937 1938
		mu 0 4 1812 1811 1813 1800
		f 4 -1938 1939 -1919 -1917
		mu 0 4 1800 1813 1802 1801
		f 4 1940 1941 1942 1943
		mu 0 4 1814 1815 1816 1817
		f 4 -1943 1944 1945 1946
		mu 0 4 1817 1816 1818 1792
		f 4 -1946 1947 1948 -1905
		mu 0 4 1792 1818 1819 1793
		f 4 -1949 1949 1950 1951
		mu 0 4 1793 1819 1820 1821
		f 4 -1951 1952 1953 1954
		mu 0 4 1821 1820 1822 1823
		f 4 -1954 1955 1956 1957
		mu 0 4 1823 1822 1824 1794
		f 4 -1957 1958 1959 -1908
		mu 0 4 1794 1824 1825 1795
		f 4 -1960 1960 -1941 1961
		mu 0 4 1795 1825 1815 1814
		f 4 -1801 1962 -1895 1963
		mu 0 4 1827 1826 1902 1905
		f 4 -1804 1964 -1893 1965
		mu 0 4 1829 1828 1904 1903
		f 4 -1806 -1966 -1892 -1963
		mu 0 4 1826 1934 1938 1902
		f 4 -1808 1966 -1899 1967
		mu 0 4 1831 1830 1906 1909
		f 4 -1810 -1968 -1898 1968
		mu 0 4 1832 1831 1909 1908
		f 4 -1813 1969 -1896 -1967
		mu 0 4 1935 1833 1907 1939
		f 4 -1815 1970 -1903 1971
		mu 0 4 1835 1834 1910 1913
		f 4 -1818 1972 -1901 1973
		mu 0 4 1837 1836 1912 1911
		f 4 -1820 -1974 -1906 1974
		mu 0 4 1838 1837 1911 1915
		f 4 -1823 1975 -1904 -1971
		mu 0 4 1834 1839 1914 1910
		f 4 -1824 -1969 -1909 1976
		mu 0 4 1840 1832 1908 1917
		f 4 -1827 1977 -1907 -1970
		mu 0 4 1833 1841 1916 1907
		f 4 -1829 1978 -1913 1979
		mu 0 4 1843 1842 1918 1921
		f 4 -1832 1980 -1911 1981
		mu 0 4 1845 1844 1920 1919
		f 4 -1834 -1964 -1915 -1979
		mu 0 4 1842 1827 1905 1918
		f 4 -1835 -1982 -1914 -1965
		mu 0 4 1828 1845 1919 1904
		f 4 -1836 -1972 -1918 1982
		mu 0 4 1846 1835 1913 1923
		f 4 -1839 1983 -1916 -1973
		mu 0 4 1836 1847 1922 1912
		f 4 -1840 -1983 -1922 1984
		mu 0 4 1848 1846 1923 1924
		f 4 -1843 1985 -1920 1986
		mu 0 4 1850 1849 1949 1948
		f 4 -1845 -1985 -1925 1987
		mu 0 4 1851 1848 1924 1925
		f 4 -1848 1988 -1923 -1986
		mu 0 4 1977 1852 1950 1979
		f 4 -1849 -1988 -1928 -1981
		mu 0 4 1844 1851 1925 1920
		f 4 -1851 1989 -1926 -1989
		mu 0 4 1852 1853 1951 1950
		f 4 -1853 1990 -1929 -1990
		mu 0 4 1853 1854 1952 1951
		f 4 -1854 -1980 -1933 1991
		mu 0 4 1855 1843 1921 1926;
	setAttr ".fc[1000:1019]"
		f 4 -1857 1992 -1931 -1991
		mu 0 4 1854 1856 1953 1952
		f 4 -1858 -1992 -1936 1993
		mu 0 4 1857 1855 1926 1927
		f 4 -1861 1994 -1934 -1993
		mu 0 4 1856 1858 1954 1953
		f 4 -1862 -1994 -1939 -1984
		mu 0 4 1847 1857 1927 1922
		f 4 -1864 1995 -1937 -1995
		mu 0 4 1858 1859 1955 1954
		f 4 -1865 -1987 -1940 -1996
		mu 0 4 1859 1850 1948 1955
		f 4 -1867 1996 -1944 1997
		mu 0 4 1861 1860 1928 1929
		f 4 -1870 1998 -1942 1999
		mu 0 4 1863 1862 1965 1964
		f 4 -1872 -1998 -1947 -1976
		mu 0 4 1839 1861 1929 1914
		f 4 -1874 2000 -1945 -1999
		mu 0 4 1862 1864 1966 1965
		f 4 -1876 2001 -1948 -2001
		mu 0 4 1864 1865 1967 1966
		f 4 -1877 -1975 -1952 2002
		mu 0 4 1866 1838 1915 1930
		f 4 -1880 2003 -1950 -2002
		mu 0 4 1865 1867 1968 1967
		f 4 -1881 -2003 -1955 2004
		mu 0 4 1868 1866 1930 1931
		f 4 -1884 2005 -1953 -2004
		mu 0 4 1867 1869 1969 1968
		f 4 -1885 -2005 -1958 -1978
		mu 0 4 1841 1868 1931 1916
		f 4 -1887 2006 -1956 -2006
		mu 0 4 1869 1870 1970 1969
		f 4 -1889 2007 -1959 -2007
		mu 0 4 1870 1871 1971 1970
		f 4 -1890 -1977 -1962 -1997
		mu 0 4 1860 1840 1917 1928
		f 4 -1891 -2000 -1961 -2008
		mu 0 4 1871 1973 1975 1971;
	setAttr ".cd" -type "dataPolyComponent" Index_Data Edge 0 ;
	setAttr ".cvd" -type "dataPolyComponent" Index_Data Vertex 0 ;
	setAttr ".pd[0]" -type "dataPolyComponent" Index_Data UV 0 ;
	setAttr ".hfd" -type "dataPolyComponent" Index_Data Face 0 ;
createNode lightLinker -s -n "lightLinker1";
	rename -uid "5BBC2A55-4A6E-3684-128B-5DB6ED54463B";
	setAttr -s 3 ".lnk";
	setAttr -s 3 ".slnk";
createNode shapeEditorManager -n "shapeEditorManager";
	rename -uid "08F6256C-4706-9C33-BB9C-D58C390FD4AC";
createNode poseInterpolatorManager -n "poseInterpolatorManager";
	rename -uid "367EB4E9-4BA5-90CC-0EF4-D9975EC5F9EE";
createNode displayLayerManager -n "layerManager";
	rename -uid "9246A62F-4777-39C9-7514-1796CAF45190";
createNode displayLayer -n "defaultLayer";
	rename -uid "84787959-44A1-28CB-C46A-81A08656CB1E";
createNode renderLayerManager -n "renderLayerManager";
	rename -uid "344FA9B6-4F24-FC96-2161-4E946B0A2520";
createNode renderLayer -n "defaultRenderLayer";
	rename -uid "E537A831-4D20-7E52-9DB5-B3B7A90BC308";
	setAttr ".g" yes;
createNode script -n "uiConfigurationScriptNode";
	rename -uid "B433720E-43EA-F749-708F-95BFF9CD8972";
	setAttr ".b" -type "string" (
		"// Maya Mel UI Configuration File.\n//\n//  This script is machine generated.  Edit at your own risk.\n//\n//\n\nglobal string $gMainPane;\nif (`paneLayout -exists $gMainPane`) {\n\n\tglobal int $gUseScenePanelConfig;\n\tint    $useSceneConfig = $gUseScenePanelConfig;\n\tint    $nodeEditorPanelVisible = stringArrayContains(\"nodeEditorPanel1\", `getPanel -vis`);\n\tint    $nodeEditorWorkspaceControlOpen = (`workspaceControl -exists nodeEditorPanel1Window` && `workspaceControl -q -visible nodeEditorPanel1Window`);\n\tint    $menusOkayInPanels = `optionVar -q allowMenusInPanels`;\n\tint    $nVisPanes = `paneLayout -q -nvp $gMainPane`;\n\tint    $nPanes = 0;\n\tstring $editorName;\n\tstring $panelName;\n\tstring $itemFilterName;\n\tstring $panelConfig;\n\n\t//\n\t//  get current state of the UI\n\t//\n\tsceneUIReplacement -update $gMainPane;\n\n\t$panelName = `sceneUIReplacement -getNextPanel \"modelPanel\" (localizedPanelLabel(\"Top View\")) `;\n\tif (\"\" != $panelName) {\n\t\t$label = `panel -q -label $panelName`;\n\t\tmodelPanel -edit -l (localizedPanelLabel(\"Top View\")) -mbv $menusOkayInPanels  $panelName;\n"
		+ "\t\t$editorName = $panelName;\n        modelEditor -e \n            -camera \"|top\" \n            -useInteractiveMode 0\n            -displayLights \"default\" \n            -displayAppearance \"smoothShaded\" \n            -activeOnly 0\n            -ignorePanZoom 0\n            -wireframeOnShaded 0\n            -headsUpDisplay 1\n            -holdOuts 1\n            -selectionHiliteDisplay 1\n            -useDefaultMaterial 0\n            -bufferMode \"double\" \n            -twoSidedLighting 0\n            -backfaceCulling 0\n            -xray 0\n            -jointXray 0\n            -activeComponentsXray 0\n            -displayTextures 0\n            -smoothWireframe 0\n            -lineWidth 1\n            -textureAnisotropic 0\n            -textureHilight 1\n            -textureSampling 2\n            -textureDisplay \"modulate\" \n            -textureMaxSize 16384\n            -fogging 0\n            -fogSource \"fragment\" \n            -fogMode \"linear\" \n            -fogStart 0\n            -fogEnd 100\n            -fogDensity 0.1\n            -fogColor 0.5 0.5 0.5 1 \n"
		+ "            -depthOfFieldPreview 1\n            -maxConstantTransparency 1\n            -rendererName \"vp2Renderer\" \n            -objectFilterShowInHUD 1\n            -isFiltered 0\n            -colorResolution 256 256 \n            -bumpResolution 512 512 \n            -textureCompression 0\n            -transparencyAlgorithm \"frontAndBackCull\" \n            -transpInShadows 0\n            -cullingOverride \"none\" \n            -lowQualityLighting 0\n            -maximumNumHardwareLights 1\n            -occlusionCulling 0\n            -shadingModel 0\n            -useBaseRenderer 0\n            -useReducedRenderer 0\n            -smallObjectCulling 0\n            -smallObjectThreshold -1 \n            -interactiveDisableShadows 0\n            -interactiveBackFaceCull 0\n            -sortTransparent 1\n            -controllers 1\n            -nurbsCurves 1\n            -nurbsSurfaces 1\n            -polymeshes 1\n            -subdivSurfaces 1\n            -planes 1\n            -lights 1\n            -cameras 1\n            -controlVertices 1\n"
		+ "            -hulls 1\n            -grid 1\n            -imagePlane 1\n            -joints 1\n            -ikHandles 1\n            -deformers 1\n            -dynamics 1\n            -particleInstancers 1\n            -fluids 1\n            -hairSystems 1\n            -follicles 1\n            -nCloths 1\n            -nParticles 1\n            -nRigids 1\n            -dynamicConstraints 1\n            -locators 1\n            -manipulators 1\n            -pluginShapes 1\n            -dimensions 1\n            -handles 1\n            -pivots 1\n            -textures 1\n            -strokes 1\n            -motionTrails 1\n            -clipGhosts 1\n            -greasePencils 1\n            -shadows 0\n            -captureSequenceNumber -1\n            -width 1\n            -height 1\n            -sceneRenderFilter 0\n            $editorName;\n        modelEditor -e -viewSelected 0 $editorName;\n\t\tif (!$useSceneConfig) {\n\t\t\tpanel -e -l $label $panelName;\n\t\t}\n\t}\n\n\n\t$panelName = `sceneUIReplacement -getNextPanel \"modelPanel\" (localizedPanelLabel(\"Side View\")) `;\n"
		+ "\tif (\"\" != $panelName) {\n\t\t$label = `panel -q -label $panelName`;\n\t\tmodelPanel -edit -l (localizedPanelLabel(\"Side View\")) -mbv $menusOkayInPanels  $panelName;\n\t\t$editorName = $panelName;\n        modelEditor -e \n            -camera \"|side\" \n            -useInteractiveMode 0\n            -displayLights \"default\" \n            -displayAppearance \"smoothShaded\" \n            -activeOnly 0\n            -ignorePanZoom 0\n            -wireframeOnShaded 0\n            -headsUpDisplay 1\n            -holdOuts 1\n            -selectionHiliteDisplay 1\n            -useDefaultMaterial 0\n            -bufferMode \"double\" \n            -twoSidedLighting 0\n            -backfaceCulling 0\n            -xray 0\n            -jointXray 0\n            -activeComponentsXray 0\n            -displayTextures 0\n            -smoothWireframe 0\n            -lineWidth 1\n            -textureAnisotropic 0\n            -textureHilight 1\n            -textureSampling 2\n            -textureDisplay \"modulate\" \n            -textureMaxSize 16384\n            -fogging 0\n"
		+ "            -fogSource \"fragment\" \n            -fogMode \"linear\" \n            -fogStart 0\n            -fogEnd 100\n            -fogDensity 0.1\n            -fogColor 0.5 0.5 0.5 1 \n            -depthOfFieldPreview 1\n            -maxConstantTransparency 1\n            -rendererName \"vp2Renderer\" \n            -objectFilterShowInHUD 1\n            -isFiltered 0\n            -colorResolution 256 256 \n            -bumpResolution 512 512 \n            -textureCompression 0\n            -transparencyAlgorithm \"frontAndBackCull\" \n            -transpInShadows 0\n            -cullingOverride \"none\" \n            -lowQualityLighting 0\n            -maximumNumHardwareLights 1\n            -occlusionCulling 0\n            -shadingModel 0\n            -useBaseRenderer 0\n            -useReducedRenderer 0\n            -smallObjectCulling 0\n            -smallObjectThreshold -1 \n            -interactiveDisableShadows 0\n            -interactiveBackFaceCull 0\n            -sortTransparent 1\n            -controllers 1\n            -nurbsCurves 1\n"
		+ "            -nurbsSurfaces 1\n            -polymeshes 1\n            -subdivSurfaces 1\n            -planes 1\n            -lights 1\n            -cameras 1\n            -controlVertices 1\n            -hulls 1\n            -grid 1\n            -imagePlane 1\n            -joints 1\n            -ikHandles 1\n            -deformers 1\n            -dynamics 1\n            -particleInstancers 1\n            -fluids 1\n            -hairSystems 1\n            -follicles 1\n            -nCloths 1\n            -nParticles 1\n            -nRigids 1\n            -dynamicConstraints 1\n            -locators 1\n            -manipulators 1\n            -pluginShapes 1\n            -dimensions 1\n            -handles 1\n            -pivots 1\n            -textures 1\n            -strokes 1\n            -motionTrails 1\n            -clipGhosts 1\n            -greasePencils 1\n            -shadows 0\n            -captureSequenceNumber -1\n            -width 1\n            -height 1\n            -sceneRenderFilter 0\n            $editorName;\n        modelEditor -e -viewSelected 0 $editorName;\n"
		+ "\t\tif (!$useSceneConfig) {\n\t\t\tpanel -e -l $label $panelName;\n\t\t}\n\t}\n\n\n\t$panelName = `sceneUIReplacement -getNextPanel \"modelPanel\" (localizedPanelLabel(\"Front View\")) `;\n\tif (\"\" != $panelName) {\n\t\t$label = `panel -q -label $panelName`;\n\t\tmodelPanel -edit -l (localizedPanelLabel(\"Front View\")) -mbv $menusOkayInPanels  $panelName;\n\t\t$editorName = $panelName;\n        modelEditor -e \n            -camera \"|front\" \n            -useInteractiveMode 0\n            -displayLights \"default\" \n            -displayAppearance \"smoothShaded\" \n            -activeOnly 0\n            -ignorePanZoom 0\n            -wireframeOnShaded 0\n            -headsUpDisplay 1\n            -holdOuts 1\n            -selectionHiliteDisplay 1\n            -useDefaultMaterial 0\n            -bufferMode \"double\" \n            -twoSidedLighting 0\n            -backfaceCulling 0\n            -xray 0\n            -jointXray 0\n            -activeComponentsXray 0\n            -displayTextures 0\n            -smoothWireframe 0\n            -lineWidth 1\n            -textureAnisotropic 0\n"
		+ "            -textureHilight 1\n            -textureSampling 2\n            -textureDisplay \"modulate\" \n            -textureMaxSize 16384\n            -fogging 0\n            -fogSource \"fragment\" \n            -fogMode \"linear\" \n            -fogStart 0\n            -fogEnd 100\n            -fogDensity 0.1\n            -fogColor 0.5 0.5 0.5 1 \n            -depthOfFieldPreview 1\n            -maxConstantTransparency 1\n            -rendererName \"vp2Renderer\" \n            -objectFilterShowInHUD 1\n            -isFiltered 0\n            -colorResolution 256 256 \n            -bumpResolution 512 512 \n            -textureCompression 0\n            -transparencyAlgorithm \"frontAndBackCull\" \n            -transpInShadows 0\n            -cullingOverride \"none\" \n            -lowQualityLighting 0\n            -maximumNumHardwareLights 1\n            -occlusionCulling 0\n            -shadingModel 0\n            -useBaseRenderer 0\n            -useReducedRenderer 0\n            -smallObjectCulling 0\n            -smallObjectThreshold -1 \n            -interactiveDisableShadows 0\n"
		+ "            -interactiveBackFaceCull 0\n            -sortTransparent 1\n            -controllers 1\n            -nurbsCurves 1\n            -nurbsSurfaces 1\n            -polymeshes 1\n            -subdivSurfaces 1\n            -planes 1\n            -lights 1\n            -cameras 1\n            -controlVertices 1\n            -hulls 1\n            -grid 1\n            -imagePlane 1\n            -joints 1\n            -ikHandles 1\n            -deformers 1\n            -dynamics 1\n            -particleInstancers 1\n            -fluids 1\n            -hairSystems 1\n            -follicles 1\n            -nCloths 1\n            -nParticles 1\n            -nRigids 1\n            -dynamicConstraints 1\n            -locators 1\n            -manipulators 1\n            -pluginShapes 1\n            -dimensions 1\n            -handles 1\n            -pivots 1\n            -textures 1\n            -strokes 1\n            -motionTrails 1\n            -clipGhosts 1\n            -greasePencils 1\n            -shadows 0\n            -captureSequenceNumber -1\n"
		+ "            -width 357\n            -height 691\n            -sceneRenderFilter 0\n            $editorName;\n        modelEditor -e -viewSelected 0 $editorName;\n\t\tif (!$useSceneConfig) {\n\t\t\tpanel -e -l $label $panelName;\n\t\t}\n\t}\n\n\n\t$panelName = `sceneUIReplacement -getNextPanel \"modelPanel\" (localizedPanelLabel(\"Persp View\")) `;\n\tif (\"\" != $panelName) {\n\t\t$label = `panel -q -label $panelName`;\n\t\tmodelPanel -edit -l (localizedPanelLabel(\"Persp View\")) -mbv $menusOkayInPanels  $panelName;\n\t\t$editorName = $panelName;\n        modelEditor -e \n            -camera \"|persp\" \n            -useInteractiveMode 0\n            -displayLights \"default\" \n            -displayAppearance \"smoothShaded\" \n            -activeOnly 0\n            -ignorePanZoom 0\n            -wireframeOnShaded 0\n            -headsUpDisplay 1\n            -holdOuts 1\n            -selectionHiliteDisplay 1\n            -useDefaultMaterial 0\n            -bufferMode \"double\" \n            -twoSidedLighting 0\n            -backfaceCulling 0\n            -xray 0\n            -jointXray 0\n"
		+ "            -activeComponentsXray 0\n            -displayTextures 0\n            -smoothWireframe 0\n            -lineWidth 1\n            -textureAnisotropic 0\n            -textureHilight 1\n            -textureSampling 2\n            -textureDisplay \"modulate\" \n            -textureMaxSize 16384\n            -fogging 0\n            -fogSource \"fragment\" \n            -fogMode \"linear\" \n            -fogStart 0\n            -fogEnd 100\n            -fogDensity 0.1\n            -fogColor 0.5 0.5 0.5 1 \n            -depthOfFieldPreview 1\n            -maxConstantTransparency 1\n            -rendererName \"vp2Renderer\" \n            -objectFilterShowInHUD 1\n            -isFiltered 0\n            -colorResolution 256 256 \n            -bumpResolution 512 512 \n            -textureCompression 0\n            -transparencyAlgorithm \"frontAndBackCull\" \n            -transpInShadows 0\n            -cullingOverride \"none\" \n            -lowQualityLighting 0\n            -maximumNumHardwareLights 1\n            -occlusionCulling 0\n            -shadingModel 0\n"
		+ "            -useBaseRenderer 0\n            -useReducedRenderer 0\n            -smallObjectCulling 0\n            -smallObjectThreshold -1 \n            -interactiveDisableShadows 0\n            -interactiveBackFaceCull 0\n            -sortTransparent 1\n            -controllers 1\n            -nurbsCurves 1\n            -nurbsSurfaces 1\n            -polymeshes 1\n            -subdivSurfaces 1\n            -planes 1\n            -lights 1\n            -cameras 1\n            -controlVertices 1\n            -hulls 1\n            -grid 1\n            -imagePlane 1\n            -joints 1\n            -ikHandles 1\n            -deformers 1\n            -dynamics 1\n            -particleInstancers 1\n            -fluids 1\n            -hairSystems 1\n            -follicles 1\n            -nCloths 1\n            -nParticles 1\n            -nRigids 1\n            -dynamicConstraints 1\n            -locators 1\n            -manipulators 1\n            -pluginShapes 1\n            -dimensions 1\n            -handles 1\n            -pivots 1\n            -textures 1\n"
		+ "            -strokes 1\n            -motionTrails 1\n            -clipGhosts 1\n            -greasePencils 1\n            -shadows 0\n            -captureSequenceNumber -1\n            -width 357\n            -height 691\n            -sceneRenderFilter 0\n            $editorName;\n        modelEditor -e -viewSelected 0 $editorName;\n\t\tif (!$useSceneConfig) {\n\t\t\tpanel -e -l $label $panelName;\n\t\t}\n\t}\n\n\n\t$panelName = `sceneUIReplacement -getNextPanel \"outlinerPanel\" (localizedPanelLabel(\"ToggledOutliner\")) `;\n\tif (\"\" != $panelName) {\n\t\t$label = `panel -q -label $panelName`;\n\t\toutlinerPanel -edit -l (localizedPanelLabel(\"ToggledOutliner\")) -mbv $menusOkayInPanels  $panelName;\n\t\t$editorName = $panelName;\n        outlinerEditor -e \n            -docTag \"isolOutln_fromSeln\" \n            -showShapes 0\n            -showAssignedMaterials 0\n            -showTimeEditor 1\n            -showReferenceNodes 1\n            -showReferenceMembers 1\n            -showAttributes 0\n            -showConnected 0\n            -showAnimCurvesOnly 0\n            -showMuteInfo 0\n"
		+ "            -organizeByLayer 1\n            -organizeByClip 1\n            -showAnimLayerWeight 1\n            -autoExpandLayers 1\n            -autoExpand 0\n            -showDagOnly 1\n            -showAssets 1\n            -showContainedOnly 1\n            -showPublishedAsConnected 0\n            -showParentContainers 0\n            -showContainerContents 1\n            -ignoreDagHierarchy 0\n            -expandConnections 0\n            -showUpstreamCurves 1\n            -showUnitlessCurves 1\n            -showCompounds 1\n            -showLeafs 1\n            -showNumericAttrsOnly 0\n            -highlightActive 1\n            -autoSelectNewObjects 0\n            -doNotSelectNewObjects 0\n            -dropIsParent 1\n            -transmitFilters 0\n            -setFilter \"defaultSetFilter\" \n            -showSetMembers 1\n            -allowMultiSelection 1\n            -alwaysToggleSelect 0\n            -directSelect 0\n            -isSet 0\n            -isSetMember 0\n            -displayMode \"DAG\" \n            -expandObjects 0\n            -setsIgnoreFilters 1\n"
		+ "            -containersIgnoreFilters 0\n            -editAttrName 0\n            -showAttrValues 0\n            -highlightSecondary 0\n            -showUVAttrsOnly 0\n            -showTextureNodesOnly 0\n            -attrAlphaOrder \"default\" \n            -animLayerFilterOptions \"allAffecting\" \n            -sortOrder \"none\" \n            -longNames 0\n            -niceNames 1\n            -selectCommand \"{}\" \n            -showNamespace 1\n            -showPinIcons 0\n            -mapMotionTrails 0\n            -ignoreHiddenAttribute 0\n            -ignoreOutlinerColor 0\n            -renderFilterVisible 0\n            -renderFilterIndex 0\n            -selectionOrder \"chronological\" \n            -expandAttribute 0\n            $editorName;\n\t\tif (!$useSceneConfig) {\n\t\t\tpanel -e -l $label $panelName;\n\t\t}\n\t}\n\n\n\t$panelName = `sceneUIReplacement -getNextPanel \"outlinerPanel\" (localizedPanelLabel(\"Outliner\")) `;\n\tif (\"\" != $panelName) {\n\t\t$label = `panel -q -label $panelName`;\n\t\toutlinerPanel -edit -l (localizedPanelLabel(\"Outliner\")) -mbv $menusOkayInPanels  $panelName;\n"
		+ "\t\t$editorName = $panelName;\n        outlinerEditor -e \n            -showShapes 0\n            -showAssignedMaterials 0\n            -showTimeEditor 1\n            -showReferenceNodes 0\n            -showReferenceMembers 0\n            -showAttributes 0\n            -showConnected 0\n            -showAnimCurvesOnly 0\n            -showMuteInfo 0\n            -organizeByLayer 1\n            -organizeByClip 1\n            -showAnimLayerWeight 1\n            -autoExpandLayers 1\n            -autoExpand 0\n            -showDagOnly 1\n            -showAssets 1\n            -showContainedOnly 1\n            -showPublishedAsConnected 0\n            -showParentContainers 0\n            -showContainerContents 1\n            -ignoreDagHierarchy 0\n            -expandConnections 0\n            -showUpstreamCurves 1\n            -showUnitlessCurves 1\n            -showCompounds 1\n            -showLeafs 1\n            -showNumericAttrsOnly 0\n            -highlightActive 1\n            -autoSelectNewObjects 0\n            -doNotSelectNewObjects 0\n            -dropIsParent 1\n"
		+ "            -transmitFilters 0\n            -setFilter \"defaultSetFilter\" \n            -showSetMembers 1\n            -allowMultiSelection 1\n            -alwaysToggleSelect 0\n            -directSelect 0\n            -displayMode \"DAG\" \n            -expandObjects 0\n            -setsIgnoreFilters 1\n            -containersIgnoreFilters 0\n            -editAttrName 0\n            -showAttrValues 0\n            -highlightSecondary 0\n            -showUVAttrsOnly 0\n            -showTextureNodesOnly 0\n            -attrAlphaOrder \"default\" \n            -animLayerFilterOptions \"allAffecting\" \n            -sortOrder \"none\" \n            -longNames 0\n            -niceNames 1\n            -showNamespace 1\n            -showPinIcons 0\n            -mapMotionTrails 0\n            -ignoreHiddenAttribute 0\n            -ignoreOutlinerColor 0\n            -renderFilterVisible 0\n            $editorName;\n\t\tif (!$useSceneConfig) {\n\t\t\tpanel -e -l $label $panelName;\n\t\t}\n\t}\n\n\n\t$panelName = `sceneUIReplacement -getNextScriptedPanel \"graphEditor\" (localizedPanelLabel(\"Graph Editor\")) `;\n"
		+ "\tif (\"\" != $panelName) {\n\t\t$label = `panel -q -label $panelName`;\n\t\tscriptedPanel -edit -l (localizedPanelLabel(\"Graph Editor\")) -mbv $menusOkayInPanels  $panelName;\n\n\t\t\t$editorName = ($panelName+\"OutlineEd\");\n            outlinerEditor -e \n                -showShapes 1\n                -showAssignedMaterials 0\n                -showTimeEditor 1\n                -showReferenceNodes 0\n                -showReferenceMembers 0\n                -showAttributes 1\n                -showConnected 1\n                -showAnimCurvesOnly 1\n                -showMuteInfo 0\n                -organizeByLayer 1\n                -organizeByClip 1\n                -showAnimLayerWeight 1\n                -autoExpandLayers 1\n                -autoExpand 1\n                -showDagOnly 0\n                -showAssets 1\n                -showContainedOnly 0\n                -showPublishedAsConnected 0\n                -showParentContainers 0\n                -showContainerContents 0\n                -ignoreDagHierarchy 0\n                -expandConnections 1\n"
		+ "                -showUpstreamCurves 1\n                -showUnitlessCurves 1\n                -showCompounds 0\n                -showLeafs 1\n                -showNumericAttrsOnly 1\n                -highlightActive 0\n                -autoSelectNewObjects 1\n                -doNotSelectNewObjects 0\n                -dropIsParent 1\n                -transmitFilters 1\n                -setFilter \"0\" \n                -showSetMembers 0\n                -allowMultiSelection 1\n                -alwaysToggleSelect 0\n                -directSelect 0\n                -displayMode \"DAG\" \n                -expandObjects 0\n                -setsIgnoreFilters 1\n                -containersIgnoreFilters 0\n                -editAttrName 0\n                -showAttrValues 0\n                -highlightSecondary 0\n                -showUVAttrsOnly 0\n                -showTextureNodesOnly 0\n                -attrAlphaOrder \"default\" \n                -animLayerFilterOptions \"allAffecting\" \n                -sortOrder \"none\" \n                -longNames 0\n"
		+ "                -niceNames 1\n                -showNamespace 1\n                -showPinIcons 1\n                -mapMotionTrails 1\n                -ignoreHiddenAttribute 0\n                -ignoreOutlinerColor 0\n                -renderFilterVisible 0\n                $editorName;\n\n\t\t\t$editorName = ($panelName+\"GraphEd\");\n            animCurveEditor -e \n                -displayValues 0\n                -snapTime \"integer\" \n                -snapValue \"none\" \n                -showPlayRangeShades \"on\" \n                -lockPlayRangeShades \"off\" \n                -smoothness \"fine\" \n                -resultSamples 1\n                -resultScreenSamples 0\n                -resultUpdate \"delayed\" \n                -showUpstreamCurves 1\n                -keyMinScale 1\n                -stackedCurvesMin -1\n                -stackedCurvesMax 1\n                -stackedCurvesSpace 0.2\n                -preSelectionHighlight 0\n                -constrainDrag 0\n                -valueLinesToggle 0\n                -highlightAffectedCurves 0\n"
		+ "                $editorName;\n\t\tif (!$useSceneConfig) {\n\t\t\tpanel -e -l $label $panelName;\n\t\t}\n\t}\n\n\n\t$panelName = `sceneUIReplacement -getNextScriptedPanel \"dopeSheetPanel\" (localizedPanelLabel(\"Dope Sheet\")) `;\n\tif (\"\" != $panelName) {\n\t\t$label = `panel -q -label $panelName`;\n\t\tscriptedPanel -edit -l (localizedPanelLabel(\"Dope Sheet\")) -mbv $menusOkayInPanels  $panelName;\n\n\t\t\t$editorName = ($panelName+\"OutlineEd\");\n            outlinerEditor -e \n                -showShapes 1\n                -showAssignedMaterials 0\n                -showTimeEditor 1\n                -showReferenceNodes 0\n                -showReferenceMembers 0\n                -showAttributes 1\n                -showConnected 1\n                -showAnimCurvesOnly 1\n                -showMuteInfo 0\n                -organizeByLayer 1\n                -organizeByClip 1\n                -showAnimLayerWeight 1\n                -autoExpandLayers 1\n                -autoExpand 0\n                -showDagOnly 0\n                -showAssets 1\n                -showContainedOnly 0\n"
		+ "                -showPublishedAsConnected 0\n                -showParentContainers 0\n                -showContainerContents 0\n                -ignoreDagHierarchy 0\n                -expandConnections 1\n                -showUpstreamCurves 1\n                -showUnitlessCurves 0\n                -showCompounds 1\n                -showLeafs 1\n                -showNumericAttrsOnly 1\n                -highlightActive 0\n                -autoSelectNewObjects 0\n                -doNotSelectNewObjects 1\n                -dropIsParent 1\n                -transmitFilters 0\n                -setFilter \"0\" \n                -showSetMembers 0\n                -allowMultiSelection 1\n                -alwaysToggleSelect 0\n                -directSelect 0\n                -displayMode \"DAG\" \n                -expandObjects 0\n                -setsIgnoreFilters 1\n                -containersIgnoreFilters 0\n                -editAttrName 0\n                -showAttrValues 0\n                -highlightSecondary 0\n                -showUVAttrsOnly 0\n                -showTextureNodesOnly 0\n"
		+ "                -attrAlphaOrder \"default\" \n                -animLayerFilterOptions \"allAffecting\" \n                -sortOrder \"none\" \n                -longNames 0\n                -niceNames 1\n                -showNamespace 1\n                -showPinIcons 0\n                -mapMotionTrails 1\n                -ignoreHiddenAttribute 0\n                -ignoreOutlinerColor 0\n                -renderFilterVisible 0\n                $editorName;\n\n\t\t\t$editorName = ($panelName+\"DopeSheetEd\");\n            dopeSheetEditor -e \n                -displayValues 0\n                -snapTime \"integer\" \n                -snapValue \"none\" \n                -outliner \"dopeSheetPanel1OutlineEd\" \n                -showSummary 1\n                -showScene 0\n                -hierarchyBelow 0\n                -showTicks 1\n                -selectionWindow 0 0 0 0 \n                $editorName;\n\t\tif (!$useSceneConfig) {\n\t\t\tpanel -e -l $label $panelName;\n\t\t}\n\t}\n\n\n\t$panelName = `sceneUIReplacement -getNextScriptedPanel \"timeEditorPanel\" (localizedPanelLabel(\"Time Editor\")) `;\n"
		+ "\tif (\"\" != $panelName) {\n\t\t$label = `panel -q -label $panelName`;\n\t\tscriptedPanel -edit -l (localizedPanelLabel(\"Time Editor\")) -mbv $menusOkayInPanels  $panelName;\n\t\tif (!$useSceneConfig) {\n\t\t\tpanel -e -l $label $panelName;\n\t\t}\n\t}\n\n\n\t$panelName = `sceneUIReplacement -getNextScriptedPanel \"clipEditorPanel\" (localizedPanelLabel(\"Trax Editor\")) `;\n\tif (\"\" != $panelName) {\n\t\t$label = `panel -q -label $panelName`;\n\t\tscriptedPanel -edit -l (localizedPanelLabel(\"Trax Editor\")) -mbv $menusOkayInPanels  $panelName;\n\n\t\t\t$editorName = clipEditorNameFromPanel($panelName);\n            clipEditor -e \n                -displayValues 0\n                -snapTime \"none\" \n                -snapValue \"none\" \n                -initialized 0\n                -manageSequencer 0 \n                $editorName;\n\t\tif (!$useSceneConfig) {\n\t\t\tpanel -e -l $label $panelName;\n\t\t}\n\t}\n\n\n\t$panelName = `sceneUIReplacement -getNextScriptedPanel \"sequenceEditorPanel\" (localizedPanelLabel(\"Camera Sequencer\")) `;\n\tif (\"\" != $panelName) {\n\t\t$label = `panel -q -label $panelName`;\n"
		+ "\t\tscriptedPanel -edit -l (localizedPanelLabel(\"Camera Sequencer\")) -mbv $menusOkayInPanels  $panelName;\n\n\t\t\t$editorName = sequenceEditorNameFromPanel($panelName);\n            clipEditor -e \n                -displayValues 0\n                -snapTime \"none\" \n                -snapValue \"none\" \n                -initialized 0\n                -manageSequencer 1 \n                $editorName;\n\t\tif (!$useSceneConfig) {\n\t\t\tpanel -e -l $label $panelName;\n\t\t}\n\t}\n\n\n\t$panelName = `sceneUIReplacement -getNextScriptedPanel \"hyperGraphPanel\" (localizedPanelLabel(\"Hypergraph Hierarchy\")) `;\n\tif (\"\" != $panelName) {\n\t\t$label = `panel -q -label $panelName`;\n\t\tscriptedPanel -edit -l (localizedPanelLabel(\"Hypergraph Hierarchy\")) -mbv $menusOkayInPanels  $panelName;\n\n\t\t\t$editorName = ($panelName+\"HyperGraphEd\");\n            hyperGraph -e \n                -graphLayoutStyle \"hierarchicalLayout\" \n                -orientation \"horiz\" \n                -mergeConnections 0\n                -zoom 1\n                -animateTransition 0\n                -showRelationships 1\n"
		+ "                -showShapes 0\n                -showDeformers 0\n                -showExpressions 0\n                -showConstraints 0\n                -showConnectionFromSelected 0\n                -showConnectionToSelected 0\n                -showConstraintLabels 0\n                -showUnderworld 0\n                -showInvisible 0\n                -transitionFrames 1\n                -opaqueContainers 0\n                -freeform 0\n                -imagePosition 0 0 \n                -imageScale 1\n                -imageEnabled 0\n                -graphType \"DAG\" \n                -heatMapDisplay 0\n                -updateSelection 1\n                -updateNodeAdded 1\n                -useDrawOverrideColor 0\n                -limitGraphTraversal -1\n                -range 0 0 \n                -iconSize \"smallIcons\" \n                -showCachedConnections 0\n                $editorName;\n\t\tif (!$useSceneConfig) {\n\t\t\tpanel -e -l $label $panelName;\n\t\t}\n\t}\n\n\n\t$panelName = `sceneUIReplacement -getNextScriptedPanel \"hyperShadePanel\" (localizedPanelLabel(\"Hypershade\")) `;\n"
		+ "\tif (\"\" != $panelName) {\n\t\t$label = `panel -q -label $panelName`;\n\t\tscriptedPanel -edit -l (localizedPanelLabel(\"Hypershade\")) -mbv $menusOkayInPanels  $panelName;\n\t\tif (!$useSceneConfig) {\n\t\t\tpanel -e -l $label $panelName;\n\t\t}\n\t}\n\n\n\t$panelName = `sceneUIReplacement -getNextScriptedPanel \"visorPanel\" (localizedPanelLabel(\"Visor\")) `;\n\tif (\"\" != $panelName) {\n\t\t$label = `panel -q -label $panelName`;\n\t\tscriptedPanel -edit -l (localizedPanelLabel(\"Visor\")) -mbv $menusOkayInPanels  $panelName;\n\t\tif (!$useSceneConfig) {\n\t\t\tpanel -e -l $label $panelName;\n\t\t}\n\t}\n\n\n\t$panelName = `sceneUIReplacement -getNextScriptedPanel \"nodeEditorPanel\" (localizedPanelLabel(\"Node Editor\")) `;\n\tif ($nodeEditorPanelVisible || $nodeEditorWorkspaceControlOpen) {\n\t\tif (\"\" == $panelName) {\n\t\t\tif ($useSceneConfig) {\n\t\t\t\t$panelName = `scriptedPanel -unParent  -type \"nodeEditorPanel\" -l (localizedPanelLabel(\"Node Editor\")) -mbv $menusOkayInPanels `;\n\n\t\t\t$editorName = ($panelName+\"NodeEditorEd\");\n            nodeEditor -e \n                -allAttributes 0\n"
		+ "                -allNodes 0\n                -autoSizeNodes 1\n                -consistentNameSize 1\n                -createNodeCommand \"nodeEdCreateNodeCommand\" \n                -connectNodeOnCreation 0\n                -connectOnDrop 0\n                -copyConnectionsOnPaste 0\n                -connectionStyle \"bezier\" \n                -defaultPinnedState 0\n                -additiveGraphingMode 0\n                -settingsChangedCallback \"nodeEdSyncControls\" \n                -traversalDepthLimit -1\n                -keyPressCommand \"nodeEdKeyPressCommand\" \n                -nodeTitleMode \"name\" \n                -gridSnap 0\n                -gridVisibility 1\n                -crosshairOnEdgeDragging 0\n                -popupMenuScript \"nodeEdBuildPanelMenus\" \n                -showNamespace 1\n                -showShapes 1\n                -showSGShapes 0\n                -showTransforms 1\n                -useAssets 1\n                -syncedSelection 1\n                -extendToShapes 1\n                -editorMode \"default\" \n"
		+ "                -hasWatchpoint 0\n                $editorName;\n\t\t\t}\n\t\t} else {\n\t\t\t$label = `panel -q -label $panelName`;\n\t\t\tscriptedPanel -edit -l (localizedPanelLabel(\"Node Editor\")) -mbv $menusOkayInPanels  $panelName;\n\n\t\t\t$editorName = ($panelName+\"NodeEditorEd\");\n            nodeEditor -e \n                -allAttributes 0\n                -allNodes 0\n                -autoSizeNodes 1\n                -consistentNameSize 1\n                -createNodeCommand \"nodeEdCreateNodeCommand\" \n                -connectNodeOnCreation 0\n                -connectOnDrop 0\n                -copyConnectionsOnPaste 0\n                -connectionStyle \"bezier\" \n                -defaultPinnedState 0\n                -additiveGraphingMode 0\n                -settingsChangedCallback \"nodeEdSyncControls\" \n                -traversalDepthLimit -1\n                -keyPressCommand \"nodeEdKeyPressCommand\" \n                -nodeTitleMode \"name\" \n                -gridSnap 0\n                -gridVisibility 1\n                -crosshairOnEdgeDragging 0\n"
		+ "                -popupMenuScript \"nodeEdBuildPanelMenus\" \n                -showNamespace 1\n                -showShapes 1\n                -showSGShapes 0\n                -showTransforms 1\n                -useAssets 1\n                -syncedSelection 1\n                -extendToShapes 1\n                -editorMode \"default\" \n                -hasWatchpoint 0\n                $editorName;\n\t\t\tif (!$useSceneConfig) {\n\t\t\t\tpanel -e -l $label $panelName;\n\t\t\t}\n\t\t}\n\t}\n\n\n\t$panelName = `sceneUIReplacement -getNextScriptedPanel \"createNodePanel\" (localizedPanelLabel(\"Create Node\")) `;\n\tif (\"\" != $panelName) {\n\t\t$label = `panel -q -label $panelName`;\n\t\tscriptedPanel -edit -l (localizedPanelLabel(\"Create Node\")) -mbv $menusOkayInPanels  $panelName;\n\t\tif (!$useSceneConfig) {\n\t\t\tpanel -e -l $label $panelName;\n\t\t}\n\t}\n\n\n\t$panelName = `sceneUIReplacement -getNextScriptedPanel \"polyTexturePlacementPanel\" (localizedPanelLabel(\"UV Editor\")) `;\n\tif (\"\" != $panelName) {\n\t\t$label = `panel -q -label $panelName`;\n\t\tscriptedPanel -edit -l (localizedPanelLabel(\"UV Editor\")) -mbv $menusOkayInPanels  $panelName;\n"
		+ "\t\tif (!$useSceneConfig) {\n\t\t\tpanel -e -l $label $panelName;\n\t\t}\n\t}\n\n\n\t$panelName = `sceneUIReplacement -getNextScriptedPanel \"renderWindowPanel\" (localizedPanelLabel(\"Render View\")) `;\n\tif (\"\" != $panelName) {\n\t\t$label = `panel -q -label $panelName`;\n\t\tscriptedPanel -edit -l (localizedPanelLabel(\"Render View\")) -mbv $menusOkayInPanels  $panelName;\n\t\tif (!$useSceneConfig) {\n\t\t\tpanel -e -l $label $panelName;\n\t\t}\n\t}\n\n\n\t$panelName = `sceneUIReplacement -getNextPanel \"shapePanel\" (localizedPanelLabel(\"Shape Editor\")) `;\n\tif (\"\" != $panelName) {\n\t\t$label = `panel -q -label $panelName`;\n\t\tshapePanel -edit -l (localizedPanelLabel(\"Shape Editor\")) -mbv $menusOkayInPanels  $panelName;\n\t\tif (!$useSceneConfig) {\n\t\t\tpanel -e -l $label $panelName;\n\t\t}\n\t}\n\n\n\t$panelName = `sceneUIReplacement -getNextPanel \"posePanel\" (localizedPanelLabel(\"Pose Editor\")) `;\n\tif (\"\" != $panelName) {\n\t\t$label = `panel -q -label $panelName`;\n\t\tposePanel -edit -l (localizedPanelLabel(\"Pose Editor\")) -mbv $menusOkayInPanels  $panelName;\n\t\tif (!$useSceneConfig) {\n"
		+ "\t\t\tpanel -e -l $label $panelName;\n\t\t}\n\t}\n\n\n\t$panelName = `sceneUIReplacement -getNextScriptedPanel \"dynRelEdPanel\" (localizedPanelLabel(\"Dynamic Relationships\")) `;\n\tif (\"\" != $panelName) {\n\t\t$label = `panel -q -label $panelName`;\n\t\tscriptedPanel -edit -l (localizedPanelLabel(\"Dynamic Relationships\")) -mbv $menusOkayInPanels  $panelName;\n\t\tif (!$useSceneConfig) {\n\t\t\tpanel -e -l $label $panelName;\n\t\t}\n\t}\n\n\n\t$panelName = `sceneUIReplacement -getNextScriptedPanel \"relationshipPanel\" (localizedPanelLabel(\"Relationship Editor\")) `;\n\tif (\"\" != $panelName) {\n\t\t$label = `panel -q -label $panelName`;\n\t\tscriptedPanel -edit -l (localizedPanelLabel(\"Relationship Editor\")) -mbv $menusOkayInPanels  $panelName;\n\t\tif (!$useSceneConfig) {\n\t\t\tpanel -e -l $label $panelName;\n\t\t}\n\t}\n\n\n\t$panelName = `sceneUIReplacement -getNextScriptedPanel \"referenceEditorPanel\" (localizedPanelLabel(\"Reference Editor\")) `;\n\tif (\"\" != $panelName) {\n\t\t$label = `panel -q -label $panelName`;\n\t\tscriptedPanel -edit -l (localizedPanelLabel(\"Reference Editor\")) -mbv $menusOkayInPanels  $panelName;\n"
		+ "\t\tif (!$useSceneConfig) {\n\t\t\tpanel -e -l $label $panelName;\n\t\t}\n\t}\n\n\n\t$panelName = `sceneUIReplacement -getNextScriptedPanel \"componentEditorPanel\" (localizedPanelLabel(\"Component Editor\")) `;\n\tif (\"\" != $panelName) {\n\t\t$label = `panel -q -label $panelName`;\n\t\tscriptedPanel -edit -l (localizedPanelLabel(\"Component Editor\")) -mbv $menusOkayInPanels  $panelName;\n\t\tif (!$useSceneConfig) {\n\t\t\tpanel -e -l $label $panelName;\n\t\t}\n\t}\n\n\n\t$panelName = `sceneUIReplacement -getNextScriptedPanel \"dynPaintScriptedPanelType\" (localizedPanelLabel(\"Paint Effects\")) `;\n\tif (\"\" != $panelName) {\n\t\t$label = `panel -q -label $panelName`;\n\t\tscriptedPanel -edit -l (localizedPanelLabel(\"Paint Effects\")) -mbv $menusOkayInPanels  $panelName;\n\t\tif (!$useSceneConfig) {\n\t\t\tpanel -e -l $label $panelName;\n\t\t}\n\t}\n\n\n\t$panelName = `sceneUIReplacement -getNextScriptedPanel \"scriptEditorPanel\" (localizedPanelLabel(\"Script Editor\")) `;\n\tif (\"\" != $panelName) {\n\t\t$label = `panel -q -label $panelName`;\n\t\tscriptedPanel -edit -l (localizedPanelLabel(\"Script Editor\")) -mbv $menusOkayInPanels  $panelName;\n"
		+ "\t\tif (!$useSceneConfig) {\n\t\t\tpanel -e -l $label $panelName;\n\t\t}\n\t}\n\n\n\t$panelName = `sceneUIReplacement -getNextScriptedPanel \"profilerPanel\" (localizedPanelLabel(\"Profiler Tool\")) `;\n\tif (\"\" != $panelName) {\n\t\t$label = `panel -q -label $panelName`;\n\t\tscriptedPanel -edit -l (localizedPanelLabel(\"Profiler Tool\")) -mbv $menusOkayInPanels  $panelName;\n\t\tif (!$useSceneConfig) {\n\t\t\tpanel -e -l $label $panelName;\n\t\t}\n\t}\n\n\n\t$panelName = `sceneUIReplacement -getNextScriptedPanel \"contentBrowserPanel\" (localizedPanelLabel(\"Content Browser\")) `;\n\tif (\"\" != $panelName) {\n\t\t$label = `panel -q -label $panelName`;\n\t\tscriptedPanel -edit -l (localizedPanelLabel(\"Content Browser\")) -mbv $menusOkayInPanels  $panelName;\n\t\tif (!$useSceneConfig) {\n\t\t\tpanel -e -l $label $panelName;\n\t\t}\n\t}\n\n\n\t$panelName = `sceneUIReplacement -getNextScriptedPanel \"Stereo\" (localizedPanelLabel(\"Stereo\")) `;\n\tif (\"\" != $panelName) {\n\t\t$label = `panel -q -label $panelName`;\n\t\tscriptedPanel -edit -l (localizedPanelLabel(\"Stereo\")) -mbv $menusOkayInPanels  $panelName;\n"
		+ "{ string $editorName = ($panelName+\"Editor\");\n            stereoCameraView -e \n                -camera \"|persp\" \n                -useInteractiveMode 0\n                -displayLights \"default\" \n                -displayAppearance \"smoothShaded\" \n                -activeOnly 0\n                -ignorePanZoom 0\n                -wireframeOnShaded 0\n                -headsUpDisplay 1\n                -holdOuts 1\n                -selectionHiliteDisplay 1\n                -useDefaultMaterial 0\n                -bufferMode \"double\" \n                -twoSidedLighting 0\n                -backfaceCulling 0\n                -xray 0\n                -jointXray 0\n                -activeComponentsXray 0\n                -displayTextures 0\n                -smoothWireframe 0\n                -lineWidth 1\n                -textureAnisotropic 0\n                -textureHilight 1\n                -textureSampling 2\n                -textureDisplay \"modulate\" \n                -textureMaxSize 16384\n                -fogging 0\n                -fogSource \"fragment\" \n"
		+ "                -fogMode \"linear\" \n                -fogStart 0\n                -fogEnd 100\n                -fogDensity 0.1\n                -fogColor 0.5 0.5 0.5 1 \n                -depthOfFieldPreview 1\n                -maxConstantTransparency 1\n                -objectFilterShowInHUD 1\n                -isFiltered 0\n                -colorResolution 4 4 \n                -bumpResolution 4 4 \n                -textureCompression 0\n                -transparencyAlgorithm \"frontAndBackCull\" \n                -transpInShadows 0\n                -cullingOverride \"none\" \n                -lowQualityLighting 0\n                -maximumNumHardwareLights 0\n                -occlusionCulling 0\n                -shadingModel 0\n                -useBaseRenderer 0\n                -useReducedRenderer 0\n                -smallObjectCulling 0\n                -smallObjectThreshold -1 \n                -interactiveDisableShadows 0\n                -interactiveBackFaceCull 0\n                -sortTransparent 1\n                -controllers 1\n                -nurbsCurves 1\n"
		+ "                -nurbsSurfaces 1\n                -polymeshes 1\n                -subdivSurfaces 1\n                -planes 1\n                -lights 1\n                -cameras 1\n                -controlVertices 1\n                -hulls 1\n                -grid 1\n                -imagePlane 1\n                -joints 1\n                -ikHandles 1\n                -deformers 1\n                -dynamics 1\n                -particleInstancers 1\n                -fluids 1\n                -hairSystems 1\n                -follicles 1\n                -nCloths 1\n                -nParticles 1\n                -nRigids 1\n                -dynamicConstraints 1\n                -locators 1\n                -manipulators 1\n                -pluginShapes 1\n                -dimensions 1\n                -handles 1\n                -pivots 1\n                -textures 1\n                -strokes 1\n                -motionTrails 1\n                -clipGhosts 1\n                -greasePencils 1\n                -shadows 0\n                -captureSequenceNumber -1\n"
		+ "                -width 0\n                -height 0\n                -sceneRenderFilter 0\n                -displayMode \"centerEye\" \n                -viewColor 0 0 0 1 \n                -useCustomBackground 1\n                $editorName;\n            stereoCameraView -e -viewSelected 0 $editorName; };\n\t\tif (!$useSceneConfig) {\n\t\t\tpanel -e -l $label $panelName;\n\t\t}\n\t}\n\n\n\tif ($useSceneConfig) {\n        string $configName = `getPanel -cwl (localizedPanelLabel(\"Current Layout\"))`;\n        if (\"\" != $configName) {\n\t\t\tpanelConfiguration -edit -label (localizedPanelLabel(\"Current Layout\")) \n\t\t\t\t-userCreated false\n\t\t\t\t-defaultImage \"vacantCell.xP:/\"\n\t\t\t\t-image \"\"\n\t\t\t\t-sc false\n\t\t\t\t-configString \"global string $gMainPane; paneLayout -e -cn \\\"single\\\" -ps 1 100 100 $gMainPane;\"\n\t\t\t\t-removeAllPanels\n\t\t\t\t-ap false\n\t\t\t\t\t(localizedPanelLabel(\"Front View\")) \n\t\t\t\t\t\"modelPanel\"\n"
		+ "\t\t\t\t\t\"$panelName = `modelPanel -unParent -l (localizedPanelLabel(\\\"Front View\\\")) -mbv $menusOkayInPanels `;\\n$editorName = $panelName;\\nmodelEditor -e \\n    -cam `findStartUpCamera front` \\n    -useInteractiveMode 0\\n    -displayLights \\\"default\\\" \\n    -displayAppearance \\\"smoothShaded\\\" \\n    -activeOnly 0\\n    -ignorePanZoom 0\\n    -wireframeOnShaded 0\\n    -headsUpDisplay 1\\n    -holdOuts 1\\n    -selectionHiliteDisplay 1\\n    -useDefaultMaterial 0\\n    -bufferMode \\\"double\\\" \\n    -twoSidedLighting 0\\n    -backfaceCulling 0\\n    -xray 0\\n    -jointXray 0\\n    -activeComponentsXray 0\\n    -displayTextures 0\\n    -smoothWireframe 0\\n    -lineWidth 1\\n    -textureAnisotropic 0\\n    -textureHilight 1\\n    -textureSampling 2\\n    -textureDisplay \\\"modulate\\\" \\n    -textureMaxSize 16384\\n    -fogging 0\\n    -fogSource \\\"fragment\\\" \\n    -fogMode \\\"linear\\\" \\n    -fogStart 0\\n    -fogEnd 100\\n    -fogDensity 0.1\\n    -fogColor 0.5 0.5 0.5 1 \\n    -depthOfFieldPreview 1\\n    -maxConstantTransparency 1\\n    -rendererName \\\"vp2Renderer\\\" \\n    -objectFilterShowInHUD 1\\n    -isFiltered 0\\n    -colorResolution 256 256 \\n    -bumpResolution 512 512 \\n    -textureCompression 0\\n    -transparencyAlgorithm \\\"frontAndBackCull\\\" \\n    -transpInShadows 0\\n    -cullingOverride \\\"none\\\" \\n    -lowQualityLighting 0\\n    -maximumNumHardwareLights 1\\n    -occlusionCulling 0\\n    -shadingModel 0\\n    -useBaseRenderer 0\\n    -useReducedRenderer 0\\n    -smallObjectCulling 0\\n    -smallObjectThreshold -1 \\n    -interactiveDisableShadows 0\\n    -interactiveBackFaceCull 0\\n    -sortTransparent 1\\n    -controllers 1\\n    -nurbsCurves 1\\n    -nurbsSurfaces 1\\n    -polymeshes 1\\n    -subdivSurfaces 1\\n    -planes 1\\n    -lights 1\\n    -cameras 1\\n    -controlVertices 1\\n    -hulls 1\\n    -grid 1\\n    -imagePlane 1\\n    -joints 1\\n    -ikHandles 1\\n    -deformers 1\\n    -dynamics 1\\n    -particleInstancers 1\\n    -fluids 1\\n    -hairSystems 1\\n    -follicles 1\\n    -nCloths 1\\n    -nParticles 1\\n    -nRigids 1\\n    -dynamicConstraints 1\\n    -locators 1\\n    -manipulators 1\\n    -pluginShapes 1\\n    -dimensions 1\\n    -handles 1\\n    -pivots 1\\n    -textures 1\\n    -strokes 1\\n    -motionTrails 1\\n    -clipGhosts 1\\n    -greasePencils 1\\n    -shadows 0\\n    -captureSequenceNumber -1\\n    -width 357\\n    -height 691\\n    -sceneRenderFilter 0\\n    $editorName;\\nmodelEditor -e -viewSelected 0 $editorName\"\n"
		+ "\t\t\t\t\t\"modelPanel -edit -l (localizedPanelLabel(\\\"Front View\\\")) -mbv $menusOkayInPanels  $panelName;\\n$editorName = $panelName;\\nmodelEditor -e \\n    -cam `findStartUpCamera front` \\n    -useInteractiveMode 0\\n    -displayLights \\\"default\\\" \\n    -displayAppearance \\\"smoothShaded\\\" \\n    -activeOnly 0\\n    -ignorePanZoom 0\\n    -wireframeOnShaded 0\\n    -headsUpDisplay 1\\n    -holdOuts 1\\n    -selectionHiliteDisplay 1\\n    -useDefaultMaterial 0\\n    -bufferMode \\\"double\\\" \\n    -twoSidedLighting 0\\n    -backfaceCulling 0\\n    -xray 0\\n    -jointXray 0\\n    -activeComponentsXray 0\\n    -displayTextures 0\\n    -smoothWireframe 0\\n    -lineWidth 1\\n    -textureAnisotropic 0\\n    -textureHilight 1\\n    -textureSampling 2\\n    -textureDisplay \\\"modulate\\\" \\n    -textureMaxSize 16384\\n    -fogging 0\\n    -fogSource \\\"fragment\\\" \\n    -fogMode \\\"linear\\\" \\n    -fogStart 0\\n    -fogEnd 100\\n    -fogDensity 0.1\\n    -fogColor 0.5 0.5 0.5 1 \\n    -depthOfFieldPreview 1\\n    -maxConstantTransparency 1\\n    -rendererName \\\"vp2Renderer\\\" \\n    -objectFilterShowInHUD 1\\n    -isFiltered 0\\n    -colorResolution 256 256 \\n    -bumpResolution 512 512 \\n    -textureCompression 0\\n    -transparencyAlgorithm \\\"frontAndBackCull\\\" \\n    -transpInShadows 0\\n    -cullingOverride \\\"none\\\" \\n    -lowQualityLighting 0\\n    -maximumNumHardwareLights 1\\n    -occlusionCulling 0\\n    -shadingModel 0\\n    -useBaseRenderer 0\\n    -useReducedRenderer 0\\n    -smallObjectCulling 0\\n    -smallObjectThreshold -1 \\n    -interactiveDisableShadows 0\\n    -interactiveBackFaceCull 0\\n    -sortTransparent 1\\n    -controllers 1\\n    -nurbsCurves 1\\n    -nurbsSurfaces 1\\n    -polymeshes 1\\n    -subdivSurfaces 1\\n    -planes 1\\n    -lights 1\\n    -cameras 1\\n    -controlVertices 1\\n    -hulls 1\\n    -grid 1\\n    -imagePlane 1\\n    -joints 1\\n    -ikHandles 1\\n    -deformers 1\\n    -dynamics 1\\n    -particleInstancers 1\\n    -fluids 1\\n    -hairSystems 1\\n    -follicles 1\\n    -nCloths 1\\n    -nParticles 1\\n    -nRigids 1\\n    -dynamicConstraints 1\\n    -locators 1\\n    -manipulators 1\\n    -pluginShapes 1\\n    -dimensions 1\\n    -handles 1\\n    -pivots 1\\n    -textures 1\\n    -strokes 1\\n    -motionTrails 1\\n    -clipGhosts 1\\n    -greasePencils 1\\n    -shadows 0\\n    -captureSequenceNumber -1\\n    -width 357\\n    -height 691\\n    -sceneRenderFilter 0\\n    $editorName;\\nmodelEditor -e -viewSelected 0 $editorName\"\n"
		+ "\t\t\t\t$configName;\n\n            setNamedPanelLayout (localizedPanelLabel(\"Current Layout\"));\n        }\n\n        panelHistory -e -clear mainPanelHistory;\n        sceneUIReplacement -clear;\n\t}\n\n\ngrid -spacing 5 -size 12 -divisions 5 -displayAxes yes -displayGridLines yes -displayDivisionLines yes -displayPerspectiveLabels no -displayOrthographicLabels no -displayAxesBold yes -perspectiveLabelPosition axis -orthographicLabelPosition edge;\nviewManip -drawCompass 0 -compassAngle 0 -frontParameters \"\" -homeParameters \"\" -selectionLockParameters \"\";\n}\n");
	setAttr ".st" 3;
createNode script -n "sceneConfigurationScriptNode";
	rename -uid "98F4E1B4-45C7-58B0-EE53-E0BA3314AC6C";
	setAttr ".b" -type "string" "playbackOptions -min 0 -max 120 -ast 0 -aet 200 ";
	setAttr ".st" 6;
createNode phong -n "blade";
	rename -uid "05BB72C1-4B90-41A5-28A3-8D8D511E49CF";
	setAttr ".dc" 1;
	setAttr ".c" -type "float3" 0.58823532 0.58823532 0.58823532 ;
	setAttr ".ambc" -type "float3" 0.58823532 0.58823532 0.58823532 ;
	setAttr ".sc" -type "float3" 0 0 0 ;
	setAttr ".rfl" 1;
	setAttr ".cp" 2;
createNode shadingEngine -n "Tube001SG";
	rename -uid "8650F975-41E2-0206-0058-ACB79577D6BF";
	setAttr ".ihi" 0;
	setAttr -s 2 ".dsm";
	setAttr ".ro" yes;
createNode materialInfo -n "materialInfo1";
	rename -uid "5435DC40-4671-AF7A-8082-BC9216D83077";
select -ne :time1;
	setAttr ".o" 0;
select -ne :hardwareRenderingGlobals;
	setAttr ".otfna" -type "stringArray" 22 "NURBS Curves" "NURBS Surfaces" "Polygons" "Subdiv Surface" "Particles" "Particle Instance" "Fluids" "Strokes" "Image Planes" "UI" "Lights" "Cameras" "Locators" "Joints" "IK Handles" "Deformers" "Motion Trails" "Components" "Hair Systems" "Follicles" "Misc. UI" "Ornaments"  ;
	setAttr ".otfva" -type "Int32Array" 22 0 1 1 1 1 1
		 1 1 1 0 0 0 0 0 0 0 0 0
		 0 0 0 0 ;
	setAttr ".fprt" yes;
select -ne :renderPartition;
	setAttr -s 3 ".st";
select -ne :renderGlobalsList1;
select -ne :defaultShaderList1;
	setAttr -s 6 ".s";
select -ne :postProcessList1;
	setAttr -s 2 ".p";
select -ne :defaultRenderingList1;
select -ne :initialShadingGroup;
	setAttr ".ro" yes;
select -ne :initialParticleSE;
	setAttr ".ro" yes;
select -ne :defaultRenderGlobals;
	addAttr -ci true -h true -sn "dss" -ln "defaultSurfaceShader" -dt "string";
	setAttr ".dss" -type "string" "lambert1";
select -ne :defaultResolution;
	setAttr ".pa" 1;
select -ne :defaultColorMgtGlobals;
	setAttr ".cfe" yes;
	setAttr ".cfp" -type "string" "<MAYA_RESOURCES>/OCIO-configs/Maya2022-default/config.ocio";
	setAttr ".vtn" -type "string" "ACES 1.0 SDR-video (sRGB)";
	setAttr ".vn" -type "string" "ACES 1.0 SDR-video";
	setAttr ".dn" -type "string" "sRGB";
	setAttr ".wsn" -type "string" "ACEScg";
	setAttr ".otn" -type "string" "ACES 1.0 SDR-video (sRGB)";
	setAttr ".potn" -type "string" "ACES 1.0 SDR-video (sRGB)";
select -ne :hardwareRenderGlobals;
	setAttr ".ctrs" 256;
	setAttr ".btrs" 512;
select -ne :ikSystem;
	setAttr -s 4 ".sol";
relationship "link" ":lightLinker1" ":initialShadingGroup.message" ":defaultLightSet.message";
relationship "link" ":lightLinker1" ":initialParticleSE.message" ":defaultLightSet.message";
relationship "link" ":lightLinker1" "Tube001SG.message" ":defaultLightSet.message";
relationship "shadowLink" ":lightLinker1" ":initialShadingGroup.message" ":defaultLightSet.message";
relationship "shadowLink" ":lightLinker1" ":initialParticleSE.message" ":defaultLightSet.message";
relationship "shadowLink" ":lightLinker1" "Tube001SG.message" ":defaultLightSet.message";
connectAttr "layerManager.dli[0]" "defaultLayer.id";
connectAttr "renderLayerManager.rlmi[0]" "defaultRenderLayer.rlid";
connectAttr "blade.oc" "Tube001SG.ss";
connectAttr "Tube_r_GeoShape.iog" "Tube001SG.dsm" -na;
connectAttr "Tube_l_GeoShape.iog" "Tube001SG.dsm" -na;
connectAttr "Tube001SG.msg" "materialInfo1.sg";
connectAttr "blade.msg" "materialInfo1.m";
connectAttr "Tube001SG.pa" ":renderPartition.st" -na;
connectAttr "blade.msg" ":defaultShaderList1.s" -na;
connectAttr "defaultRenderLayer.msg" ":defaultRenderingList1.r" -na;
// End of Weapon_Import_Model.ma
